tree
version=v4
num_class=1
num_tree_per_iteration=1
label_index=0
max_feature_idx=21
objective=quantile
feature_names=item_id dept_id cat_id store_id state_id weekday wday month year event_name_1 event_type_1 event_name_2 event_type_2 snap_CA snap_TX snap_WI sell_price lag_28 lag_35 rolling_mean_7 rolling_mean_28 price_change
feature_infos=-1:3048:3047:3039:3043:3034:3041:3045:1429:2017:304:1443:2989:3033:555:1846:3035:1526:1820:2666:3037:601:972:1442:1596:2024:2992:3044:924:984:2114:2335:2363:2548:65:309:762:1358:1424:1679:1888:1932:2798:3040:344:544:712:800:907:910:1838:2238:2273:2594:2914:2918:94:251:317:1024:1215:1245:1340:1626:1800:1843:1974:1986:2291:2319:2553:160:245:437:648:890:991:1139:1142:1224:1229:1299:2034:2038:2136:2331:2428:2432:2751:3046:61:102:391:426:436:480:498:535:584:969:1154:1233:1328:1400:1601:1884:2004:2063:2446:2487:2589:2738:2901:2920:2924:85:103:156:211:266:371:638:855:933:964:1082:1095:1096:1247:1397:1438:1446:1629:1770:1901:1924:1979:2010:2029:2333:2365:2372:2814:2856:3014:62:145:164:502:503:682:849:853:917:949:982:990:1014:1045:1144:1509:1544:1689:1719:1788:1790:1830:1882:1896:1902:1906:2144:2158:2165:2210:2793:2900:2906:2986:3031:90:92:149:168:188:200:258:262:380:397:434:483:538:539:540:556:558:573:592:687:718:720:803:883:977:1064:1103:1117:1257:1557:1575:1607:1656:1665:1693:1695:1765:1997:2129:2160:2647:2687:2760:2767:2851:2921:2960:3032:9:31:172:230:235:414:421:493:508:509:519:526:546:566:569:707:875:920:1063:1086:1123:1131:1162:1193:1390:1515:1531:1559:1588:1612:1625:1677:1709:1715:1738:1810:1840:1923:2067:2069:2192:2204:2208:2258:2315:2456:2569:2584:2612:2627:2634:2728:2739:2762:2839:2931:3029:17:37:48:67:74:93:114:166:256:268:288:349:390:418:423:440:454:499:630:665:674:695:733:743:759:788:813:888:916:934:943:956:1016:1042:1094:1220:1249:1269:1347:1364:1384:1410:1578:1605:1631:1666:1716:1828:1829:1855:1911:1913:1922:1961:1994:2050:2080:2111:2162:2183:2244:2448:2489:2571:2614:2779:2788:2863:2894:2938:3008:3036:58:70:101:128:137:191:192:204:293:365:366:439:490:527:554:574:578:586:613:642:662:664:696:725:766:833:872:891:903:923:1002:1040:1051:1201:1239:1262:1331:1355:1389:1398:1407:1478:1487:1504:1555:1579:1583:1593:1604:1637:1696:1707:1717:1749:1835:1839:1999:2003:2097:2107:2110:2163:2202:2224:2256:2325:2385:2408:2506:2523:2664:2677:2717:2825:2884:2928:2966:2971:2973:19:25:56:122:169:170:198:207:225:302:407:409:428:448:516:670:694:703:728:747:760:779:804:811:814:837:878:927:960:1060:1065:1184:1216:1343:1399:1465:1524:1532:1590:1595:1642:1727:1756:1789:1793:1798:1799:1851:1890:1910:1977:1988:2025:2077:2103:2123:2138:2149:2236:2297:2321:2336:2386:2462:2475:2476:2497:2532:2543:2547:2613:2628:2629:2729:2775:2789:2912:2943:2956:2957:2965:2999:40:51:55:87:126:195:232:283:312:315:338:376:395:419:435:438:449:471:484:514:560:571:698:758:770:789:912:931:974:1074:1145:1161:1218:1267:1268:1280:1282:1286:1303:1337:1350:1372:1414:1420:1440:1467:1472:1480:1513:1538:1584:1668:1672:1697:1713:1775:1792:1823:1863:1869:1879:1904:1949:2039:2059:2078:2116:2124:2182:2194:2198:2218:2219:2239:2277:2287:2295:2310:2347:2351:2420:2511:2611:2657:2659:2685:2690:2693:2785:2794:2803:2810:2829:2843:2850:2876:2897:2904:2983:3011:3012:4:38:117:162:175:215:222:244:246:314:329:342:462:469:501:511:557:568:579:611:741:772:777:785:796:953:983:1021:1023:1106:1204:1206:1227:1228:1256:1317:1320:1326:1344:1370:1381:1394:1457:1534:1560:1600:1615:1618:1624:1722:1747:1812:1813:1860:1868:1916:1955:1965:1981:2002:2015:2023:2046:2086:2099:2147:2154:2177:2232:2243:2257:2307:2316:2328:2340:2546:2552:2556:2557:2609:2642:2650:2718:2801:2889:2930:2948:2953:2962:3028:108:124:127:142:155:199:239:241:267:298:308:331:334:354:382:392:427:505:559:589:618:666:677:734:828:851:866:889:896:925:936:971:988:998:1041:1046:1097:1112:1159:1177:1183:1200:1240:1250:1271:1314:1391:1492:1501:1545:1566:1569:1573:1574:1654:1690:1698:1710:1720:1750:1772:1780:1801:1825:1832:1850:1877:1915:1943:1966:1993:1995:2028:2044:2068:2094:2130:2143:2264:2281:2334:2390:2391:2426:2494:2605:2638:2656:2663:2725:2750:2757:2770:2848:2869:2879:2907:2908:2909:3038:18:42:64:75:79:100:118:154:171:184:194:240:292:348:379:396:441:447:478:543:607:649:651:667:684:730:806:840:846:886:895:909:930:1008:1033:1038:1039:1104:1169:1171:1172:1186:1232:1235:1260:1274:1304:1319:1376:1382:1430:1458:1469:1488:1602:1613:1636:1651:1662:1804:1816:1817:1899:1921:1936:2008:2035:2037:2048:2055:2118:2155:2195:2209:2227:2248:2265:2267:2275:2345:2354:2356:2394:2418:2431:2434:2461:2466:2512:2527:2534:2561:2562:2705:2753:2766:2834:2852:2888:2898:2940:2954:2978:3002:3009:3015:3030:3042:0:30:111:125:139:238:265:310:325:327:413:416:430:451:575:622:625:634:641:643:657:672:680:685:692:699:701:704:715:736:737:748:749:750:761:776:782:798:893:938:944:948:950:1020:1043:1099:1129:1134:1153:1167:1195:1244:1263:1283:1287:1293:1307:1348:1353:1366:1369:1383:1405:1415:1432:1433:1473:1503:1535:1561:1628:1633:1646:1661:1682:1729:1732:1745:1757:1802:1814:1845:1857:1886:2047:2058:2060:2109:2168:2188:2205:2217:2266:2298:2348:2349:2357:2384:2393:2401:2404:2416:2433:2450:2491:2505:2535:2550:2567:2588:2590:2608:2618:2620:2623:2632:2644:2731:2745:2768:2809:2828:2871:2872:2880:2881:2890:2899:2972:2982:3001:3003:3005:3016:3017:3023:3026:26:28:47:63:83:96:112:130:144:153:177:209:216:226:247:257:271:277:278:284:318:343:368:373:404:446:461:466:467:474:507:528:603:604:619:652:659:661:773:774:795:812:825:832:852:859:869:877:919:937:963:967:999:1022:1036:1058:1075:1091:1133:1143:1146:1150:1157:1175:1180:1191:1217:1276:1313:1318:1322:1325:1385:1386:1404:1459:1495:1500:1522:1533:1552:1556:1564:1576:1638:1674:1724:1787:1806:1807:1811:1821:1880:1900:1933:1940:1950:1980:1983:1998:2013:2014:2033:2066:2070:2079:2120:2148:2159:2206:2213:2231:2274:2289:2293:2323:2327:2366:2370:2374:2375:2392:2405:2407:2417:2455:2483:2585:2643:2670:2676:2678:2682:2694:2702:2709:2733:2815:2844:2847:2874:2926:2958:2964:2985:1:35:46:105:134:136:173:206:210:227:229:234:279:280:291:328:374:410:429:432:443:465:468:482:485:513:529:532:536:541:563:576:580:600:605:628:646:668:679:711:731:763:809:815:845:874:882:897:901:975:976:989:1001:1005:1026:1029:1068:1069:1083:1221:1279:1285:1309:1345:1388:1395:1434:1435:1441:1461:1479:1483:1506:1507:1516:1530:1568:1581:1582:1587:1609:1648:1653:1657:1704:1734:1746:1752:1854:1875:1887:1947:1953:1954:1967:1992:2000:2011:2026:2076:2092:2095:2104:2112:2113:2133:2173:2176:2189:2251:2252:2304:2305:2306:2362:2367:2371:2373:2387:2403:2429:2435:2465:2479:2495:2520:2538:2586:2602:2621:2637:2640:2645:2654:2672:2715:2716:2723:2749:2761:2765:2799:2808:2823:2824:2833:2849:2853:2857:2990:2993:2994:3013:3024:29:41:57:71:76:91:95:104:110:132:196:203:223:233:236:275:281:290:299:399:433:442:455:457:488:496:504:515:522:537:545:616:645:713:717:739:752:790:793:802:821:841:847:850:935:946:947:962:993:1006:1027:1032:1044:1047:1049:1050:1059:1084:1089:1101:1114:1149:1163:1209:1236:1261:1275:1290:1291:1327:1341:1349:1352:1356:1417:1418:1431:1444:1453:1508:1511:1520:1521:1598:1635:1703:1742:1763:1768:1769:1781:1783:1796:1818:1834:1858:1861:1862:1874:1878:1907:1909:1914:1948:1956:2007:2020:2022:2036:2054:2064:2137:2142:2151:2229:2249:2278:2300:2303:2379:2380:2383:2388:2419:2442:2472:2474:2517:2544:2560:2591:2610:2703:2720:2743:2791:2797:2800:2819:2860:2868:2885:2929:2951:2967:2968:2976:2998:23:39:59:106:107:119:151:161:186:259:264:287:289:316:323:358:361:383:394:452:521:591:597:629:637:640:697:716:742:744:753:771:786:805:820:826:836:848:870:879:887:898:915:958:1000:1007:1013:1017:1067:1081:1088:1147:1165:1199:1202:1213:1266:1330:1334:1373:1403:1445:1448:1454:1489:1514:1517:1519:1542:1546:1554:1594:1611:1616:1632:1634:1647:1655:1664:1669:1671:1673:1688:1706:1739:1856:1859:1865:1866:1889:1893:1898:1917:1920:1928:1931:1937:1945:1968:2006:2009:2019:2021:2040:2052:2083:2106:2153:2167:2170:2185:2221:2245:2272:2280:2284:2308:2343:2395:2412:2425:2443:2444:2449:2471:2490:2507:2530:2574:2649:2652:2655:2665:2689:2695:2707:2754:2783:2796:2818:2873:2878:2895:2932:2941:2946:2947:2987:2:8:27:50:69:88:89:152:242:249:254:296:297:330:337:346:355:378:400:424:431:512:525:531:549:553:572:582:602:633:635:653:671:673:735:780:818:830:873:926:942:945:954:979:986:1055:1080:1107:1109:1118:1121:1130:1135:1181:1188:1192:1198:1238:1253:1255:1294:1312:1316:1339:1360:1375:1380:1422:1428:1484:1496:1505:1518:1558:1571:1577:1610:1621:1658:1659:1692:1700:1714:1730:1735:1766:1777:1784:1785:1808:1824:1831:1847:1849:1873:1881:1927:1939:1964:1976:2016:2049:2053:2061:2073:2075:2081:2084:2085:2100:2108:2115:2141:2175:2197:2200:2203:2207:2240:2247:2282:2326:2389:2422:2440:2470:2473:2477:2485:2549:2601:2607:2616:2713:2714:2746:2756:2777:2780:2811:2813:2816:2841:2842:2862:2916:2939:2945:2950:2977:13:32:43:52:99:120:147:157:174:179:181:185:197:219:250:255:295:300:306:363:386:405:406:444:450:458:464:517:533:548:585:593:595:598:614:644:663:675:688:691:721:729:754:765:783:792:797:816:824:900:966:1012:1019:1037:1077:1136:1166:1278:1292:1310:1416:1421:1425:1455:1471:1481:1528:1541:1543:1570:1589:1608:1640:1675:1755:1758:1786:1803:1833:1852:1926:1958:1959:1975:2018:2062:2072:2096:2121:2125:2145:2150:2253:2261:2292:2309:2341:2413:2457:2464:2468:2469:2484:2488:2496:2502:2510:2513:2516:2578:2622:2633:2646:2671:2701:2748:2784:2807:2820:2944:2955:2959:2969:3000:3025:5:20:53:60:84:98:146:202:220:224:273:313:320:333:350:384:422:459:492:500:547:587:588:596:617:620:627:631:655:683:689:705:719:723:724:781:799:801:843:860:864:894:899:913:921:957:968:970:995:1018:1031:1034:1070:1071:1090:1100:1124:1168:1231:1241:1270:1272:1284:1298:1300:1308:1354:1402:1409:1423:1437:1470:1475:1485:1498:1510:1523:1547:1650:1680:1691:1701:1718:1726:1748:1754:1805:1822:1826:1827:1894:1925:1960:1972:1989:1990:1991:2012:2041:2051:2169:2172:2180:2190:2299:2329:2359:2360:2361:2368:2376:2399:2402:2406:2415:2421:2447:2498:2533:2551:2565:2566:2593:2597:2668:2669:2698:2711:2722:2732:2735:2736:2740:2781:2806:2831:2836:2846:2922:2925:2934:2961:2979:3006:3022:7:16:45:72:78:113:115:260:272:301:303:307:311:319:367:375:381:388:475:486:489:494:495:497:530:551:564:567:581:612:639:647:708:726:757:791:831:838:839:876:881:906:978:980:992:1035:1056:1061:1115:1194:1197:1205:1207:1208:1211:1214:1273:1297:1305:1311:1315:1323:1346:1359:1367:1374:1436:1477:1486:1525:1551:1565:1567:1617:1639:1649:1667:1684:1699:1723:1741:1743:1773:1778:1841:1853:1871:1872:1883:1892:1934:1952:1971:1987:2001:2043:2082:2102:2132:2152:2161:2174:2191:2215:2234:2235:2317:2396:2460:2463:2499:2508:2515:2521:2537:2572:2577:2587:2604:2636:2648:2680:2684:2708:2727:2737:2744:2764:2771:2870:2903:2935:2963:2984:2991:3027:3:10:14:24:49:68:97:109:131:140:150:167:178:180:201:212:231:261:269:294:332:389:393:398:425:599:606:686:690:702:710:738:756:767:856:880:884:892:911:959:996:1003:1011:1028:1066:1072:1079:1092:1093:1128:1148:1152:1164:1178:1189:1223:1234:1251:1277:1387:1392:1396:1447:1450:1452:1482:1512:1562:1663:1678:1702:1740:1767:1776:1864:1867:1876:1946:1957:1963:2057:2101:2128:2146:2199:2230:2294:2314:2320:2330:2344:2355:2369:2397:2400:2452:2467:2478:2500:2554:2563:2575:2582:2619:2635:2673:2674:2675:2688:2697:2700:2704:2712:2763:2786:2787:2795:2802:2822:2832:2838:2858:2892:2896:2915:2936:3018:3020:34:54:73:135:138:148:176:182:183:189:193:208:252:305:322:324:335:340:351:364:370:377:403:460:481:487:632:693:700:709:745:755:768:829:861:862:865:904:918:929:955:961:965:987:997:1004:1015:1030:1076:1085:1125:1127:1141:1158:1187:1219:1225:1230:1264:1301:1324:1329:1338:1365:1393:1408:1411:1449:1456:1539:1550:1592:1599:1627:1644:1652:1681:1683:1687:1708:1725:1736:1760:1782:1795:1837:1844:1941:1970:1978:2005:2027:2030:2031:2042:2056:2071:2139:2171:2201:2223:2226:2228:2241:2254:2270:2350:2377:2398:2414:2441:2445:2451:2459:2503:2504:2518:2536:2541:2555:2615:2631:2681:2752:2891:2937:3004:3007:33:86:123:205:217:276:282:285:347:352:362:369:402:411:506:550:552:565:714:732:764:817:819:823:835:842:868:908:922:941:973:981:1087:1108:1111:1116:1210:1243:1321:1406:1462:1463:1493:1529:1563:1586:1597:1620:1685:1686:1694:1721:1764:1885:1908:1929:1985:2088:2089:2091:2098:2119:2134:2157:2178:2181:2184:2212:2222:2225:2242:2250:2255:2296:2322:2378:2410:2424:2427:2430:2436:2437:2481:2501:2525:2568:2580:2583:2641:2653:2658:2721:2734:2782:2845:2865:2866:2882:2883:2902:2913:2919:2927:2995:3010:3019:3021:11:12:15:21:80:81:121:129:165:187:190:248:253:270:385:387:415:456:542:608:624:769:827:844:867:871:885:928:1078:1105:1110:1265:1361:1371:1379:1401:1426:1474:1491:1537:1540:1549:1572:1643:1712:1759:1762:1779:1794:1809:1815:1819:1891:1951:1962:1982:2032:2045:2065:2074:2105:2122:2127:2131:2246:2260:2268:2288:2290:2302:2311:2318:2324:2332:2352:2381:2423:2454:2492:2514:2528:2540:2542:2558:2603:2651:2679:2696:2719:2724:2776:2859:2917:66:228:286:321:356:359:360:476:510:520:583:590:610:656:660:676:678:740:746:787:951:952:1048:1102:1120:1126:1132:1170:1173:1176:1212:1222:1258:1288:1302:1333:1476:1580:1585:1670:1711:1733:1771:1774:1836:1848:1942:1969:1996:2087:2090:2093:2156:2187:2193:2211:2220:2269:2337:2353:2364:2382:2439:2493:2545:2559:2625:2630:2639:2661:2683:2747:2759:2792:2821:2826:2840:2854:2877:2887:163:221:336:357:621:626:722:784:807:857:914:1009:1025:1062:1113:1137:1156:1160:1179:1226:1237:1248:1259:1296:1357:1362:1363:1412:1466:1468:1502:1536:1622:1645:1728:1731:1753:2117:2179:2214:2233:2271:2276:2283:2285:2346:2524:2529:2531:2539:2579:2599:2667:2691:2710:2778:2835:2837:2886:2905:2910:2975:77:82:158:159:218:243:263:326:534:562:577:594:636:654:681:778:822:858:932:1010:1057:1140:1151:1182:1203:1242:1246:1295:1377:1427:1451:1606:1614:1630:1676:1705:1737:1751:1791:1905:1912:2237:2262:2263:2313:2338:2339:2358:2482:2486:2526:2570:2576:2581:2592:2596:2617:2692:2805:2864:2911:36:143:213:237:353:412:477:524:561:609:727:810:863:994:1098:1155:1281:1336:1342:1490:1499:1553:1619:1797:1918:2140:2186:2196:2279:2286:2411:2522:2573:2662:2755:2769:2790:2827:2861:2867:2923:2996:2997:6:44:141:408:463:473:623:658:669:775:794:902:905:1054:1119:1122:1138:1289:1439:1460:1527:1603:1744:1919:1935:1944:1984:2135:2342:2480:2626:2730:2742:2774:2812:2893:22:133:214:339:615:706:751:834:1053:1254:1623:1903:2164:2166:2259:2438:2453:2519:2595:2726:2773:2804:2830:2952:417:420:470:479:491:985:1073:1174:1332:2216:2458:2660:2817:2875:2933:2942:2949:2980:2981:116:341:1052:1185:1190:1252:1378:1413:1464:1497:1761:1930:2509:2564:2600:2606:2686:2699:2706:2758:2772 -1:2:5:6:3:1:0:4 -1:0:2:1 -1:1:2:0:3 -1:0 -1:0:2:6:3:1:4:5 [1:7] [1:12] [2011:2016] -1:26:15:6:24:23:29:1:25:5:12:27:9:2:11:19:17:4:8:18:28:3:20:13:10:0:21:16:7:14:22 -1:2:1:0:3 -1:3:0:1:2 -1:0:1 [0:1] [0:1] [0:1] [0.01000213623046875:30.984375] [0:257] [0:186] [0:248.125] [0:221.875] [-0.626953125:2.001953125]
tree_sizes=3829 3829 3829 3829 3829 3829 3829 3829 3829 3829 3830 3830 3830 3830 3830 3830 3830 3830 3830 3830 3830 3830 3830 3830 3830 3830 3830 3830 3830 3830 3830 3830 3830 3830 3830 3830 3830 3830 3830 3830 3830 3830 3830 3830 3830 3830 3830 3830 3830 3830 3830 3830 3830 3830 3830 3830 3830 3830 3830 3830 3830 3830 3830 3830 3830 3830 3830 3830 3830 3830 3830 3830 3830 3830 3830 3830 3830 3830 3830 3830 3830 3830 3830 3830 3830 3830 3830 3830 3830 3830 3830 3830 3830 3830 3830 3830 3830 3830 3830 3830

Tree=0
num_leaves=31
num_cat=7
split_feature=20 20 20 16 19 20 20 19 6 20 6 1 9 9 19 19 6 6 20 20 20 16 19 0 0 20 19 0 0 19
split_gain=1.35028e+06 163721 136798 41387 21830 19372.5 12941.7 5749.52 4281.89 3940.36 3909.22 3659.95 3029.27 2921.26 2859.13 2365.09 2238.39 2210.54 1913.53 1891.06 1700.91 1674.69 1576.73 1547.35 1563.87 1437.94 1222.32 1125.37 1144.9 1085.4
threshold=0.58911132812500011 1.5893554687500002 0.16070556640625003 1.0000000180025095e-35 2.9287109375000004 0.94653320312500011 0.37500000000000006 0.64282226562500011 2.5000000000000004 3.7324218750000004 2.5000000000000004 0 1 2 0.64282226562500011 0.35705566406250006 2.5000000000000004 2.5000000000000004 1.2319335937500002 0.26782226562500006 2.1601562500000004 0.71020507812500011 0.21423339843750003 3 4 0.76782226562500011 0.21423339843750003 5 6 1.2143554687500002
decision_type=2 2 2 10 2 2 2 2 2 2 2 1 9 9 2 2 2 2 2 2 2 10 2 9 9 2 2 9 9 2
left_child=2 5 3 -1 7 10 14 -3 26 -6 -2 22 -9 -11 19 -10 -14 -8 -17 -4 -18 -15 23 -5 -25 -12 -7 -26 -29 -19
right_child=1 4 6 11 9 8 17 12 15 13 25 -13 16 21 -16 18 20 29 -20 -21 -22 -23 -24 24 27 -27 -28 28 -30 -31
leaf_value=0 0 0 0 0 0 0 0 0 0 0 0 0 0 0 0 0 0 0 0 0 0 0 0 0 0 0 0 0 0 0
leaf_weight=4726430 678619 106140 1307281 3209 685365 23883 562812 5851 86964 3813 927528 2137603 556765 161798 180792 872456 744398 1363199 782401 1072430 644925 1319413 105643 4568 67112 763913 674875 85168 1625464 37862
leaf_count=4726430 678619 106140 1307281 3209 685365 23883 562812 5851 86964 3813 927528 2137603 556765 161798 180792 872456 744398 1363199 782401 1072430 644925 1319413 105643 4568 67112 763913 674875 85168 1625464 37862
internal_value=-0.0305315 -0.015625 -0.0406781 -0.0443261 -0.00844756 -0.0219339 -0.0336186 -0.0121369 -0.0188071 -0.00494917 -0.0251536 -0.0406027 -0.0115206 -0.00350186 -0.0359606 -0.0201336 -0.0114124 -0.0305651 -0.0197112 -0.0364211 -0.0124859 -0.00338914 -0.0389974 -0.0393487 -0.0394111 -0.0264399 -0.0155005 -0.0394863 -0.0392355 -0.0316283
internal_weight=2.23187e+07 9.03911e+06 1.32796e+07 8.7552e+06 4.22847e+06 4.81064e+06 4.52438e+06 2.05808e+06 2.44058e+06 2.17039e+06 2.37006e+06 4.02877e+06 1.95194e+06 1.48502e+06 2.5605e+06 1.74182e+06 1.94609e+06 1.96387e+06 1.65486e+06 2.37971e+06 1.38932e+06 1.48121e+06 1.89116e+06 1.78552e+06 1.78231e+06 1.69144e+06 698758 1.77774e+06 1.71063e+06 1.40106e+06
internal_count=22318680 9039107 13279573 8755197 4228468 4810639 4524376 2058079 2440579 2170389 2370060 4028767 1951939 1485024 2560503 1741821 1946088 1963873 1654857 2379711 1389323 1481211 1891164 1785521 1782312 1691441 698758 1777744 1710632 1401061
cat_boundaries=0 1 2 3 82 160 240 316
cat_threshold=39 2 2 8 0 0 2 3221225472 0 16 0 0 0 0 0 0 1048576 0 0 0 655360 0 0 0 0 131072 4224 0 16384 0 1073741888 16 0 32768 0 2 32 0 0 2097152 0 0 33554432 8192 8 32 0 0 0 0 0 0 0 0 0 0 0 0 0 0 0 0 0 0 0 0 0 0 536870944 0 0 524288 0 262144 134217728 1024 0 0 69206016 0 0 1024 0 16777728 0 0 0 1048576 0 32 0 0 0 0 0 0 0 0 8388608 0 0 0 128 134217728 8388608 0 0 0 0 33554432 67108864 0 16777216 0 134217728 0 8388608 64 0 67108992 0 4 32768 0 33554432 268435458 524288 0 0 0 0 0 0 0 0 0 0 0 0 0 0 0 0 0 0 16 0 0 0 512 8388608 0 0 0 570425344 16 0 0 557058 2 0 0 8192 0 65536 0 268435456 0 0 134217728 131072 0 16777216 2147483648 4194304 0 0 262400 0 1 67108864 8 0 0 144 8388608 0 512 0 536870912 0 0 0 0 0 16384 0 0 0 0 0 1073741824 0 0 33554432 0 0 0 0 0 0 0 0 0 0 0 0 0 0 0 0 0 536870912 524288 0 128 2147483648 0 0 0 128 2 16908288 0 32 0 0 0 256 2 131072 536870944 262208 0 0 0 0 0 256 0 2048 0 0 128 2048 0 1048576 0 0 0 0 0 2147483650 0 0 0 0 0 1073742336 1048576 16 0 0 0 524288 0 0 0 67108864 0 0 0 134217732 0 0 0 0 0 0 0 0 0 0 0 0 0 0 0 0 0 0 0 0 8 16826368 0 538968576 0 0 0 0 1056768 134217728 16384 0 4194304
is_linear=0
shrinkage=0.05


Tree=1
num_leaves=31
num_cat=7
split_feature=20 20 20 16 19 20 20 19 6 20 6 1 9 9 19 19 6 6 20 20 20 16 19 0 0 20 19 0 0 19
split_gain=1.35028e+06 163721 136798 41387 21830 19372.5 12941.7 5749.52 4281.89 3940.36 3909.22 3659.95 3029.27 2921.26 2859.13 2365.09 2238.39 2210.54 1913.53 1891.06 1700.91 1674.69 1576.73 1547.35 1563.87 1437.94 1222.32 1125.37 1144.9 1085.4
threshold=0.58911132812500011 1.5893554687500002 0.16070556640625003 1.0000000180025095e-35 2.9287109375000004 0.94653320312500011 0.37500000000000006 0.64282226562500011 2.5000000000000004 3.7324218750000004 2.5000000000000004 0 1 2 0.64282226562500011 0.35705566406250006 2.5000000000000004 2.5000000000000004 1.2319335937500002 0.26782226562500006 2.1601562500000004 0.71020507812500011 0.21423339843750003 3 4 0.76782226562500011 0.21423339843750003 5 6 1.2143554687500002
decision_type=2 2 2 10 2 2 2 2 2 2 2 1 9 9 2 2 2 2 2 2 2 10 2 9 9 2 2 9 9 2
left_child=2 5 3 -1 7 10 14 -3 26 -6 -2 22 -9 -11 19 -10 -14 -8 -17 -4 -18 -15 23 -5 -25 -12 -7 -26 -29 -19
right_child=1 4 6 11 9 8 17 12 15 13 25 -13 16 21 -16 18 20 29 -20 -21 -22 -23 -24 24 27 -27 -28 28 -30 -31
leaf_value=0 0 0 0 0 0 0 0 0 0 0 0 0 0 0 0 0 0 0 0 0 0 0 0 0 0 0 0 0 0 0
leaf_weight=4726430 678619 106140 1307281 3209 685365 23883 562812 5851 86964 3813 927528 2137603 556765 161798 180792 872456 744398 1363199 782401 1072430 644925 1319413 105643 4568 67112 763913 674875 85168 1625464 37862
leaf_count=4726430 678619 106140 1307281 3209 685365 23883 562812 5851 86964 3813 927528 2137603 556765 161798 180792 872456 744398 1363199 782401 1072430 644925 1319413 105643 4568 67112 763913 674875 85168 1625464 37862
internal_value=-0.0305315 -0.015625 -0.0406781 -0.0443261 -0.00844756 -0.0219339 -0.0336186 -0.0121369 -0.0188071 -0.00494917 -0.0251536 -0.0406027 -0.0115206 -0.00350186 -0.0359606 -0.0201336 -0.0114124 -0.0305651 -0.0197112 -0.0364211 -0.0124859 -0.00338914 -0.0389974 -0.0393487 -0.0394111 -0.0264399 -0.0155005 -0.0394863 -0.0392355 -0.0316283
internal_weight=2.23187e+07 9.03911e+06 1.32796e+07 8.7552e+06 4.22847e+06 4.81064e+06 4.52438e+06 2.05808e+06 2.44058e+06 2.17039e+06 2.37006e+06 4.02877e+06 1.95194e+06 1.48502e+06 2.5605e+06 1.74182e+06 1.94609e+06 1.96387e+06 1.65486e+06 2.37971e+06 1.38932e+06 1.48121e+06 1.89116e+06 1.78552e+06 1.78231e+06 1.69144e+06 698758 1.77774e+06 1.71063e+06 1.40106e+06
internal_count=22318680 9039107 13279573 8755197 4228468 4810639 4524376 2058079 2440579 2170389 2370060 4028767 1951939 1485024 2560503 1741821 1946088 1963873 1654857 2379711 1389323 1481211 1891164 1785521 1782312 1691441 698758 1777744 1710632 1401061
cat_boundaries=0 1 2 3 82 160 240 316
cat_threshold=39 2 2 8 0 0 2 3221225472 0 16 0 0 0 0 0 0 1048576 0 0 0 655360 0 0 0 0 131072 4224 0 16384 0 1073741888 16 0 32768 0 2 32 0 0 2097152 0 0 33554432 8192 8 32 0 0 0 0 0 0 0 0 0 0 0 0 0 0 0 0 0 0 0 0 0 0 536870944 0 0 524288 0 262144 134217728 1024 0 0 69206016 0 0 1024 0 16777728 0 0 0 1048576 0 32 0 0 0 0 0 0 0 0 8388608 0 0 0 128 134217728 8388608 0 0 0 0 33554432 67108864 0 16777216 0 134217728 0 8388608 64 0 67108992 0 4 32768 0 33554432 268435458 524288 0 0 0 0 0 0 0 0 0 0 0 0 0 0 0 0 0 0 16 0 0 0 512 8388608 0 0 0 570425344 16 0 0 557058 2 0 0 8192 0 65536 0 268435456 0 0 134217728 131072 0 16777216 2147483648 4194304 0 0 262400 0 1 67108864 8 0 0 144 8388608 0 512 0 536870912 0 0 0 0 0 16384 0 0 0 0 0 1073741824 0 0 33554432 0 0 0 0 0 0 0 0 0 0 0 0 0 0 0 0 0 536870912 524288 0 128 2147483648 0 0 0 128 2 16908288 0 32 0 0 0 256 2 131072 536870944 262208 0 0 0 0 0 256 0 2048 0 0 128 2048 0 1048576 0 0 0 0 0 2147483650 0 0 0 0 0 1073742336 1048576 16 0 0 0 524288 0 0 0 67108864 0 0 0 134217732 0 0 0 0 0 0 0 0 0 0 0 0 0 0 0 0 0 0 0 0 8 16826368 0 538968576 0 0 0 0 1056768 134217728 16384 0 4194304
is_linear=0
shrinkage=0.05


Tree=2
num_leaves=31
num_cat=7
split_feature=20 20 20 16 19 20 20 19 6 20 6 1 9 9 19 19 6 6 20 20 20 16 19 0 0 20 19 0 0 19
split_gain=1.35028e+06 163721 136798 41387 21830 19372.5 12941.7 5749.52 4281.89 3940.36 3909.22 3659.95 3029.27 2921.26 2859.13 2365.09 2238.39 2210.54 1913.53 1891.06 1700.91 1674.69 1576.73 1547.35 1563.87 1437.94 1222.32 1125.37 1144.9 1085.4
threshold=0.58911132812500011 1.5893554687500002 0.16070556640625003 1.0000000180025095e-35 2.9287109375000004 0.94653320312500011 0.37500000000000006 0.64282226562500011 2.5000000000000004 3.7324218750000004 2.5000000000000004 0 1 2 0.64282226562500011 0.35705566406250006 2.5000000000000004 2.5000000000000004 1.2319335937500002 0.26782226562500006 2.1601562500000004 0.71020507812500011 0.21423339843750003 3 4 0.76782226562500011 0.21423339843750003 5 6 1.2143554687500002
decision_type=2 2 2 10 2 2 2 2 2 2 2 1 9 9 2 2 2 2 2 2 2 10 2 9 9 2 2 9 9 2
left_child=2 5 3 -1 7 10 14 -3 26 -6 -2 22 -9 -11 19 -10 -14 -8 -17 -4 -18 -15 23 -5 -25 -12 -7 -26 -29 -19
right_child=1 4 6 11 9 8 17 12 15 13 25 -13 16 21 -16 18 20 29 -20 -21 -22 -23 -24 24 27 -27 -28 28 -30 -31
leaf_value=0 0 0 0 0 0 0 0 0 0 0 0 0 0 0 0 0 0 0 0 0 0 0 0 0 0 0 0 0 0 0
leaf_weight=4726430 678619 106140 1307281 3209 685365 23883 562812 5851 86964 3813 927528 2137603 556765 161798 180792 872456 744398 1363199 782401 1072430 644925 1319413 105643 4568 67112 763913 674875 85168 1625464 37862
leaf_count=4726430 678619 106140 1307281 3209 685365 23883 562812 5851 86964 3813 927528 2137603 556765 161798 180792 872456 744398 1363199 782401 1072430 644925 1319413 105643 4568 67112 763913 674875 85168 1625464 37862
internal_value=-0.0305315 -0.015625 -0.0406781 -0.0443261 -0.00844756 -0.0219339 -0.0336186 -0.0121369 -0.0188071 -0.00494917 -0.0251536 -0.0406027 -0.0115206 -0.00350186 -0.0359606 -0.0201336 -0.0114124 -0.0305651 -0.0197112 -0.0364211 -0.0124859 -0.00338914 -0.0389974 -0.0393487 -0.0394111 -0.0264399 -0.0155005 -0.0394863 -0.0392355 -0.0316283
internal_weight=2.23187e+07 9.03911e+06 1.32796e+07 8.7552e+06 4.22847e+06 4.81064e+06 4.52438e+06 2.05808e+06 2.44058e+06 2.17039e+06 2.37006e+06 4.02877e+06 1.95194e+06 1.48502e+06 2.5605e+06 1.74182e+06 1.94609e+06 1.96387e+06 1.65486e+06 2.37971e+06 1.38932e+06 1.48121e+06 1.89116e+06 1.78552e+06 1.78231e+06 1.69144e+06 698758 1.77774e+06 1.71063e+06 1.40106e+06
internal_count=22318680 9039107 13279573 8755197 4228468 4810639 4524376 2058079 2440579 2170389 2370060 4028767 1951939 1485024 2560503 1741821 1946088 1963873 1654857 2379711 1389323 1481211 1891164 1785521 1782312 1691441 698758 1777744 1710632 1401061
cat_boundaries=0 1 2 3 82 160 240 316
cat_threshold=39 2 2 8 0 0 2 3221225472 0 16 0 0 0 0 0 0 1048576 0 0 0 655360 0 0 0 0 131072 4224 0 16384 0 1073741888 16 0 32768 0 2 32 0 0 2097152 0 0 33554432 8192 8 32 0 0 0 0 0 0 0 0 0 0 0 0 0 0 0 0 0 0 0 0 0 0 536870944 0 0 524288 0 262144 134217728 1024 0 0 69206016 0 0 1024 0 16777728 0 0 0 1048576 0 32 0 0 0 0 0 0 0 0 8388608 0 0 0 128 134217728 8388608 0 0 0 0 33554432 67108864 0 16777216 0 134217728 0 8388608 64 0 67108992 0 4 32768 0 33554432 268435458 524288 0 0 0 0 0 0 0 0 0 0 0 0 0 0 0 0 0 0 16 0 0 0 512 8388608 0 0 0 570425344 16 0 0 557058 2 0 0 8192 0 65536 0 268435456 0 0 134217728 131072 0 16777216 2147483648 4194304 0 0 262400 0 1 67108864 8 0 0 144 8388608 0 512 0 536870912 0 0 0 0 0 16384 0 0 0 0 0 1073741824 0 0 33554432 0 0 0 0 0 0 0 0 0 0 0 0 0 0 0 0 0 536870912 524288 0 128 2147483648 0 0 0 128 2 16908288 0 32 0 0 0 256 2 131072 536870944 262208 0 0 0 0 0 256 0 2048 0 0 128 2048 0 1048576 0 0 0 0 0 2147483650 0 0 0 0 0 1073742336 1048576 16 0 0 0 524288 0 0 0 67108864 0 0 0 134217732 0 0 0 0 0 0 0 0 0 0 0 0 0 0 0 0 0 0 0 0 8 16826368 0 538968576 0 0 0 0 1056768 134217728 16384 0 4194304
is_linear=0
shrinkage=0.05


Tree=3
num_leaves=31
num_cat=7
split_feature=20 20 20 16 19 20 20 19 6 20 6 1 9 9 19 19 6 6 20 20 20 16 19 0 0 20 19 0 0 19
split_gain=1.35028e+06 163721 136798 41387 21830 19372.5 12941.7 5749.52 4281.89 3940.36 3909.22 3659.95 3029.27 2921.26 2859.13 2365.09 2238.39 2210.54 1913.53 1891.06 1700.91 1674.69 1576.73 1547.35 1563.87 1437.94 1222.32 1125.37 1144.9 1085.4
threshold=0.58911132812500011 1.5893554687500002 0.16070556640625003 1.0000000180025095e-35 2.9287109375000004 0.94653320312500011 0.37500000000000006 0.64282226562500011 2.5000000000000004 3.7324218750000004 2.5000000000000004 0 1 2 0.64282226562500011 0.35705566406250006 2.5000000000000004 2.5000000000000004 1.2319335937500002 0.26782226562500006 2.1601562500000004 0.71020507812500011 0.21423339843750003 3 4 0.76782226562500011 0.21423339843750003 5 6 1.2143554687500002
decision_type=2 2 2 10 2 2 2 2 2 2 2 1 9 9 2 2 2 2 2 2 2 10 2 9 9 2 2 9 9 2
left_child=2 5 3 -1 7 10 14 -3 26 -6 -2 22 -9 -11 19 -10 -14 -8 -17 -4 -18 -15 23 -5 -25 -12 -7 -26 -29 -19
right_child=1 4 6 11 9 8 17 12 15 13 25 -13 16 21 -16 18 20 29 -20 -21 -22 -23 -24 24 27 -27 -28 28 -30 -31
leaf_value=0 0 0 0 0 0 0 0 0 0 0 0 0 0 0 0 0 0 0 0 0 0 0 0 0 0 0 0 0 0 0
leaf_weight=4726430 678619 106140 1307281 3209 685365 23883 562812 5851 86964 3813 927528 2137603 556765 161798 180792 872456 744398 1363199 782401 1072430 644925 1319413 105643 4568 67112 763913 674875 85168 1625464 37862
leaf_count=4726430 678619 106140 1307281 3209 685365 23883 562812 5851 86964 3813 927528 2137603 556765 161798 180792 872456 744398 1363199 782401 1072430 644925 1319413 105643 4568 67112 763913 674875 85168 1625464 37862
internal_value=-0.0305315 -0.015625 -0.0406781 -0.0443261 -0.00844756 -0.0219339 -0.0336186 -0.0121369 -0.0188071 -0.00494917 -0.0251536 -0.0406027 -0.0115206 -0.00350186 -0.0359606 -0.0201336 -0.0114124 -0.0305651 -0.0197112 -0.0364211 -0.0124859 -0.00338914 -0.0389974 -0.0393487 -0.0394111 -0.0264399 -0.0155005 -0.0394863 -0.0392355 -0.0316283
internal_weight=2.23187e+07 9.03911e+06 1.32796e+07 8.7552e+06 4.22847e+06 4.81064e+06 4.52438e+06 2.05808e+06 2.44058e+06 2.17039e+06 2.37006e+06 4.02877e+06 1.95194e+06 1.48502e+06 2.5605e+06 1.74182e+06 1.94609e+06 1.96387e+06 1.65486e+06 2.37971e+06 1.38932e+06 1.48121e+06 1.89116e+06 1.78552e+06 1.78231e+06 1.69144e+06 698758 1.77774e+06 1.71063e+06 1.40106e+06
internal_count=22318680 9039107 13279573 8755197 4228468 4810639 4524376 2058079 2440579 2170389 2370060 4028767 1951939 1485024 2560503 1741821 1946088 1963873 1654857 2379711 1389323 1481211 1891164 1785521 1782312 1691441 698758 1777744 1710632 1401061
cat_boundaries=0 1 2 3 82 160 240 316
cat_threshold=39 2 2 8 0 0 2 3221225472 0 16 0 0 0 0 0 0 1048576 0 0 0 655360 0 0 0 0 131072 4224 0 16384 0 1073741888 16 0 32768 0 2 32 0 0 2097152 0 0 33554432 8192 8 32 0 0 0 0 0 0 0 0 0 0 0 0 0 0 0 0 0 0 0 0 0 0 536870944 0 0 524288 0 262144 134217728 1024 0 0 69206016 0 0 1024 0 16777728 0 0 0 1048576 0 32 0 0 0 0 0 0 0 0 8388608 0 0 0 128 134217728 8388608 0 0 0 0 33554432 67108864 0 16777216 0 134217728 0 8388608 64 0 67108992 0 4 32768 0 33554432 268435458 524288 0 0 0 0 0 0 0 0 0 0 0 0 0 0 0 0 0 0 16 0 0 0 512 8388608 0 0 0 570425344 16 0 0 557058 2 0 0 8192 0 65536 0 268435456 0 0 134217728 131072 0 16777216 2147483648 4194304 0 0 262400 0 1 67108864 8 0 0 144 8388608 0 512 0 536870912 0 0 0 0 0 16384 0 0 0 0 0 1073741824 0 0 33554432 0 0 0 0 0 0 0 0 0 0 0 0 0 0 0 0 0 536870912 524288 0 128 2147483648 0 0 0 128 2 16908288 0 32 0 0 0 256 2 131072 536870944 262208 0 0 0 0 0 256 0 2048 0 0 128 2048 0 1048576 0 0 0 0 0 2147483650 0 0 0 0 0 1073742336 1048576 16 0 0 0 524288 0 0 0 67108864 0 0 0 134217732 0 0 0 0 0 0 0 0 0 0 0 0 0 0 0 0 0 0 0 0 8 16826368 0 538968576 0 0 0 0 1056768 134217728 16384 0 4194304
is_linear=0
shrinkage=0.05


Tree=4
num_leaves=31
num_cat=7
split_feature=20 20 20 16 19 20 20 19 6 20 6 1 9 9 19 19 6 6 20 20 20 16 19 0 0 20 19 0 0 19
split_gain=1.35028e+06 163721 136798 41387 21830 19372.5 12941.7 5749.52 4281.89 3940.36 3909.22 3659.95 3029.27 2921.26 2859.13 2365.09 2238.39 2210.54 1913.53 1891.06 1700.91 1674.69 1576.73 1547.35 1563.87 1437.94 1222.32 1125.37 1144.9 1085.4
threshold=0.58911132812500011 1.5893554687500002 0.16070556640625003 1.0000000180025095e-35 2.9287109375000004 0.94653320312500011 0.37500000000000006 0.64282226562500011 2.5000000000000004 3.7324218750000004 2.5000000000000004 0 1 2 0.64282226562500011 0.35705566406250006 2.5000000000000004 2.5000000000000004 1.2319335937500002 0.26782226562500006 2.1601562500000004 0.71020507812500011 0.21423339843750003 3 4 0.76782226562500011 0.21423339843750003 5 6 1.2143554687500002
decision_type=2 2 2 10 2 2 2 2 2 2 2 1 9 9 2 2 2 2 2 2 2 10 2 9 9 2 2 9 9 2
left_child=2 5 3 -1 7 10 14 -3 26 -6 -2 22 -9 -11 19 -10 -14 -8 -17 -4 -18 -15 23 -5 -25 -12 -7 -26 -29 -19
right_child=1 4 6 11 9 8 17 12 15 13 25 -13 16 21 -16 18 20 29 -20 -21 -22 -23 -24 24 27 -27 -28 28 -30 -31
leaf_value=0 0 0 0 0 0 0 0 0 0 0 0 0 0 0 0 0 0 0 0 0 0 0 0 0 0 0 0 0 0 0
leaf_weight=4726430 678619 106140 1307281 3209 685365 23883 562812 5851 86964 3813 927528 2137603 556765 161798 180792 872456 744398 1363199 782401 1072430 644925 1319413 105643 4568 67112 763913 674875 85168 1625464 37862
leaf_count=4726430 678619 106140 1307281 3209 685365 23883 562812 5851 86964 3813 927528 2137603 556765 161798 180792 872456 744398 1363199 782401 1072430 644925 1319413 105643 4568 67112 763913 674875 85168 1625464 37862
internal_value=-0.0305315 -0.015625 -0.0406781 -0.0443261 -0.00844756 -0.0219339 -0.0336186 -0.0121369 -0.0188071 -0.00494917 -0.0251536 -0.0406027 -0.0115206 -0.00350186 -0.0359606 -0.0201336 -0.0114124 -0.0305651 -0.0197112 -0.0364211 -0.0124859 -0.00338914 -0.0389974 -0.0393487 -0.0394111 -0.0264399 -0.0155005 -0.0394863 -0.0392355 -0.0316283
internal_weight=2.23187e+07 9.03911e+06 1.32796e+07 8.7552e+06 4.22847e+06 4.81064e+06 4.52438e+06 2.05808e+06 2.44058e+06 2.17039e+06 2.37006e+06 4.02877e+06 1.95194e+06 1.48502e+06 2.5605e+06 1.74182e+06 1.94609e+06 1.96387e+06 1.65486e+06 2.37971e+06 1.38932e+06 1.48121e+06 1.89116e+06 1.78552e+06 1.78231e+06 1.69144e+06 698758 1.77774e+06 1.71063e+06 1.40106e+06
internal_count=22318680 9039107 13279573 8755197 4228468 4810639 4524376 2058079 2440579 2170389 2370060 4028767 1951939 1485024 2560503 1741821 1946088 1963873 1654857 2379711 1389323 1481211 1891164 1785521 1782312 1691441 698758 1777744 1710632 1401061
cat_boundaries=0 1 2 3 82 160 240 316
cat_threshold=39 2 2 8 0 0 2 3221225472 0 16 0 0 0 0 0 0 1048576 0 0 0 655360 0 0 0 0 131072 4224 0 16384 0 1073741888 16 0 32768 0 2 32 0 0 2097152 0 0 33554432 8192 8 32 0 0 0 0 0 0 0 0 0 0 0 0 0 0 0 0 0 0 0 0 0 0 536870944 0 0 524288 0 262144 134217728 1024 0 0 69206016 0 0 1024 0 16777728 0 0 0 1048576 0 32 0 0 0 0 0 0 0 0 8388608 0 0 0 128 134217728 8388608 0 0 0 0 33554432 67108864 0 16777216 0 134217728 0 8388608 64 0 67108992 0 4 32768 0 33554432 268435458 524288 0 0 0 0 0 0 0 0 0 0 0 0 0 0 0 0 0 0 16 0 0 0 512 8388608 0 0 0 570425344 16 0 0 557058 2 0 0 8192 0 65536 0 268435456 0 0 134217728 131072 0 16777216 2147483648 4194304 0 0 262400 0 1 67108864 8 0 0 144 8388608 0 512 0 536870912 0 0 0 0 0 16384 0 0 0 0 0 1073741824 0 0 33554432 0 0 0 0 0 0 0 0 0 0 0 0 0 0 0 0 0 536870912 524288 0 128 2147483648 0 0 0 128 2 16908288 0 32 0 0 0 256 2 131072 536870944 262208 0 0 0 0 0 256 0 2048 0 0 128 2048 0 1048576 0 0 0 0 0 2147483650 0 0 0 0 0 1073742336 1048576 16 0 0 0 524288 0 0 0 67108864 0 0 0 134217732 0 0 0 0 0 0 0 0 0 0 0 0 0 0 0 0 0 0 0 0 8 16826368 0 538968576 0 0 0 0 1056768 134217728 16384 0 4194304
is_linear=0
shrinkage=0.05


Tree=5
num_leaves=31
num_cat=7
split_feature=20 20 20 16 19 20 20 19 6 20 6 1 9 9 19 19 6 6 20 20 20 16 19 0 0 20 19 0 0 19
split_gain=1.35028e+06 163721 136798 41387 21830 19372.5 12941.7 5749.52 4281.89 3940.36 3909.22 3659.95 3029.27 2921.26 2859.13 2365.09 2238.39 2210.54 1913.53 1891.06 1700.91 1674.69 1576.73 1547.35 1563.87 1437.94 1222.32 1125.37 1144.9 1085.4
threshold=0.58911132812500011 1.5893554687500002 0.16070556640625003 1.0000000180025095e-35 2.9287109375000004 0.94653320312500011 0.37500000000000006 0.64282226562500011 2.5000000000000004 3.7324218750000004 2.5000000000000004 0 1 2 0.64282226562500011 0.35705566406250006 2.5000000000000004 2.5000000000000004 1.2319335937500002 0.26782226562500006 2.1601562500000004 0.71020507812500011 0.21423339843750003 3 4 0.76782226562500011 0.21423339843750003 5 6 1.2143554687500002
decision_type=2 2 2 10 2 2 2 2 2 2 2 1 9 9 2 2 2 2 2 2 2 10 2 9 9 2 2 9 9 2
left_child=2 5 3 -1 7 10 14 -3 26 -6 -2 22 -9 -11 19 -10 -14 -8 -17 -4 -18 -15 23 -5 -25 -12 -7 -26 -29 -19
right_child=1 4 6 11 9 8 17 12 15 13 25 -13 16 21 -16 18 20 29 -20 -21 -22 -23 -24 24 27 -27 -28 28 -30 -31
leaf_value=0 0 0 0 0 0 0 0 0 0 0 0 0 0 0 0 0 0 0 0 0 0 0 0 0 0 0 0 0 0 0
leaf_weight=4726430 678619 106140 1307281 3209 685365 23883 562812 5851 86964 3813 927528 2137603 556765 161798 180792 872456 744398 1363199 782401 1072430 644925 1319413 105643 4568 67112 763913 674875 85168 1625464 37862
leaf_count=4726430 678619 106140 1307281 3209 685365 23883 562812 5851 86964 3813 927528 2137603 556765 161798 180792 872456 744398 1363199 782401 1072430 644925 1319413 105643 4568 67112 763913 674875 85168 1625464 37862
internal_value=-0.0305315 -0.015625 -0.0406781 -0.0443261 -0.00844756 -0.0219339 -0.0336186 -0.0121369 -0.0188071 -0.00494917 -0.0251536 -0.0406027 -0.0115206 -0.00350186 -0.0359606 -0.0201336 -0.0114124 -0.0305651 -0.0197112 -0.0364211 -0.0124859 -0.00338914 -0.0389974 -0.0393487 -0.0394111 -0.0264399 -0.0155005 -0.0394863 -0.0392355 -0.0316283
internal_weight=2.23187e+07 9.03911e+06 1.32796e+07 8.7552e+06 4.22847e+06 4.81064e+06 4.52438e+06 2.05808e+06 2.44058e+06 2.17039e+06 2.37006e+06 4.02877e+06 1.95194e+06 1.48502e+06 2.5605e+06 1.74182e+06 1.94609e+06 1.96387e+06 1.65486e+06 2.37971e+06 1.38932e+06 1.48121e+06 1.89116e+06 1.78552e+06 1.78231e+06 1.69144e+06 698758 1.77774e+06 1.71063e+06 1.40106e+06
internal_count=22318680 9039107 13279573 8755197 4228468 4810639 4524376 2058079 2440579 2170389 2370060 4028767 1951939 1485024 2560503 1741821 1946088 1963873 1654857 2379711 1389323 1481211 1891164 1785521 1782312 1691441 698758 1777744 1710632 1401061
cat_boundaries=0 1 2 3 82 160 240 316
cat_threshold=39 2 2 8 0 0 2 3221225472 0 16 0 0 0 0 0 0 1048576 0 0 0 655360 0 0 0 0 131072 4224 0 16384 0 1073741888 16 0 32768 0 2 32 0 0 2097152 0 0 33554432 8192 8 32 0 0 0 0 0 0 0 0 0 0 0 0 0 0 0 0 0 0 0 0 0 0 536870944 0 0 524288 0 262144 134217728 1024 0 0 69206016 0 0 1024 0 16777728 0 0 0 1048576 0 32 0 0 0 0 0 0 0 0 8388608 0 0 0 128 134217728 8388608 0 0 0 0 33554432 67108864 0 16777216 0 134217728 0 8388608 64 0 67108992 0 4 32768 0 33554432 268435458 524288 0 0 0 0 0 0 0 0 0 0 0 0 0 0 0 0 0 0 16 0 0 0 512 8388608 0 0 0 570425344 16 0 0 557058 2 0 0 8192 0 65536 0 268435456 0 0 134217728 131072 0 16777216 2147483648 4194304 0 0 262400 0 1 67108864 8 0 0 144 8388608 0 512 0 536870912 0 0 0 0 0 16384 0 0 0 0 0 1073741824 0 0 33554432 0 0 0 0 0 0 0 0 0 0 0 0 0 0 0 0 0 536870912 524288 0 128 2147483648 0 0 0 128 2 16908288 0 32 0 0 0 256 2 131072 536870944 262208 0 0 0 0 0 256 0 2048 0 0 128 2048 0 1048576 0 0 0 0 0 2147483650 0 0 0 0 0 1073742336 1048576 16 0 0 0 524288 0 0 0 67108864 0 0 0 134217732 0 0 0 0 0 0 0 0 0 0 0 0 0 0 0 0 0 0 0 0 8 16826368 0 538968576 0 0 0 0 1056768 134217728 16384 0 4194304
is_linear=0
shrinkage=0.05


Tree=6
num_leaves=31
num_cat=7
split_feature=20 20 20 16 19 20 20 19 6 20 6 1 9 9 19 19 6 6 20 20 20 16 19 0 0 20 19 0 0 19
split_gain=1.35028e+06 163721 136798 41387 21830 19372.5 12941.7 5749.52 4281.89 3940.36 3909.22 3659.95 3029.27 2921.26 2859.13 2365.09 2238.39 2210.54 1913.53 1891.06 1700.91 1674.69 1576.73 1547.35 1563.87 1437.94 1222.32 1125.37 1144.9 1085.4
threshold=0.58911132812500011 1.5893554687500002 0.16070556640625003 1.0000000180025095e-35 2.9287109375000004 0.94653320312500011 0.37500000000000006 0.64282226562500011 2.5000000000000004 3.7324218750000004 2.5000000000000004 0 1 2 0.64282226562500011 0.35705566406250006 2.5000000000000004 2.5000000000000004 1.2319335937500002 0.26782226562500006 2.1601562500000004 0.71020507812500011 0.21423339843750003 3 4 0.76782226562500011 0.21423339843750003 5 6 1.2143554687500002
decision_type=2 2 2 10 2 2 2 2 2 2 2 1 9 9 2 2 2 2 2 2 2 10 2 9 9 2 2 9 9 2
left_child=2 5 3 -1 7 10 14 -3 26 -6 -2 22 -9 -11 19 -10 -14 -8 -17 -4 -18 -15 23 -5 -25 -12 -7 -26 -29 -19
right_child=1 4 6 11 9 8 17 12 15 13 25 -13 16 21 -16 18 20 29 -20 -21 -22 -23 -24 24 27 -27 -28 28 -30 -31
leaf_value=0 0 0 0 0 0 0 0 0 0 0 0 0 0 0 0 0 0 0 0 0 0 0 0 0 0 0 0 0 0 0
leaf_weight=4726430 678619 106140 1307281 3209 685365 23883 562812 5851 86964 3813 927528 2137603 556765 161798 180792 872456 744398 1363199 782401 1072430 644925 1319413 105643 4568 67112 763913 674875 85168 1625464 37862
leaf_count=4726430 678619 106140 1307281 3209 685365 23883 562812 5851 86964 3813 927528 2137603 556765 161798 180792 872456 744398 1363199 782401 1072430 644925 1319413 105643 4568 67112 763913 674875 85168 1625464 37862
internal_value=-0.0305315 -0.015625 -0.0406781 -0.0443261 -0.00844756 -0.0219339 -0.0336186 -0.0121369 -0.0188071 -0.00494917 -0.0251536 -0.0406027 -0.0115206 -0.00350186 -0.0359606 -0.0201336 -0.0114124 -0.0305651 -0.0197112 -0.0364211 -0.0124859 -0.00338914 -0.0389974 -0.0393487 -0.0394111 -0.0264399 -0.0155005 -0.0394863 -0.0392355 -0.0316283
internal_weight=2.23187e+07 9.03911e+06 1.32796e+07 8.7552e+06 4.22847e+06 4.81064e+06 4.52438e+06 2.05808e+06 2.44058e+06 2.17039e+06 2.37006e+06 4.02877e+06 1.95194e+06 1.48502e+06 2.5605e+06 1.74182e+06 1.94609e+06 1.96387e+06 1.65486e+06 2.37971e+06 1.38932e+06 1.48121e+06 1.89116e+06 1.78552e+06 1.78231e+06 1.69144e+06 698758 1.77774e+06 1.71063e+06 1.40106e+06
internal_count=22318680 9039107 13279573 8755197 4228468 4810639 4524376 2058079 2440579 2170389 2370060 4028767 1951939 1485024 2560503 1741821 1946088 1963873 1654857 2379711 1389323 1481211 1891164 1785521 1782312 1691441 698758 1777744 1710632 1401061
cat_boundaries=0 1 2 3 82 160 240 316
cat_threshold=39 2 2 8 0 0 2 3221225472 0 16 0 0 0 0 0 0 1048576 0 0 0 655360 0 0 0 0 131072 4224 0 16384 0 1073741888 16 0 32768 0 2 32 0 0 2097152 0 0 33554432 8192 8 32 0 0 0 0 0 0 0 0 0 0 0 0 0 0 0 0 0 0 0 0 0 0 536870944 0 0 524288 0 262144 134217728 1024 0 0 69206016 0 0 1024 0 16777728 0 0 0 1048576 0 32 0 0 0 0 0 0 0 0 8388608 0 0 0 128 134217728 8388608 0 0 0 0 33554432 67108864 0 16777216 0 134217728 0 8388608 64 0 67108992 0 4 32768 0 33554432 268435458 524288 0 0 0 0 0 0 0 0 0 0 0 0 0 0 0 0 0 0 16 0 0 0 512 8388608 0 0 0 570425344 16 0 0 557058 2 0 0 8192 0 65536 0 268435456 0 0 134217728 131072 0 16777216 2147483648 4194304 0 0 262400 0 1 67108864 8 0 0 144 8388608 0 512 0 536870912 0 0 0 0 0 16384 0 0 0 0 0 1073741824 0 0 33554432 0 0 0 0 0 0 0 0 0 0 0 0 0 0 0 0 0 536870912 524288 0 128 2147483648 0 0 0 128 2 16908288 0 32 0 0 0 256 2 131072 536870944 262208 0 0 0 0 0 256 0 2048 0 0 128 2048 0 1048576 0 0 0 0 0 2147483650 0 0 0 0 0 1073742336 1048576 16 0 0 0 524288 0 0 0 67108864 0 0 0 134217732 0 0 0 0 0 0 0 0 0 0 0 0 0 0 0 0 0 0 0 0 8 16826368 0 538968576 0 0 0 0 1056768 134217728 16384 0 4194304
is_linear=0
shrinkage=0.05


Tree=7
num_leaves=31
num_cat=7
split_feature=20 20 20 16 19 20 20 19 6 20 6 1 9 9 19 19 6 6 20 20 20 16 19 0 0 20 19 0 0 19
split_gain=1.35028e+06 163721 136798 41387 21830 19372.5 12941.7 5749.52 4281.89 3940.36 3909.22 3659.95 3029.27 2921.26 2859.13 2365.09 2238.39 2210.54 1913.53 1891.06 1700.91 1674.69 1576.73 1547.35 1563.87 1437.94 1222.32 1125.37 1144.9 1085.4
threshold=0.58911132812500011 1.5893554687500002 0.16070556640625003 1.0000000180025095e-35 2.9287109375000004 0.94653320312500011 0.37500000000000006 0.64282226562500011 2.5000000000000004 3.7324218750000004 2.5000000000000004 0 1 2 0.64282226562500011 0.35705566406250006 2.5000000000000004 2.5000000000000004 1.2319335937500002 0.26782226562500006 2.1601562500000004 0.71020507812500011 0.21423339843750003 3 4 0.76782226562500011 0.21423339843750003 5 6 1.2143554687500002
decision_type=2 2 2 10 2 2 2 2 2 2 2 1 9 9 2 2 2 2 2 2 2 10 2 9 9 2 2 9 9 2
left_child=2 5 3 -1 7 10 14 -3 26 -6 -2 22 -9 -11 19 -10 -14 -8 -17 -4 -18 -15 23 -5 -25 -12 -7 -26 -29 -19
right_child=1 4 6 11 9 8 17 12 15 13 25 -13 16 21 -16 18 20 29 -20 -21 -22 -23 -24 24 27 -27 -28 28 -30 -31
leaf_value=0 0 0 0 0 0 0 0 0 0 0 0 0 0 0 0 0 0 0 0 0 0 0 0 0 0 0 0 0 0 0
leaf_weight=4726430 678619 106140 1307281 3209 685365 23883 562812 5851 86964 3813 927528 2137603 556765 161798 180792 872456 744398 1363199 782401 1072430 644925 1319413 105643 4568 67112 763913 674875 85168 1625464 37862
leaf_count=4726430 678619 106140 1307281 3209 685365 23883 562812 5851 86964 3813 927528 2137603 556765 161798 180792 872456 744398 1363199 782401 1072430 644925 1319413 105643 4568 67112 763913 674875 85168 1625464 37862
internal_value=-0.0305315 -0.015625 -0.0406781 -0.0443261 -0.00844756 -0.0219339 -0.0336186 -0.0121369 -0.0188071 -0.00494917 -0.0251536 -0.0406027 -0.0115206 -0.00350186 -0.0359606 -0.0201336 -0.0114124 -0.0305651 -0.0197112 -0.0364211 -0.0124859 -0.00338914 -0.0389974 -0.0393487 -0.0394111 -0.0264399 -0.0155005 -0.0394863 -0.0392355 -0.0316283
internal_weight=2.23187e+07 9.03911e+06 1.32796e+07 8.7552e+06 4.22847e+06 4.81064e+06 4.52438e+06 2.05808e+06 2.44058e+06 2.17039e+06 2.37006e+06 4.02877e+06 1.95194e+06 1.48502e+06 2.5605e+06 1.74182e+06 1.94609e+06 1.96387e+06 1.65486e+06 2.37971e+06 1.38932e+06 1.48121e+06 1.89116e+06 1.78552e+06 1.78231e+06 1.69144e+06 698758 1.77774e+06 1.71063e+06 1.40106e+06
internal_count=22318680 9039107 13279573 8755197 4228468 4810639 4524376 2058079 2440579 2170389 2370060 4028767 1951939 1485024 2560503 1741821 1946088 1963873 1654857 2379711 1389323 1481211 1891164 1785521 1782312 1691441 698758 1777744 1710632 1401061
cat_boundaries=0 1 2 3 82 160 240 316
cat_threshold=39 2 2 8 0 0 2 3221225472 0 16 0 0 0 0 0 0 1048576 0 0 0 655360 0 0 0 0 131072 4224 0 16384 0 1073741888 16 0 32768 0 2 32 0 0 2097152 0 0 33554432 8192 8 32 0 0 0 0 0 0 0 0 0 0 0 0 0 0 0 0 0 0 0 0 0 0 536870944 0 0 524288 0 262144 134217728 1024 0 0 69206016 0 0 1024 0 16777728 0 0 0 1048576 0 32 0 0 0 0 0 0 0 0 8388608 0 0 0 128 134217728 8388608 0 0 0 0 33554432 67108864 0 16777216 0 134217728 0 8388608 64 0 67108992 0 4 32768 0 33554432 268435458 524288 0 0 0 0 0 0 0 0 0 0 0 0 0 0 0 0 0 0 16 0 0 0 512 8388608 0 0 0 570425344 16 0 0 557058 2 0 0 8192 0 65536 0 268435456 0 0 134217728 131072 0 16777216 2147483648 4194304 0 0 262400 0 1 67108864 8 0 0 144 8388608 0 512 0 536870912 0 0 0 0 0 16384 0 0 0 0 0 1073741824 0 0 33554432 0 0 0 0 0 0 0 0 0 0 0 0 0 0 0 0 0 536870912 524288 0 128 2147483648 0 0 0 128 2 16908288 0 32 0 0 0 256 2 131072 536870944 262208 0 0 0 0 0 256 0 2048 0 0 128 2048 0 1048576 0 0 0 0 0 2147483650 0 0 0 0 0 1073742336 1048576 16 0 0 0 524288 0 0 0 67108864 0 0 0 134217732 0 0 0 0 0 0 0 0 0 0 0 0 0 0 0 0 0 0 0 0 8 16826368 0 538968576 0 0 0 0 1056768 134217728 16384 0 4194304
is_linear=0
shrinkage=0.05


Tree=8
num_leaves=31
num_cat=7
split_feature=20 20 20 16 19 20 20 19 6 20 6 1 9 9 19 19 6 6 20 20 20 16 19 0 0 20 19 0 0 19
split_gain=1.35028e+06 163721 136798 41387 21830 19372.5 12941.7 5749.52 4281.89 3940.36 3909.22 3659.95 3029.27 2921.26 2859.13 2365.09 2238.39 2210.54 1913.53 1891.06 1700.91 1674.69 1576.73 1547.35 1563.87 1437.94 1222.32 1125.37 1144.9 1085.4
threshold=0.58911132812500011 1.5893554687500002 0.16070556640625003 1.0000000180025095e-35 2.9287109375000004 0.94653320312500011 0.37500000000000006 0.64282226562500011 2.5000000000000004 3.7324218750000004 2.5000000000000004 0 1 2 0.64282226562500011 0.35705566406250006 2.5000000000000004 2.5000000000000004 1.2319335937500002 0.26782226562500006 2.1601562500000004 0.71020507812500011 0.21423339843750003 3 4 0.76782226562500011 0.21423339843750003 5 6 1.2143554687500002
decision_type=2 2 2 10 2 2 2 2 2 2 2 1 9 9 2 2 2 2 2 2 2 10 2 9 9 2 2 9 9 2
left_child=2 5 3 -1 7 10 14 -3 26 -6 -2 22 -9 -11 19 -10 -14 -8 -17 -4 -18 -15 23 -5 -25 -12 -7 -26 -29 -19
right_child=1 4 6 11 9 8 17 12 15 13 25 -13 16 21 -16 18 20 29 -20 -21 -22 -23 -24 24 27 -27 -28 28 -30 -31
leaf_value=0 0 0 0 0 0 0 0 0 0 0 0 0 0 0 0 0 0 0 0 0 0 0 0 0 0 0 0 0 0 0
leaf_weight=4726430 678619 106140 1307281 3209 685365 23883 562812 5851 86964 3813 927528 2137603 556765 161798 180792 872456 744398 1363199 782401 1072430 644925 1319413 105643 4568 67112 763913 674875 85168 1625464 37862
leaf_count=4726430 678619 106140 1307281 3209 685365 23883 562812 5851 86964 3813 927528 2137603 556765 161798 180792 872456 744398 1363199 782401 1072430 644925 1319413 105643 4568 67112 763913 674875 85168 1625464 37862
internal_value=-0.0305315 -0.015625 -0.0406781 -0.0443261 -0.00844756 -0.0219339 -0.0336186 -0.0121369 -0.0188071 -0.00494917 -0.0251536 -0.0406027 -0.0115206 -0.00350186 -0.0359606 -0.0201336 -0.0114124 -0.0305651 -0.0197112 -0.0364211 -0.0124859 -0.00338914 -0.0389974 -0.0393487 -0.0394111 -0.0264399 -0.0155005 -0.0394863 -0.0392355 -0.0316283
internal_weight=2.23187e+07 9.03911e+06 1.32796e+07 8.7552e+06 4.22847e+06 4.81064e+06 4.52438e+06 2.05808e+06 2.44058e+06 2.17039e+06 2.37006e+06 4.02877e+06 1.95194e+06 1.48502e+06 2.5605e+06 1.74182e+06 1.94609e+06 1.96387e+06 1.65486e+06 2.37971e+06 1.38932e+06 1.48121e+06 1.89116e+06 1.78552e+06 1.78231e+06 1.69144e+06 698758 1.77774e+06 1.71063e+06 1.40106e+06
internal_count=22318680 9039107 13279573 8755197 4228468 4810639 4524376 2058079 2440579 2170389 2370060 4028767 1951939 1485024 2560503 1741821 1946088 1963873 1654857 2379711 1389323 1481211 1891164 1785521 1782312 1691441 698758 1777744 1710632 1401061
cat_boundaries=0 1 2 3 82 160 240 316
cat_threshold=39 2 2 8 0 0 2 3221225472 0 16 0 0 0 0 0 0 1048576 0 0 0 655360 0 0 0 0 131072 4224 0 16384 0 1073741888 16 0 32768 0 2 32 0 0 2097152 0 0 33554432 8192 8 32 0 0 0 0 0 0 0 0 0 0 0 0 0 0 0 0 0 0 0 0 0 0 536870944 0 0 524288 0 262144 134217728 1024 0 0 69206016 0 0 1024 0 16777728 0 0 0 1048576 0 32 0 0 0 0 0 0 0 0 8388608 0 0 0 128 134217728 8388608 0 0 0 0 33554432 67108864 0 16777216 0 134217728 0 8388608 64 0 67108992 0 4 32768 0 33554432 268435458 524288 0 0 0 0 0 0 0 0 0 0 0 0 0 0 0 0 0 0 16 0 0 0 512 8388608 0 0 0 570425344 16 0 0 557058 2 0 0 8192 0 65536 0 268435456 0 0 134217728 131072 0 16777216 2147483648 4194304 0 0 262400 0 1 67108864 8 0 0 144 8388608 0 512 0 536870912 0 0 0 0 0 16384 0 0 0 0 0 1073741824 0 0 33554432 0 0 0 0 0 0 0 0 0 0 0 0 0 0 0 0 0 536870912 524288 0 128 2147483648 0 0 0 128 2 16908288 0 32 0 0 0 256 2 131072 536870944 262208 0 0 0 0 0 256 0 2048 0 0 128 2048 0 1048576 0 0 0 0 0 2147483650 0 0 0 0 0 1073742336 1048576 16 0 0 0 524288 0 0 0 67108864 0 0 0 134217732 0 0 0 0 0 0 0 0 0 0 0 0 0 0 0 0 0 0 0 0 8 16826368 0 538968576 0 0 0 0 1056768 134217728 16384 0 4194304
is_linear=0
shrinkage=0.05


Tree=9
num_leaves=31
num_cat=7
split_feature=20 20 20 16 19 20 20 19 6 20 6 1 9 9 19 19 6 6 20 20 20 16 19 0 0 20 19 0 0 19
split_gain=1.35028e+06 163721 136798 41387 21830 19372.5 12941.7 5749.52 4281.89 3940.36 3909.22 3659.95 3029.27 2921.26 2859.13 2365.09 2238.39 2210.54 1913.53 1891.06 1700.91 1674.69 1576.73 1547.35 1563.87 1437.94 1222.32 1125.37 1144.9 1085.4
threshold=0.58911132812500011 1.5893554687500002 0.16070556640625003 1.0000000180025095e-35 2.9287109375000004 0.94653320312500011 0.37500000000000006 0.64282226562500011 2.5000000000000004 3.7324218750000004 2.5000000000000004 0 1 2 0.64282226562500011 0.35705566406250006 2.5000000000000004 2.5000000000000004 1.2319335937500002 0.26782226562500006 2.1601562500000004 0.71020507812500011 0.21423339843750003 3 4 0.76782226562500011 0.21423339843750003 5 6 1.2143554687500002
decision_type=2 2 2 10 2 2 2 2 2 2 2 1 9 9 2 2 2 2 2 2 2 10 2 9 9 2 2 9 9 2
left_child=2 5 3 -1 7 10 14 -3 26 -6 -2 22 -9 -11 19 -10 -14 -8 -17 -4 -18 -15 23 -5 -25 -12 -7 -26 -29 -19
right_child=1 4 6 11 9 8 17 12 15 13 25 -13 16 21 -16 18 20 29 -20 -21 -22 -23 -24 24 27 -27 -28 28 -30 -31
leaf_value=0 0 0 0 0 0 0 0 0 0 0 0 0 0 0 0 0 0 0 0 0 0 0 0 0 0 0 0 0 0 0
leaf_weight=4726430 678619 106140 1307281 3209 685365 23883 562812 5851 86964 3813 927528 2137603 556765 161798 180792 872456 744398 1363199 782401 1072430 644925 1319413 105643 4568 67112 763913 674875 85168 1625464 37862
leaf_count=4726430 678619 106140 1307281 3209 685365 23883 562812 5851 86964 3813 927528 2137603 556765 161798 180792 872456 744398 1363199 782401 1072430 644925 1319413 105643 4568 67112 763913 674875 85168 1625464 37862
internal_value=-0.0305315 -0.015625 -0.0406781 -0.0443261 -0.00844756 -0.0219339 -0.0336186 -0.0121369 -0.0188071 -0.00494917 -0.0251536 -0.0406027 -0.0115206 -0.00350186 -0.0359606 -0.0201336 -0.0114124 -0.0305651 -0.0197112 -0.0364211 -0.0124859 -0.00338914 -0.0389974 -0.0393487 -0.0394111 -0.0264399 -0.0155005 -0.0394863 -0.0392355 -0.0316283
internal_weight=2.23187e+07 9.03911e+06 1.32796e+07 8.7552e+06 4.22847e+06 4.81064e+06 4.52438e+06 2.05808e+06 2.44058e+06 2.17039e+06 2.37006e+06 4.02877e+06 1.95194e+06 1.48502e+06 2.5605e+06 1.74182e+06 1.94609e+06 1.96387e+06 1.65486e+06 2.37971e+06 1.38932e+06 1.48121e+06 1.89116e+06 1.78552e+06 1.78231e+06 1.69144e+06 698758 1.77774e+06 1.71063e+06 1.40106e+06
internal_count=22318680 9039107 13279573 8755197 4228468 4810639 4524376 2058079 2440579 2170389 2370060 4028767 1951939 1485024 2560503 1741821 1946088 1963873 1654857 2379711 1389323 1481211 1891164 1785521 1782312 1691441 698758 1777744 1710632 1401061
cat_boundaries=0 1 2 3 82 160 240 316
cat_threshold=39 2 2 8 0 0 2 3221225472 0 16 0 0 0 0 0 0 1048576 0 0 0 655360 0 0 0 0 131072 4224 0 16384 0 1073741888 16 0 32768 0 2 32 0 0 2097152 0 0 33554432 8192 8 32 0 0 0 0 0 0 0 0 0 0 0 0 0 0 0 0 0 0 0 0 0 0 536870944 0 0 524288 0 262144 134217728 1024 0 0 69206016 0 0 1024 0 16777728 0 0 0 1048576 0 32 0 0 0 0 0 0 0 0 8388608 0 0 0 128 134217728 8388608 0 0 0 0 33554432 67108864 0 16777216 0 134217728 0 8388608 64 0 67108992 0 4 32768 0 33554432 268435458 524288 0 0 0 0 0 0 0 0 0 0 0 0 0 0 0 0 0 0 16 0 0 0 512 8388608 0 0 0 570425344 16 0 0 557058 2 0 0 8192 0 65536 0 268435456 0 0 134217728 131072 0 16777216 2147483648 4194304 0 0 262400 0 1 67108864 8 0 0 144 8388608 0 512 0 536870912 0 0 0 0 0 16384 0 0 0 0 0 1073741824 0 0 33554432 0 0 0 0 0 0 0 0 0 0 0 0 0 0 0 0 0 536870912 524288 0 128 2147483648 0 0 0 128 2 16908288 0 32 0 0 0 256 2 131072 536870944 262208 0 0 0 0 0 256 0 2048 0 0 128 2048 0 1048576 0 0 0 0 0 2147483650 0 0 0 0 0 1073742336 1048576 16 0 0 0 524288 0 0 0 67108864 0 0 0 134217732 0 0 0 0 0 0 0 0 0 0 0 0 0 0 0 0 0 0 0 0 8 16826368 0 538968576 0 0 0 0 1056768 134217728 16384 0 4194304
is_linear=0
shrinkage=0.05


Tree=10
num_leaves=31
num_cat=7
split_feature=20 20 20 16 19 20 20 19 6 20 6 1 9 9 19 19 6 6 20 20 20 16 19 0 0 20 19 0 0 19
split_gain=1.35028e+06 163721 136798 41387 21830 19372.5 12941.7 5749.52 4281.89 3940.36 3909.22 3659.95 3029.27 2921.26 2859.13 2365.09 2238.39 2210.54 1913.53 1891.06 1700.91 1674.69 1576.73 1547.35 1563.87 1437.94 1222.32 1125.37 1144.9 1085.4
threshold=0.58911132812500011 1.5893554687500002 0.16070556640625003 1.0000000180025095e-35 2.9287109375000004 0.94653320312500011 0.37500000000000006 0.64282226562500011 2.5000000000000004 3.7324218750000004 2.5000000000000004 0 1 2 0.64282226562500011 0.35705566406250006 2.5000000000000004 2.5000000000000004 1.2319335937500002 0.26782226562500006 2.1601562500000004 0.71020507812500011 0.21423339843750003 3 4 0.76782226562500011 0.21423339843750003 5 6 1.2143554687500002
decision_type=2 2 2 10 2 2 2 2 2 2 2 1 9 9 2 2 2 2 2 2 2 10 2 9 9 2 2 9 9 2
left_child=2 5 3 -1 7 10 14 -3 26 -6 -2 22 -9 -11 19 -10 -14 -8 -17 -4 -18 -15 23 -5 -25 -12 -7 -26 -29 -19
right_child=1 4 6 11 9 8 17 12 15 13 25 -13 16 21 -16 18 20 29 -20 -21 -22 -23 -24 24 27 -27 -28 28 -30 -31
leaf_value=0 0 0 0 0 0 0 0 0 0 0 0 0 0 0 0 0 0 0 0 0 0 0 0 0 0 0 0 0 0 0
leaf_weight=4726430 678619 106140 1307281 3209 685365 23883 562812 5851 86964 3813 927528 2137603 556765 161798 180792 872456 744398 1363199 782401 1072430 644925 1319413 105643 4568 67112 763913 674875 85168 1625464 37862
leaf_count=4726430 678619 106140 1307281 3209 685365 23883 562812 5851 86964 3813 927528 2137603 556765 161798 180792 872456 744398 1363199 782401 1072430 644925 1319413 105643 4568 67112 763913 674875 85168 1625464 37862
internal_value=-0.0305315 -0.015625 -0.0406781 -0.0443261 -0.00844756 -0.0219339 -0.0336186 -0.0121369 -0.0188071 -0.00494917 -0.0251536 -0.0406027 -0.0115206 -0.00350186 -0.0359606 -0.0201336 -0.0114124 -0.0305651 -0.0197112 -0.0364211 -0.0124859 -0.00338914 -0.0389974 -0.0393487 -0.0394111 -0.0264399 -0.0155005 -0.0394863 -0.0392355 -0.0316283
internal_weight=2.23187e+07 9.03911e+06 1.32796e+07 8.7552e+06 4.22847e+06 4.81064e+06 4.52438e+06 2.05808e+06 2.44058e+06 2.17039e+06 2.37006e+06 4.02877e+06 1.95194e+06 1.48502e+06 2.5605e+06 1.74182e+06 1.94609e+06 1.96387e+06 1.65486e+06 2.37971e+06 1.38932e+06 1.48121e+06 1.89116e+06 1.78552e+06 1.78231e+06 1.69144e+06 698758 1.77774e+06 1.71063e+06 1.40106e+06
internal_count=22318680 9039107 13279573 8755197 4228468 4810639 4524376 2058079 2440579 2170389 2370060 4028767 1951939 1485024 2560503 1741821 1946088 1963873 1654857 2379711 1389323 1481211 1891164 1785521 1782312 1691441 698758 1777744 1710632 1401061
cat_boundaries=0 1 2 3 82 160 240 316
cat_threshold=39 2 2 8 0 0 2 3221225472 0 16 0 0 0 0 0 0 1048576 0 0 0 655360 0 0 0 0 131072 4224 0 16384 0 1073741888 16 0 32768 0 2 32 0 0 2097152 0 0 33554432 8192 8 32 0 0 0 0 0 0 0 0 0 0 0 0 0 0 0 0 0 0 0 0 0 0 536870944 0 0 524288 0 262144 134217728 1024 0 0 69206016 0 0 1024 0 16777728 0 0 0 1048576 0 32 0 0 0 0 0 0 0 0 8388608 0 0 0 128 134217728 8388608 0 0 0 0 33554432 67108864 0 16777216 0 134217728 0 8388608 64 0 67108992 0 4 32768 0 33554432 268435458 524288 0 0 0 0 0 0 0 0 0 0 0 0 0 0 0 0 0 0 16 0 0 0 512 8388608 0 0 0 570425344 16 0 0 557058 2 0 0 8192 0 65536 0 268435456 0 0 134217728 131072 0 16777216 2147483648 4194304 0 0 262400 0 1 67108864 8 0 0 144 8388608 0 512 0 536870912 0 0 0 0 0 16384 0 0 0 0 0 1073741824 0 0 33554432 0 0 0 0 0 0 0 0 0 0 0 0 0 0 0 0 0 536870912 524288 0 128 2147483648 0 0 0 128 2 16908288 0 32 0 0 0 256 2 131072 536870944 262208 0 0 0 0 0 256 0 2048 0 0 128 2048 0 1048576 0 0 0 0 0 2147483650 0 0 0 0 0 1073742336 1048576 16 0 0 0 524288 0 0 0 67108864 0 0 0 134217732 0 0 0 0 0 0 0 0 0 0 0 0 0 0 0 0 0 0 0 0 8 16826368 0 538968576 0 0 0 0 1056768 134217728 16384 0 4194304
is_linear=0
shrinkage=0.05


Tree=11
num_leaves=31
num_cat=7
split_feature=20 20 20 16 19 20 20 19 6 20 6 1 9 9 19 19 6 6 20 20 20 16 19 0 0 20 19 0 0 19
split_gain=1.35028e+06 163721 136798 41387 21830 19372.5 12941.7 5749.52 4281.89 3940.36 3909.22 3659.95 3029.27 2921.26 2859.13 2365.09 2238.39 2210.54 1913.53 1891.06 1700.91 1674.69 1576.73 1547.35 1563.87 1437.94 1222.32 1125.37 1144.9 1085.4
threshold=0.58911132812500011 1.5893554687500002 0.16070556640625003 1.0000000180025095e-35 2.9287109375000004 0.94653320312500011 0.37500000000000006 0.64282226562500011 2.5000000000000004 3.7324218750000004 2.5000000000000004 0 1 2 0.64282226562500011 0.35705566406250006 2.5000000000000004 2.5000000000000004 1.2319335937500002 0.26782226562500006 2.1601562500000004 0.71020507812500011 0.21423339843750003 3 4 0.76782226562500011 0.21423339843750003 5 6 1.2143554687500002
decision_type=2 2 2 10 2 2 2 2 2 2 2 1 9 9 2 2 2 2 2 2 2 10 2 9 9 2 2 9 9 2
left_child=2 5 3 -1 7 10 14 -3 26 -6 -2 22 -9 -11 19 -10 -14 -8 -17 -4 -18 -15 23 -5 -25 -12 -7 -26 -29 -19
right_child=1 4 6 11 9 8 17 12 15 13 25 -13 16 21 -16 18 20 29 -20 -21 -22 -23 -24 24 27 -27 -28 28 -30 -31
leaf_value=0 0 0 0 0 0 0 0 0 0 0 0 0 0 0 0 0 0 0 0 0 0 0 0 0 0 0 0 0 0 0
leaf_weight=4726430 678619 106140 1307281 3209 685365 23883 562812 5851 86964 3813 927528 2137603 556765 161798 180792 872456 744398 1363199 782401 1072430 644925 1319413 105643 4568 67112 763913 674875 85168 1625464 37862
leaf_count=4726430 678619 106140 1307281 3209 685365 23883 562812 5851 86964 3813 927528 2137603 556765 161798 180792 872456 744398 1363199 782401 1072430 644925 1319413 105643 4568 67112 763913 674875 85168 1625464 37862
internal_value=-0.0305315 -0.015625 -0.0406781 -0.0443261 -0.00844756 -0.0219339 -0.0336186 -0.0121369 -0.0188071 -0.00494917 -0.0251536 -0.0406027 -0.0115206 -0.00350186 -0.0359606 -0.0201336 -0.0114124 -0.0305651 -0.0197112 -0.0364211 -0.0124859 -0.00338914 -0.0389974 -0.0393487 -0.0394111 -0.0264399 -0.0155005 -0.0394863 -0.0392355 -0.0316283
internal_weight=2.23187e+07 9.03911e+06 1.32796e+07 8.7552e+06 4.22847e+06 4.81064e+06 4.52438e+06 2.05808e+06 2.44058e+06 2.17039e+06 2.37006e+06 4.02877e+06 1.95194e+06 1.48502e+06 2.5605e+06 1.74182e+06 1.94609e+06 1.96387e+06 1.65486e+06 2.37971e+06 1.38932e+06 1.48121e+06 1.89116e+06 1.78552e+06 1.78231e+06 1.69144e+06 698758 1.77774e+06 1.71063e+06 1.40106e+06
internal_count=22318680 9039107 13279573 8755197 4228468 4810639 4524376 2058079 2440579 2170389 2370060 4028767 1951939 1485024 2560503 1741821 1946088 1963873 1654857 2379711 1389323 1481211 1891164 1785521 1782312 1691441 698758 1777744 1710632 1401061
cat_boundaries=0 1 2 3 82 160 240 316
cat_threshold=39 2 2 8 0 0 2 3221225472 0 16 0 0 0 0 0 0 1048576 0 0 0 655360 0 0 0 0 131072 4224 0 16384 0 1073741888 16 0 32768 0 2 32 0 0 2097152 0 0 33554432 8192 8 32 0 0 0 0 0 0 0 0 0 0 0 0 0 0 0 0 0 0 0 0 0 0 536870944 0 0 524288 0 262144 134217728 1024 0 0 69206016 0 0 1024 0 16777728 0 0 0 1048576 0 32 0 0 0 0 0 0 0 0 8388608 0 0 0 128 134217728 8388608 0 0 0 0 33554432 67108864 0 16777216 0 134217728 0 8388608 64 0 67108992 0 4 32768 0 33554432 268435458 524288 0 0 0 0 0 0 0 0 0 0 0 0 0 0 0 0 0 0 16 0 0 0 512 8388608 0 0 0 570425344 16 0 0 557058 2 0 0 8192 0 65536 0 268435456 0 0 134217728 131072 0 16777216 2147483648 4194304 0 0 262400 0 1 67108864 8 0 0 144 8388608 0 512 0 536870912 0 0 0 0 0 16384 0 0 0 0 0 1073741824 0 0 33554432 0 0 0 0 0 0 0 0 0 0 0 0 0 0 0 0 0 536870912 524288 0 128 2147483648 0 0 0 128 2 16908288 0 32 0 0 0 256 2 131072 536870944 262208 0 0 0 0 0 256 0 2048 0 0 128 2048 0 1048576 0 0 0 0 0 2147483650 0 0 0 0 0 1073742336 1048576 16 0 0 0 524288 0 0 0 67108864 0 0 0 134217732 0 0 0 0 0 0 0 0 0 0 0 0 0 0 0 0 0 0 0 0 8 16826368 0 538968576 0 0 0 0 1056768 134217728 16384 0 4194304
is_linear=0
shrinkage=0.05


Tree=12
num_leaves=31
num_cat=7
split_feature=20 20 20 16 19 20 20 19 6 20 6 1 9 9 19 19 6 6 20 20 20 16 19 0 0 20 19 0 0 19
split_gain=1.35028e+06 163721 136798 41387 21830 19372.5 12941.7 5749.52 4281.89 3940.36 3909.22 3659.95 3029.27 2921.26 2859.13 2365.09 2238.39 2210.54 1913.53 1891.06 1700.91 1674.69 1576.73 1547.35 1563.87 1437.94 1222.32 1125.37 1144.9 1085.4
threshold=0.58911132812500011 1.5893554687500002 0.16070556640625003 1.0000000180025095e-35 2.9287109375000004 0.94653320312500011 0.37500000000000006 0.64282226562500011 2.5000000000000004 3.7324218750000004 2.5000000000000004 0 1 2 0.64282226562500011 0.35705566406250006 2.5000000000000004 2.5000000000000004 1.2319335937500002 0.26782226562500006 2.1601562500000004 0.71020507812500011 0.21423339843750003 3 4 0.76782226562500011 0.21423339843750003 5 6 1.2143554687500002
decision_type=2 2 2 10 2 2 2 2 2 2 2 1 9 9 2 2 2 2 2 2 2 10 2 9 9 2 2 9 9 2
left_child=2 5 3 -1 7 10 14 -3 26 -6 -2 22 -9 -11 19 -10 -14 -8 -17 -4 -18 -15 23 -5 -25 -12 -7 -26 -29 -19
right_child=1 4 6 11 9 8 17 12 15 13 25 -13 16 21 -16 18 20 29 -20 -21 -22 -23 -24 24 27 -27 -28 28 -30 -31
leaf_value=0 0 0 0 0 0 0 0 0 0 0 0 0 0 0 0 0 0 0 0 0 0 0 0 0 0 0 0 0 0 0
leaf_weight=4726430 678619 106140 1307281 3209 685365 23883 562812 5851 86964 3813 927528 2137603 556765 161798 180792 872456 744398 1363199 782401 1072430 644925 1319413 105643 4568 67112 763913 674875 85168 1625464 37862
leaf_count=4726430 678619 106140 1307281 3209 685365 23883 562812 5851 86964 3813 927528 2137603 556765 161798 180792 872456 744398 1363199 782401 1072430 644925 1319413 105643 4568 67112 763913 674875 85168 1625464 37862
internal_value=-0.0305315 -0.015625 -0.0406781 -0.0443261 -0.00844756 -0.0219339 -0.0336186 -0.0121369 -0.0188071 -0.00494917 -0.0251536 -0.0406027 -0.0115206 -0.00350186 -0.0359606 -0.0201336 -0.0114124 -0.0305651 -0.0197112 -0.0364211 -0.0124859 -0.00338914 -0.0389974 -0.0393487 -0.0394111 -0.0264399 -0.0155005 -0.0394863 -0.0392355 -0.0316283
internal_weight=2.23187e+07 9.03911e+06 1.32796e+07 8.7552e+06 4.22847e+06 4.81064e+06 4.52438e+06 2.05808e+06 2.44058e+06 2.17039e+06 2.37006e+06 4.02877e+06 1.95194e+06 1.48502e+06 2.5605e+06 1.74182e+06 1.94609e+06 1.96387e+06 1.65486e+06 2.37971e+06 1.38932e+06 1.48121e+06 1.89116e+06 1.78552e+06 1.78231e+06 1.69144e+06 698758 1.77774e+06 1.71063e+06 1.40106e+06
internal_count=22318680 9039107 13279573 8755197 4228468 4810639 4524376 2058079 2440579 2170389 2370060 4028767 1951939 1485024 2560503 1741821 1946088 1963873 1654857 2379711 1389323 1481211 1891164 1785521 1782312 1691441 698758 1777744 1710632 1401061
cat_boundaries=0 1 2 3 82 160 240 316
cat_threshold=39 2 2 8 0 0 2 3221225472 0 16 0 0 0 0 0 0 1048576 0 0 0 655360 0 0 0 0 131072 4224 0 16384 0 1073741888 16 0 32768 0 2 32 0 0 2097152 0 0 33554432 8192 8 32 0 0 0 0 0 0 0 0 0 0 0 0 0 0 0 0 0 0 0 0 0 0 536870944 0 0 524288 0 262144 134217728 1024 0 0 69206016 0 0 1024 0 16777728 0 0 0 1048576 0 32 0 0 0 0 0 0 0 0 8388608 0 0 0 128 134217728 8388608 0 0 0 0 33554432 67108864 0 16777216 0 134217728 0 8388608 64 0 67108992 0 4 32768 0 33554432 268435458 524288 0 0 0 0 0 0 0 0 0 0 0 0 0 0 0 0 0 0 16 0 0 0 512 8388608 0 0 0 570425344 16 0 0 557058 2 0 0 8192 0 65536 0 268435456 0 0 134217728 131072 0 16777216 2147483648 4194304 0 0 262400 0 1 67108864 8 0 0 144 8388608 0 512 0 536870912 0 0 0 0 0 16384 0 0 0 0 0 1073741824 0 0 33554432 0 0 0 0 0 0 0 0 0 0 0 0 0 0 0 0 0 536870912 524288 0 128 2147483648 0 0 0 128 2 16908288 0 32 0 0 0 256 2 131072 536870944 262208 0 0 0 0 0 256 0 2048 0 0 128 2048 0 1048576 0 0 0 0 0 2147483650 0 0 0 0 0 1073742336 1048576 16 0 0 0 524288 0 0 0 67108864 0 0 0 134217732 0 0 0 0 0 0 0 0 0 0 0 0 0 0 0 0 0 0 0 0 8 16826368 0 538968576 0 0 0 0 1056768 134217728 16384 0 4194304
is_linear=0
shrinkage=0.05


Tree=13
num_leaves=31
num_cat=7
split_feature=20 20 20 16 19 20 20 19 6 20 6 1 9 9 19 19 6 6 20 20 20 16 19 0 0 20 19 0 0 19
split_gain=1.35028e+06 163721 136798 41387 21830 19372.5 12941.7 5749.52 4281.89 3940.36 3909.22 3659.95 3029.27 2921.26 2859.13 2365.09 2238.39 2210.54 1913.53 1891.06 1700.91 1674.69 1576.73 1547.35 1563.87 1437.94 1222.32 1125.37 1144.9 1085.4
threshold=0.58911132812500011 1.5893554687500002 0.16070556640625003 1.0000000180025095e-35 2.9287109375000004 0.94653320312500011 0.37500000000000006 0.64282226562500011 2.5000000000000004 3.7324218750000004 2.5000000000000004 0 1 2 0.64282226562500011 0.35705566406250006 2.5000000000000004 2.5000000000000004 1.2319335937500002 0.26782226562500006 2.1601562500000004 0.71020507812500011 0.21423339843750003 3 4 0.76782226562500011 0.21423339843750003 5 6 1.2143554687500002
decision_type=2 2 2 10 2 2 2 2 2 2 2 1 9 9 2 2 2 2 2 2 2 10 2 9 9 2 2 9 9 2
left_child=2 5 3 -1 7 10 14 -3 26 -6 -2 22 -9 -11 19 -10 -14 -8 -17 -4 -18 -15 23 -5 -25 -12 -7 -26 -29 -19
right_child=1 4 6 11 9 8 17 12 15 13 25 -13 16 21 -16 18 20 29 -20 -21 -22 -23 -24 24 27 -27 -28 28 -30 -31
leaf_value=0 0 0 0 0 0 0 0 0 0 0 0 0 0 0 0 0 0 0 0 0 0 0 0 0 0 0 0 0 0 0
leaf_weight=4726430 678619 106140 1307281 3209 685365 23883 562812 5851 86964 3813 927528 2137603 556765 161798 180792 872456 744398 1363199 782401 1072430 644925 1319413 105643 4568 67112 763913 674875 85168 1625464 37862
leaf_count=4726430 678619 106140 1307281 3209 685365 23883 562812 5851 86964 3813 927528 2137603 556765 161798 180792 872456 744398 1363199 782401 1072430 644925 1319413 105643 4568 67112 763913 674875 85168 1625464 37862
internal_value=-0.0305315 -0.015625 -0.0406781 -0.0443261 -0.00844756 -0.0219339 -0.0336186 -0.0121369 -0.0188071 -0.00494917 -0.0251536 -0.0406027 -0.0115206 -0.00350186 -0.0359606 -0.0201336 -0.0114124 -0.0305651 -0.0197112 -0.0364211 -0.0124859 -0.00338914 -0.0389974 -0.0393487 -0.0394111 -0.0264399 -0.0155005 -0.0394863 -0.0392355 -0.0316283
internal_weight=2.23187e+07 9.03911e+06 1.32796e+07 8.7552e+06 4.22847e+06 4.81064e+06 4.52438e+06 2.05808e+06 2.44058e+06 2.17039e+06 2.37006e+06 4.02877e+06 1.95194e+06 1.48502e+06 2.5605e+06 1.74182e+06 1.94609e+06 1.96387e+06 1.65486e+06 2.37971e+06 1.38932e+06 1.48121e+06 1.89116e+06 1.78552e+06 1.78231e+06 1.69144e+06 698758 1.77774e+06 1.71063e+06 1.40106e+06
internal_count=22318680 9039107 13279573 8755197 4228468 4810639 4524376 2058079 2440579 2170389 2370060 4028767 1951939 1485024 2560503 1741821 1946088 1963873 1654857 2379711 1389323 1481211 1891164 1785521 1782312 1691441 698758 1777744 1710632 1401061
cat_boundaries=0 1 2 3 82 160 240 316
cat_threshold=39 2 2 8 0 0 2 3221225472 0 16 0 0 0 0 0 0 1048576 0 0 0 655360 0 0 0 0 131072 4224 0 16384 0 1073741888 16 0 32768 0 2 32 0 0 2097152 0 0 33554432 8192 8 32 0 0 0 0 0 0 0 0 0 0 0 0 0 0 0 0 0 0 0 0 0 0 536870944 0 0 524288 0 262144 134217728 1024 0 0 69206016 0 0 1024 0 16777728 0 0 0 1048576 0 32 0 0 0 0 0 0 0 0 8388608 0 0 0 128 134217728 8388608 0 0 0 0 33554432 67108864 0 16777216 0 134217728 0 8388608 64 0 67108992 0 4 32768 0 33554432 268435458 524288 0 0 0 0 0 0 0 0 0 0 0 0 0 0 0 0 0 0 16 0 0 0 512 8388608 0 0 0 570425344 16 0 0 557058 2 0 0 8192 0 65536 0 268435456 0 0 134217728 131072 0 16777216 2147483648 4194304 0 0 262400 0 1 67108864 8 0 0 144 8388608 0 512 0 536870912 0 0 0 0 0 16384 0 0 0 0 0 1073741824 0 0 33554432 0 0 0 0 0 0 0 0 0 0 0 0 0 0 0 0 0 536870912 524288 0 128 2147483648 0 0 0 128 2 16908288 0 32 0 0 0 256 2 131072 536870944 262208 0 0 0 0 0 256 0 2048 0 0 128 2048 0 1048576 0 0 0 0 0 2147483650 0 0 0 0 0 1073742336 1048576 16 0 0 0 524288 0 0 0 67108864 0 0 0 134217732 0 0 0 0 0 0 0 0 0 0 0 0 0 0 0 0 0 0 0 0 8 16826368 0 538968576 0 0 0 0 1056768 134217728 16384 0 4194304
is_linear=0
shrinkage=0.05


Tree=14
num_leaves=31
num_cat=7
split_feature=20 20 20 16 19 20 20 19 6 20 6 1 9 9 19 19 6 6 20 20 20 16 19 0 0 20 19 0 0 19
split_gain=1.35028e+06 163721 136798 41387 21830 19372.5 12941.7 5749.52 4281.89 3940.36 3909.22 3659.95 3029.27 2921.26 2859.13 2365.09 2238.39 2210.54 1913.53 1891.06 1700.91 1674.69 1576.73 1547.35 1563.87 1437.94 1222.32 1125.37 1144.9 1085.4
threshold=0.58911132812500011 1.5893554687500002 0.16070556640625003 1.0000000180025095e-35 2.9287109375000004 0.94653320312500011 0.37500000000000006 0.64282226562500011 2.5000000000000004 3.7324218750000004 2.5000000000000004 0 1 2 0.64282226562500011 0.35705566406250006 2.5000000000000004 2.5000000000000004 1.2319335937500002 0.26782226562500006 2.1601562500000004 0.71020507812500011 0.21423339843750003 3 4 0.76782226562500011 0.21423339843750003 5 6 1.2143554687500002
decision_type=2 2 2 10 2 2 2 2 2 2 2 1 9 9 2 2 2 2 2 2 2 10 2 9 9 2 2 9 9 2
left_child=2 5 3 -1 7 10 14 -3 26 -6 -2 22 -9 -11 19 -10 -14 -8 -17 -4 -18 -15 23 -5 -25 -12 -7 -26 -29 -19
right_child=1 4 6 11 9 8 17 12 15 13 25 -13 16 21 -16 18 20 29 -20 -21 -22 -23 -24 24 27 -27 -28 28 -30 -31
leaf_value=0 0 0 0 0 0 0 0 0 0 0 0 0 0 0 0 0 0 0 0 0 0 0 0 0 0 0 0 0 0 0
leaf_weight=4726430 678619 106140 1307281 3209 685365 23883 562812 5851 86964 3813 927528 2137603 556765 161798 180792 872456 744398 1363199 782401 1072430 644925 1319413 105643 4568 67112 763913 674875 85168 1625464 37862
leaf_count=4726430 678619 106140 1307281 3209 685365 23883 562812 5851 86964 3813 927528 2137603 556765 161798 180792 872456 744398 1363199 782401 1072430 644925 1319413 105643 4568 67112 763913 674875 85168 1625464 37862
internal_value=-0.0305315 -0.015625 -0.0406781 -0.0443261 -0.00844756 -0.0219339 -0.0336186 -0.0121369 -0.0188071 -0.00494917 -0.0251536 -0.0406027 -0.0115206 -0.00350186 -0.0359606 -0.0201336 -0.0114124 -0.0305651 -0.0197112 -0.0364211 -0.0124859 -0.00338914 -0.0389974 -0.0393487 -0.0394111 -0.0264399 -0.0155005 -0.0394863 -0.0392355 -0.0316283
internal_weight=2.23187e+07 9.03911e+06 1.32796e+07 8.7552e+06 4.22847e+06 4.81064e+06 4.52438e+06 2.05808e+06 2.44058e+06 2.17039e+06 2.37006e+06 4.02877e+06 1.95194e+06 1.48502e+06 2.5605e+06 1.74182e+06 1.94609e+06 1.96387e+06 1.65486e+06 2.37971e+06 1.38932e+06 1.48121e+06 1.89116e+06 1.78552e+06 1.78231e+06 1.69144e+06 698758 1.77774e+06 1.71063e+06 1.40106e+06
internal_count=22318680 9039107 13279573 8755197 4228468 4810639 4524376 2058079 2440579 2170389 2370060 4028767 1951939 1485024 2560503 1741821 1946088 1963873 1654857 2379711 1389323 1481211 1891164 1785521 1782312 1691441 698758 1777744 1710632 1401061
cat_boundaries=0 1 2 3 82 160 240 316
cat_threshold=39 2 2 8 0 0 2 3221225472 0 16 0 0 0 0 0 0 1048576 0 0 0 655360 0 0 0 0 131072 4224 0 16384 0 1073741888 16 0 32768 0 2 32 0 0 2097152 0 0 33554432 8192 8 32 0 0 0 0 0 0 0 0 0 0 0 0 0 0 0 0 0 0 0 0 0 0 536870944 0 0 524288 0 262144 134217728 1024 0 0 69206016 0 0 1024 0 16777728 0 0 0 1048576 0 32 0 0 0 0 0 0 0 0 8388608 0 0 0 128 134217728 8388608 0 0 0 0 33554432 67108864 0 16777216 0 134217728 0 8388608 64 0 67108992 0 4 32768 0 33554432 268435458 524288 0 0 0 0 0 0 0 0 0 0 0 0 0 0 0 0 0 0 16 0 0 0 512 8388608 0 0 0 570425344 16 0 0 557058 2 0 0 8192 0 65536 0 268435456 0 0 134217728 131072 0 16777216 2147483648 4194304 0 0 262400 0 1 67108864 8 0 0 144 8388608 0 512 0 536870912 0 0 0 0 0 16384 0 0 0 0 0 1073741824 0 0 33554432 0 0 0 0 0 0 0 0 0 0 0 0 0 0 0 0 0 536870912 524288 0 128 2147483648 0 0 0 128 2 16908288 0 32 0 0 0 256 2 131072 536870944 262208 0 0 0 0 0 256 0 2048 0 0 128 2048 0 1048576 0 0 0 0 0 2147483650 0 0 0 0 0 1073742336 1048576 16 0 0 0 524288 0 0 0 67108864 0 0 0 134217732 0 0 0 0 0 0 0 0 0 0 0 0 0 0 0 0 0 0 0 0 8 16826368 0 538968576 0 0 0 0 1056768 134217728 16384 0 4194304
is_linear=0
shrinkage=0.05


Tree=15
num_leaves=31
num_cat=7
split_feature=20 20 20 16 19 20 20 19 6 20 6 1 9 9 19 19 6 6 20 20 20 16 19 0 0 20 19 0 0 19
split_gain=1.35028e+06 163721 136798 41387 21830 19372.5 12941.7 5749.52 4281.89 3940.36 3909.22 3659.95 3029.27 2921.26 2859.13 2365.09 2238.39 2210.54 1913.53 1891.06 1700.91 1674.69 1576.73 1547.35 1563.87 1437.94 1222.32 1125.37 1144.9 1085.4
threshold=0.58911132812500011 1.5893554687500002 0.16070556640625003 1.0000000180025095e-35 2.9287109375000004 0.94653320312500011 0.37500000000000006 0.64282226562500011 2.5000000000000004 3.7324218750000004 2.5000000000000004 0 1 2 0.64282226562500011 0.35705566406250006 2.5000000000000004 2.5000000000000004 1.2319335937500002 0.26782226562500006 2.1601562500000004 0.71020507812500011 0.21423339843750003 3 4 0.76782226562500011 0.21423339843750003 5 6 1.2143554687500002
decision_type=2 2 2 10 2 2 2 2 2 2 2 1 9 9 2 2 2 2 2 2 2 10 2 9 9 2 2 9 9 2
left_child=2 5 3 -1 7 10 14 -3 26 -6 -2 22 -9 -11 19 -10 -14 -8 -17 -4 -18 -15 23 -5 -25 -12 -7 -26 -29 -19
right_child=1 4 6 11 9 8 17 12 15 13 25 -13 16 21 -16 18 20 29 -20 -21 -22 -23 -24 24 27 -27 -28 28 -30 -31
leaf_value=0 0 0 0 0 0 0 0 0 0 0 0 0 0 0 0 0 0 0 0 0 0 0 0 0 0 0 0 0 0 0
leaf_weight=4726430 678619 106140 1307281 3209 685365 23883 562812 5851 86964 3813 927528 2137603 556765 161798 180792 872456 744398 1363199 782401 1072430 644925 1319413 105643 4568 67112 763913 674875 85168 1625464 37862
leaf_count=4726430 678619 106140 1307281 3209 685365 23883 562812 5851 86964 3813 927528 2137603 556765 161798 180792 872456 744398 1363199 782401 1072430 644925 1319413 105643 4568 67112 763913 674875 85168 1625464 37862
internal_value=-0.0305315 -0.015625 -0.0406781 -0.0443261 -0.00844756 -0.0219339 -0.0336186 -0.0121369 -0.0188071 -0.00494917 -0.0251536 -0.0406027 -0.0115206 -0.00350186 -0.0359606 -0.0201336 -0.0114124 -0.0305651 -0.0197112 -0.0364211 -0.0124859 -0.00338914 -0.0389974 -0.0393487 -0.0394111 -0.0264399 -0.0155005 -0.0394863 -0.0392355 -0.0316283
internal_weight=2.23187e+07 9.03911e+06 1.32796e+07 8.7552e+06 4.22847e+06 4.81064e+06 4.52438e+06 2.05808e+06 2.44058e+06 2.17039e+06 2.37006e+06 4.02877e+06 1.95194e+06 1.48502e+06 2.5605e+06 1.74182e+06 1.94609e+06 1.96387e+06 1.65486e+06 2.37971e+06 1.38932e+06 1.48121e+06 1.89116e+06 1.78552e+06 1.78231e+06 1.69144e+06 698758 1.77774e+06 1.71063e+06 1.40106e+06
internal_count=22318680 9039107 13279573 8755197 4228468 4810639 4524376 2058079 2440579 2170389 2370060 4028767 1951939 1485024 2560503 1741821 1946088 1963873 1654857 2379711 1389323 1481211 1891164 1785521 1782312 1691441 698758 1777744 1710632 1401061
cat_boundaries=0 1 2 3 82 160 240 316
cat_threshold=39 2 2 8 0 0 2 3221225472 0 16 0 0 0 0 0 0 1048576 0 0 0 655360 0 0 0 0 131072 4224 0 16384 0 1073741888 16 0 32768 0 2 32 0 0 2097152 0 0 33554432 8192 8 32 0 0 0 0 0 0 0 0 0 0 0 0 0 0 0 0 0 0 0 0 0 0 536870944 0 0 524288 0 262144 134217728 1024 0 0 69206016 0 0 1024 0 16777728 0 0 0 1048576 0 32 0 0 0 0 0 0 0 0 8388608 0 0 0 128 134217728 8388608 0 0 0 0 33554432 67108864 0 16777216 0 134217728 0 8388608 64 0 67108992 0 4 32768 0 33554432 268435458 524288 0 0 0 0 0 0 0 0 0 0 0 0 0 0 0 0 0 0 16 0 0 0 512 8388608 0 0 0 570425344 16 0 0 557058 2 0 0 8192 0 65536 0 268435456 0 0 134217728 131072 0 16777216 2147483648 4194304 0 0 262400 0 1 67108864 8 0 0 144 8388608 0 512 0 536870912 0 0 0 0 0 16384 0 0 0 0 0 1073741824 0 0 33554432 0 0 0 0 0 0 0 0 0 0 0 0 0 0 0 0 0 536870912 524288 0 128 2147483648 0 0 0 128 2 16908288 0 32 0 0 0 256 2 131072 536870944 262208 0 0 0 0 0 256 0 2048 0 0 128 2048 0 1048576 0 0 0 0 0 2147483650 0 0 0 0 0 1073742336 1048576 16 0 0 0 524288 0 0 0 67108864 0 0 0 134217732 0 0 0 0 0 0 0 0 0 0 0 0 0 0 0 0 0 0 0 0 8 16826368 0 538968576 0 0 0 0 1056768 134217728 16384 0 4194304
is_linear=0
shrinkage=0.05


Tree=16
num_leaves=31
num_cat=7
split_feature=20 20 20 16 19 20 20 19 6 20 6 1 9 9 19 19 6 6 20 20 20 16 19 0 0 20 19 0 0 19
split_gain=1.35028e+06 163721 136798 41387 21830 19372.5 12941.7 5749.52 4281.89 3940.36 3909.22 3659.95 3029.27 2921.26 2859.13 2365.09 2238.39 2210.54 1913.53 1891.06 1700.91 1674.69 1576.73 1547.35 1563.87 1437.94 1222.32 1125.37 1144.9 1085.4
threshold=0.58911132812500011 1.5893554687500002 0.16070556640625003 1.0000000180025095e-35 2.9287109375000004 0.94653320312500011 0.37500000000000006 0.64282226562500011 2.5000000000000004 3.7324218750000004 2.5000000000000004 0 1 2 0.64282226562500011 0.35705566406250006 2.5000000000000004 2.5000000000000004 1.2319335937500002 0.26782226562500006 2.1601562500000004 0.71020507812500011 0.21423339843750003 3 4 0.76782226562500011 0.21423339843750003 5 6 1.2143554687500002
decision_type=2 2 2 10 2 2 2 2 2 2 2 1 9 9 2 2 2 2 2 2 2 10 2 9 9 2 2 9 9 2
left_child=2 5 3 -1 7 10 14 -3 26 -6 -2 22 -9 -11 19 -10 -14 -8 -17 -4 -18 -15 23 -5 -25 -12 -7 -26 -29 -19
right_child=1 4 6 11 9 8 17 12 15 13 25 -13 16 21 -16 18 20 29 -20 -21 -22 -23 -24 24 27 -27 -28 28 -30 -31
leaf_value=0 0 0 0 0 0 0 0 0 0 0 0 0 0 0 0 0 0 0 0 0 0 0 0 0 0 0 0 0 0 0
leaf_weight=4726430 678619 106140 1307281 3209 685365 23883 562812 5851 86964 3813 927528 2137603 556765 161798 180792 872456 744398 1363199 782401 1072430 644925 1319413 105643 4568 67112 763913 674875 85168 1625464 37862
leaf_count=4726430 678619 106140 1307281 3209 685365 23883 562812 5851 86964 3813 927528 2137603 556765 161798 180792 872456 744398 1363199 782401 1072430 644925 1319413 105643 4568 67112 763913 674875 85168 1625464 37862
internal_value=-0.0305315 -0.015625 -0.0406781 -0.0443261 -0.00844756 -0.0219339 -0.0336186 -0.0121369 -0.0188071 -0.00494917 -0.0251536 -0.0406027 -0.0115206 -0.00350186 -0.0359606 -0.0201336 -0.0114124 -0.0305651 -0.0197112 -0.0364211 -0.0124859 -0.00338914 -0.0389974 -0.0393487 -0.0394111 -0.0264399 -0.0155005 -0.0394863 -0.0392355 -0.0316283
internal_weight=2.23187e+07 9.03911e+06 1.32796e+07 8.7552e+06 4.22847e+06 4.81064e+06 4.52438e+06 2.05808e+06 2.44058e+06 2.17039e+06 2.37006e+06 4.02877e+06 1.95194e+06 1.48502e+06 2.5605e+06 1.74182e+06 1.94609e+06 1.96387e+06 1.65486e+06 2.37971e+06 1.38932e+06 1.48121e+06 1.89116e+06 1.78552e+06 1.78231e+06 1.69144e+06 698758 1.77774e+06 1.71063e+06 1.40106e+06
internal_count=22318680 9039107 13279573 8755197 4228468 4810639 4524376 2058079 2440579 2170389 2370060 4028767 1951939 1485024 2560503 1741821 1946088 1963873 1654857 2379711 1389323 1481211 1891164 1785521 1782312 1691441 698758 1777744 1710632 1401061
cat_boundaries=0 1 2 3 82 160 240 316
cat_threshold=39 2 2 8 0 0 2 3221225472 0 16 0 0 0 0 0 0 1048576 0 0 0 655360 0 0 0 0 131072 4224 0 16384 0 1073741888 16 0 32768 0 2 32 0 0 2097152 0 0 33554432 8192 8 32 0 0 0 0 0 0 0 0 0 0 0 0 0 0 0 0 0 0 0 0 0 0 536870944 0 0 524288 0 262144 134217728 1024 0 0 69206016 0 0 1024 0 16777728 0 0 0 1048576 0 32 0 0 0 0 0 0 0 0 8388608 0 0 0 128 134217728 8388608 0 0 0 0 33554432 67108864 0 16777216 0 134217728 0 8388608 64 0 67108992 0 4 32768 0 33554432 268435458 524288 0 0 0 0 0 0 0 0 0 0 0 0 0 0 0 0 0 0 16 0 0 0 512 8388608 0 0 0 570425344 16 0 0 557058 2 0 0 8192 0 65536 0 268435456 0 0 134217728 131072 0 16777216 2147483648 4194304 0 0 262400 0 1 67108864 8 0 0 144 8388608 0 512 0 536870912 0 0 0 0 0 16384 0 0 0 0 0 1073741824 0 0 33554432 0 0 0 0 0 0 0 0 0 0 0 0 0 0 0 0 0 536870912 524288 0 128 2147483648 0 0 0 128 2 16908288 0 32 0 0 0 256 2 131072 536870944 262208 0 0 0 0 0 256 0 2048 0 0 128 2048 0 1048576 0 0 0 0 0 2147483650 0 0 0 0 0 1073742336 1048576 16 0 0 0 524288 0 0 0 67108864 0 0 0 134217732 0 0 0 0 0 0 0 0 0 0 0 0 0 0 0 0 0 0 0 0 8 16826368 0 538968576 0 0 0 0 1056768 134217728 16384 0 4194304
is_linear=0
shrinkage=0.05


Tree=17
num_leaves=31
num_cat=7
split_feature=20 20 20 16 19 20 20 19 6 20 6 1 9 9 19 19 6 6 20 20 20 16 19 0 0 20 19 0 0 19
split_gain=1.35028e+06 163721 136798 41387 21830 19372.5 12941.7 5749.52 4281.89 3940.36 3909.22 3659.95 3029.27 2921.26 2859.13 2365.09 2238.39 2210.54 1913.53 1891.06 1700.91 1674.69 1576.73 1547.35 1563.87 1437.94 1222.32 1125.37 1144.9 1085.4
threshold=0.58911132812500011 1.5893554687500002 0.16070556640625003 1.0000000180025095e-35 2.9287109375000004 0.94653320312500011 0.37500000000000006 0.64282226562500011 2.5000000000000004 3.7324218750000004 2.5000000000000004 0 1 2 0.64282226562500011 0.35705566406250006 2.5000000000000004 2.5000000000000004 1.2319335937500002 0.26782226562500006 2.1601562500000004 0.71020507812500011 0.21423339843750003 3 4 0.76782226562500011 0.21423339843750003 5 6 1.2143554687500002
decision_type=2 2 2 10 2 2 2 2 2 2 2 1 9 9 2 2 2 2 2 2 2 10 2 9 9 2 2 9 9 2
left_child=2 5 3 -1 7 10 14 -3 26 -6 -2 22 -9 -11 19 -10 -14 -8 -17 -4 -18 -15 23 -5 -25 -12 -7 -26 -29 -19
right_child=1 4 6 11 9 8 17 12 15 13 25 -13 16 21 -16 18 20 29 -20 -21 -22 -23 -24 24 27 -27 -28 28 -30 -31
leaf_value=0 0 0 0 0 0 0 0 0 0 0 0 0 0 0 0 0 0 0 0 0 0 0 0 0 0 0 0 0 0 0
leaf_weight=4726430 678619 106140 1307281 3209 685365 23883 562812 5851 86964 3813 927528 2137603 556765 161798 180792 872456 744398 1363199 782401 1072430 644925 1319413 105643 4568 67112 763913 674875 85168 1625464 37862
leaf_count=4726430 678619 106140 1307281 3209 685365 23883 562812 5851 86964 3813 927528 2137603 556765 161798 180792 872456 744398 1363199 782401 1072430 644925 1319413 105643 4568 67112 763913 674875 85168 1625464 37862
internal_value=-0.0305315 -0.015625 -0.0406781 -0.0443261 -0.00844756 -0.0219339 -0.0336186 -0.0121369 -0.0188071 -0.00494917 -0.0251536 -0.0406027 -0.0115206 -0.00350186 -0.0359606 -0.0201336 -0.0114124 -0.0305651 -0.0197112 -0.0364211 -0.0124859 -0.00338914 -0.0389974 -0.0393487 -0.0394111 -0.0264399 -0.0155005 -0.0394863 -0.0392355 -0.0316283
internal_weight=2.23187e+07 9.03911e+06 1.32796e+07 8.7552e+06 4.22847e+06 4.81064e+06 4.52438e+06 2.05808e+06 2.44058e+06 2.17039e+06 2.37006e+06 4.02877e+06 1.95194e+06 1.48502e+06 2.5605e+06 1.74182e+06 1.94609e+06 1.96387e+06 1.65486e+06 2.37971e+06 1.38932e+06 1.48121e+06 1.89116e+06 1.78552e+06 1.78231e+06 1.69144e+06 698758 1.77774e+06 1.71063e+06 1.40106e+06
internal_count=22318680 9039107 13279573 8755197 4228468 4810639 4524376 2058079 2440579 2170389 2370060 4028767 1951939 1485024 2560503 1741821 1946088 1963873 1654857 2379711 1389323 1481211 1891164 1785521 1782312 1691441 698758 1777744 1710632 1401061
cat_boundaries=0 1 2 3 82 160 240 316
cat_threshold=39 2 2 8 0 0 2 3221225472 0 16 0 0 0 0 0 0 1048576 0 0 0 655360 0 0 0 0 131072 4224 0 16384 0 1073741888 16 0 32768 0 2 32 0 0 2097152 0 0 33554432 8192 8 32 0 0 0 0 0 0 0 0 0 0 0 0 0 0 0 0 0 0 0 0 0 0 536870944 0 0 524288 0 262144 134217728 1024 0 0 69206016 0 0 1024 0 16777728 0 0 0 1048576 0 32 0 0 0 0 0 0 0 0 8388608 0 0 0 128 134217728 8388608 0 0 0 0 33554432 67108864 0 16777216 0 134217728 0 8388608 64 0 67108992 0 4 32768 0 33554432 268435458 524288 0 0 0 0 0 0 0 0 0 0 0 0 0 0 0 0 0 0 16 0 0 0 512 8388608 0 0 0 570425344 16 0 0 557058 2 0 0 8192 0 65536 0 268435456 0 0 134217728 131072 0 16777216 2147483648 4194304 0 0 262400 0 1 67108864 8 0 0 144 8388608 0 512 0 536870912 0 0 0 0 0 16384 0 0 0 0 0 1073741824 0 0 33554432 0 0 0 0 0 0 0 0 0 0 0 0 0 0 0 0 0 536870912 524288 0 128 2147483648 0 0 0 128 2 16908288 0 32 0 0 0 256 2 131072 536870944 262208 0 0 0 0 0 256 0 2048 0 0 128 2048 0 1048576 0 0 0 0 0 2147483650 0 0 0 0 0 1073742336 1048576 16 0 0 0 524288 0 0 0 67108864 0 0 0 134217732 0 0 0 0 0 0 0 0 0 0 0 0 0 0 0 0 0 0 0 0 8 16826368 0 538968576 0 0 0 0 1056768 134217728 16384 0 4194304
is_linear=0
shrinkage=0.05


Tree=18
num_leaves=31
num_cat=7
split_feature=20 20 20 16 19 20 20 19 6 20 6 1 9 9 19 19 6 6 20 20 20 16 19 0 0 20 19 0 0 19
split_gain=1.35028e+06 163721 136798 41387 21830 19372.5 12941.7 5749.52 4281.89 3940.36 3909.22 3659.95 3029.27 2921.26 2859.13 2365.09 2238.39 2210.54 1913.53 1891.06 1700.91 1674.69 1576.73 1547.35 1563.87 1437.94 1222.32 1125.37 1144.9 1085.4
threshold=0.58911132812500011 1.5893554687500002 0.16070556640625003 1.0000000180025095e-35 2.9287109375000004 0.94653320312500011 0.37500000000000006 0.64282226562500011 2.5000000000000004 3.7324218750000004 2.5000000000000004 0 1 2 0.64282226562500011 0.35705566406250006 2.5000000000000004 2.5000000000000004 1.2319335937500002 0.26782226562500006 2.1601562500000004 0.71020507812500011 0.21423339843750003 3 4 0.76782226562500011 0.21423339843750003 5 6 1.2143554687500002
decision_type=2 2 2 10 2 2 2 2 2 2 2 1 9 9 2 2 2 2 2 2 2 10 2 9 9 2 2 9 9 2
left_child=2 5 3 -1 7 10 14 -3 26 -6 -2 22 -9 -11 19 -10 -14 -8 -17 -4 -18 -15 23 -5 -25 -12 -7 -26 -29 -19
right_child=1 4 6 11 9 8 17 12 15 13 25 -13 16 21 -16 18 20 29 -20 -21 -22 -23 -24 24 27 -27 -28 28 -30 -31
leaf_value=0 0 0 0 0 0 0 0 0 0 0 0 0 0 0 0 0 0 0 0 0 0 0 0 0 0 0 0 0 0 0
leaf_weight=4726430 678619 106140 1307281 3209 685365 23883 562812 5851 86964 3813 927528 2137603 556765 161798 180792 872456 744398 1363199 782401 1072430 644925 1319413 105643 4568 67112 763913 674875 85168 1625464 37862
leaf_count=4726430 678619 106140 1307281 3209 685365 23883 562812 5851 86964 3813 927528 2137603 556765 161798 180792 872456 744398 1363199 782401 1072430 644925 1319413 105643 4568 67112 763913 674875 85168 1625464 37862
internal_value=-0.0305315 -0.015625 -0.0406781 -0.0443261 -0.00844756 -0.0219339 -0.0336186 -0.0121369 -0.0188071 -0.00494917 -0.0251536 -0.0406027 -0.0115206 -0.00350186 -0.0359606 -0.0201336 -0.0114124 -0.0305651 -0.0197112 -0.0364211 -0.0124859 -0.00338914 -0.0389974 -0.0393487 -0.0394111 -0.0264399 -0.0155005 -0.0394863 -0.0392355 -0.0316283
internal_weight=2.23187e+07 9.03911e+06 1.32796e+07 8.7552e+06 4.22847e+06 4.81064e+06 4.52438e+06 2.05808e+06 2.44058e+06 2.17039e+06 2.37006e+06 4.02877e+06 1.95194e+06 1.48502e+06 2.5605e+06 1.74182e+06 1.94609e+06 1.96387e+06 1.65486e+06 2.37971e+06 1.38932e+06 1.48121e+06 1.89116e+06 1.78552e+06 1.78231e+06 1.69144e+06 698758 1.77774e+06 1.71063e+06 1.40106e+06
internal_count=22318680 9039107 13279573 8755197 4228468 4810639 4524376 2058079 2440579 2170389 2370060 4028767 1951939 1485024 2560503 1741821 1946088 1963873 1654857 2379711 1389323 1481211 1891164 1785521 1782312 1691441 698758 1777744 1710632 1401061
cat_boundaries=0 1 2 3 82 160 240 316
cat_threshold=39 2 2 8 0 0 2 3221225472 0 16 0 0 0 0 0 0 1048576 0 0 0 655360 0 0 0 0 131072 4224 0 16384 0 1073741888 16 0 32768 0 2 32 0 0 2097152 0 0 33554432 8192 8 32 0 0 0 0 0 0 0 0 0 0 0 0 0 0 0 0 0 0 0 0 0 0 536870944 0 0 524288 0 262144 134217728 1024 0 0 69206016 0 0 1024 0 16777728 0 0 0 1048576 0 32 0 0 0 0 0 0 0 0 8388608 0 0 0 128 134217728 8388608 0 0 0 0 33554432 67108864 0 16777216 0 134217728 0 8388608 64 0 67108992 0 4 32768 0 33554432 268435458 524288 0 0 0 0 0 0 0 0 0 0 0 0 0 0 0 0 0 0 16 0 0 0 512 8388608 0 0 0 570425344 16 0 0 557058 2 0 0 8192 0 65536 0 268435456 0 0 134217728 131072 0 16777216 2147483648 4194304 0 0 262400 0 1 67108864 8 0 0 144 8388608 0 512 0 536870912 0 0 0 0 0 16384 0 0 0 0 0 1073741824 0 0 33554432 0 0 0 0 0 0 0 0 0 0 0 0 0 0 0 0 0 536870912 524288 0 128 2147483648 0 0 0 128 2 16908288 0 32 0 0 0 256 2 131072 536870944 262208 0 0 0 0 0 256 0 2048 0 0 128 2048 0 1048576 0 0 0 0 0 2147483650 0 0 0 0 0 1073742336 1048576 16 0 0 0 524288 0 0 0 67108864 0 0 0 134217732 0 0 0 0 0 0 0 0 0 0 0 0 0 0 0 0 0 0 0 0 8 16826368 0 538968576 0 0 0 0 1056768 134217728 16384 0 4194304
is_linear=0
shrinkage=0.05


Tree=19
num_leaves=31
num_cat=7
split_feature=20 20 20 16 19 20 20 19 6 20 6 1 9 9 19 19 6 6 20 20 20 16 19 0 0 20 19 0 0 19
split_gain=1.35028e+06 163721 136798 41387 21830 19372.5 12941.7 5749.52 4281.89 3940.36 3909.22 3659.95 3029.27 2921.26 2859.13 2365.09 2238.39 2210.54 1913.53 1891.06 1700.91 1674.69 1576.73 1547.35 1563.87 1437.94 1222.32 1125.37 1144.9 1085.4
threshold=0.58911132812500011 1.5893554687500002 0.16070556640625003 1.0000000180025095e-35 2.9287109375000004 0.94653320312500011 0.37500000000000006 0.64282226562500011 2.5000000000000004 3.7324218750000004 2.5000000000000004 0 1 2 0.64282226562500011 0.35705566406250006 2.5000000000000004 2.5000000000000004 1.2319335937500002 0.26782226562500006 2.1601562500000004 0.71020507812500011 0.21423339843750003 3 4 0.76782226562500011 0.21423339843750003 5 6 1.2143554687500002
decision_type=2 2 2 10 2 2 2 2 2 2 2 1 9 9 2 2 2 2 2 2 2 10 2 9 9 2 2 9 9 2
left_child=2 5 3 -1 7 10 14 -3 26 -6 -2 22 -9 -11 19 -10 -14 -8 -17 -4 -18 -15 23 -5 -25 -12 -7 -26 -29 -19
right_child=1 4 6 11 9 8 17 12 15 13 25 -13 16 21 -16 18 20 29 -20 -21 -22 -23 -24 24 27 -27 -28 28 -30 -31
leaf_value=0 0 0 0 0 0 0 0 0 0 0 0 0 0 0 0 0 0 0 0 0 0 0 0 0 0 0 0 0 0 0
leaf_weight=4726430 678619 106140 1307281 3209 685365 23883 562812 5851 86964 3813 927528 2137603 556765 161798 180792 872456 744398 1363199 782401 1072430 644925 1319413 105643 4568 67112 763913 674875 85168 1625464 37862
leaf_count=4726430 678619 106140 1307281 3209 685365 23883 562812 5851 86964 3813 927528 2137603 556765 161798 180792 872456 744398 1363199 782401 1072430 644925 1319413 105643 4568 67112 763913 674875 85168 1625464 37862
internal_value=-0.0305315 -0.015625 -0.0406781 -0.0443261 -0.00844756 -0.0219339 -0.0336186 -0.0121369 -0.0188071 -0.00494917 -0.0251536 -0.0406027 -0.0115206 -0.00350186 -0.0359606 -0.0201336 -0.0114124 -0.0305651 -0.0197112 -0.0364211 -0.0124859 -0.00338914 -0.0389974 -0.0393487 -0.0394111 -0.0264399 -0.0155005 -0.0394863 -0.0392355 -0.0316283
internal_weight=2.23187e+07 9.03911e+06 1.32796e+07 8.7552e+06 4.22847e+06 4.81064e+06 4.52438e+06 2.05808e+06 2.44058e+06 2.17039e+06 2.37006e+06 4.02877e+06 1.95194e+06 1.48502e+06 2.5605e+06 1.74182e+06 1.94609e+06 1.96387e+06 1.65486e+06 2.37971e+06 1.38932e+06 1.48121e+06 1.89116e+06 1.78552e+06 1.78231e+06 1.69144e+06 698758 1.77774e+06 1.71063e+06 1.40106e+06
internal_count=22318680 9039107 13279573 8755197 4228468 4810639 4524376 2058079 2440579 2170389 2370060 4028767 1951939 1485024 2560503 1741821 1946088 1963873 1654857 2379711 1389323 1481211 1891164 1785521 1782312 1691441 698758 1777744 1710632 1401061
cat_boundaries=0 1 2 3 82 160 240 316
cat_threshold=39 2 2 8 0 0 2 3221225472 0 16 0 0 0 0 0 0 1048576 0 0 0 655360 0 0 0 0 131072 4224 0 16384 0 1073741888 16 0 32768 0 2 32 0 0 2097152 0 0 33554432 8192 8 32 0 0 0 0 0 0 0 0 0 0 0 0 0 0 0 0 0 0 0 0 0 0 536870944 0 0 524288 0 262144 134217728 1024 0 0 69206016 0 0 1024 0 16777728 0 0 0 1048576 0 32 0 0 0 0 0 0 0 0 8388608 0 0 0 128 134217728 8388608 0 0 0 0 33554432 67108864 0 16777216 0 134217728 0 8388608 64 0 67108992 0 4 32768 0 33554432 268435458 524288 0 0 0 0 0 0 0 0 0 0 0 0 0 0 0 0 0 0 16 0 0 0 512 8388608 0 0 0 570425344 16 0 0 557058 2 0 0 8192 0 65536 0 268435456 0 0 134217728 131072 0 16777216 2147483648 4194304 0 0 262400 0 1 67108864 8 0 0 144 8388608 0 512 0 536870912 0 0 0 0 0 16384 0 0 0 0 0 1073741824 0 0 33554432 0 0 0 0 0 0 0 0 0 0 0 0 0 0 0 0 0 536870912 524288 0 128 2147483648 0 0 0 128 2 16908288 0 32 0 0 0 256 2 131072 536870944 262208 0 0 0 0 0 256 0 2048 0 0 128 2048 0 1048576 0 0 0 0 0 2147483650 0 0 0 0 0 1073742336 1048576 16 0 0 0 524288 0 0 0 67108864 0 0 0 134217732 0 0 0 0 0 0 0 0 0 0 0 0 0 0 0 0 0 0 0 0 8 16826368 0 538968576 0 0 0 0 1056768 134217728 16384 0 4194304
is_linear=0
shrinkage=0.05


Tree=20
num_leaves=31
num_cat=7
split_feature=20 20 20 16 19 20 20 19 6 20 6 1 9 9 19 19 6 6 20 20 20 16 19 0 0 20 19 0 0 19
split_gain=1.35028e+06 163721 136798 41387 21830 19372.5 12941.7 5749.52 4281.89 3940.36 3909.22 3659.95 3029.27 2921.26 2859.13 2365.09 2238.39 2210.54 1913.53 1891.06 1700.91 1674.69 1576.73 1547.35 1563.87 1437.94 1222.32 1125.37 1144.9 1085.4
threshold=0.58911132812500011 1.5893554687500002 0.16070556640625003 1.0000000180025095e-35 2.9287109375000004 0.94653320312500011 0.37500000000000006 0.64282226562500011 2.5000000000000004 3.7324218750000004 2.5000000000000004 0 1 2 0.64282226562500011 0.35705566406250006 2.5000000000000004 2.5000000000000004 1.2319335937500002 0.26782226562500006 2.1601562500000004 0.71020507812500011 0.21423339843750003 3 4 0.76782226562500011 0.21423339843750003 5 6 1.2143554687500002
decision_type=2 2 2 10 2 2 2 2 2 2 2 1 9 9 2 2 2 2 2 2 2 10 2 9 9 2 2 9 9 2
left_child=2 5 3 -1 7 10 14 -3 26 -6 -2 22 -9 -11 19 -10 -14 -8 -17 -4 -18 -15 23 -5 -25 -12 -7 -26 -29 -19
right_child=1 4 6 11 9 8 17 12 15 13 25 -13 16 21 -16 18 20 29 -20 -21 -22 -23 -24 24 27 -27 -28 28 -30 -31
leaf_value=0 0 0 0 0 0 0 0 0 0 0 0 0 0 0 0 0 0 0 0 0 0 0 0 0 0 0 0 0 0 0
leaf_weight=4726430 678619 106140 1307281 3209 685365 23883 562812 5851 86964 3813 927528 2137603 556765 161798 180792 872456 744398 1363199 782401 1072430 644925 1319413 105643 4568 67112 763913 674875 85168 1625464 37862
leaf_count=4726430 678619 106140 1307281 3209 685365 23883 562812 5851 86964 3813 927528 2137603 556765 161798 180792 872456 744398 1363199 782401 1072430 644925 1319413 105643 4568 67112 763913 674875 85168 1625464 37862
internal_value=-0.0305315 -0.015625 -0.0406781 -0.0443261 -0.00844756 -0.0219339 -0.0336186 -0.0121369 -0.0188071 -0.00494917 -0.0251536 -0.0406027 -0.0115206 -0.00350186 -0.0359606 -0.0201336 -0.0114124 -0.0305651 -0.0197112 -0.0364211 -0.0124859 -0.00338914 -0.0389974 -0.0393487 -0.0394111 -0.0264399 -0.0155005 -0.0394863 -0.0392355 -0.0316283
internal_weight=2.23187e+07 9.03911e+06 1.32796e+07 8.7552e+06 4.22847e+06 4.81064e+06 4.52438e+06 2.05808e+06 2.44058e+06 2.17039e+06 2.37006e+06 4.02877e+06 1.95194e+06 1.48502e+06 2.5605e+06 1.74182e+06 1.94609e+06 1.96387e+06 1.65486e+06 2.37971e+06 1.38932e+06 1.48121e+06 1.89116e+06 1.78552e+06 1.78231e+06 1.69144e+06 698758 1.77774e+06 1.71063e+06 1.40106e+06
internal_count=22318680 9039107 13279573 8755197 4228468 4810639 4524376 2058079 2440579 2170389 2370060 4028767 1951939 1485024 2560503 1741821 1946088 1963873 1654857 2379711 1389323 1481211 1891164 1785521 1782312 1691441 698758 1777744 1710632 1401061
cat_boundaries=0 1 2 3 82 160 240 316
cat_threshold=39 2 2 8 0 0 2 3221225472 0 16 0 0 0 0 0 0 1048576 0 0 0 655360 0 0 0 0 131072 4224 0 16384 0 1073741888 16 0 32768 0 2 32 0 0 2097152 0 0 33554432 8192 8 32 0 0 0 0 0 0 0 0 0 0 0 0 0 0 0 0 0 0 0 0 0 0 536870944 0 0 524288 0 262144 134217728 1024 0 0 69206016 0 0 1024 0 16777728 0 0 0 1048576 0 32 0 0 0 0 0 0 0 0 8388608 0 0 0 128 134217728 8388608 0 0 0 0 33554432 67108864 0 16777216 0 134217728 0 8388608 64 0 67108992 0 4 32768 0 33554432 268435458 524288 0 0 0 0 0 0 0 0 0 0 0 0 0 0 0 0 0 0 16 0 0 0 512 8388608 0 0 0 570425344 16 0 0 557058 2 0 0 8192 0 65536 0 268435456 0 0 134217728 131072 0 16777216 2147483648 4194304 0 0 262400 0 1 67108864 8 0 0 144 8388608 0 512 0 536870912 0 0 0 0 0 16384 0 0 0 0 0 1073741824 0 0 33554432 0 0 0 0 0 0 0 0 0 0 0 0 0 0 0 0 0 536870912 524288 0 128 2147483648 0 0 0 128 2 16908288 0 32 0 0 0 256 2 131072 536870944 262208 0 0 0 0 0 256 0 2048 0 0 128 2048 0 1048576 0 0 0 0 0 2147483650 0 0 0 0 0 1073742336 1048576 16 0 0 0 524288 0 0 0 67108864 0 0 0 134217732 0 0 0 0 0 0 0 0 0 0 0 0 0 0 0 0 0 0 0 0 8 16826368 0 538968576 0 0 0 0 1056768 134217728 16384 0 4194304
is_linear=0
shrinkage=0.05


Tree=21
num_leaves=31
num_cat=7
split_feature=20 20 20 16 19 20 20 19 6 20 6 1 9 9 19 19 6 6 20 20 20 16 19 0 0 20 19 0 0 19
split_gain=1.35028e+06 163721 136798 41387 21830 19372.5 12941.7 5749.52 4281.89 3940.36 3909.22 3659.95 3029.27 2921.26 2859.13 2365.09 2238.39 2210.54 1913.53 1891.06 1700.91 1674.69 1576.73 1547.35 1563.87 1437.94 1222.32 1125.37 1144.9 1085.4
threshold=0.58911132812500011 1.5893554687500002 0.16070556640625003 1.0000000180025095e-35 2.9287109375000004 0.94653320312500011 0.37500000000000006 0.64282226562500011 2.5000000000000004 3.7324218750000004 2.5000000000000004 0 1 2 0.64282226562500011 0.35705566406250006 2.5000000000000004 2.5000000000000004 1.2319335937500002 0.26782226562500006 2.1601562500000004 0.71020507812500011 0.21423339843750003 3 4 0.76782226562500011 0.21423339843750003 5 6 1.2143554687500002
decision_type=2 2 2 10 2 2 2 2 2 2 2 1 9 9 2 2 2 2 2 2 2 10 2 9 9 2 2 9 9 2
left_child=2 5 3 -1 7 10 14 -3 26 -6 -2 22 -9 -11 19 -10 -14 -8 -17 -4 -18 -15 23 -5 -25 -12 -7 -26 -29 -19
right_child=1 4 6 11 9 8 17 12 15 13 25 -13 16 21 -16 18 20 29 -20 -21 -22 -23 -24 24 27 -27 -28 28 -30 -31
leaf_value=0 0 0 0 0 0 0 0 0 0 0 0 0 0 0 0 0 0 0 0 0 0 0 0 0 0 0 0 0 0 0
leaf_weight=4726430 678619 106140 1307281 3209 685365 23883 562812 5851 86964 3813 927528 2137603 556765 161798 180792 872456 744398 1363199 782401 1072430 644925 1319413 105643 4568 67112 763913 674875 85168 1625464 37862
leaf_count=4726430 678619 106140 1307281 3209 685365 23883 562812 5851 86964 3813 927528 2137603 556765 161798 180792 872456 744398 1363199 782401 1072430 644925 1319413 105643 4568 67112 763913 674875 85168 1625464 37862
internal_value=-0.0305315 -0.015625 -0.0406781 -0.0443261 -0.00844756 -0.0219339 -0.0336186 -0.0121369 -0.0188071 -0.00494917 -0.0251536 -0.0406027 -0.0115206 -0.00350186 -0.0359606 -0.0201336 -0.0114124 -0.0305651 -0.0197112 -0.0364211 -0.0124859 -0.00338914 -0.0389974 -0.0393487 -0.0394111 -0.0264399 -0.0155005 -0.0394863 -0.0392355 -0.0316283
internal_weight=2.23187e+07 9.03911e+06 1.32796e+07 8.7552e+06 4.22847e+06 4.81064e+06 4.52438e+06 2.05808e+06 2.44058e+06 2.17039e+06 2.37006e+06 4.02877e+06 1.95194e+06 1.48502e+06 2.5605e+06 1.74182e+06 1.94609e+06 1.96387e+06 1.65486e+06 2.37971e+06 1.38932e+06 1.48121e+06 1.89116e+06 1.78552e+06 1.78231e+06 1.69144e+06 698758 1.77774e+06 1.71063e+06 1.40106e+06
internal_count=22318680 9039107 13279573 8755197 4228468 4810639 4524376 2058079 2440579 2170389 2370060 4028767 1951939 1485024 2560503 1741821 1946088 1963873 1654857 2379711 1389323 1481211 1891164 1785521 1782312 1691441 698758 1777744 1710632 1401061
cat_boundaries=0 1 2 3 82 160 240 316
cat_threshold=39 2 2 8 0 0 2 3221225472 0 16 0 0 0 0 0 0 1048576 0 0 0 655360 0 0 0 0 131072 4224 0 16384 0 1073741888 16 0 32768 0 2 32 0 0 2097152 0 0 33554432 8192 8 32 0 0 0 0 0 0 0 0 0 0 0 0 0 0 0 0 0 0 0 0 0 0 536870944 0 0 524288 0 262144 134217728 1024 0 0 69206016 0 0 1024 0 16777728 0 0 0 1048576 0 32 0 0 0 0 0 0 0 0 8388608 0 0 0 128 134217728 8388608 0 0 0 0 33554432 67108864 0 16777216 0 134217728 0 8388608 64 0 67108992 0 4 32768 0 33554432 268435458 524288 0 0 0 0 0 0 0 0 0 0 0 0 0 0 0 0 0 0 16 0 0 0 512 8388608 0 0 0 570425344 16 0 0 557058 2 0 0 8192 0 65536 0 268435456 0 0 134217728 131072 0 16777216 2147483648 4194304 0 0 262400 0 1 67108864 8 0 0 144 8388608 0 512 0 536870912 0 0 0 0 0 16384 0 0 0 0 0 1073741824 0 0 33554432 0 0 0 0 0 0 0 0 0 0 0 0 0 0 0 0 0 536870912 524288 0 128 2147483648 0 0 0 128 2 16908288 0 32 0 0 0 256 2 131072 536870944 262208 0 0 0 0 0 256 0 2048 0 0 128 2048 0 1048576 0 0 0 0 0 2147483650 0 0 0 0 0 1073742336 1048576 16 0 0 0 524288 0 0 0 67108864 0 0 0 134217732 0 0 0 0 0 0 0 0 0 0 0 0 0 0 0 0 0 0 0 0 8 16826368 0 538968576 0 0 0 0 1056768 134217728 16384 0 4194304
is_linear=0
shrinkage=0.05


Tree=22
num_leaves=31
num_cat=7
split_feature=20 20 20 16 19 20 20 19 6 20 6 1 9 9 19 19 6 6 20 20 20 16 19 0 0 20 19 0 0 19
split_gain=1.35028e+06 163721 136798 41387 21830 19372.5 12941.7 5749.52 4281.89 3940.36 3909.22 3659.95 3029.27 2921.26 2859.13 2365.09 2238.39 2210.54 1913.53 1891.06 1700.91 1674.69 1576.73 1547.35 1563.87 1437.94 1222.32 1125.37 1144.9 1085.4
threshold=0.58911132812500011 1.5893554687500002 0.16070556640625003 1.0000000180025095e-35 2.9287109375000004 0.94653320312500011 0.37500000000000006 0.64282226562500011 2.5000000000000004 3.7324218750000004 2.5000000000000004 0 1 2 0.64282226562500011 0.35705566406250006 2.5000000000000004 2.5000000000000004 1.2319335937500002 0.26782226562500006 2.1601562500000004 0.71020507812500011 0.21423339843750003 3 4 0.76782226562500011 0.21423339843750003 5 6 1.2143554687500002
decision_type=2 2 2 10 2 2 2 2 2 2 2 1 9 9 2 2 2 2 2 2 2 10 2 9 9 2 2 9 9 2
left_child=2 5 3 -1 7 10 14 -3 26 -6 -2 22 -9 -11 19 -10 -14 -8 -17 -4 -18 -15 23 -5 -25 -12 -7 -26 -29 -19
right_child=1 4 6 11 9 8 17 12 15 13 25 -13 16 21 -16 18 20 29 -20 -21 -22 -23 -24 24 27 -27 -28 28 -30 -31
leaf_value=0 0 0 0 0 0 0 0 0 0 0 0 0 0 0 0 0 0 0 0 0 0 0 0 0 0 0 0 0 0 0
leaf_weight=4726430 678619 106140 1307281 3209 685365 23883 562812 5851 86964 3813 927528 2137603 556765 161798 180792 872456 744398 1363199 782401 1072430 644925 1319413 105643 4568 67112 763913 674875 85168 1625464 37862
leaf_count=4726430 678619 106140 1307281 3209 685365 23883 562812 5851 86964 3813 927528 2137603 556765 161798 180792 872456 744398 1363199 782401 1072430 644925 1319413 105643 4568 67112 763913 674875 85168 1625464 37862
internal_value=-0.0305315 -0.015625 -0.0406781 -0.0443261 -0.00844756 -0.0219339 -0.0336186 -0.0121369 -0.0188071 -0.00494917 -0.0251536 -0.0406027 -0.0115206 -0.00350186 -0.0359606 -0.0201336 -0.0114124 -0.0305651 -0.0197112 -0.0364211 -0.0124859 -0.00338914 -0.0389974 -0.0393487 -0.0394111 -0.0264399 -0.0155005 -0.0394863 -0.0392355 -0.0316283
internal_weight=2.23187e+07 9.03911e+06 1.32796e+07 8.7552e+06 4.22847e+06 4.81064e+06 4.52438e+06 2.05808e+06 2.44058e+06 2.17039e+06 2.37006e+06 4.02877e+06 1.95194e+06 1.48502e+06 2.5605e+06 1.74182e+06 1.94609e+06 1.96387e+06 1.65486e+06 2.37971e+06 1.38932e+06 1.48121e+06 1.89116e+06 1.78552e+06 1.78231e+06 1.69144e+06 698758 1.77774e+06 1.71063e+06 1.40106e+06
internal_count=22318680 9039107 13279573 8755197 4228468 4810639 4524376 2058079 2440579 2170389 2370060 4028767 1951939 1485024 2560503 1741821 1946088 1963873 1654857 2379711 1389323 1481211 1891164 1785521 1782312 1691441 698758 1777744 1710632 1401061
cat_boundaries=0 1 2 3 82 160 240 316
cat_threshold=39 2 2 8 0 0 2 3221225472 0 16 0 0 0 0 0 0 1048576 0 0 0 655360 0 0 0 0 131072 4224 0 16384 0 1073741888 16 0 32768 0 2 32 0 0 2097152 0 0 33554432 8192 8 32 0 0 0 0 0 0 0 0 0 0 0 0 0 0 0 0 0 0 0 0 0 0 536870944 0 0 524288 0 262144 134217728 1024 0 0 69206016 0 0 1024 0 16777728 0 0 0 1048576 0 32 0 0 0 0 0 0 0 0 8388608 0 0 0 128 134217728 8388608 0 0 0 0 33554432 67108864 0 16777216 0 134217728 0 8388608 64 0 67108992 0 4 32768 0 33554432 268435458 524288 0 0 0 0 0 0 0 0 0 0 0 0 0 0 0 0 0 0 16 0 0 0 512 8388608 0 0 0 570425344 16 0 0 557058 2 0 0 8192 0 65536 0 268435456 0 0 134217728 131072 0 16777216 2147483648 4194304 0 0 262400 0 1 67108864 8 0 0 144 8388608 0 512 0 536870912 0 0 0 0 0 16384 0 0 0 0 0 1073741824 0 0 33554432 0 0 0 0 0 0 0 0 0 0 0 0 0 0 0 0 0 536870912 524288 0 128 2147483648 0 0 0 128 2 16908288 0 32 0 0 0 256 2 131072 536870944 262208 0 0 0 0 0 256 0 2048 0 0 128 2048 0 1048576 0 0 0 0 0 2147483650 0 0 0 0 0 1073742336 1048576 16 0 0 0 524288 0 0 0 67108864 0 0 0 134217732 0 0 0 0 0 0 0 0 0 0 0 0 0 0 0 0 0 0 0 0 8 16826368 0 538968576 0 0 0 0 1056768 134217728 16384 0 4194304
is_linear=0
shrinkage=0.05


Tree=23
num_leaves=31
num_cat=7
split_feature=20 20 20 16 19 20 20 19 6 20 6 1 9 9 19 19 6 6 20 20 20 16 19 0 0 20 19 0 0 19
split_gain=1.35028e+06 163721 136798 41387 21830 19372.5 12941.7 5749.52 4281.89 3940.36 3909.22 3659.95 3029.27 2921.26 2859.13 2365.09 2238.39 2210.54 1913.53 1891.06 1700.91 1674.69 1576.73 1547.35 1563.87 1437.94 1222.32 1125.37 1144.9 1085.4
threshold=0.58911132812500011 1.5893554687500002 0.16070556640625003 1.0000000180025095e-35 2.9287109375000004 0.94653320312500011 0.37500000000000006 0.64282226562500011 2.5000000000000004 3.7324218750000004 2.5000000000000004 0 1 2 0.64282226562500011 0.35705566406250006 2.5000000000000004 2.5000000000000004 1.2319335937500002 0.26782226562500006 2.1601562500000004 0.71020507812500011 0.21423339843750003 3 4 0.76782226562500011 0.21423339843750003 5 6 1.2143554687500002
decision_type=2 2 2 10 2 2 2 2 2 2 2 1 9 9 2 2 2 2 2 2 2 10 2 9 9 2 2 9 9 2
left_child=2 5 3 -1 7 10 14 -3 26 -6 -2 22 -9 -11 19 -10 -14 -8 -17 -4 -18 -15 23 -5 -25 -12 -7 -26 -29 -19
right_child=1 4 6 11 9 8 17 12 15 13 25 -13 16 21 -16 18 20 29 -20 -21 -22 -23 -24 24 27 -27 -28 28 -30 -31
leaf_value=0 0 0 0 0 0 0 0 0 0 0 0 0 0 0 0 0 0 0 0 0 0 0 0 0 0 0 0 0 0 0
leaf_weight=4726430 678619 106140 1307281 3209 685365 23883 562812 5851 86964 3813 927528 2137603 556765 161798 180792 872456 744398 1363199 782401 1072430 644925 1319413 105643 4568 67112 763913 674875 85168 1625464 37862
leaf_count=4726430 678619 106140 1307281 3209 685365 23883 562812 5851 86964 3813 927528 2137603 556765 161798 180792 872456 744398 1363199 782401 1072430 644925 1319413 105643 4568 67112 763913 674875 85168 1625464 37862
internal_value=-0.0305315 -0.015625 -0.0406781 -0.0443261 -0.00844756 -0.0219339 -0.0336186 -0.0121369 -0.0188071 -0.00494917 -0.0251536 -0.0406027 -0.0115206 -0.00350186 -0.0359606 -0.0201336 -0.0114124 -0.0305651 -0.0197112 -0.0364211 -0.0124859 -0.00338914 -0.0389974 -0.0393487 -0.0394111 -0.0264399 -0.0155005 -0.0394863 -0.0392355 -0.0316283
internal_weight=2.23187e+07 9.03911e+06 1.32796e+07 8.7552e+06 4.22847e+06 4.81064e+06 4.52438e+06 2.05808e+06 2.44058e+06 2.17039e+06 2.37006e+06 4.02877e+06 1.95194e+06 1.48502e+06 2.5605e+06 1.74182e+06 1.94609e+06 1.96387e+06 1.65486e+06 2.37971e+06 1.38932e+06 1.48121e+06 1.89116e+06 1.78552e+06 1.78231e+06 1.69144e+06 698758 1.77774e+06 1.71063e+06 1.40106e+06
internal_count=22318680 9039107 13279573 8755197 4228468 4810639 4524376 2058079 2440579 2170389 2370060 4028767 1951939 1485024 2560503 1741821 1946088 1963873 1654857 2379711 1389323 1481211 1891164 1785521 1782312 1691441 698758 1777744 1710632 1401061
cat_boundaries=0 1 2 3 82 160 240 316
cat_threshold=39 2 2 8 0 0 2 3221225472 0 16 0 0 0 0 0 0 1048576 0 0 0 655360 0 0 0 0 131072 4224 0 16384 0 1073741888 16 0 32768 0 2 32 0 0 2097152 0 0 33554432 8192 8 32 0 0 0 0 0 0 0 0 0 0 0 0 0 0 0 0 0 0 0 0 0 0 536870944 0 0 524288 0 262144 134217728 1024 0 0 69206016 0 0 1024 0 16777728 0 0 0 1048576 0 32 0 0 0 0 0 0 0 0 8388608 0 0 0 128 134217728 8388608 0 0 0 0 33554432 67108864 0 16777216 0 134217728 0 8388608 64 0 67108992 0 4 32768 0 33554432 268435458 524288 0 0 0 0 0 0 0 0 0 0 0 0 0 0 0 0 0 0 16 0 0 0 512 8388608 0 0 0 570425344 16 0 0 557058 2 0 0 8192 0 65536 0 268435456 0 0 134217728 131072 0 16777216 2147483648 4194304 0 0 262400 0 1 67108864 8 0 0 144 8388608 0 512 0 536870912 0 0 0 0 0 16384 0 0 0 0 0 1073741824 0 0 33554432 0 0 0 0 0 0 0 0 0 0 0 0 0 0 0 0 0 536870912 524288 0 128 2147483648 0 0 0 128 2 16908288 0 32 0 0 0 256 2 131072 536870944 262208 0 0 0 0 0 256 0 2048 0 0 128 2048 0 1048576 0 0 0 0 0 2147483650 0 0 0 0 0 1073742336 1048576 16 0 0 0 524288 0 0 0 67108864 0 0 0 134217732 0 0 0 0 0 0 0 0 0 0 0 0 0 0 0 0 0 0 0 0 8 16826368 0 538968576 0 0 0 0 1056768 134217728 16384 0 4194304
is_linear=0
shrinkage=0.05


Tree=24
num_leaves=31
num_cat=7
split_feature=20 20 20 16 19 20 20 19 6 20 6 1 9 9 19 19 6 6 20 20 20 16 19 0 0 20 19 0 0 19
split_gain=1.35028e+06 163721 136798 41387 21830 19372.5 12941.7 5749.52 4281.89 3940.36 3909.22 3659.95 3029.27 2921.26 2859.13 2365.09 2238.39 2210.54 1913.53 1891.06 1700.91 1674.69 1576.73 1547.35 1563.87 1437.94 1222.32 1125.37 1144.9 1085.4
threshold=0.58911132812500011 1.5893554687500002 0.16070556640625003 1.0000000180025095e-35 2.9287109375000004 0.94653320312500011 0.37500000000000006 0.64282226562500011 2.5000000000000004 3.7324218750000004 2.5000000000000004 0 1 2 0.64282226562500011 0.35705566406250006 2.5000000000000004 2.5000000000000004 1.2319335937500002 0.26782226562500006 2.1601562500000004 0.71020507812500011 0.21423339843750003 3 4 0.76782226562500011 0.21423339843750003 5 6 1.2143554687500002
decision_type=2 2 2 10 2 2 2 2 2 2 2 1 9 9 2 2 2 2 2 2 2 10 2 9 9 2 2 9 9 2
left_child=2 5 3 -1 7 10 14 -3 26 -6 -2 22 -9 -11 19 -10 -14 -8 -17 -4 -18 -15 23 -5 -25 -12 -7 -26 -29 -19
right_child=1 4 6 11 9 8 17 12 15 13 25 -13 16 21 -16 18 20 29 -20 -21 -22 -23 -24 24 27 -27 -28 28 -30 -31
leaf_value=0 0 0 0 0 0 0 0 0 0 0 0 0 0 0 0 0 0 0 0 0 0 0 0 0 0 0 0 0 0 0
leaf_weight=4726430 678619 106140 1307281 3209 685365 23883 562812 5851 86964 3813 927528 2137603 556765 161798 180792 872456 744398 1363199 782401 1072430 644925 1319413 105643 4568 67112 763913 674875 85168 1625464 37862
leaf_count=4726430 678619 106140 1307281 3209 685365 23883 562812 5851 86964 3813 927528 2137603 556765 161798 180792 872456 744398 1363199 782401 1072430 644925 1319413 105643 4568 67112 763913 674875 85168 1625464 37862
internal_value=-0.0305315 -0.015625 -0.0406781 -0.0443261 -0.00844756 -0.0219339 -0.0336186 -0.0121369 -0.0188071 -0.00494917 -0.0251536 -0.0406027 -0.0115206 -0.00350186 -0.0359606 -0.0201336 -0.0114124 -0.0305651 -0.0197112 -0.0364211 -0.0124859 -0.00338914 -0.0389974 -0.0393487 -0.0394111 -0.0264399 -0.0155005 -0.0394863 -0.0392355 -0.0316283
internal_weight=2.23187e+07 9.03911e+06 1.32796e+07 8.7552e+06 4.22847e+06 4.81064e+06 4.52438e+06 2.05808e+06 2.44058e+06 2.17039e+06 2.37006e+06 4.02877e+06 1.95194e+06 1.48502e+06 2.5605e+06 1.74182e+06 1.94609e+06 1.96387e+06 1.65486e+06 2.37971e+06 1.38932e+06 1.48121e+06 1.89116e+06 1.78552e+06 1.78231e+06 1.69144e+06 698758 1.77774e+06 1.71063e+06 1.40106e+06
internal_count=22318680 9039107 13279573 8755197 4228468 4810639 4524376 2058079 2440579 2170389 2370060 4028767 1951939 1485024 2560503 1741821 1946088 1963873 1654857 2379711 1389323 1481211 1891164 1785521 1782312 1691441 698758 1777744 1710632 1401061
cat_boundaries=0 1 2 3 82 160 240 316
cat_threshold=39 2 2 8 0 0 2 3221225472 0 16 0 0 0 0 0 0 1048576 0 0 0 655360 0 0 0 0 131072 4224 0 16384 0 1073741888 16 0 32768 0 2 32 0 0 2097152 0 0 33554432 8192 8 32 0 0 0 0 0 0 0 0 0 0 0 0 0 0 0 0 0 0 0 0 0 0 536870944 0 0 524288 0 262144 134217728 1024 0 0 69206016 0 0 1024 0 16777728 0 0 0 1048576 0 32 0 0 0 0 0 0 0 0 8388608 0 0 0 128 134217728 8388608 0 0 0 0 33554432 67108864 0 16777216 0 134217728 0 8388608 64 0 67108992 0 4 32768 0 33554432 268435458 524288 0 0 0 0 0 0 0 0 0 0 0 0 0 0 0 0 0 0 16 0 0 0 512 8388608 0 0 0 570425344 16 0 0 557058 2 0 0 8192 0 65536 0 268435456 0 0 134217728 131072 0 16777216 2147483648 4194304 0 0 262400 0 1 67108864 8 0 0 144 8388608 0 512 0 536870912 0 0 0 0 0 16384 0 0 0 0 0 1073741824 0 0 33554432 0 0 0 0 0 0 0 0 0 0 0 0 0 0 0 0 0 536870912 524288 0 128 2147483648 0 0 0 128 2 16908288 0 32 0 0 0 256 2 131072 536870944 262208 0 0 0 0 0 256 0 2048 0 0 128 2048 0 1048576 0 0 0 0 0 2147483650 0 0 0 0 0 1073742336 1048576 16 0 0 0 524288 0 0 0 67108864 0 0 0 134217732 0 0 0 0 0 0 0 0 0 0 0 0 0 0 0 0 0 0 0 0 8 16826368 0 538968576 0 0 0 0 1056768 134217728 16384 0 4194304
is_linear=0
shrinkage=0.05


Tree=25
num_leaves=31
num_cat=7
split_feature=20 20 20 16 19 20 20 19 6 20 6 1 9 9 19 19 6 6 20 20 20 16 19 0 0 20 19 0 0 19
split_gain=1.35028e+06 163721 136798 41387 21830 19372.5 12941.7 5749.52 4281.89 3940.36 3909.22 3659.95 3029.27 2921.26 2859.13 2365.09 2238.39 2210.54 1913.53 1891.06 1700.91 1674.69 1576.73 1547.35 1563.87 1437.94 1222.32 1125.37 1144.9 1085.4
threshold=0.58911132812500011 1.5893554687500002 0.16070556640625003 1.0000000180025095e-35 2.9287109375000004 0.94653320312500011 0.37500000000000006 0.64282226562500011 2.5000000000000004 3.7324218750000004 2.5000000000000004 0 1 2 0.64282226562500011 0.35705566406250006 2.5000000000000004 2.5000000000000004 1.2319335937500002 0.26782226562500006 2.1601562500000004 0.71020507812500011 0.21423339843750003 3 4 0.76782226562500011 0.21423339843750003 5 6 1.2143554687500002
decision_type=2 2 2 10 2 2 2 2 2 2 2 1 9 9 2 2 2 2 2 2 2 10 2 9 9 2 2 9 9 2
left_child=2 5 3 -1 7 10 14 -3 26 -6 -2 22 -9 -11 19 -10 -14 -8 -17 -4 -18 -15 23 -5 -25 -12 -7 -26 -29 -19
right_child=1 4 6 11 9 8 17 12 15 13 25 -13 16 21 -16 18 20 29 -20 -21 -22 -23 -24 24 27 -27 -28 28 -30 -31
leaf_value=0 0 0 0 0 0 0 0 0 0 0 0 0 0 0 0 0 0 0 0 0 0 0 0 0 0 0 0 0 0 0
leaf_weight=4726430 678619 106140 1307281 3209 685365 23883 562812 5851 86964 3813 927528 2137603 556765 161798 180792 872456 744398 1363199 782401 1072430 644925 1319413 105643 4568 67112 763913 674875 85168 1625464 37862
leaf_count=4726430 678619 106140 1307281 3209 685365 23883 562812 5851 86964 3813 927528 2137603 556765 161798 180792 872456 744398 1363199 782401 1072430 644925 1319413 105643 4568 67112 763913 674875 85168 1625464 37862
internal_value=-0.0305315 -0.015625 -0.0406781 -0.0443261 -0.00844756 -0.0219339 -0.0336186 -0.0121369 -0.0188071 -0.00494917 -0.0251536 -0.0406027 -0.0115206 -0.00350186 -0.0359606 -0.0201336 -0.0114124 -0.0305651 -0.0197112 -0.0364211 -0.0124859 -0.00338914 -0.0389974 -0.0393487 -0.0394111 -0.0264399 -0.0155005 -0.0394863 -0.0392355 -0.0316283
internal_weight=2.23187e+07 9.03911e+06 1.32796e+07 8.7552e+06 4.22847e+06 4.81064e+06 4.52438e+06 2.05808e+06 2.44058e+06 2.17039e+06 2.37006e+06 4.02877e+06 1.95194e+06 1.48502e+06 2.5605e+06 1.74182e+06 1.94609e+06 1.96387e+06 1.65486e+06 2.37971e+06 1.38932e+06 1.48121e+06 1.89116e+06 1.78552e+06 1.78231e+06 1.69144e+06 698758 1.77774e+06 1.71063e+06 1.40106e+06
internal_count=22318680 9039107 13279573 8755197 4228468 4810639 4524376 2058079 2440579 2170389 2370060 4028767 1951939 1485024 2560503 1741821 1946088 1963873 1654857 2379711 1389323 1481211 1891164 1785521 1782312 1691441 698758 1777744 1710632 1401061
cat_boundaries=0 1 2 3 82 160 240 316
cat_threshold=39 2 2 8 0 0 2 3221225472 0 16 0 0 0 0 0 0 1048576 0 0 0 655360 0 0 0 0 131072 4224 0 16384 0 1073741888 16 0 32768 0 2 32 0 0 2097152 0 0 33554432 8192 8 32 0 0 0 0 0 0 0 0 0 0 0 0 0 0 0 0 0 0 0 0 0 0 536870944 0 0 524288 0 262144 134217728 1024 0 0 69206016 0 0 1024 0 16777728 0 0 0 1048576 0 32 0 0 0 0 0 0 0 0 8388608 0 0 0 128 134217728 8388608 0 0 0 0 33554432 67108864 0 16777216 0 134217728 0 8388608 64 0 67108992 0 4 32768 0 33554432 268435458 524288 0 0 0 0 0 0 0 0 0 0 0 0 0 0 0 0 0 0 16 0 0 0 512 8388608 0 0 0 570425344 16 0 0 557058 2 0 0 8192 0 65536 0 268435456 0 0 134217728 131072 0 16777216 2147483648 4194304 0 0 262400 0 1 67108864 8 0 0 144 8388608 0 512 0 536870912 0 0 0 0 0 16384 0 0 0 0 0 1073741824 0 0 33554432 0 0 0 0 0 0 0 0 0 0 0 0 0 0 0 0 0 536870912 524288 0 128 2147483648 0 0 0 128 2 16908288 0 32 0 0 0 256 2 131072 536870944 262208 0 0 0 0 0 256 0 2048 0 0 128 2048 0 1048576 0 0 0 0 0 2147483650 0 0 0 0 0 1073742336 1048576 16 0 0 0 524288 0 0 0 67108864 0 0 0 134217732 0 0 0 0 0 0 0 0 0 0 0 0 0 0 0 0 0 0 0 0 8 16826368 0 538968576 0 0 0 0 1056768 134217728 16384 0 4194304
is_linear=0
shrinkage=0.05


Tree=26
num_leaves=31
num_cat=7
split_feature=20 20 20 16 19 20 20 19 6 20 6 1 9 9 19 19 6 6 20 20 20 16 19 0 0 20 19 0 0 19
split_gain=1.35028e+06 163721 136798 41387 21830 19372.5 12941.7 5749.52 4281.89 3940.36 3909.22 3659.95 3029.27 2921.26 2859.13 2365.09 2238.39 2210.54 1913.53 1891.06 1700.91 1674.69 1576.73 1547.35 1563.87 1437.94 1222.32 1125.37 1144.9 1085.4
threshold=0.58911132812500011 1.5893554687500002 0.16070556640625003 1.0000000180025095e-35 2.9287109375000004 0.94653320312500011 0.37500000000000006 0.64282226562500011 2.5000000000000004 3.7324218750000004 2.5000000000000004 0 1 2 0.64282226562500011 0.35705566406250006 2.5000000000000004 2.5000000000000004 1.2319335937500002 0.26782226562500006 2.1601562500000004 0.71020507812500011 0.21423339843750003 3 4 0.76782226562500011 0.21423339843750003 5 6 1.2143554687500002
decision_type=2 2 2 10 2 2 2 2 2 2 2 1 9 9 2 2 2 2 2 2 2 10 2 9 9 2 2 9 9 2
left_child=2 5 3 -1 7 10 14 -3 26 -6 -2 22 -9 -11 19 -10 -14 -8 -17 -4 -18 -15 23 -5 -25 -12 -7 -26 -29 -19
right_child=1 4 6 11 9 8 17 12 15 13 25 -13 16 21 -16 18 20 29 -20 -21 -22 -23 -24 24 27 -27 -28 28 -30 -31
leaf_value=0 0 0 0 0 0 0 0 0 0 0 0 0 0 0 0 0 0 0 0 0 0 0 0 0 0 0 0 0 0 0
leaf_weight=4726430 678619 106140 1307281 3209 685365 23883 562812 5851 86964 3813 927528 2137603 556765 161798 180792 872456 744398 1363199 782401 1072430 644925 1319413 105643 4568 67112 763913 674875 85168 1625464 37862
leaf_count=4726430 678619 106140 1307281 3209 685365 23883 562812 5851 86964 3813 927528 2137603 556765 161798 180792 872456 744398 1363199 782401 1072430 644925 1319413 105643 4568 67112 763913 674875 85168 1625464 37862
internal_value=-0.0305315 -0.015625 -0.0406781 -0.0443261 -0.00844756 -0.0219339 -0.0336186 -0.0121369 -0.0188071 -0.00494917 -0.0251536 -0.0406027 -0.0115206 -0.00350186 -0.0359606 -0.0201336 -0.0114124 -0.0305651 -0.0197112 -0.0364211 -0.0124859 -0.00338914 -0.0389974 -0.0393487 -0.0394111 -0.0264399 -0.0155005 -0.0394863 -0.0392355 -0.0316283
internal_weight=2.23187e+07 9.03911e+06 1.32796e+07 8.7552e+06 4.22847e+06 4.81064e+06 4.52438e+06 2.05808e+06 2.44058e+06 2.17039e+06 2.37006e+06 4.02877e+06 1.95194e+06 1.48502e+06 2.5605e+06 1.74182e+06 1.94609e+06 1.96387e+06 1.65486e+06 2.37971e+06 1.38932e+06 1.48121e+06 1.89116e+06 1.78552e+06 1.78231e+06 1.69144e+06 698758 1.77774e+06 1.71063e+06 1.40106e+06
internal_count=22318680 9039107 13279573 8755197 4228468 4810639 4524376 2058079 2440579 2170389 2370060 4028767 1951939 1485024 2560503 1741821 1946088 1963873 1654857 2379711 1389323 1481211 1891164 1785521 1782312 1691441 698758 1777744 1710632 1401061
cat_boundaries=0 1 2 3 82 160 240 316
cat_threshold=39 2 2 8 0 0 2 3221225472 0 16 0 0 0 0 0 0 1048576 0 0 0 655360 0 0 0 0 131072 4224 0 16384 0 1073741888 16 0 32768 0 2 32 0 0 2097152 0 0 33554432 8192 8 32 0 0 0 0 0 0 0 0 0 0 0 0 0 0 0 0 0 0 0 0 0 0 536870944 0 0 524288 0 262144 134217728 1024 0 0 69206016 0 0 1024 0 16777728 0 0 0 1048576 0 32 0 0 0 0 0 0 0 0 8388608 0 0 0 128 134217728 8388608 0 0 0 0 33554432 67108864 0 16777216 0 134217728 0 8388608 64 0 67108992 0 4 32768 0 33554432 268435458 524288 0 0 0 0 0 0 0 0 0 0 0 0 0 0 0 0 0 0 16 0 0 0 512 8388608 0 0 0 570425344 16 0 0 557058 2 0 0 8192 0 65536 0 268435456 0 0 134217728 131072 0 16777216 2147483648 4194304 0 0 262400 0 1 67108864 8 0 0 144 8388608 0 512 0 536870912 0 0 0 0 0 16384 0 0 0 0 0 1073741824 0 0 33554432 0 0 0 0 0 0 0 0 0 0 0 0 0 0 0 0 0 536870912 524288 0 128 2147483648 0 0 0 128 2 16908288 0 32 0 0 0 256 2 131072 536870944 262208 0 0 0 0 0 256 0 2048 0 0 128 2048 0 1048576 0 0 0 0 0 2147483650 0 0 0 0 0 1073742336 1048576 16 0 0 0 524288 0 0 0 67108864 0 0 0 134217732 0 0 0 0 0 0 0 0 0 0 0 0 0 0 0 0 0 0 0 0 8 16826368 0 538968576 0 0 0 0 1056768 134217728 16384 0 4194304
is_linear=0
shrinkage=0.05


Tree=27
num_leaves=31
num_cat=7
split_feature=20 20 20 16 19 20 20 19 6 20 6 1 9 9 19 19 6 6 20 20 20 16 19 0 0 20 19 0 0 19
split_gain=1.35028e+06 163721 136798 41387 21830 19372.5 12941.7 5749.52 4281.89 3940.36 3909.22 3659.95 3029.27 2921.26 2859.13 2365.09 2238.39 2210.54 1913.53 1891.06 1700.91 1674.69 1576.73 1547.35 1563.87 1437.94 1222.32 1125.37 1144.9 1085.4
threshold=0.58911132812500011 1.5893554687500002 0.16070556640625003 1.0000000180025095e-35 2.9287109375000004 0.94653320312500011 0.37500000000000006 0.64282226562500011 2.5000000000000004 3.7324218750000004 2.5000000000000004 0 1 2 0.64282226562500011 0.35705566406250006 2.5000000000000004 2.5000000000000004 1.2319335937500002 0.26782226562500006 2.1601562500000004 0.71020507812500011 0.21423339843750003 3 4 0.76782226562500011 0.21423339843750003 5 6 1.2143554687500002
decision_type=2 2 2 10 2 2 2 2 2 2 2 1 9 9 2 2 2 2 2 2 2 10 2 9 9 2 2 9 9 2
left_child=2 5 3 -1 7 10 14 -3 26 -6 -2 22 -9 -11 19 -10 -14 -8 -17 -4 -18 -15 23 -5 -25 -12 -7 -26 -29 -19
right_child=1 4 6 11 9 8 17 12 15 13 25 -13 16 21 -16 18 20 29 -20 -21 -22 -23 -24 24 27 -27 -28 28 -30 -31
leaf_value=0 0 0 0 0 0 0 0 0 0 0 0 0 0 0 0 0 0 0 0 0 0 0 0 0 0 0 0 0 0 0
leaf_weight=4726430 678619 106140 1307281 3209 685365 23883 562812 5851 86964 3813 927528 2137603 556765 161798 180792 872456 744398 1363199 782401 1072430 644925 1319413 105643 4568 67112 763913 674875 85168 1625464 37862
leaf_count=4726430 678619 106140 1307281 3209 685365 23883 562812 5851 86964 3813 927528 2137603 556765 161798 180792 872456 744398 1363199 782401 1072430 644925 1319413 105643 4568 67112 763913 674875 85168 1625464 37862
internal_value=-0.0305315 -0.015625 -0.0406781 -0.0443261 -0.00844756 -0.0219339 -0.0336186 -0.0121369 -0.0188071 -0.00494917 -0.0251536 -0.0406027 -0.0115206 -0.00350186 -0.0359606 -0.0201336 -0.0114124 -0.0305651 -0.0197112 -0.0364211 -0.0124859 -0.00338914 -0.0389974 -0.0393487 -0.0394111 -0.0264399 -0.0155005 -0.0394863 -0.0392355 -0.0316283
internal_weight=2.23187e+07 9.03911e+06 1.32796e+07 8.7552e+06 4.22847e+06 4.81064e+06 4.52438e+06 2.05808e+06 2.44058e+06 2.17039e+06 2.37006e+06 4.02877e+06 1.95194e+06 1.48502e+06 2.5605e+06 1.74182e+06 1.94609e+06 1.96387e+06 1.65486e+06 2.37971e+06 1.38932e+06 1.48121e+06 1.89116e+06 1.78552e+06 1.78231e+06 1.69144e+06 698758 1.77774e+06 1.71063e+06 1.40106e+06
internal_count=22318680 9039107 13279573 8755197 4228468 4810639 4524376 2058079 2440579 2170389 2370060 4028767 1951939 1485024 2560503 1741821 1946088 1963873 1654857 2379711 1389323 1481211 1891164 1785521 1782312 1691441 698758 1777744 1710632 1401061
cat_boundaries=0 1 2 3 82 160 240 316
cat_threshold=39 2 2 8 0 0 2 3221225472 0 16 0 0 0 0 0 0 1048576 0 0 0 655360 0 0 0 0 131072 4224 0 16384 0 1073741888 16 0 32768 0 2 32 0 0 2097152 0 0 33554432 8192 8 32 0 0 0 0 0 0 0 0 0 0 0 0 0 0 0 0 0 0 0 0 0 0 536870944 0 0 524288 0 262144 134217728 1024 0 0 69206016 0 0 1024 0 16777728 0 0 0 1048576 0 32 0 0 0 0 0 0 0 0 8388608 0 0 0 128 134217728 8388608 0 0 0 0 33554432 67108864 0 16777216 0 134217728 0 8388608 64 0 67108992 0 4 32768 0 33554432 268435458 524288 0 0 0 0 0 0 0 0 0 0 0 0 0 0 0 0 0 0 16 0 0 0 512 8388608 0 0 0 570425344 16 0 0 557058 2 0 0 8192 0 65536 0 268435456 0 0 134217728 131072 0 16777216 2147483648 4194304 0 0 262400 0 1 67108864 8 0 0 144 8388608 0 512 0 536870912 0 0 0 0 0 16384 0 0 0 0 0 1073741824 0 0 33554432 0 0 0 0 0 0 0 0 0 0 0 0 0 0 0 0 0 536870912 524288 0 128 2147483648 0 0 0 128 2 16908288 0 32 0 0 0 256 2 131072 536870944 262208 0 0 0 0 0 256 0 2048 0 0 128 2048 0 1048576 0 0 0 0 0 2147483650 0 0 0 0 0 1073742336 1048576 16 0 0 0 524288 0 0 0 67108864 0 0 0 134217732 0 0 0 0 0 0 0 0 0 0 0 0 0 0 0 0 0 0 0 0 8 16826368 0 538968576 0 0 0 0 1056768 134217728 16384 0 4194304
is_linear=0
shrinkage=0.05


Tree=28
num_leaves=31
num_cat=7
split_feature=20 20 20 16 19 20 20 19 6 20 6 1 9 9 19 19 6 6 20 20 20 16 19 0 0 20 19 0 0 19
split_gain=1.35028e+06 163721 136798 41387 21830 19372.5 12941.7 5749.52 4281.89 3940.36 3909.22 3659.95 3029.27 2921.26 2859.13 2365.09 2238.39 2210.54 1913.53 1891.06 1700.91 1674.69 1576.73 1547.35 1563.87 1437.94 1222.32 1125.37 1144.9 1085.4
threshold=0.58911132812500011 1.5893554687500002 0.16070556640625003 1.0000000180025095e-35 2.9287109375000004 0.94653320312500011 0.37500000000000006 0.64282226562500011 2.5000000000000004 3.7324218750000004 2.5000000000000004 0 1 2 0.64282226562500011 0.35705566406250006 2.5000000000000004 2.5000000000000004 1.2319335937500002 0.26782226562500006 2.1601562500000004 0.71020507812500011 0.21423339843750003 3 4 0.76782226562500011 0.21423339843750003 5 6 1.2143554687500002
decision_type=2 2 2 10 2 2 2 2 2 2 2 1 9 9 2 2 2 2 2 2 2 10 2 9 9 2 2 9 9 2
left_child=2 5 3 -1 7 10 14 -3 26 -6 -2 22 -9 -11 19 -10 -14 -8 -17 -4 -18 -15 23 -5 -25 -12 -7 -26 -29 -19
right_child=1 4 6 11 9 8 17 12 15 13 25 -13 16 21 -16 18 20 29 -20 -21 -22 -23 -24 24 27 -27 -28 28 -30 -31
leaf_value=0 0 0 0 0 0 0 0 0 0 0 0 0 0 0 0 0 0 0 0 0 0 0 0 0 0 0 0 0 0 0
leaf_weight=4726430 678619 106140 1307281 3209 685365 23883 562812 5851 86964 3813 927528 2137603 556765 161798 180792 872456 744398 1363199 782401 1072430 644925 1319413 105643 4568 67112 763913 674875 85168 1625464 37862
leaf_count=4726430 678619 106140 1307281 3209 685365 23883 562812 5851 86964 3813 927528 2137603 556765 161798 180792 872456 744398 1363199 782401 1072430 644925 1319413 105643 4568 67112 763913 674875 85168 1625464 37862
internal_value=-0.0305315 -0.015625 -0.0406781 -0.0443261 -0.00844756 -0.0219339 -0.0336186 -0.0121369 -0.0188071 -0.00494917 -0.0251536 -0.0406027 -0.0115206 -0.00350186 -0.0359606 -0.0201336 -0.0114124 -0.0305651 -0.0197112 -0.0364211 -0.0124859 -0.00338914 -0.0389974 -0.0393487 -0.0394111 -0.0264399 -0.0155005 -0.0394863 -0.0392355 -0.0316283
internal_weight=2.23187e+07 9.03911e+06 1.32796e+07 8.7552e+06 4.22847e+06 4.81064e+06 4.52438e+06 2.05808e+06 2.44058e+06 2.17039e+06 2.37006e+06 4.02877e+06 1.95194e+06 1.48502e+06 2.5605e+06 1.74182e+06 1.94609e+06 1.96387e+06 1.65486e+06 2.37971e+06 1.38932e+06 1.48121e+06 1.89116e+06 1.78552e+06 1.78231e+06 1.69144e+06 698758 1.77774e+06 1.71063e+06 1.40106e+06
internal_count=22318680 9039107 13279573 8755197 4228468 4810639 4524376 2058079 2440579 2170389 2370060 4028767 1951939 1485024 2560503 1741821 1946088 1963873 1654857 2379711 1389323 1481211 1891164 1785521 1782312 1691441 698758 1777744 1710632 1401061
cat_boundaries=0 1 2 3 82 160 240 316
cat_threshold=39 2 2 8 0 0 2 3221225472 0 16 0 0 0 0 0 0 1048576 0 0 0 655360 0 0 0 0 131072 4224 0 16384 0 1073741888 16 0 32768 0 2 32 0 0 2097152 0 0 33554432 8192 8 32 0 0 0 0 0 0 0 0 0 0 0 0 0 0 0 0 0 0 0 0 0 0 536870944 0 0 524288 0 262144 134217728 1024 0 0 69206016 0 0 1024 0 16777728 0 0 0 1048576 0 32 0 0 0 0 0 0 0 0 8388608 0 0 0 128 134217728 8388608 0 0 0 0 33554432 67108864 0 16777216 0 134217728 0 8388608 64 0 67108992 0 4 32768 0 33554432 268435458 524288 0 0 0 0 0 0 0 0 0 0 0 0 0 0 0 0 0 0 16 0 0 0 512 8388608 0 0 0 570425344 16 0 0 557058 2 0 0 8192 0 65536 0 268435456 0 0 134217728 131072 0 16777216 2147483648 4194304 0 0 262400 0 1 67108864 8 0 0 144 8388608 0 512 0 536870912 0 0 0 0 0 16384 0 0 0 0 0 1073741824 0 0 33554432 0 0 0 0 0 0 0 0 0 0 0 0 0 0 0 0 0 536870912 524288 0 128 2147483648 0 0 0 128 2 16908288 0 32 0 0 0 256 2 131072 536870944 262208 0 0 0 0 0 256 0 2048 0 0 128 2048 0 1048576 0 0 0 0 0 2147483650 0 0 0 0 0 1073742336 1048576 16 0 0 0 524288 0 0 0 67108864 0 0 0 134217732 0 0 0 0 0 0 0 0 0 0 0 0 0 0 0 0 0 0 0 0 8 16826368 0 538968576 0 0 0 0 1056768 134217728 16384 0 4194304
is_linear=0
shrinkage=0.05


Tree=29
num_leaves=31
num_cat=7
split_feature=20 20 20 16 19 20 20 19 6 20 6 1 9 9 19 19 6 6 20 20 20 16 19 0 0 20 19 0 0 19
split_gain=1.35028e+06 163721 136798 41387 21830 19372.5 12941.7 5749.52 4281.89 3940.36 3909.22 3659.95 3029.27 2921.26 2859.13 2365.09 2238.39 2210.54 1913.53 1891.06 1700.91 1674.69 1576.73 1547.35 1563.87 1437.94 1222.32 1125.37 1144.9 1085.4
threshold=0.58911132812500011 1.5893554687500002 0.16070556640625003 1.0000000180025095e-35 2.9287109375000004 0.94653320312500011 0.37500000000000006 0.64282226562500011 2.5000000000000004 3.7324218750000004 2.5000000000000004 0 1 2 0.64282226562500011 0.35705566406250006 2.5000000000000004 2.5000000000000004 1.2319335937500002 0.26782226562500006 2.1601562500000004 0.71020507812500011 0.21423339843750003 3 4 0.76782226562500011 0.21423339843750003 5 6 1.2143554687500002
decision_type=2 2 2 10 2 2 2 2 2 2 2 1 9 9 2 2 2 2 2 2 2 10 2 9 9 2 2 9 9 2
left_child=2 5 3 -1 7 10 14 -3 26 -6 -2 22 -9 -11 19 -10 -14 -8 -17 -4 -18 -15 23 -5 -25 -12 -7 -26 -29 -19
right_child=1 4 6 11 9 8 17 12 15 13 25 -13 16 21 -16 18 20 29 -20 -21 -22 -23 -24 24 27 -27 -28 28 -30 -31
leaf_value=0 0 0 0 0 0 0 0 0 0 0 0 0 0 0 0 0 0 0 0 0 0 0 0 0 0 0 0 0 0 0
leaf_weight=4726430 678619 106140 1307281 3209 685365 23883 562812 5851 86964 3813 927528 2137603 556765 161798 180792 872456 744398 1363199 782401 1072430 644925 1319413 105643 4568 67112 763913 674875 85168 1625464 37862
leaf_count=4726430 678619 106140 1307281 3209 685365 23883 562812 5851 86964 3813 927528 2137603 556765 161798 180792 872456 744398 1363199 782401 1072430 644925 1319413 105643 4568 67112 763913 674875 85168 1625464 37862
internal_value=-0.0305315 -0.015625 -0.0406781 -0.0443261 -0.00844756 -0.0219339 -0.0336186 -0.0121369 -0.0188071 -0.00494917 -0.0251536 -0.0406027 -0.0115206 -0.00350186 -0.0359606 -0.0201336 -0.0114124 -0.0305651 -0.0197112 -0.0364211 -0.0124859 -0.00338914 -0.0389974 -0.0393487 -0.0394111 -0.0264399 -0.0155005 -0.0394863 -0.0392355 -0.0316283
internal_weight=2.23187e+07 9.03911e+06 1.32796e+07 8.7552e+06 4.22847e+06 4.81064e+06 4.52438e+06 2.05808e+06 2.44058e+06 2.17039e+06 2.37006e+06 4.02877e+06 1.95194e+06 1.48502e+06 2.5605e+06 1.74182e+06 1.94609e+06 1.96387e+06 1.65486e+06 2.37971e+06 1.38932e+06 1.48121e+06 1.89116e+06 1.78552e+06 1.78231e+06 1.69144e+06 698758 1.77774e+06 1.71063e+06 1.40106e+06
internal_count=22318680 9039107 13279573 8755197 4228468 4810639 4524376 2058079 2440579 2170389 2370060 4028767 1951939 1485024 2560503 1741821 1946088 1963873 1654857 2379711 1389323 1481211 1891164 1785521 1782312 1691441 698758 1777744 1710632 1401061
cat_boundaries=0 1 2 3 82 160 240 316
cat_threshold=39 2 2 8 0 0 2 3221225472 0 16 0 0 0 0 0 0 1048576 0 0 0 655360 0 0 0 0 131072 4224 0 16384 0 1073741888 16 0 32768 0 2 32 0 0 2097152 0 0 33554432 8192 8 32 0 0 0 0 0 0 0 0 0 0 0 0 0 0 0 0 0 0 0 0 0 0 536870944 0 0 524288 0 262144 134217728 1024 0 0 69206016 0 0 1024 0 16777728 0 0 0 1048576 0 32 0 0 0 0 0 0 0 0 8388608 0 0 0 128 134217728 8388608 0 0 0 0 33554432 67108864 0 16777216 0 134217728 0 8388608 64 0 67108992 0 4 32768 0 33554432 268435458 524288 0 0 0 0 0 0 0 0 0 0 0 0 0 0 0 0 0 0 16 0 0 0 512 8388608 0 0 0 570425344 16 0 0 557058 2 0 0 8192 0 65536 0 268435456 0 0 134217728 131072 0 16777216 2147483648 4194304 0 0 262400 0 1 67108864 8 0 0 144 8388608 0 512 0 536870912 0 0 0 0 0 16384 0 0 0 0 0 1073741824 0 0 33554432 0 0 0 0 0 0 0 0 0 0 0 0 0 0 0 0 0 536870912 524288 0 128 2147483648 0 0 0 128 2 16908288 0 32 0 0 0 256 2 131072 536870944 262208 0 0 0 0 0 256 0 2048 0 0 128 2048 0 1048576 0 0 0 0 0 2147483650 0 0 0 0 0 1073742336 1048576 16 0 0 0 524288 0 0 0 67108864 0 0 0 134217732 0 0 0 0 0 0 0 0 0 0 0 0 0 0 0 0 0 0 0 0 8 16826368 0 538968576 0 0 0 0 1056768 134217728 16384 0 4194304
is_linear=0
shrinkage=0.05


Tree=30
num_leaves=31
num_cat=7
split_feature=20 20 20 16 19 20 20 19 6 20 6 1 9 9 19 19 6 6 20 20 20 16 19 0 0 20 19 0 0 19
split_gain=1.35028e+06 163721 136798 41387 21830 19372.5 12941.7 5749.52 4281.89 3940.36 3909.22 3659.95 3029.27 2921.26 2859.13 2365.09 2238.39 2210.54 1913.53 1891.06 1700.91 1674.69 1576.73 1547.35 1563.87 1437.94 1222.32 1125.37 1144.9 1085.4
threshold=0.58911132812500011 1.5893554687500002 0.16070556640625003 1.0000000180025095e-35 2.9287109375000004 0.94653320312500011 0.37500000000000006 0.64282226562500011 2.5000000000000004 3.7324218750000004 2.5000000000000004 0 1 2 0.64282226562500011 0.35705566406250006 2.5000000000000004 2.5000000000000004 1.2319335937500002 0.26782226562500006 2.1601562500000004 0.71020507812500011 0.21423339843750003 3 4 0.76782226562500011 0.21423339843750003 5 6 1.2143554687500002
decision_type=2 2 2 10 2 2 2 2 2 2 2 1 9 9 2 2 2 2 2 2 2 10 2 9 9 2 2 9 9 2
left_child=2 5 3 -1 7 10 14 -3 26 -6 -2 22 -9 -11 19 -10 -14 -8 -17 -4 -18 -15 23 -5 -25 -12 -7 -26 -29 -19
right_child=1 4 6 11 9 8 17 12 15 13 25 -13 16 21 -16 18 20 29 -20 -21 -22 -23 -24 24 27 -27 -28 28 -30 -31
leaf_value=0 0 0 0 0 0 0 0 0 0 0 0 0 0 0 0 0 0 0 0 0 0 0 0 0 0 0 0 0 0 0
leaf_weight=4726430 678619 106140 1307281 3209 685365 23883 562812 5851 86964 3813 927528 2137603 556765 161798 180792 872456 744398 1363199 782401 1072430 644925 1319413 105643 4568 67112 763913 674875 85168 1625464 37862
leaf_count=4726430 678619 106140 1307281 3209 685365 23883 562812 5851 86964 3813 927528 2137603 556765 161798 180792 872456 744398 1363199 782401 1072430 644925 1319413 105643 4568 67112 763913 674875 85168 1625464 37862
internal_value=-0.0305315 -0.015625 -0.0406781 -0.0443261 -0.00844756 -0.0219339 -0.0336186 -0.0121369 -0.0188071 -0.00494917 -0.0251536 -0.0406027 -0.0115206 -0.00350186 -0.0359606 -0.0201336 -0.0114124 -0.0305651 -0.0197112 -0.0364211 -0.0124859 -0.00338914 -0.0389974 -0.0393487 -0.0394111 -0.0264399 -0.0155005 -0.0394863 -0.0392355 -0.0316283
internal_weight=2.23187e+07 9.03911e+06 1.32796e+07 8.7552e+06 4.22847e+06 4.81064e+06 4.52438e+06 2.05808e+06 2.44058e+06 2.17039e+06 2.37006e+06 4.02877e+06 1.95194e+06 1.48502e+06 2.5605e+06 1.74182e+06 1.94609e+06 1.96387e+06 1.65486e+06 2.37971e+06 1.38932e+06 1.48121e+06 1.89116e+06 1.78552e+06 1.78231e+06 1.69144e+06 698758 1.77774e+06 1.71063e+06 1.40106e+06
internal_count=22318680 9039107 13279573 8755197 4228468 4810639 4524376 2058079 2440579 2170389 2370060 4028767 1951939 1485024 2560503 1741821 1946088 1963873 1654857 2379711 1389323 1481211 1891164 1785521 1782312 1691441 698758 1777744 1710632 1401061
cat_boundaries=0 1 2 3 82 160 240 316
cat_threshold=39 2 2 8 0 0 2 3221225472 0 16 0 0 0 0 0 0 1048576 0 0 0 655360 0 0 0 0 131072 4224 0 16384 0 1073741888 16 0 32768 0 2 32 0 0 2097152 0 0 33554432 8192 8 32 0 0 0 0 0 0 0 0 0 0 0 0 0 0 0 0 0 0 0 0 0 0 536870944 0 0 524288 0 262144 134217728 1024 0 0 69206016 0 0 1024 0 16777728 0 0 0 1048576 0 32 0 0 0 0 0 0 0 0 8388608 0 0 0 128 134217728 8388608 0 0 0 0 33554432 67108864 0 16777216 0 134217728 0 8388608 64 0 67108992 0 4 32768 0 33554432 268435458 524288 0 0 0 0 0 0 0 0 0 0 0 0 0 0 0 0 0 0 16 0 0 0 512 8388608 0 0 0 570425344 16 0 0 557058 2 0 0 8192 0 65536 0 268435456 0 0 134217728 131072 0 16777216 2147483648 4194304 0 0 262400 0 1 67108864 8 0 0 144 8388608 0 512 0 536870912 0 0 0 0 0 16384 0 0 0 0 0 1073741824 0 0 33554432 0 0 0 0 0 0 0 0 0 0 0 0 0 0 0 0 0 536870912 524288 0 128 2147483648 0 0 0 128 2 16908288 0 32 0 0 0 256 2 131072 536870944 262208 0 0 0 0 0 256 0 2048 0 0 128 2048 0 1048576 0 0 0 0 0 2147483650 0 0 0 0 0 1073742336 1048576 16 0 0 0 524288 0 0 0 67108864 0 0 0 134217732 0 0 0 0 0 0 0 0 0 0 0 0 0 0 0 0 0 0 0 0 8 16826368 0 538968576 0 0 0 0 1056768 134217728 16384 0 4194304
is_linear=0
shrinkage=0.05


Tree=31
num_leaves=31
num_cat=7
split_feature=20 20 20 16 19 20 20 19 6 20 6 1 9 9 19 19 6 6 20 20 20 16 19 0 0 20 19 0 0 19
split_gain=1.35028e+06 163721 136798 41387 21830 19372.5 12941.7 5749.52 4281.89 3940.36 3909.22 3659.95 3029.27 2921.26 2859.13 2365.09 2238.39 2210.54 1913.53 1891.06 1700.91 1674.69 1576.73 1547.35 1563.87 1437.94 1222.32 1125.37 1144.9 1085.4
threshold=0.58911132812500011 1.5893554687500002 0.16070556640625003 1.0000000180025095e-35 2.9287109375000004 0.94653320312500011 0.37500000000000006 0.64282226562500011 2.5000000000000004 3.7324218750000004 2.5000000000000004 0 1 2 0.64282226562500011 0.35705566406250006 2.5000000000000004 2.5000000000000004 1.2319335937500002 0.26782226562500006 2.1601562500000004 0.71020507812500011 0.21423339843750003 3 4 0.76782226562500011 0.21423339843750003 5 6 1.2143554687500002
decision_type=2 2 2 10 2 2 2 2 2 2 2 1 9 9 2 2 2 2 2 2 2 10 2 9 9 2 2 9 9 2
left_child=2 5 3 -1 7 10 14 -3 26 -6 -2 22 -9 -11 19 -10 -14 -8 -17 -4 -18 -15 23 -5 -25 -12 -7 -26 -29 -19
right_child=1 4 6 11 9 8 17 12 15 13 25 -13 16 21 -16 18 20 29 -20 -21 -22 -23 -24 24 27 -27 -28 28 -30 -31
leaf_value=0 0 0 0 0 0 0 0 0 0 0 0 0 0 0 0 0 0 0 0 0 0 0 0 0 0 0 0 0 0 0
leaf_weight=4726430 678619 106140 1307281 3209 685365 23883 562812 5851 86964 3813 927528 2137603 556765 161798 180792 872456 744398 1363199 782401 1072430 644925 1319413 105643 4568 67112 763913 674875 85168 1625464 37862
leaf_count=4726430 678619 106140 1307281 3209 685365 23883 562812 5851 86964 3813 927528 2137603 556765 161798 180792 872456 744398 1363199 782401 1072430 644925 1319413 105643 4568 67112 763913 674875 85168 1625464 37862
internal_value=-0.0305315 -0.015625 -0.0406781 -0.0443261 -0.00844756 -0.0219339 -0.0336186 -0.0121369 -0.0188071 -0.00494917 -0.0251536 -0.0406027 -0.0115206 -0.00350186 -0.0359606 -0.0201336 -0.0114124 -0.0305651 -0.0197112 -0.0364211 -0.0124859 -0.00338914 -0.0389974 -0.0393487 -0.0394111 -0.0264399 -0.0155005 -0.0394863 -0.0392355 -0.0316283
internal_weight=2.23187e+07 9.03911e+06 1.32796e+07 8.7552e+06 4.22847e+06 4.81064e+06 4.52438e+06 2.05808e+06 2.44058e+06 2.17039e+06 2.37006e+06 4.02877e+06 1.95194e+06 1.48502e+06 2.5605e+06 1.74182e+06 1.94609e+06 1.96387e+06 1.65486e+06 2.37971e+06 1.38932e+06 1.48121e+06 1.89116e+06 1.78552e+06 1.78231e+06 1.69144e+06 698758 1.77774e+06 1.71063e+06 1.40106e+06
internal_count=22318680 9039107 13279573 8755197 4228468 4810639 4524376 2058079 2440579 2170389 2370060 4028767 1951939 1485024 2560503 1741821 1946088 1963873 1654857 2379711 1389323 1481211 1891164 1785521 1782312 1691441 698758 1777744 1710632 1401061
cat_boundaries=0 1 2 3 82 160 240 316
cat_threshold=39 2 2 8 0 0 2 3221225472 0 16 0 0 0 0 0 0 1048576 0 0 0 655360 0 0 0 0 131072 4224 0 16384 0 1073741888 16 0 32768 0 2 32 0 0 2097152 0 0 33554432 8192 8 32 0 0 0 0 0 0 0 0 0 0 0 0 0 0 0 0 0 0 0 0 0 0 536870944 0 0 524288 0 262144 134217728 1024 0 0 69206016 0 0 1024 0 16777728 0 0 0 1048576 0 32 0 0 0 0 0 0 0 0 8388608 0 0 0 128 134217728 8388608 0 0 0 0 33554432 67108864 0 16777216 0 134217728 0 8388608 64 0 67108992 0 4 32768 0 33554432 268435458 524288 0 0 0 0 0 0 0 0 0 0 0 0 0 0 0 0 0 0 16 0 0 0 512 8388608 0 0 0 570425344 16 0 0 557058 2 0 0 8192 0 65536 0 268435456 0 0 134217728 131072 0 16777216 2147483648 4194304 0 0 262400 0 1 67108864 8 0 0 144 8388608 0 512 0 536870912 0 0 0 0 0 16384 0 0 0 0 0 1073741824 0 0 33554432 0 0 0 0 0 0 0 0 0 0 0 0 0 0 0 0 0 536870912 524288 0 128 2147483648 0 0 0 128 2 16908288 0 32 0 0 0 256 2 131072 536870944 262208 0 0 0 0 0 256 0 2048 0 0 128 2048 0 1048576 0 0 0 0 0 2147483650 0 0 0 0 0 1073742336 1048576 16 0 0 0 524288 0 0 0 67108864 0 0 0 134217732 0 0 0 0 0 0 0 0 0 0 0 0 0 0 0 0 0 0 0 0 8 16826368 0 538968576 0 0 0 0 1056768 134217728 16384 0 4194304
is_linear=0
shrinkage=0.05


Tree=32
num_leaves=31
num_cat=7
split_feature=20 20 20 16 19 20 20 19 6 20 6 1 9 9 19 19 6 6 20 20 20 16 19 0 0 20 19 0 0 19
split_gain=1.35028e+06 163721 136798 41387 21830 19372.5 12941.7 5749.52 4281.89 3940.36 3909.22 3659.95 3029.27 2921.26 2859.13 2365.09 2238.39 2210.54 1913.53 1891.06 1700.91 1674.69 1576.73 1547.35 1563.87 1437.94 1222.32 1125.37 1144.9 1085.4
threshold=0.58911132812500011 1.5893554687500002 0.16070556640625003 1.0000000180025095e-35 2.9287109375000004 0.94653320312500011 0.37500000000000006 0.64282226562500011 2.5000000000000004 3.7324218750000004 2.5000000000000004 0 1 2 0.64282226562500011 0.35705566406250006 2.5000000000000004 2.5000000000000004 1.2319335937500002 0.26782226562500006 2.1601562500000004 0.71020507812500011 0.21423339843750003 3 4 0.76782226562500011 0.21423339843750003 5 6 1.2143554687500002
decision_type=2 2 2 10 2 2 2 2 2 2 2 1 9 9 2 2 2 2 2 2 2 10 2 9 9 2 2 9 9 2
left_child=2 5 3 -1 7 10 14 -3 26 -6 -2 22 -9 -11 19 -10 -14 -8 -17 -4 -18 -15 23 -5 -25 -12 -7 -26 -29 -19
right_child=1 4 6 11 9 8 17 12 15 13 25 -13 16 21 -16 18 20 29 -20 -21 -22 -23 -24 24 27 -27 -28 28 -30 -31
leaf_value=0 0 0 0 0 0 0 0 0 0 0 0 0 0 0 0 0 0 0 0 0 0 0 0 0 0 0 0 0 0 0
leaf_weight=4726430 678619 106140 1307281 3209 685365 23883 562812 5851 86964 3813 927528 2137603 556765 161798 180792 872456 744398 1363199 782401 1072430 644925 1319413 105643 4568 67112 763913 674875 85168 1625464 37862
leaf_count=4726430 678619 106140 1307281 3209 685365 23883 562812 5851 86964 3813 927528 2137603 556765 161798 180792 872456 744398 1363199 782401 1072430 644925 1319413 105643 4568 67112 763913 674875 85168 1625464 37862
internal_value=-0.0305315 -0.015625 -0.0406781 -0.0443261 -0.00844756 -0.0219339 -0.0336186 -0.0121369 -0.0188071 -0.00494917 -0.0251536 -0.0406027 -0.0115206 -0.00350186 -0.0359606 -0.0201336 -0.0114124 -0.0305651 -0.0197112 -0.0364211 -0.0124859 -0.00338914 -0.0389974 -0.0393487 -0.0394111 -0.0264399 -0.0155005 -0.0394863 -0.0392355 -0.0316283
internal_weight=2.23187e+07 9.03911e+06 1.32796e+07 8.7552e+06 4.22847e+06 4.81064e+06 4.52438e+06 2.05808e+06 2.44058e+06 2.17039e+06 2.37006e+06 4.02877e+06 1.95194e+06 1.48502e+06 2.5605e+06 1.74182e+06 1.94609e+06 1.96387e+06 1.65486e+06 2.37971e+06 1.38932e+06 1.48121e+06 1.89116e+06 1.78552e+06 1.78231e+06 1.69144e+06 698758 1.77774e+06 1.71063e+06 1.40106e+06
internal_count=22318680 9039107 13279573 8755197 4228468 4810639 4524376 2058079 2440579 2170389 2370060 4028767 1951939 1485024 2560503 1741821 1946088 1963873 1654857 2379711 1389323 1481211 1891164 1785521 1782312 1691441 698758 1777744 1710632 1401061
cat_boundaries=0 1 2 3 82 160 240 316
cat_threshold=39 2 2 8 0 0 2 3221225472 0 16 0 0 0 0 0 0 1048576 0 0 0 655360 0 0 0 0 131072 4224 0 16384 0 1073741888 16 0 32768 0 2 32 0 0 2097152 0 0 33554432 8192 8 32 0 0 0 0 0 0 0 0 0 0 0 0 0 0 0 0 0 0 0 0 0 0 536870944 0 0 524288 0 262144 134217728 1024 0 0 69206016 0 0 1024 0 16777728 0 0 0 1048576 0 32 0 0 0 0 0 0 0 0 8388608 0 0 0 128 134217728 8388608 0 0 0 0 33554432 67108864 0 16777216 0 134217728 0 8388608 64 0 67108992 0 4 32768 0 33554432 268435458 524288 0 0 0 0 0 0 0 0 0 0 0 0 0 0 0 0 0 0 16 0 0 0 512 8388608 0 0 0 570425344 16 0 0 557058 2 0 0 8192 0 65536 0 268435456 0 0 134217728 131072 0 16777216 2147483648 4194304 0 0 262400 0 1 67108864 8 0 0 144 8388608 0 512 0 536870912 0 0 0 0 0 16384 0 0 0 0 0 1073741824 0 0 33554432 0 0 0 0 0 0 0 0 0 0 0 0 0 0 0 0 0 536870912 524288 0 128 2147483648 0 0 0 128 2 16908288 0 32 0 0 0 256 2 131072 536870944 262208 0 0 0 0 0 256 0 2048 0 0 128 2048 0 1048576 0 0 0 0 0 2147483650 0 0 0 0 0 1073742336 1048576 16 0 0 0 524288 0 0 0 67108864 0 0 0 134217732 0 0 0 0 0 0 0 0 0 0 0 0 0 0 0 0 0 0 0 0 8 16826368 0 538968576 0 0 0 0 1056768 134217728 16384 0 4194304
is_linear=0
shrinkage=0.05


Tree=33
num_leaves=31
num_cat=7
split_feature=20 20 20 16 19 20 20 19 6 20 6 1 9 9 19 19 6 6 20 20 20 16 19 0 0 20 19 0 0 19
split_gain=1.35028e+06 163721 136798 41387 21830 19372.5 12941.7 5749.52 4281.89 3940.36 3909.22 3659.95 3029.27 2921.26 2859.13 2365.09 2238.39 2210.54 1913.53 1891.06 1700.91 1674.69 1576.73 1547.35 1563.87 1437.94 1222.32 1125.37 1144.9 1085.4
threshold=0.58911132812500011 1.5893554687500002 0.16070556640625003 1.0000000180025095e-35 2.9287109375000004 0.94653320312500011 0.37500000000000006 0.64282226562500011 2.5000000000000004 3.7324218750000004 2.5000000000000004 0 1 2 0.64282226562500011 0.35705566406250006 2.5000000000000004 2.5000000000000004 1.2319335937500002 0.26782226562500006 2.1601562500000004 0.71020507812500011 0.21423339843750003 3 4 0.76782226562500011 0.21423339843750003 5 6 1.2143554687500002
decision_type=2 2 2 10 2 2 2 2 2 2 2 1 9 9 2 2 2 2 2 2 2 10 2 9 9 2 2 9 9 2
left_child=2 5 3 -1 7 10 14 -3 26 -6 -2 22 -9 -11 19 -10 -14 -8 -17 -4 -18 -15 23 -5 -25 -12 -7 -26 -29 -19
right_child=1 4 6 11 9 8 17 12 15 13 25 -13 16 21 -16 18 20 29 -20 -21 -22 -23 -24 24 27 -27 -28 28 -30 -31
leaf_value=0 0 0 0 0 0 0 0 0 0 0 0 0 0 0 0 0 0 0 0 0 0 0 0 0 0 0 0 0 0 0
leaf_weight=4726430 678619 106140 1307281 3209 685365 23883 562812 5851 86964 3813 927528 2137603 556765 161798 180792 872456 744398 1363199 782401 1072430 644925 1319413 105643 4568 67112 763913 674875 85168 1625464 37862
leaf_count=4726430 678619 106140 1307281 3209 685365 23883 562812 5851 86964 3813 927528 2137603 556765 161798 180792 872456 744398 1363199 782401 1072430 644925 1319413 105643 4568 67112 763913 674875 85168 1625464 37862
internal_value=-0.0305315 -0.015625 -0.0406781 -0.0443261 -0.00844756 -0.0219339 -0.0336186 -0.0121369 -0.0188071 -0.00494917 -0.0251536 -0.0406027 -0.0115206 -0.00350186 -0.0359606 -0.0201336 -0.0114124 -0.0305651 -0.0197112 -0.0364211 -0.0124859 -0.00338914 -0.0389974 -0.0393487 -0.0394111 -0.0264399 -0.0155005 -0.0394863 -0.0392355 -0.0316283
internal_weight=2.23187e+07 9.03911e+06 1.32796e+07 8.7552e+06 4.22847e+06 4.81064e+06 4.52438e+06 2.05808e+06 2.44058e+06 2.17039e+06 2.37006e+06 4.02877e+06 1.95194e+06 1.48502e+06 2.5605e+06 1.74182e+06 1.94609e+06 1.96387e+06 1.65486e+06 2.37971e+06 1.38932e+06 1.48121e+06 1.89116e+06 1.78552e+06 1.78231e+06 1.69144e+06 698758 1.77774e+06 1.71063e+06 1.40106e+06
internal_count=22318680 9039107 13279573 8755197 4228468 4810639 4524376 2058079 2440579 2170389 2370060 4028767 1951939 1485024 2560503 1741821 1946088 1963873 1654857 2379711 1389323 1481211 1891164 1785521 1782312 1691441 698758 1777744 1710632 1401061
cat_boundaries=0 1 2 3 82 160 240 316
cat_threshold=39 2 2 8 0 0 2 3221225472 0 16 0 0 0 0 0 0 1048576 0 0 0 655360 0 0 0 0 131072 4224 0 16384 0 1073741888 16 0 32768 0 2 32 0 0 2097152 0 0 33554432 8192 8 32 0 0 0 0 0 0 0 0 0 0 0 0 0 0 0 0 0 0 0 0 0 0 536870944 0 0 524288 0 262144 134217728 1024 0 0 69206016 0 0 1024 0 16777728 0 0 0 1048576 0 32 0 0 0 0 0 0 0 0 8388608 0 0 0 128 134217728 8388608 0 0 0 0 33554432 67108864 0 16777216 0 134217728 0 8388608 64 0 67108992 0 4 32768 0 33554432 268435458 524288 0 0 0 0 0 0 0 0 0 0 0 0 0 0 0 0 0 0 16 0 0 0 512 8388608 0 0 0 570425344 16 0 0 557058 2 0 0 8192 0 65536 0 268435456 0 0 134217728 131072 0 16777216 2147483648 4194304 0 0 262400 0 1 67108864 8 0 0 144 8388608 0 512 0 536870912 0 0 0 0 0 16384 0 0 0 0 0 1073741824 0 0 33554432 0 0 0 0 0 0 0 0 0 0 0 0 0 0 0 0 0 536870912 524288 0 128 2147483648 0 0 0 128 2 16908288 0 32 0 0 0 256 2 131072 536870944 262208 0 0 0 0 0 256 0 2048 0 0 128 2048 0 1048576 0 0 0 0 0 2147483650 0 0 0 0 0 1073742336 1048576 16 0 0 0 524288 0 0 0 67108864 0 0 0 134217732 0 0 0 0 0 0 0 0 0 0 0 0 0 0 0 0 0 0 0 0 8 16826368 0 538968576 0 0 0 0 1056768 134217728 16384 0 4194304
is_linear=0
shrinkage=0.05


Tree=34
num_leaves=31
num_cat=7
split_feature=20 20 20 16 19 20 20 19 6 20 6 1 9 9 19 19 6 6 20 20 20 16 19 0 0 20 19 0 0 19
split_gain=1.35028e+06 163721 136798 41387 21830 19372.5 12941.7 5749.52 4281.89 3940.36 3909.22 3659.95 3029.27 2921.26 2859.13 2365.09 2238.39 2210.54 1913.53 1891.06 1700.91 1674.69 1576.73 1547.35 1563.87 1437.94 1222.32 1125.37 1144.9 1085.4
threshold=0.58911132812500011 1.5893554687500002 0.16070556640625003 1.0000000180025095e-35 2.9287109375000004 0.94653320312500011 0.37500000000000006 0.64282226562500011 2.5000000000000004 3.7324218750000004 2.5000000000000004 0 1 2 0.64282226562500011 0.35705566406250006 2.5000000000000004 2.5000000000000004 1.2319335937500002 0.26782226562500006 2.1601562500000004 0.71020507812500011 0.21423339843750003 3 4 0.76782226562500011 0.21423339843750003 5 6 1.2143554687500002
decision_type=2 2 2 10 2 2 2 2 2 2 2 1 9 9 2 2 2 2 2 2 2 10 2 9 9 2 2 9 9 2
left_child=2 5 3 -1 7 10 14 -3 26 -6 -2 22 -9 -11 19 -10 -14 -8 -17 -4 -18 -15 23 -5 -25 -12 -7 -26 -29 -19
right_child=1 4 6 11 9 8 17 12 15 13 25 -13 16 21 -16 18 20 29 -20 -21 -22 -23 -24 24 27 -27 -28 28 -30 -31
leaf_value=0 0 0 0 0 0 0 0 0 0 0 0 0 0 0 0 0 0 0 0 0 0 0 0 0 0 0 0 0 0 0
leaf_weight=4726430 678619 106140 1307281 3209 685365 23883 562812 5851 86964 3813 927528 2137603 556765 161798 180792 872456 744398 1363199 782401 1072430 644925 1319413 105643 4568 67112 763913 674875 85168 1625464 37862
leaf_count=4726430 678619 106140 1307281 3209 685365 23883 562812 5851 86964 3813 927528 2137603 556765 161798 180792 872456 744398 1363199 782401 1072430 644925 1319413 105643 4568 67112 763913 674875 85168 1625464 37862
internal_value=-0.0305315 -0.015625 -0.0406781 -0.0443261 -0.00844756 -0.0219339 -0.0336186 -0.0121369 -0.0188071 -0.00494917 -0.0251536 -0.0406027 -0.0115206 -0.00350186 -0.0359606 -0.0201336 -0.0114124 -0.0305651 -0.0197112 -0.0364211 -0.0124859 -0.00338914 -0.0389974 -0.0393487 -0.0394111 -0.0264399 -0.0155005 -0.0394863 -0.0392355 -0.0316283
internal_weight=2.23187e+07 9.03911e+06 1.32796e+07 8.7552e+06 4.22847e+06 4.81064e+06 4.52438e+06 2.05808e+06 2.44058e+06 2.17039e+06 2.37006e+06 4.02877e+06 1.95194e+06 1.48502e+06 2.5605e+06 1.74182e+06 1.94609e+06 1.96387e+06 1.65486e+06 2.37971e+06 1.38932e+06 1.48121e+06 1.89116e+06 1.78552e+06 1.78231e+06 1.69144e+06 698758 1.77774e+06 1.71063e+06 1.40106e+06
internal_count=22318680 9039107 13279573 8755197 4228468 4810639 4524376 2058079 2440579 2170389 2370060 4028767 1951939 1485024 2560503 1741821 1946088 1963873 1654857 2379711 1389323 1481211 1891164 1785521 1782312 1691441 698758 1777744 1710632 1401061
cat_boundaries=0 1 2 3 82 160 240 316
cat_threshold=39 2 2 8 0 0 2 3221225472 0 16 0 0 0 0 0 0 1048576 0 0 0 655360 0 0 0 0 131072 4224 0 16384 0 1073741888 16 0 32768 0 2 32 0 0 2097152 0 0 33554432 8192 8 32 0 0 0 0 0 0 0 0 0 0 0 0 0 0 0 0 0 0 0 0 0 0 536870944 0 0 524288 0 262144 134217728 1024 0 0 69206016 0 0 1024 0 16777728 0 0 0 1048576 0 32 0 0 0 0 0 0 0 0 8388608 0 0 0 128 134217728 8388608 0 0 0 0 33554432 67108864 0 16777216 0 134217728 0 8388608 64 0 67108992 0 4 32768 0 33554432 268435458 524288 0 0 0 0 0 0 0 0 0 0 0 0 0 0 0 0 0 0 16 0 0 0 512 8388608 0 0 0 570425344 16 0 0 557058 2 0 0 8192 0 65536 0 268435456 0 0 134217728 131072 0 16777216 2147483648 4194304 0 0 262400 0 1 67108864 8 0 0 144 8388608 0 512 0 536870912 0 0 0 0 0 16384 0 0 0 0 0 1073741824 0 0 33554432 0 0 0 0 0 0 0 0 0 0 0 0 0 0 0 0 0 536870912 524288 0 128 2147483648 0 0 0 128 2 16908288 0 32 0 0 0 256 2 131072 536870944 262208 0 0 0 0 0 256 0 2048 0 0 128 2048 0 1048576 0 0 0 0 0 2147483650 0 0 0 0 0 1073742336 1048576 16 0 0 0 524288 0 0 0 67108864 0 0 0 134217732 0 0 0 0 0 0 0 0 0 0 0 0 0 0 0 0 0 0 0 0 8 16826368 0 538968576 0 0 0 0 1056768 134217728 16384 0 4194304
is_linear=0
shrinkage=0.05


Tree=35
num_leaves=31
num_cat=7
split_feature=20 20 20 16 19 20 20 19 6 20 6 1 9 9 19 19 6 6 20 20 20 16 19 0 0 20 19 0 0 19
split_gain=1.35028e+06 163721 136798 41387 21830 19372.5 12941.7 5749.52 4281.89 3940.36 3909.22 3659.95 3029.27 2921.26 2859.13 2365.09 2238.39 2210.54 1913.53 1891.06 1700.91 1674.69 1576.73 1547.35 1563.87 1437.94 1222.32 1125.37 1144.9 1085.4
threshold=0.58911132812500011 1.5893554687500002 0.16070556640625003 1.0000000180025095e-35 2.9287109375000004 0.94653320312500011 0.37500000000000006 0.64282226562500011 2.5000000000000004 3.7324218750000004 2.5000000000000004 0 1 2 0.64282226562500011 0.35705566406250006 2.5000000000000004 2.5000000000000004 1.2319335937500002 0.26782226562500006 2.1601562500000004 0.71020507812500011 0.21423339843750003 3 4 0.76782226562500011 0.21423339843750003 5 6 1.2143554687500002
decision_type=2 2 2 10 2 2 2 2 2 2 2 1 9 9 2 2 2 2 2 2 2 10 2 9 9 2 2 9 9 2
left_child=2 5 3 -1 7 10 14 -3 26 -6 -2 22 -9 -11 19 -10 -14 -8 -17 -4 -18 -15 23 -5 -25 -12 -7 -26 -29 -19
right_child=1 4 6 11 9 8 17 12 15 13 25 -13 16 21 -16 18 20 29 -20 -21 -22 -23 -24 24 27 -27 -28 28 -30 -31
leaf_value=0 0 0 0 0 0 0 0 0 0 0 0 0 0 0 0 0 0 0 0 0 0 0 0 0 0 0 0 0 0 0
leaf_weight=4726430 678619 106140 1307281 3209 685365 23883 562812 5851 86964 3813 927528 2137603 556765 161798 180792 872456 744398 1363199 782401 1072430 644925 1319413 105643 4568 67112 763913 674875 85168 1625464 37862
leaf_count=4726430 678619 106140 1307281 3209 685365 23883 562812 5851 86964 3813 927528 2137603 556765 161798 180792 872456 744398 1363199 782401 1072430 644925 1319413 105643 4568 67112 763913 674875 85168 1625464 37862
internal_value=-0.0305315 -0.015625 -0.0406781 -0.0443261 -0.00844756 -0.0219339 -0.0336186 -0.0121369 -0.0188071 -0.00494917 -0.0251536 -0.0406027 -0.0115206 -0.00350186 -0.0359606 -0.0201336 -0.0114124 -0.0305651 -0.0197112 -0.0364211 -0.0124859 -0.00338914 -0.0389974 -0.0393487 -0.0394111 -0.0264399 -0.0155005 -0.0394863 -0.0392355 -0.0316283
internal_weight=2.23187e+07 9.03911e+06 1.32796e+07 8.7552e+06 4.22847e+06 4.81064e+06 4.52438e+06 2.05808e+06 2.44058e+06 2.17039e+06 2.37006e+06 4.02877e+06 1.95194e+06 1.48502e+06 2.5605e+06 1.74182e+06 1.94609e+06 1.96387e+06 1.65486e+06 2.37971e+06 1.38932e+06 1.48121e+06 1.89116e+06 1.78552e+06 1.78231e+06 1.69144e+06 698758 1.77774e+06 1.71063e+06 1.40106e+06
internal_count=22318680 9039107 13279573 8755197 4228468 4810639 4524376 2058079 2440579 2170389 2370060 4028767 1951939 1485024 2560503 1741821 1946088 1963873 1654857 2379711 1389323 1481211 1891164 1785521 1782312 1691441 698758 1777744 1710632 1401061
cat_boundaries=0 1 2 3 82 160 240 316
cat_threshold=39 2 2 8 0 0 2 3221225472 0 16 0 0 0 0 0 0 1048576 0 0 0 655360 0 0 0 0 131072 4224 0 16384 0 1073741888 16 0 32768 0 2 32 0 0 2097152 0 0 33554432 8192 8 32 0 0 0 0 0 0 0 0 0 0 0 0 0 0 0 0 0 0 0 0 0 0 536870944 0 0 524288 0 262144 134217728 1024 0 0 69206016 0 0 1024 0 16777728 0 0 0 1048576 0 32 0 0 0 0 0 0 0 0 8388608 0 0 0 128 134217728 8388608 0 0 0 0 33554432 67108864 0 16777216 0 134217728 0 8388608 64 0 67108992 0 4 32768 0 33554432 268435458 524288 0 0 0 0 0 0 0 0 0 0 0 0 0 0 0 0 0 0 16 0 0 0 512 8388608 0 0 0 570425344 16 0 0 557058 2 0 0 8192 0 65536 0 268435456 0 0 134217728 131072 0 16777216 2147483648 4194304 0 0 262400 0 1 67108864 8 0 0 144 8388608 0 512 0 536870912 0 0 0 0 0 16384 0 0 0 0 0 1073741824 0 0 33554432 0 0 0 0 0 0 0 0 0 0 0 0 0 0 0 0 0 536870912 524288 0 128 2147483648 0 0 0 128 2 16908288 0 32 0 0 0 256 2 131072 536870944 262208 0 0 0 0 0 256 0 2048 0 0 128 2048 0 1048576 0 0 0 0 0 2147483650 0 0 0 0 0 1073742336 1048576 16 0 0 0 524288 0 0 0 67108864 0 0 0 134217732 0 0 0 0 0 0 0 0 0 0 0 0 0 0 0 0 0 0 0 0 8 16826368 0 538968576 0 0 0 0 1056768 134217728 16384 0 4194304
is_linear=0
shrinkage=0.05


Tree=36
num_leaves=31
num_cat=7
split_feature=20 20 20 16 19 20 20 19 6 20 6 1 9 9 19 19 6 6 20 20 20 16 19 0 0 20 19 0 0 19
split_gain=1.35028e+06 163721 136798 41387 21830 19372.5 12941.7 5749.52 4281.89 3940.36 3909.22 3659.95 3029.27 2921.26 2859.13 2365.09 2238.39 2210.54 1913.53 1891.06 1700.91 1674.69 1576.73 1547.35 1563.87 1437.94 1222.32 1125.37 1144.9 1085.4
threshold=0.58911132812500011 1.5893554687500002 0.16070556640625003 1.0000000180025095e-35 2.9287109375000004 0.94653320312500011 0.37500000000000006 0.64282226562500011 2.5000000000000004 3.7324218750000004 2.5000000000000004 0 1 2 0.64282226562500011 0.35705566406250006 2.5000000000000004 2.5000000000000004 1.2319335937500002 0.26782226562500006 2.1601562500000004 0.71020507812500011 0.21423339843750003 3 4 0.76782226562500011 0.21423339843750003 5 6 1.2143554687500002
decision_type=2 2 2 10 2 2 2 2 2 2 2 1 9 9 2 2 2 2 2 2 2 10 2 9 9 2 2 9 9 2
left_child=2 5 3 -1 7 10 14 -3 26 -6 -2 22 -9 -11 19 -10 -14 -8 -17 -4 -18 -15 23 -5 -25 -12 -7 -26 -29 -19
right_child=1 4 6 11 9 8 17 12 15 13 25 -13 16 21 -16 18 20 29 -20 -21 -22 -23 -24 24 27 -27 -28 28 -30 -31
leaf_value=0 0 0 0 0 0 0 0 0 0 0 0 0 0 0 0 0 0 0 0 0 0 0 0 0 0 0 0 0 0 0
leaf_weight=4726430 678619 106140 1307281 3209 685365 23883 562812 5851 86964 3813 927528 2137603 556765 161798 180792 872456 744398 1363199 782401 1072430 644925 1319413 105643 4568 67112 763913 674875 85168 1625464 37862
leaf_count=4726430 678619 106140 1307281 3209 685365 23883 562812 5851 86964 3813 927528 2137603 556765 161798 180792 872456 744398 1363199 782401 1072430 644925 1319413 105643 4568 67112 763913 674875 85168 1625464 37862
internal_value=-0.0305315 -0.015625 -0.0406781 -0.0443261 -0.00844756 -0.0219339 -0.0336186 -0.0121369 -0.0188071 -0.00494917 -0.0251536 -0.0406027 -0.0115206 -0.00350186 -0.0359606 -0.0201336 -0.0114124 -0.0305651 -0.0197112 -0.0364211 -0.0124859 -0.00338914 -0.0389974 -0.0393487 -0.0394111 -0.0264399 -0.0155005 -0.0394863 -0.0392355 -0.0316283
internal_weight=2.23187e+07 9.03911e+06 1.32796e+07 8.7552e+06 4.22847e+06 4.81064e+06 4.52438e+06 2.05808e+06 2.44058e+06 2.17039e+06 2.37006e+06 4.02877e+06 1.95194e+06 1.48502e+06 2.5605e+06 1.74182e+06 1.94609e+06 1.96387e+06 1.65486e+06 2.37971e+06 1.38932e+06 1.48121e+06 1.89116e+06 1.78552e+06 1.78231e+06 1.69144e+06 698758 1.77774e+06 1.71063e+06 1.40106e+06
internal_count=22318680 9039107 13279573 8755197 4228468 4810639 4524376 2058079 2440579 2170389 2370060 4028767 1951939 1485024 2560503 1741821 1946088 1963873 1654857 2379711 1389323 1481211 1891164 1785521 1782312 1691441 698758 1777744 1710632 1401061
cat_boundaries=0 1 2 3 82 160 240 316
cat_threshold=39 2 2 8 0 0 2 3221225472 0 16 0 0 0 0 0 0 1048576 0 0 0 655360 0 0 0 0 131072 4224 0 16384 0 1073741888 16 0 32768 0 2 32 0 0 2097152 0 0 33554432 8192 8 32 0 0 0 0 0 0 0 0 0 0 0 0 0 0 0 0 0 0 0 0 0 0 536870944 0 0 524288 0 262144 134217728 1024 0 0 69206016 0 0 1024 0 16777728 0 0 0 1048576 0 32 0 0 0 0 0 0 0 0 8388608 0 0 0 128 134217728 8388608 0 0 0 0 33554432 67108864 0 16777216 0 134217728 0 8388608 64 0 67108992 0 4 32768 0 33554432 268435458 524288 0 0 0 0 0 0 0 0 0 0 0 0 0 0 0 0 0 0 16 0 0 0 512 8388608 0 0 0 570425344 16 0 0 557058 2 0 0 8192 0 65536 0 268435456 0 0 134217728 131072 0 16777216 2147483648 4194304 0 0 262400 0 1 67108864 8 0 0 144 8388608 0 512 0 536870912 0 0 0 0 0 16384 0 0 0 0 0 1073741824 0 0 33554432 0 0 0 0 0 0 0 0 0 0 0 0 0 0 0 0 0 536870912 524288 0 128 2147483648 0 0 0 128 2 16908288 0 32 0 0 0 256 2 131072 536870944 262208 0 0 0 0 0 256 0 2048 0 0 128 2048 0 1048576 0 0 0 0 0 2147483650 0 0 0 0 0 1073742336 1048576 16 0 0 0 524288 0 0 0 67108864 0 0 0 134217732 0 0 0 0 0 0 0 0 0 0 0 0 0 0 0 0 0 0 0 0 8 16826368 0 538968576 0 0 0 0 1056768 134217728 16384 0 4194304
is_linear=0
shrinkage=0.05


Tree=37
num_leaves=31
num_cat=7
split_feature=20 20 20 16 19 20 20 19 6 20 6 1 9 9 19 19 6 6 20 20 20 16 19 0 0 20 19 0 0 19
split_gain=1.35028e+06 163721 136798 41387 21830 19372.5 12941.7 5749.52 4281.89 3940.36 3909.22 3659.95 3029.27 2921.26 2859.13 2365.09 2238.39 2210.54 1913.53 1891.06 1700.91 1674.69 1576.73 1547.35 1563.87 1437.94 1222.32 1125.37 1144.9 1085.4
threshold=0.58911132812500011 1.5893554687500002 0.16070556640625003 1.0000000180025095e-35 2.9287109375000004 0.94653320312500011 0.37500000000000006 0.64282226562500011 2.5000000000000004 3.7324218750000004 2.5000000000000004 0 1 2 0.64282226562500011 0.35705566406250006 2.5000000000000004 2.5000000000000004 1.2319335937500002 0.26782226562500006 2.1601562500000004 0.71020507812500011 0.21423339843750003 3 4 0.76782226562500011 0.21423339843750003 5 6 1.2143554687500002
decision_type=2 2 2 10 2 2 2 2 2 2 2 1 9 9 2 2 2 2 2 2 2 10 2 9 9 2 2 9 9 2
left_child=2 5 3 -1 7 10 14 -3 26 -6 -2 22 -9 -11 19 -10 -14 -8 -17 -4 -18 -15 23 -5 -25 -12 -7 -26 -29 -19
right_child=1 4 6 11 9 8 17 12 15 13 25 -13 16 21 -16 18 20 29 -20 -21 -22 -23 -24 24 27 -27 -28 28 -30 -31
leaf_value=0 0 0 0 0 0 0 0 0 0 0 0 0 0 0 0 0 0 0 0 0 0 0 0 0 0 0 0 0 0 0
leaf_weight=4726430 678619 106140 1307281 3209 685365 23883 562812 5851 86964 3813 927528 2137603 556765 161798 180792 872456 744398 1363199 782401 1072430 644925 1319413 105643 4568 67112 763913 674875 85168 1625464 37862
leaf_count=4726430 678619 106140 1307281 3209 685365 23883 562812 5851 86964 3813 927528 2137603 556765 161798 180792 872456 744398 1363199 782401 1072430 644925 1319413 105643 4568 67112 763913 674875 85168 1625464 37862
internal_value=-0.0305315 -0.015625 -0.0406781 -0.0443261 -0.00844756 -0.0219339 -0.0336186 -0.0121369 -0.0188071 -0.00494917 -0.0251536 -0.0406027 -0.0115206 -0.00350186 -0.0359606 -0.0201336 -0.0114124 -0.0305651 -0.0197112 -0.0364211 -0.0124859 -0.00338914 -0.0389974 -0.0393487 -0.0394111 -0.0264399 -0.0155005 -0.0394863 -0.0392355 -0.0316283
internal_weight=2.23187e+07 9.03911e+06 1.32796e+07 8.7552e+06 4.22847e+06 4.81064e+06 4.52438e+06 2.05808e+06 2.44058e+06 2.17039e+06 2.37006e+06 4.02877e+06 1.95194e+06 1.48502e+06 2.5605e+06 1.74182e+06 1.94609e+06 1.96387e+06 1.65486e+06 2.37971e+06 1.38932e+06 1.48121e+06 1.89116e+06 1.78552e+06 1.78231e+06 1.69144e+06 698758 1.77774e+06 1.71063e+06 1.40106e+06
internal_count=22318680 9039107 13279573 8755197 4228468 4810639 4524376 2058079 2440579 2170389 2370060 4028767 1951939 1485024 2560503 1741821 1946088 1963873 1654857 2379711 1389323 1481211 1891164 1785521 1782312 1691441 698758 1777744 1710632 1401061
cat_boundaries=0 1 2 3 82 160 240 316
cat_threshold=39 2 2 8 0 0 2 3221225472 0 16 0 0 0 0 0 0 1048576 0 0 0 655360 0 0 0 0 131072 4224 0 16384 0 1073741888 16 0 32768 0 2 32 0 0 2097152 0 0 33554432 8192 8 32 0 0 0 0 0 0 0 0 0 0 0 0 0 0 0 0 0 0 0 0 0 0 536870944 0 0 524288 0 262144 134217728 1024 0 0 69206016 0 0 1024 0 16777728 0 0 0 1048576 0 32 0 0 0 0 0 0 0 0 8388608 0 0 0 128 134217728 8388608 0 0 0 0 33554432 67108864 0 16777216 0 134217728 0 8388608 64 0 67108992 0 4 32768 0 33554432 268435458 524288 0 0 0 0 0 0 0 0 0 0 0 0 0 0 0 0 0 0 16 0 0 0 512 8388608 0 0 0 570425344 16 0 0 557058 2 0 0 8192 0 65536 0 268435456 0 0 134217728 131072 0 16777216 2147483648 4194304 0 0 262400 0 1 67108864 8 0 0 144 8388608 0 512 0 536870912 0 0 0 0 0 16384 0 0 0 0 0 1073741824 0 0 33554432 0 0 0 0 0 0 0 0 0 0 0 0 0 0 0 0 0 536870912 524288 0 128 2147483648 0 0 0 128 2 16908288 0 32 0 0 0 256 2 131072 536870944 262208 0 0 0 0 0 256 0 2048 0 0 128 2048 0 1048576 0 0 0 0 0 2147483650 0 0 0 0 0 1073742336 1048576 16 0 0 0 524288 0 0 0 67108864 0 0 0 134217732 0 0 0 0 0 0 0 0 0 0 0 0 0 0 0 0 0 0 0 0 8 16826368 0 538968576 0 0 0 0 1056768 134217728 16384 0 4194304
is_linear=0
shrinkage=0.05


Tree=38
num_leaves=31
num_cat=7
split_feature=20 20 20 16 19 20 20 19 6 20 6 1 9 9 19 19 6 6 20 20 20 16 19 0 0 20 19 0 0 19
split_gain=1.35028e+06 163721 136798 41387 21830 19372.5 12941.7 5749.52 4281.89 3940.36 3909.22 3659.95 3029.27 2921.26 2859.13 2365.09 2238.39 2210.54 1913.53 1891.06 1700.91 1674.69 1576.73 1547.35 1563.87 1437.94 1222.32 1125.37 1144.9 1085.4
threshold=0.58911132812500011 1.5893554687500002 0.16070556640625003 1.0000000180025095e-35 2.9287109375000004 0.94653320312500011 0.37500000000000006 0.64282226562500011 2.5000000000000004 3.7324218750000004 2.5000000000000004 0 1 2 0.64282226562500011 0.35705566406250006 2.5000000000000004 2.5000000000000004 1.2319335937500002 0.26782226562500006 2.1601562500000004 0.71020507812500011 0.21423339843750003 3 4 0.76782226562500011 0.21423339843750003 5 6 1.2143554687500002
decision_type=2 2 2 10 2 2 2 2 2 2 2 1 9 9 2 2 2 2 2 2 2 10 2 9 9 2 2 9 9 2
left_child=2 5 3 -1 7 10 14 -3 26 -6 -2 22 -9 -11 19 -10 -14 -8 -17 -4 -18 -15 23 -5 -25 -12 -7 -26 -29 -19
right_child=1 4 6 11 9 8 17 12 15 13 25 -13 16 21 -16 18 20 29 -20 -21 -22 -23 -24 24 27 -27 -28 28 -30 -31
leaf_value=0 0 0 0 0 0 0 0 0 0 0 0 0 0 0 0 0 0 0 0 0 0 0 0 0 0 0 0 0 0 0
leaf_weight=4726430 678619 106140 1307281 3209 685365 23883 562812 5851 86964 3813 927528 2137603 556765 161798 180792 872456 744398 1363199 782401 1072430 644925 1319413 105643 4568 67112 763913 674875 85168 1625464 37862
leaf_count=4726430 678619 106140 1307281 3209 685365 23883 562812 5851 86964 3813 927528 2137603 556765 161798 180792 872456 744398 1363199 782401 1072430 644925 1319413 105643 4568 67112 763913 674875 85168 1625464 37862
internal_value=-0.0305315 -0.015625 -0.0406781 -0.0443261 -0.00844756 -0.0219339 -0.0336186 -0.0121369 -0.0188071 -0.00494917 -0.0251536 -0.0406027 -0.0115206 -0.00350186 -0.0359606 -0.0201336 -0.0114124 -0.0305651 -0.0197112 -0.0364211 -0.0124859 -0.00338914 -0.0389974 -0.0393487 -0.0394111 -0.0264399 -0.0155005 -0.0394863 -0.0392355 -0.0316283
internal_weight=2.23187e+07 9.03911e+06 1.32796e+07 8.7552e+06 4.22847e+06 4.81064e+06 4.52438e+06 2.05808e+06 2.44058e+06 2.17039e+06 2.37006e+06 4.02877e+06 1.95194e+06 1.48502e+06 2.5605e+06 1.74182e+06 1.94609e+06 1.96387e+06 1.65486e+06 2.37971e+06 1.38932e+06 1.48121e+06 1.89116e+06 1.78552e+06 1.78231e+06 1.69144e+06 698758 1.77774e+06 1.71063e+06 1.40106e+06
internal_count=22318680 9039107 13279573 8755197 4228468 4810639 4524376 2058079 2440579 2170389 2370060 4028767 1951939 1485024 2560503 1741821 1946088 1963873 1654857 2379711 1389323 1481211 1891164 1785521 1782312 1691441 698758 1777744 1710632 1401061
cat_boundaries=0 1 2 3 82 160 240 316
cat_threshold=39 2 2 8 0 0 2 3221225472 0 16 0 0 0 0 0 0 1048576 0 0 0 655360 0 0 0 0 131072 4224 0 16384 0 1073741888 16 0 32768 0 2 32 0 0 2097152 0 0 33554432 8192 8 32 0 0 0 0 0 0 0 0 0 0 0 0 0 0 0 0 0 0 0 0 0 0 536870944 0 0 524288 0 262144 134217728 1024 0 0 69206016 0 0 1024 0 16777728 0 0 0 1048576 0 32 0 0 0 0 0 0 0 0 8388608 0 0 0 128 134217728 8388608 0 0 0 0 33554432 67108864 0 16777216 0 134217728 0 8388608 64 0 67108992 0 4 32768 0 33554432 268435458 524288 0 0 0 0 0 0 0 0 0 0 0 0 0 0 0 0 0 0 16 0 0 0 512 8388608 0 0 0 570425344 16 0 0 557058 2 0 0 8192 0 65536 0 268435456 0 0 134217728 131072 0 16777216 2147483648 4194304 0 0 262400 0 1 67108864 8 0 0 144 8388608 0 512 0 536870912 0 0 0 0 0 16384 0 0 0 0 0 1073741824 0 0 33554432 0 0 0 0 0 0 0 0 0 0 0 0 0 0 0 0 0 536870912 524288 0 128 2147483648 0 0 0 128 2 16908288 0 32 0 0 0 256 2 131072 536870944 262208 0 0 0 0 0 256 0 2048 0 0 128 2048 0 1048576 0 0 0 0 0 2147483650 0 0 0 0 0 1073742336 1048576 16 0 0 0 524288 0 0 0 67108864 0 0 0 134217732 0 0 0 0 0 0 0 0 0 0 0 0 0 0 0 0 0 0 0 0 8 16826368 0 538968576 0 0 0 0 1056768 134217728 16384 0 4194304
is_linear=0
shrinkage=0.05


Tree=39
num_leaves=31
num_cat=7
split_feature=20 20 20 16 19 20 20 19 6 20 6 1 9 9 19 19 6 6 20 20 20 16 19 0 0 20 19 0 0 19
split_gain=1.35028e+06 163721 136798 41387 21830 19372.5 12941.7 5749.52 4281.89 3940.36 3909.22 3659.95 3029.27 2921.26 2859.13 2365.09 2238.39 2210.54 1913.53 1891.06 1700.91 1674.69 1576.73 1547.35 1563.87 1437.94 1222.32 1125.37 1144.9 1085.4
threshold=0.58911132812500011 1.5893554687500002 0.16070556640625003 1.0000000180025095e-35 2.9287109375000004 0.94653320312500011 0.37500000000000006 0.64282226562500011 2.5000000000000004 3.7324218750000004 2.5000000000000004 0 1 2 0.64282226562500011 0.35705566406250006 2.5000000000000004 2.5000000000000004 1.2319335937500002 0.26782226562500006 2.1601562500000004 0.71020507812500011 0.21423339843750003 3 4 0.76782226562500011 0.21423339843750003 5 6 1.2143554687500002
decision_type=2 2 2 10 2 2 2 2 2 2 2 1 9 9 2 2 2 2 2 2 2 10 2 9 9 2 2 9 9 2
left_child=2 5 3 -1 7 10 14 -3 26 -6 -2 22 -9 -11 19 -10 -14 -8 -17 -4 -18 -15 23 -5 -25 -12 -7 -26 -29 -19
right_child=1 4 6 11 9 8 17 12 15 13 25 -13 16 21 -16 18 20 29 -20 -21 -22 -23 -24 24 27 -27 -28 28 -30 -31
leaf_value=0 0 0 0 0 0 0 0 0 0 0 0 0 0 0 0 0 0 0 0 0 0 0 0 0 0 0 0 0 0 0
leaf_weight=4726430 678619 106140 1307281 3209 685365 23883 562812 5851 86964 3813 927528 2137603 556765 161798 180792 872456 744398 1363199 782401 1072430 644925 1319413 105643 4568 67112 763913 674875 85168 1625464 37862
leaf_count=4726430 678619 106140 1307281 3209 685365 23883 562812 5851 86964 3813 927528 2137603 556765 161798 180792 872456 744398 1363199 782401 1072430 644925 1319413 105643 4568 67112 763913 674875 85168 1625464 37862
internal_value=-0.0305315 -0.015625 -0.0406781 -0.0443261 -0.00844756 -0.0219339 -0.0336186 -0.0121369 -0.0188071 -0.00494917 -0.0251536 -0.0406027 -0.0115206 -0.00350186 -0.0359606 -0.0201336 -0.0114124 -0.0305651 -0.0197112 -0.0364211 -0.0124859 -0.00338914 -0.0389974 -0.0393487 -0.0394111 -0.0264399 -0.0155005 -0.0394863 -0.0392355 -0.0316283
internal_weight=2.23187e+07 9.03911e+06 1.32796e+07 8.7552e+06 4.22847e+06 4.81064e+06 4.52438e+06 2.05808e+06 2.44058e+06 2.17039e+06 2.37006e+06 4.02877e+06 1.95194e+06 1.48502e+06 2.5605e+06 1.74182e+06 1.94609e+06 1.96387e+06 1.65486e+06 2.37971e+06 1.38932e+06 1.48121e+06 1.89116e+06 1.78552e+06 1.78231e+06 1.69144e+06 698758 1.77774e+06 1.71063e+06 1.40106e+06
internal_count=22318680 9039107 13279573 8755197 4228468 4810639 4524376 2058079 2440579 2170389 2370060 4028767 1951939 1485024 2560503 1741821 1946088 1963873 1654857 2379711 1389323 1481211 1891164 1785521 1782312 1691441 698758 1777744 1710632 1401061
cat_boundaries=0 1 2 3 82 160 240 316
cat_threshold=39 2 2 8 0 0 2 3221225472 0 16 0 0 0 0 0 0 1048576 0 0 0 655360 0 0 0 0 131072 4224 0 16384 0 1073741888 16 0 32768 0 2 32 0 0 2097152 0 0 33554432 8192 8 32 0 0 0 0 0 0 0 0 0 0 0 0 0 0 0 0 0 0 0 0 0 0 536870944 0 0 524288 0 262144 134217728 1024 0 0 69206016 0 0 1024 0 16777728 0 0 0 1048576 0 32 0 0 0 0 0 0 0 0 8388608 0 0 0 128 134217728 8388608 0 0 0 0 33554432 67108864 0 16777216 0 134217728 0 8388608 64 0 67108992 0 4 32768 0 33554432 268435458 524288 0 0 0 0 0 0 0 0 0 0 0 0 0 0 0 0 0 0 16 0 0 0 512 8388608 0 0 0 570425344 16 0 0 557058 2 0 0 8192 0 65536 0 268435456 0 0 134217728 131072 0 16777216 2147483648 4194304 0 0 262400 0 1 67108864 8 0 0 144 8388608 0 512 0 536870912 0 0 0 0 0 16384 0 0 0 0 0 1073741824 0 0 33554432 0 0 0 0 0 0 0 0 0 0 0 0 0 0 0 0 0 536870912 524288 0 128 2147483648 0 0 0 128 2 16908288 0 32 0 0 0 256 2 131072 536870944 262208 0 0 0 0 0 256 0 2048 0 0 128 2048 0 1048576 0 0 0 0 0 2147483650 0 0 0 0 0 1073742336 1048576 16 0 0 0 524288 0 0 0 67108864 0 0 0 134217732 0 0 0 0 0 0 0 0 0 0 0 0 0 0 0 0 0 0 0 0 8 16826368 0 538968576 0 0 0 0 1056768 134217728 16384 0 4194304
is_linear=0
shrinkage=0.05


Tree=40
num_leaves=31
num_cat=7
split_feature=20 20 20 16 19 20 20 19 6 20 6 1 9 9 19 19 6 6 20 20 20 16 19 0 0 20 19 0 0 19
split_gain=1.35028e+06 163721 136798 41387 21830 19372.5 12941.7 5749.52 4281.89 3940.36 3909.22 3659.95 3029.27 2921.26 2859.13 2365.09 2238.39 2210.54 1913.53 1891.06 1700.91 1674.69 1576.73 1547.35 1563.87 1437.94 1222.32 1125.37 1144.9 1085.4
threshold=0.58911132812500011 1.5893554687500002 0.16070556640625003 1.0000000180025095e-35 2.9287109375000004 0.94653320312500011 0.37500000000000006 0.64282226562500011 2.5000000000000004 3.7324218750000004 2.5000000000000004 0 1 2 0.64282226562500011 0.35705566406250006 2.5000000000000004 2.5000000000000004 1.2319335937500002 0.26782226562500006 2.1601562500000004 0.71020507812500011 0.21423339843750003 3 4 0.76782226562500011 0.21423339843750003 5 6 1.2143554687500002
decision_type=2 2 2 10 2 2 2 2 2 2 2 1 9 9 2 2 2 2 2 2 2 10 2 9 9 2 2 9 9 2
left_child=2 5 3 -1 7 10 14 -3 26 -6 -2 22 -9 -11 19 -10 -14 -8 -17 -4 -18 -15 23 -5 -25 -12 -7 -26 -29 -19
right_child=1 4 6 11 9 8 17 12 15 13 25 -13 16 21 -16 18 20 29 -20 -21 -22 -23 -24 24 27 -27 -28 28 -30 -31
leaf_value=0 0 0 0 0 0 0 0 0 0 0 0 0 0 0 0 0 0 0 0 0 0 0 0 0 0 0 0 0 0 0
leaf_weight=4726430 678619 106140 1307281 3209 685365 23883 562812 5851 86964 3813 927528 2137603 556765 161798 180792 872456 744398 1363199 782401 1072430 644925 1319413 105643 4568 67112 763913 674875 85168 1625464 37862
leaf_count=4726430 678619 106140 1307281 3209 685365 23883 562812 5851 86964 3813 927528 2137603 556765 161798 180792 872456 744398 1363199 782401 1072430 644925 1319413 105643 4568 67112 763913 674875 85168 1625464 37862
internal_value=-0.0305315 -0.015625 -0.0406781 -0.0443261 -0.00844756 -0.0219339 -0.0336186 -0.0121369 -0.0188071 -0.00494917 -0.0251536 -0.0406027 -0.0115206 -0.00350186 -0.0359606 -0.0201336 -0.0114124 -0.0305651 -0.0197112 -0.0364211 -0.0124859 -0.00338914 -0.0389974 -0.0393487 -0.0394111 -0.0264399 -0.0155005 -0.0394863 -0.0392355 -0.0316283
internal_weight=2.23187e+07 9.03911e+06 1.32796e+07 8.7552e+06 4.22847e+06 4.81064e+06 4.52438e+06 2.05808e+06 2.44058e+06 2.17039e+06 2.37006e+06 4.02877e+06 1.95194e+06 1.48502e+06 2.5605e+06 1.74182e+06 1.94609e+06 1.96387e+06 1.65486e+06 2.37971e+06 1.38932e+06 1.48121e+06 1.89116e+06 1.78552e+06 1.78231e+06 1.69144e+06 698758 1.77774e+06 1.71063e+06 1.40106e+06
internal_count=22318680 9039107 13279573 8755197 4228468 4810639 4524376 2058079 2440579 2170389 2370060 4028767 1951939 1485024 2560503 1741821 1946088 1963873 1654857 2379711 1389323 1481211 1891164 1785521 1782312 1691441 698758 1777744 1710632 1401061
cat_boundaries=0 1 2 3 82 160 240 316
cat_threshold=39 2 2 8 0 0 2 3221225472 0 16 0 0 0 0 0 0 1048576 0 0 0 655360 0 0 0 0 131072 4224 0 16384 0 1073741888 16 0 32768 0 2 32 0 0 2097152 0 0 33554432 8192 8 32 0 0 0 0 0 0 0 0 0 0 0 0 0 0 0 0 0 0 0 0 0 0 536870944 0 0 524288 0 262144 134217728 1024 0 0 69206016 0 0 1024 0 16777728 0 0 0 1048576 0 32 0 0 0 0 0 0 0 0 8388608 0 0 0 128 134217728 8388608 0 0 0 0 33554432 67108864 0 16777216 0 134217728 0 8388608 64 0 67108992 0 4 32768 0 33554432 268435458 524288 0 0 0 0 0 0 0 0 0 0 0 0 0 0 0 0 0 0 16 0 0 0 512 8388608 0 0 0 570425344 16 0 0 557058 2 0 0 8192 0 65536 0 268435456 0 0 134217728 131072 0 16777216 2147483648 4194304 0 0 262400 0 1 67108864 8 0 0 144 8388608 0 512 0 536870912 0 0 0 0 0 16384 0 0 0 0 0 1073741824 0 0 33554432 0 0 0 0 0 0 0 0 0 0 0 0 0 0 0 0 0 536870912 524288 0 128 2147483648 0 0 0 128 2 16908288 0 32 0 0 0 256 2 131072 536870944 262208 0 0 0 0 0 256 0 2048 0 0 128 2048 0 1048576 0 0 0 0 0 2147483650 0 0 0 0 0 1073742336 1048576 16 0 0 0 524288 0 0 0 67108864 0 0 0 134217732 0 0 0 0 0 0 0 0 0 0 0 0 0 0 0 0 0 0 0 0 8 16826368 0 538968576 0 0 0 0 1056768 134217728 16384 0 4194304
is_linear=0
shrinkage=0.05


Tree=41
num_leaves=31
num_cat=7
split_feature=20 20 20 16 19 20 20 19 6 20 6 1 9 9 19 19 6 6 20 20 20 16 19 0 0 20 19 0 0 19
split_gain=1.35028e+06 163721 136798 41387 21830 19372.5 12941.7 5749.52 4281.89 3940.36 3909.22 3659.95 3029.27 2921.26 2859.13 2365.09 2238.39 2210.54 1913.53 1891.06 1700.91 1674.69 1576.73 1547.35 1563.87 1437.94 1222.32 1125.37 1144.9 1085.4
threshold=0.58911132812500011 1.5893554687500002 0.16070556640625003 1.0000000180025095e-35 2.9287109375000004 0.94653320312500011 0.37500000000000006 0.64282226562500011 2.5000000000000004 3.7324218750000004 2.5000000000000004 0 1 2 0.64282226562500011 0.35705566406250006 2.5000000000000004 2.5000000000000004 1.2319335937500002 0.26782226562500006 2.1601562500000004 0.71020507812500011 0.21423339843750003 3 4 0.76782226562500011 0.21423339843750003 5 6 1.2143554687500002
decision_type=2 2 2 10 2 2 2 2 2 2 2 1 9 9 2 2 2 2 2 2 2 10 2 9 9 2 2 9 9 2
left_child=2 5 3 -1 7 10 14 -3 26 -6 -2 22 -9 -11 19 -10 -14 -8 -17 -4 -18 -15 23 -5 -25 -12 -7 -26 -29 -19
right_child=1 4 6 11 9 8 17 12 15 13 25 -13 16 21 -16 18 20 29 -20 -21 -22 -23 -24 24 27 -27 -28 28 -30 -31
leaf_value=0 0 0 0 0 0 0 0 0 0 0 0 0 0 0 0 0 0 0 0 0 0 0 0 0 0 0 0 0 0 0
leaf_weight=4726430 678619 106140 1307281 3209 685365 23883 562812 5851 86964 3813 927528 2137603 556765 161798 180792 872456 744398 1363199 782401 1072430 644925 1319413 105643 4568 67112 763913 674875 85168 1625464 37862
leaf_count=4726430 678619 106140 1307281 3209 685365 23883 562812 5851 86964 3813 927528 2137603 556765 161798 180792 872456 744398 1363199 782401 1072430 644925 1319413 105643 4568 67112 763913 674875 85168 1625464 37862
internal_value=-0.0305315 -0.015625 -0.0406781 -0.0443261 -0.00844756 -0.0219339 -0.0336186 -0.0121369 -0.0188071 -0.00494917 -0.0251536 -0.0406027 -0.0115206 -0.00350186 -0.0359606 -0.0201336 -0.0114124 -0.0305651 -0.0197112 -0.0364211 -0.0124859 -0.00338914 -0.0389974 -0.0393487 -0.0394111 -0.0264399 -0.0155005 -0.0394863 -0.0392355 -0.0316283
internal_weight=2.23187e+07 9.03911e+06 1.32796e+07 8.7552e+06 4.22847e+06 4.81064e+06 4.52438e+06 2.05808e+06 2.44058e+06 2.17039e+06 2.37006e+06 4.02877e+06 1.95194e+06 1.48502e+06 2.5605e+06 1.74182e+06 1.94609e+06 1.96387e+06 1.65486e+06 2.37971e+06 1.38932e+06 1.48121e+06 1.89116e+06 1.78552e+06 1.78231e+06 1.69144e+06 698758 1.77774e+06 1.71063e+06 1.40106e+06
internal_count=22318680 9039107 13279573 8755197 4228468 4810639 4524376 2058079 2440579 2170389 2370060 4028767 1951939 1485024 2560503 1741821 1946088 1963873 1654857 2379711 1389323 1481211 1891164 1785521 1782312 1691441 698758 1777744 1710632 1401061
cat_boundaries=0 1 2 3 82 160 240 316
cat_threshold=39 2 2 8 0 0 2 3221225472 0 16 0 0 0 0 0 0 1048576 0 0 0 655360 0 0 0 0 131072 4224 0 16384 0 1073741888 16 0 32768 0 2 32 0 0 2097152 0 0 33554432 8192 8 32 0 0 0 0 0 0 0 0 0 0 0 0 0 0 0 0 0 0 0 0 0 0 536870944 0 0 524288 0 262144 134217728 1024 0 0 69206016 0 0 1024 0 16777728 0 0 0 1048576 0 32 0 0 0 0 0 0 0 0 8388608 0 0 0 128 134217728 8388608 0 0 0 0 33554432 67108864 0 16777216 0 134217728 0 8388608 64 0 67108992 0 4 32768 0 33554432 268435458 524288 0 0 0 0 0 0 0 0 0 0 0 0 0 0 0 0 0 0 16 0 0 0 512 8388608 0 0 0 570425344 16 0 0 557058 2 0 0 8192 0 65536 0 268435456 0 0 134217728 131072 0 16777216 2147483648 4194304 0 0 262400 0 1 67108864 8 0 0 144 8388608 0 512 0 536870912 0 0 0 0 0 16384 0 0 0 0 0 1073741824 0 0 33554432 0 0 0 0 0 0 0 0 0 0 0 0 0 0 0 0 0 536870912 524288 0 128 2147483648 0 0 0 128 2 16908288 0 32 0 0 0 256 2 131072 536870944 262208 0 0 0 0 0 256 0 2048 0 0 128 2048 0 1048576 0 0 0 0 0 2147483650 0 0 0 0 0 1073742336 1048576 16 0 0 0 524288 0 0 0 67108864 0 0 0 134217732 0 0 0 0 0 0 0 0 0 0 0 0 0 0 0 0 0 0 0 0 8 16826368 0 538968576 0 0 0 0 1056768 134217728 16384 0 4194304
is_linear=0
shrinkage=0.05


Tree=42
num_leaves=31
num_cat=7
split_feature=20 20 20 16 19 20 20 19 6 20 6 1 9 9 19 19 6 6 20 20 20 16 19 0 0 20 19 0 0 19
split_gain=1.35028e+06 163721 136798 41387 21830 19372.5 12941.7 5749.52 4281.89 3940.36 3909.22 3659.95 3029.27 2921.26 2859.13 2365.09 2238.39 2210.54 1913.53 1891.06 1700.91 1674.69 1576.73 1547.35 1563.87 1437.94 1222.32 1125.37 1144.9 1085.4
threshold=0.58911132812500011 1.5893554687500002 0.16070556640625003 1.0000000180025095e-35 2.9287109375000004 0.94653320312500011 0.37500000000000006 0.64282226562500011 2.5000000000000004 3.7324218750000004 2.5000000000000004 0 1 2 0.64282226562500011 0.35705566406250006 2.5000000000000004 2.5000000000000004 1.2319335937500002 0.26782226562500006 2.1601562500000004 0.71020507812500011 0.21423339843750003 3 4 0.76782226562500011 0.21423339843750003 5 6 1.2143554687500002
decision_type=2 2 2 10 2 2 2 2 2 2 2 1 9 9 2 2 2 2 2 2 2 10 2 9 9 2 2 9 9 2
left_child=2 5 3 -1 7 10 14 -3 26 -6 -2 22 -9 -11 19 -10 -14 -8 -17 -4 -18 -15 23 -5 -25 -12 -7 -26 -29 -19
right_child=1 4 6 11 9 8 17 12 15 13 25 -13 16 21 -16 18 20 29 -20 -21 -22 -23 -24 24 27 -27 -28 28 -30 -31
leaf_value=0 0 0 0 0 0 0 0 0 0 0 0 0 0 0 0 0 0 0 0 0 0 0 0 0 0 0 0 0 0 0
leaf_weight=4726430 678619 106140 1307281 3209 685365 23883 562812 5851 86964 3813 927528 2137603 556765 161798 180792 872456 744398 1363199 782401 1072430 644925 1319413 105643 4568 67112 763913 674875 85168 1625464 37862
leaf_count=4726430 678619 106140 1307281 3209 685365 23883 562812 5851 86964 3813 927528 2137603 556765 161798 180792 872456 744398 1363199 782401 1072430 644925 1319413 105643 4568 67112 763913 674875 85168 1625464 37862
internal_value=-0.0305315 -0.015625 -0.0406781 -0.0443261 -0.00844756 -0.0219339 -0.0336186 -0.0121369 -0.0188071 -0.00494917 -0.0251536 -0.0406027 -0.0115206 -0.00350186 -0.0359606 -0.0201336 -0.0114124 -0.0305651 -0.0197112 -0.0364211 -0.0124859 -0.00338914 -0.0389974 -0.0393487 -0.0394111 -0.0264399 -0.0155005 -0.0394863 -0.0392355 -0.0316283
internal_weight=2.23187e+07 9.03911e+06 1.32796e+07 8.7552e+06 4.22847e+06 4.81064e+06 4.52438e+06 2.05808e+06 2.44058e+06 2.17039e+06 2.37006e+06 4.02877e+06 1.95194e+06 1.48502e+06 2.5605e+06 1.74182e+06 1.94609e+06 1.96387e+06 1.65486e+06 2.37971e+06 1.38932e+06 1.48121e+06 1.89116e+06 1.78552e+06 1.78231e+06 1.69144e+06 698758 1.77774e+06 1.71063e+06 1.40106e+06
internal_count=22318680 9039107 13279573 8755197 4228468 4810639 4524376 2058079 2440579 2170389 2370060 4028767 1951939 1485024 2560503 1741821 1946088 1963873 1654857 2379711 1389323 1481211 1891164 1785521 1782312 1691441 698758 1777744 1710632 1401061
cat_boundaries=0 1 2 3 82 160 240 316
cat_threshold=39 2 2 8 0 0 2 3221225472 0 16 0 0 0 0 0 0 1048576 0 0 0 655360 0 0 0 0 131072 4224 0 16384 0 1073741888 16 0 32768 0 2 32 0 0 2097152 0 0 33554432 8192 8 32 0 0 0 0 0 0 0 0 0 0 0 0 0 0 0 0 0 0 0 0 0 0 536870944 0 0 524288 0 262144 134217728 1024 0 0 69206016 0 0 1024 0 16777728 0 0 0 1048576 0 32 0 0 0 0 0 0 0 0 8388608 0 0 0 128 134217728 8388608 0 0 0 0 33554432 67108864 0 16777216 0 134217728 0 8388608 64 0 67108992 0 4 32768 0 33554432 268435458 524288 0 0 0 0 0 0 0 0 0 0 0 0 0 0 0 0 0 0 16 0 0 0 512 8388608 0 0 0 570425344 16 0 0 557058 2 0 0 8192 0 65536 0 268435456 0 0 134217728 131072 0 16777216 2147483648 4194304 0 0 262400 0 1 67108864 8 0 0 144 8388608 0 512 0 536870912 0 0 0 0 0 16384 0 0 0 0 0 1073741824 0 0 33554432 0 0 0 0 0 0 0 0 0 0 0 0 0 0 0 0 0 536870912 524288 0 128 2147483648 0 0 0 128 2 16908288 0 32 0 0 0 256 2 131072 536870944 262208 0 0 0 0 0 256 0 2048 0 0 128 2048 0 1048576 0 0 0 0 0 2147483650 0 0 0 0 0 1073742336 1048576 16 0 0 0 524288 0 0 0 67108864 0 0 0 134217732 0 0 0 0 0 0 0 0 0 0 0 0 0 0 0 0 0 0 0 0 8 16826368 0 538968576 0 0 0 0 1056768 134217728 16384 0 4194304
is_linear=0
shrinkage=0.05


Tree=43
num_leaves=31
num_cat=7
split_feature=20 20 20 16 19 20 20 19 6 20 6 1 9 9 19 19 6 6 20 20 20 16 19 0 0 20 19 0 0 19
split_gain=1.35028e+06 163721 136798 41387 21830 19372.5 12941.7 5749.52 4281.89 3940.36 3909.22 3659.95 3029.27 2921.26 2859.13 2365.09 2238.39 2210.54 1913.53 1891.06 1700.91 1674.69 1576.73 1547.35 1563.87 1437.94 1222.32 1125.37 1144.9 1085.4
threshold=0.58911132812500011 1.5893554687500002 0.16070556640625003 1.0000000180025095e-35 2.9287109375000004 0.94653320312500011 0.37500000000000006 0.64282226562500011 2.5000000000000004 3.7324218750000004 2.5000000000000004 0 1 2 0.64282226562500011 0.35705566406250006 2.5000000000000004 2.5000000000000004 1.2319335937500002 0.26782226562500006 2.1601562500000004 0.71020507812500011 0.21423339843750003 3 4 0.76782226562500011 0.21423339843750003 5 6 1.2143554687500002
decision_type=2 2 2 10 2 2 2 2 2 2 2 1 9 9 2 2 2 2 2 2 2 10 2 9 9 2 2 9 9 2
left_child=2 5 3 -1 7 10 14 -3 26 -6 -2 22 -9 -11 19 -10 -14 -8 -17 -4 -18 -15 23 -5 -25 -12 -7 -26 -29 -19
right_child=1 4 6 11 9 8 17 12 15 13 25 -13 16 21 -16 18 20 29 -20 -21 -22 -23 -24 24 27 -27 -28 28 -30 -31
leaf_value=0 0 0 0 0 0 0 0 0 0 0 0 0 0 0 0 0 0 0 0 0 0 0 0 0 0 0 0 0 0 0
leaf_weight=4726430 678619 106140 1307281 3209 685365 23883 562812 5851 86964 3813 927528 2137603 556765 161798 180792 872456 744398 1363199 782401 1072430 644925 1319413 105643 4568 67112 763913 674875 85168 1625464 37862
leaf_count=4726430 678619 106140 1307281 3209 685365 23883 562812 5851 86964 3813 927528 2137603 556765 161798 180792 872456 744398 1363199 782401 1072430 644925 1319413 105643 4568 67112 763913 674875 85168 1625464 37862
internal_value=-0.0305315 -0.015625 -0.0406781 -0.0443261 -0.00844756 -0.0219339 -0.0336186 -0.0121369 -0.0188071 -0.00494917 -0.0251536 -0.0406027 -0.0115206 -0.00350186 -0.0359606 -0.0201336 -0.0114124 -0.0305651 -0.0197112 -0.0364211 -0.0124859 -0.00338914 -0.0389974 -0.0393487 -0.0394111 -0.0264399 -0.0155005 -0.0394863 -0.0392355 -0.0316283
internal_weight=2.23187e+07 9.03911e+06 1.32796e+07 8.7552e+06 4.22847e+06 4.81064e+06 4.52438e+06 2.05808e+06 2.44058e+06 2.17039e+06 2.37006e+06 4.02877e+06 1.95194e+06 1.48502e+06 2.5605e+06 1.74182e+06 1.94609e+06 1.96387e+06 1.65486e+06 2.37971e+06 1.38932e+06 1.48121e+06 1.89116e+06 1.78552e+06 1.78231e+06 1.69144e+06 698758 1.77774e+06 1.71063e+06 1.40106e+06
internal_count=22318680 9039107 13279573 8755197 4228468 4810639 4524376 2058079 2440579 2170389 2370060 4028767 1951939 1485024 2560503 1741821 1946088 1963873 1654857 2379711 1389323 1481211 1891164 1785521 1782312 1691441 698758 1777744 1710632 1401061
cat_boundaries=0 1 2 3 82 160 240 316
cat_threshold=39 2 2 8 0 0 2 3221225472 0 16 0 0 0 0 0 0 1048576 0 0 0 655360 0 0 0 0 131072 4224 0 16384 0 1073741888 16 0 32768 0 2 32 0 0 2097152 0 0 33554432 8192 8 32 0 0 0 0 0 0 0 0 0 0 0 0 0 0 0 0 0 0 0 0 0 0 536870944 0 0 524288 0 262144 134217728 1024 0 0 69206016 0 0 1024 0 16777728 0 0 0 1048576 0 32 0 0 0 0 0 0 0 0 8388608 0 0 0 128 134217728 8388608 0 0 0 0 33554432 67108864 0 16777216 0 134217728 0 8388608 64 0 67108992 0 4 32768 0 33554432 268435458 524288 0 0 0 0 0 0 0 0 0 0 0 0 0 0 0 0 0 0 16 0 0 0 512 8388608 0 0 0 570425344 16 0 0 557058 2 0 0 8192 0 65536 0 268435456 0 0 134217728 131072 0 16777216 2147483648 4194304 0 0 262400 0 1 67108864 8 0 0 144 8388608 0 512 0 536870912 0 0 0 0 0 16384 0 0 0 0 0 1073741824 0 0 33554432 0 0 0 0 0 0 0 0 0 0 0 0 0 0 0 0 0 536870912 524288 0 128 2147483648 0 0 0 128 2 16908288 0 32 0 0 0 256 2 131072 536870944 262208 0 0 0 0 0 256 0 2048 0 0 128 2048 0 1048576 0 0 0 0 0 2147483650 0 0 0 0 0 1073742336 1048576 16 0 0 0 524288 0 0 0 67108864 0 0 0 134217732 0 0 0 0 0 0 0 0 0 0 0 0 0 0 0 0 0 0 0 0 8 16826368 0 538968576 0 0 0 0 1056768 134217728 16384 0 4194304
is_linear=0
shrinkage=0.05


Tree=44
num_leaves=31
num_cat=7
split_feature=20 20 20 16 19 20 20 19 6 20 6 1 9 9 19 19 6 6 20 20 20 16 19 0 0 20 19 0 0 19
split_gain=1.35028e+06 163721 136798 41387 21830 19372.5 12941.7 5749.52 4281.89 3940.36 3909.22 3659.95 3029.27 2921.26 2859.13 2365.09 2238.39 2210.54 1913.53 1891.06 1700.91 1674.69 1576.73 1547.35 1563.87 1437.94 1222.32 1125.37 1144.9 1085.4
threshold=0.58911132812500011 1.5893554687500002 0.16070556640625003 1.0000000180025095e-35 2.9287109375000004 0.94653320312500011 0.37500000000000006 0.64282226562500011 2.5000000000000004 3.7324218750000004 2.5000000000000004 0 1 2 0.64282226562500011 0.35705566406250006 2.5000000000000004 2.5000000000000004 1.2319335937500002 0.26782226562500006 2.1601562500000004 0.71020507812500011 0.21423339843750003 3 4 0.76782226562500011 0.21423339843750003 5 6 1.2143554687500002
decision_type=2 2 2 10 2 2 2 2 2 2 2 1 9 9 2 2 2 2 2 2 2 10 2 9 9 2 2 9 9 2
left_child=2 5 3 -1 7 10 14 -3 26 -6 -2 22 -9 -11 19 -10 -14 -8 -17 -4 -18 -15 23 -5 -25 -12 -7 -26 -29 -19
right_child=1 4 6 11 9 8 17 12 15 13 25 -13 16 21 -16 18 20 29 -20 -21 -22 -23 -24 24 27 -27 -28 28 -30 -31
leaf_value=0 0 0 0 0 0 0 0 0 0 0 0 0 0 0 0 0 0 0 0 0 0 0 0 0 0 0 0 0 0 0
leaf_weight=4726430 678619 106140 1307281 3209 685365 23883 562812 5851 86964 3813 927528 2137603 556765 161798 180792 872456 744398 1363199 782401 1072430 644925 1319413 105643 4568 67112 763913 674875 85168 1625464 37862
leaf_count=4726430 678619 106140 1307281 3209 685365 23883 562812 5851 86964 3813 927528 2137603 556765 161798 180792 872456 744398 1363199 782401 1072430 644925 1319413 105643 4568 67112 763913 674875 85168 1625464 37862
internal_value=-0.0305315 -0.015625 -0.0406781 -0.0443261 -0.00844756 -0.0219339 -0.0336186 -0.0121369 -0.0188071 -0.00494917 -0.0251536 -0.0406027 -0.0115206 -0.00350186 -0.0359606 -0.0201336 -0.0114124 -0.0305651 -0.0197112 -0.0364211 -0.0124859 -0.00338914 -0.0389974 -0.0393487 -0.0394111 -0.0264399 -0.0155005 -0.0394863 -0.0392355 -0.0316283
internal_weight=2.23187e+07 9.03911e+06 1.32796e+07 8.7552e+06 4.22847e+06 4.81064e+06 4.52438e+06 2.05808e+06 2.44058e+06 2.17039e+06 2.37006e+06 4.02877e+06 1.95194e+06 1.48502e+06 2.5605e+06 1.74182e+06 1.94609e+06 1.96387e+06 1.65486e+06 2.37971e+06 1.38932e+06 1.48121e+06 1.89116e+06 1.78552e+06 1.78231e+06 1.69144e+06 698758 1.77774e+06 1.71063e+06 1.40106e+06
internal_count=22318680 9039107 13279573 8755197 4228468 4810639 4524376 2058079 2440579 2170389 2370060 4028767 1951939 1485024 2560503 1741821 1946088 1963873 1654857 2379711 1389323 1481211 1891164 1785521 1782312 1691441 698758 1777744 1710632 1401061
cat_boundaries=0 1 2 3 82 160 240 316
cat_threshold=39 2 2 8 0 0 2 3221225472 0 16 0 0 0 0 0 0 1048576 0 0 0 655360 0 0 0 0 131072 4224 0 16384 0 1073741888 16 0 32768 0 2 32 0 0 2097152 0 0 33554432 8192 8 32 0 0 0 0 0 0 0 0 0 0 0 0 0 0 0 0 0 0 0 0 0 0 536870944 0 0 524288 0 262144 134217728 1024 0 0 69206016 0 0 1024 0 16777728 0 0 0 1048576 0 32 0 0 0 0 0 0 0 0 8388608 0 0 0 128 134217728 8388608 0 0 0 0 33554432 67108864 0 16777216 0 134217728 0 8388608 64 0 67108992 0 4 32768 0 33554432 268435458 524288 0 0 0 0 0 0 0 0 0 0 0 0 0 0 0 0 0 0 16 0 0 0 512 8388608 0 0 0 570425344 16 0 0 557058 2 0 0 8192 0 65536 0 268435456 0 0 134217728 131072 0 16777216 2147483648 4194304 0 0 262400 0 1 67108864 8 0 0 144 8388608 0 512 0 536870912 0 0 0 0 0 16384 0 0 0 0 0 1073741824 0 0 33554432 0 0 0 0 0 0 0 0 0 0 0 0 0 0 0 0 0 536870912 524288 0 128 2147483648 0 0 0 128 2 16908288 0 32 0 0 0 256 2 131072 536870944 262208 0 0 0 0 0 256 0 2048 0 0 128 2048 0 1048576 0 0 0 0 0 2147483650 0 0 0 0 0 1073742336 1048576 16 0 0 0 524288 0 0 0 67108864 0 0 0 134217732 0 0 0 0 0 0 0 0 0 0 0 0 0 0 0 0 0 0 0 0 8 16826368 0 538968576 0 0 0 0 1056768 134217728 16384 0 4194304
is_linear=0
shrinkage=0.05


Tree=45
num_leaves=31
num_cat=7
split_feature=20 20 20 16 19 20 20 19 6 20 6 1 9 9 19 19 6 6 20 20 20 16 19 0 0 20 19 0 0 19
split_gain=1.35028e+06 163721 136798 41387 21830 19372.5 12941.7 5749.52 4281.89 3940.36 3909.22 3659.95 3029.27 2921.26 2859.13 2365.09 2238.39 2210.54 1913.53 1891.06 1700.91 1674.69 1576.73 1547.35 1563.87 1437.94 1222.32 1125.37 1144.9 1085.4
threshold=0.58911132812500011 1.5893554687500002 0.16070556640625003 1.0000000180025095e-35 2.9287109375000004 0.94653320312500011 0.37500000000000006 0.64282226562500011 2.5000000000000004 3.7324218750000004 2.5000000000000004 0 1 2 0.64282226562500011 0.35705566406250006 2.5000000000000004 2.5000000000000004 1.2319335937500002 0.26782226562500006 2.1601562500000004 0.71020507812500011 0.21423339843750003 3 4 0.76782226562500011 0.21423339843750003 5 6 1.2143554687500002
decision_type=2 2 2 10 2 2 2 2 2 2 2 1 9 9 2 2 2 2 2 2 2 10 2 9 9 2 2 9 9 2
left_child=2 5 3 -1 7 10 14 -3 26 -6 -2 22 -9 -11 19 -10 -14 -8 -17 -4 -18 -15 23 -5 -25 -12 -7 -26 -29 -19
right_child=1 4 6 11 9 8 17 12 15 13 25 -13 16 21 -16 18 20 29 -20 -21 -22 -23 -24 24 27 -27 -28 28 -30 -31
leaf_value=0 0 0 0 0 0 0 0 0 0 0 0 0 0 0 0 0 0 0 0 0 0 0 0 0 0 0 0 0 0 0
leaf_weight=4726430 678619 106140 1307281 3209 685365 23883 562812 5851 86964 3813 927528 2137603 556765 161798 180792 872456 744398 1363199 782401 1072430 644925 1319413 105643 4568 67112 763913 674875 85168 1625464 37862
leaf_count=4726430 678619 106140 1307281 3209 685365 23883 562812 5851 86964 3813 927528 2137603 556765 161798 180792 872456 744398 1363199 782401 1072430 644925 1319413 105643 4568 67112 763913 674875 85168 1625464 37862
internal_value=-0.0305315 -0.015625 -0.0406781 -0.0443261 -0.00844756 -0.0219339 -0.0336186 -0.0121369 -0.0188071 -0.00494917 -0.0251536 -0.0406027 -0.0115206 -0.00350186 -0.0359606 -0.0201336 -0.0114124 -0.0305651 -0.0197112 -0.0364211 -0.0124859 -0.00338914 -0.0389974 -0.0393487 -0.0394111 -0.0264399 -0.0155005 -0.0394863 -0.0392355 -0.0316283
internal_weight=2.23187e+07 9.03911e+06 1.32796e+07 8.7552e+06 4.22847e+06 4.81064e+06 4.52438e+06 2.05808e+06 2.44058e+06 2.17039e+06 2.37006e+06 4.02877e+06 1.95194e+06 1.48502e+06 2.5605e+06 1.74182e+06 1.94609e+06 1.96387e+06 1.65486e+06 2.37971e+06 1.38932e+06 1.48121e+06 1.89116e+06 1.78552e+06 1.78231e+06 1.69144e+06 698758 1.77774e+06 1.71063e+06 1.40106e+06
internal_count=22318680 9039107 13279573 8755197 4228468 4810639 4524376 2058079 2440579 2170389 2370060 4028767 1951939 1485024 2560503 1741821 1946088 1963873 1654857 2379711 1389323 1481211 1891164 1785521 1782312 1691441 698758 1777744 1710632 1401061
cat_boundaries=0 1 2 3 82 160 240 316
cat_threshold=39 2 2 8 0 0 2 3221225472 0 16 0 0 0 0 0 0 1048576 0 0 0 655360 0 0 0 0 131072 4224 0 16384 0 1073741888 16 0 32768 0 2 32 0 0 2097152 0 0 33554432 8192 8 32 0 0 0 0 0 0 0 0 0 0 0 0 0 0 0 0 0 0 0 0 0 0 536870944 0 0 524288 0 262144 134217728 1024 0 0 69206016 0 0 1024 0 16777728 0 0 0 1048576 0 32 0 0 0 0 0 0 0 0 8388608 0 0 0 128 134217728 8388608 0 0 0 0 33554432 67108864 0 16777216 0 134217728 0 8388608 64 0 67108992 0 4 32768 0 33554432 268435458 524288 0 0 0 0 0 0 0 0 0 0 0 0 0 0 0 0 0 0 16 0 0 0 512 8388608 0 0 0 570425344 16 0 0 557058 2 0 0 8192 0 65536 0 268435456 0 0 134217728 131072 0 16777216 2147483648 4194304 0 0 262400 0 1 67108864 8 0 0 144 8388608 0 512 0 536870912 0 0 0 0 0 16384 0 0 0 0 0 1073741824 0 0 33554432 0 0 0 0 0 0 0 0 0 0 0 0 0 0 0 0 0 536870912 524288 0 128 2147483648 0 0 0 128 2 16908288 0 32 0 0 0 256 2 131072 536870944 262208 0 0 0 0 0 256 0 2048 0 0 128 2048 0 1048576 0 0 0 0 0 2147483650 0 0 0 0 0 1073742336 1048576 16 0 0 0 524288 0 0 0 67108864 0 0 0 134217732 0 0 0 0 0 0 0 0 0 0 0 0 0 0 0 0 0 0 0 0 8 16826368 0 538968576 0 0 0 0 1056768 134217728 16384 0 4194304
is_linear=0
shrinkage=0.05


Tree=46
num_leaves=31
num_cat=7
split_feature=20 20 20 16 19 20 20 19 6 20 6 1 9 9 19 19 6 6 20 20 20 16 19 0 0 20 19 0 0 19
split_gain=1.35028e+06 163721 136798 41387 21830 19372.5 12941.7 5749.52 4281.89 3940.36 3909.22 3659.95 3029.27 2921.26 2859.13 2365.09 2238.39 2210.54 1913.53 1891.06 1700.91 1674.69 1576.73 1547.35 1563.87 1437.94 1222.32 1125.37 1144.9 1085.4
threshold=0.58911132812500011 1.5893554687500002 0.16070556640625003 1.0000000180025095e-35 2.9287109375000004 0.94653320312500011 0.37500000000000006 0.64282226562500011 2.5000000000000004 3.7324218750000004 2.5000000000000004 0 1 2 0.64282226562500011 0.35705566406250006 2.5000000000000004 2.5000000000000004 1.2319335937500002 0.26782226562500006 2.1601562500000004 0.71020507812500011 0.21423339843750003 3 4 0.76782226562500011 0.21423339843750003 5 6 1.2143554687500002
decision_type=2 2 2 10 2 2 2 2 2 2 2 1 9 9 2 2 2 2 2 2 2 10 2 9 9 2 2 9 9 2
left_child=2 5 3 -1 7 10 14 -3 26 -6 -2 22 -9 -11 19 -10 -14 -8 -17 -4 -18 -15 23 -5 -25 -12 -7 -26 -29 -19
right_child=1 4 6 11 9 8 17 12 15 13 25 -13 16 21 -16 18 20 29 -20 -21 -22 -23 -24 24 27 -27 -28 28 -30 -31
leaf_value=0 0 0 0 0 0 0 0 0 0 0 0 0 0 0 0 0 0 0 0 0 0 0 0 0 0 0 0 0 0 0
leaf_weight=4726430 678619 106140 1307281 3209 685365 23883 562812 5851 86964 3813 927528 2137603 556765 161798 180792 872456 744398 1363199 782401 1072430 644925 1319413 105643 4568 67112 763913 674875 85168 1625464 37862
leaf_count=4726430 678619 106140 1307281 3209 685365 23883 562812 5851 86964 3813 927528 2137603 556765 161798 180792 872456 744398 1363199 782401 1072430 644925 1319413 105643 4568 67112 763913 674875 85168 1625464 37862
internal_value=-0.0305315 -0.015625 -0.0406781 -0.0443261 -0.00844756 -0.0219339 -0.0336186 -0.0121369 -0.0188071 -0.00494917 -0.0251536 -0.0406027 -0.0115206 -0.00350186 -0.0359606 -0.0201336 -0.0114124 -0.0305651 -0.0197112 -0.0364211 -0.0124859 -0.00338914 -0.0389974 -0.0393487 -0.0394111 -0.0264399 -0.0155005 -0.0394863 -0.0392355 -0.0316283
internal_weight=2.23187e+07 9.03911e+06 1.32796e+07 8.7552e+06 4.22847e+06 4.81064e+06 4.52438e+06 2.05808e+06 2.44058e+06 2.17039e+06 2.37006e+06 4.02877e+06 1.95194e+06 1.48502e+06 2.5605e+06 1.74182e+06 1.94609e+06 1.96387e+06 1.65486e+06 2.37971e+06 1.38932e+06 1.48121e+06 1.89116e+06 1.78552e+06 1.78231e+06 1.69144e+06 698758 1.77774e+06 1.71063e+06 1.40106e+06
internal_count=22318680 9039107 13279573 8755197 4228468 4810639 4524376 2058079 2440579 2170389 2370060 4028767 1951939 1485024 2560503 1741821 1946088 1963873 1654857 2379711 1389323 1481211 1891164 1785521 1782312 1691441 698758 1777744 1710632 1401061
cat_boundaries=0 1 2 3 82 160 240 316
cat_threshold=39 2 2 8 0 0 2 3221225472 0 16 0 0 0 0 0 0 1048576 0 0 0 655360 0 0 0 0 131072 4224 0 16384 0 1073741888 16 0 32768 0 2 32 0 0 2097152 0 0 33554432 8192 8 32 0 0 0 0 0 0 0 0 0 0 0 0 0 0 0 0 0 0 0 0 0 0 536870944 0 0 524288 0 262144 134217728 1024 0 0 69206016 0 0 1024 0 16777728 0 0 0 1048576 0 32 0 0 0 0 0 0 0 0 8388608 0 0 0 128 134217728 8388608 0 0 0 0 33554432 67108864 0 16777216 0 134217728 0 8388608 64 0 67108992 0 4 32768 0 33554432 268435458 524288 0 0 0 0 0 0 0 0 0 0 0 0 0 0 0 0 0 0 16 0 0 0 512 8388608 0 0 0 570425344 16 0 0 557058 2 0 0 8192 0 65536 0 268435456 0 0 134217728 131072 0 16777216 2147483648 4194304 0 0 262400 0 1 67108864 8 0 0 144 8388608 0 512 0 536870912 0 0 0 0 0 16384 0 0 0 0 0 1073741824 0 0 33554432 0 0 0 0 0 0 0 0 0 0 0 0 0 0 0 0 0 536870912 524288 0 128 2147483648 0 0 0 128 2 16908288 0 32 0 0 0 256 2 131072 536870944 262208 0 0 0 0 0 256 0 2048 0 0 128 2048 0 1048576 0 0 0 0 0 2147483650 0 0 0 0 0 1073742336 1048576 16 0 0 0 524288 0 0 0 67108864 0 0 0 134217732 0 0 0 0 0 0 0 0 0 0 0 0 0 0 0 0 0 0 0 0 8 16826368 0 538968576 0 0 0 0 1056768 134217728 16384 0 4194304
is_linear=0
shrinkage=0.05


Tree=47
num_leaves=31
num_cat=7
split_feature=20 20 20 16 19 20 20 19 6 20 6 1 9 9 19 19 6 6 20 20 20 16 19 0 0 20 19 0 0 19
split_gain=1.35028e+06 163721 136798 41387 21830 19372.5 12941.7 5749.52 4281.89 3940.36 3909.22 3659.95 3029.27 2921.26 2859.13 2365.09 2238.39 2210.54 1913.53 1891.06 1700.91 1674.69 1576.73 1547.35 1563.87 1437.94 1222.32 1125.37 1144.9 1085.4
threshold=0.58911132812500011 1.5893554687500002 0.16070556640625003 1.0000000180025095e-35 2.9287109375000004 0.94653320312500011 0.37500000000000006 0.64282226562500011 2.5000000000000004 3.7324218750000004 2.5000000000000004 0 1 2 0.64282226562500011 0.35705566406250006 2.5000000000000004 2.5000000000000004 1.2319335937500002 0.26782226562500006 2.1601562500000004 0.71020507812500011 0.21423339843750003 3 4 0.76782226562500011 0.21423339843750003 5 6 1.2143554687500002
decision_type=2 2 2 10 2 2 2 2 2 2 2 1 9 9 2 2 2 2 2 2 2 10 2 9 9 2 2 9 9 2
left_child=2 5 3 -1 7 10 14 -3 26 -6 -2 22 -9 -11 19 -10 -14 -8 -17 -4 -18 -15 23 -5 -25 -12 -7 -26 -29 -19
right_child=1 4 6 11 9 8 17 12 15 13 25 -13 16 21 -16 18 20 29 -20 -21 -22 -23 -24 24 27 -27 -28 28 -30 -31
leaf_value=0 0 0 0 0 0 0 0 0 0 0 0 0 0 0 0 0 0 0 0 0 0 0 0 0 0 0 0 0 0 0
leaf_weight=4726430 678619 106140 1307281 3209 685365 23883 562812 5851 86964 3813 927528 2137603 556765 161798 180792 872456 744398 1363199 782401 1072430 644925 1319413 105643 4568 67112 763913 674875 85168 1625464 37862
leaf_count=4726430 678619 106140 1307281 3209 685365 23883 562812 5851 86964 3813 927528 2137603 556765 161798 180792 872456 744398 1363199 782401 1072430 644925 1319413 105643 4568 67112 763913 674875 85168 1625464 37862
internal_value=-0.0305315 -0.015625 -0.0406781 -0.0443261 -0.00844756 -0.0219339 -0.0336186 -0.0121369 -0.0188071 -0.00494917 -0.0251536 -0.0406027 -0.0115206 -0.00350186 -0.0359606 -0.0201336 -0.0114124 -0.0305651 -0.0197112 -0.0364211 -0.0124859 -0.00338914 -0.0389974 -0.0393487 -0.0394111 -0.0264399 -0.0155005 -0.0394863 -0.0392355 -0.0316283
internal_weight=2.23187e+07 9.03911e+06 1.32796e+07 8.7552e+06 4.22847e+06 4.81064e+06 4.52438e+06 2.05808e+06 2.44058e+06 2.17039e+06 2.37006e+06 4.02877e+06 1.95194e+06 1.48502e+06 2.5605e+06 1.74182e+06 1.94609e+06 1.96387e+06 1.65486e+06 2.37971e+06 1.38932e+06 1.48121e+06 1.89116e+06 1.78552e+06 1.78231e+06 1.69144e+06 698758 1.77774e+06 1.71063e+06 1.40106e+06
internal_count=22318680 9039107 13279573 8755197 4228468 4810639 4524376 2058079 2440579 2170389 2370060 4028767 1951939 1485024 2560503 1741821 1946088 1963873 1654857 2379711 1389323 1481211 1891164 1785521 1782312 1691441 698758 1777744 1710632 1401061
cat_boundaries=0 1 2 3 82 160 240 316
cat_threshold=39 2 2 8 0 0 2 3221225472 0 16 0 0 0 0 0 0 1048576 0 0 0 655360 0 0 0 0 131072 4224 0 16384 0 1073741888 16 0 32768 0 2 32 0 0 2097152 0 0 33554432 8192 8 32 0 0 0 0 0 0 0 0 0 0 0 0 0 0 0 0 0 0 0 0 0 0 536870944 0 0 524288 0 262144 134217728 1024 0 0 69206016 0 0 1024 0 16777728 0 0 0 1048576 0 32 0 0 0 0 0 0 0 0 8388608 0 0 0 128 134217728 8388608 0 0 0 0 33554432 67108864 0 16777216 0 134217728 0 8388608 64 0 67108992 0 4 32768 0 33554432 268435458 524288 0 0 0 0 0 0 0 0 0 0 0 0 0 0 0 0 0 0 16 0 0 0 512 8388608 0 0 0 570425344 16 0 0 557058 2 0 0 8192 0 65536 0 268435456 0 0 134217728 131072 0 16777216 2147483648 4194304 0 0 262400 0 1 67108864 8 0 0 144 8388608 0 512 0 536870912 0 0 0 0 0 16384 0 0 0 0 0 1073741824 0 0 33554432 0 0 0 0 0 0 0 0 0 0 0 0 0 0 0 0 0 536870912 524288 0 128 2147483648 0 0 0 128 2 16908288 0 32 0 0 0 256 2 131072 536870944 262208 0 0 0 0 0 256 0 2048 0 0 128 2048 0 1048576 0 0 0 0 0 2147483650 0 0 0 0 0 1073742336 1048576 16 0 0 0 524288 0 0 0 67108864 0 0 0 134217732 0 0 0 0 0 0 0 0 0 0 0 0 0 0 0 0 0 0 0 0 8 16826368 0 538968576 0 0 0 0 1056768 134217728 16384 0 4194304
is_linear=0
shrinkage=0.05


Tree=48
num_leaves=31
num_cat=7
split_feature=20 20 20 16 19 20 20 19 6 20 6 1 9 9 19 19 6 6 20 20 20 16 19 0 0 20 19 0 0 19
split_gain=1.35028e+06 163721 136798 41387 21830 19372.5 12941.7 5749.52 4281.89 3940.36 3909.22 3659.95 3029.27 2921.26 2859.13 2365.09 2238.39 2210.54 1913.53 1891.06 1700.91 1674.69 1576.73 1547.35 1563.87 1437.94 1222.32 1125.37 1144.9 1085.4
threshold=0.58911132812500011 1.5893554687500002 0.16070556640625003 1.0000000180025095e-35 2.9287109375000004 0.94653320312500011 0.37500000000000006 0.64282226562500011 2.5000000000000004 3.7324218750000004 2.5000000000000004 0 1 2 0.64282226562500011 0.35705566406250006 2.5000000000000004 2.5000000000000004 1.2319335937500002 0.26782226562500006 2.1601562500000004 0.71020507812500011 0.21423339843750003 3 4 0.76782226562500011 0.21423339843750003 5 6 1.2143554687500002
decision_type=2 2 2 10 2 2 2 2 2 2 2 1 9 9 2 2 2 2 2 2 2 10 2 9 9 2 2 9 9 2
left_child=2 5 3 -1 7 10 14 -3 26 -6 -2 22 -9 -11 19 -10 -14 -8 -17 -4 -18 -15 23 -5 -25 -12 -7 -26 -29 -19
right_child=1 4 6 11 9 8 17 12 15 13 25 -13 16 21 -16 18 20 29 -20 -21 -22 -23 -24 24 27 -27 -28 28 -30 -31
leaf_value=0 0 0 0 0 0 0 0 0 0 0 0 0 0 0 0 0 0 0 0 0 0 0 0 0 0 0 0 0 0 0
leaf_weight=4726430 678619 106140 1307281 3209 685365 23883 562812 5851 86964 3813 927528 2137603 556765 161798 180792 872456 744398 1363199 782401 1072430 644925 1319413 105643 4568 67112 763913 674875 85168 1625464 37862
leaf_count=4726430 678619 106140 1307281 3209 685365 23883 562812 5851 86964 3813 927528 2137603 556765 161798 180792 872456 744398 1363199 782401 1072430 644925 1319413 105643 4568 67112 763913 674875 85168 1625464 37862
internal_value=-0.0305315 -0.015625 -0.0406781 -0.0443261 -0.00844756 -0.0219339 -0.0336186 -0.0121369 -0.0188071 -0.00494917 -0.0251536 -0.0406027 -0.0115206 -0.00350186 -0.0359606 -0.0201336 -0.0114124 -0.0305651 -0.0197112 -0.0364211 -0.0124859 -0.00338914 -0.0389974 -0.0393487 -0.0394111 -0.0264399 -0.0155005 -0.0394863 -0.0392355 -0.0316283
internal_weight=2.23187e+07 9.03911e+06 1.32796e+07 8.7552e+06 4.22847e+06 4.81064e+06 4.52438e+06 2.05808e+06 2.44058e+06 2.17039e+06 2.37006e+06 4.02877e+06 1.95194e+06 1.48502e+06 2.5605e+06 1.74182e+06 1.94609e+06 1.96387e+06 1.65486e+06 2.37971e+06 1.38932e+06 1.48121e+06 1.89116e+06 1.78552e+06 1.78231e+06 1.69144e+06 698758 1.77774e+06 1.71063e+06 1.40106e+06
internal_count=22318680 9039107 13279573 8755197 4228468 4810639 4524376 2058079 2440579 2170389 2370060 4028767 1951939 1485024 2560503 1741821 1946088 1963873 1654857 2379711 1389323 1481211 1891164 1785521 1782312 1691441 698758 1777744 1710632 1401061
cat_boundaries=0 1 2 3 82 160 240 316
cat_threshold=39 2 2 8 0 0 2 3221225472 0 16 0 0 0 0 0 0 1048576 0 0 0 655360 0 0 0 0 131072 4224 0 16384 0 1073741888 16 0 32768 0 2 32 0 0 2097152 0 0 33554432 8192 8 32 0 0 0 0 0 0 0 0 0 0 0 0 0 0 0 0 0 0 0 0 0 0 536870944 0 0 524288 0 262144 134217728 1024 0 0 69206016 0 0 1024 0 16777728 0 0 0 1048576 0 32 0 0 0 0 0 0 0 0 8388608 0 0 0 128 134217728 8388608 0 0 0 0 33554432 67108864 0 16777216 0 134217728 0 8388608 64 0 67108992 0 4 32768 0 33554432 268435458 524288 0 0 0 0 0 0 0 0 0 0 0 0 0 0 0 0 0 0 16 0 0 0 512 8388608 0 0 0 570425344 16 0 0 557058 2 0 0 8192 0 65536 0 268435456 0 0 134217728 131072 0 16777216 2147483648 4194304 0 0 262400 0 1 67108864 8 0 0 144 8388608 0 512 0 536870912 0 0 0 0 0 16384 0 0 0 0 0 1073741824 0 0 33554432 0 0 0 0 0 0 0 0 0 0 0 0 0 0 0 0 0 536870912 524288 0 128 2147483648 0 0 0 128 2 16908288 0 32 0 0 0 256 2 131072 536870944 262208 0 0 0 0 0 256 0 2048 0 0 128 2048 0 1048576 0 0 0 0 0 2147483650 0 0 0 0 0 1073742336 1048576 16 0 0 0 524288 0 0 0 67108864 0 0 0 134217732 0 0 0 0 0 0 0 0 0 0 0 0 0 0 0 0 0 0 0 0 8 16826368 0 538968576 0 0 0 0 1056768 134217728 16384 0 4194304
is_linear=0
shrinkage=0.05


Tree=49
num_leaves=31
num_cat=7
split_feature=20 20 20 16 19 20 20 19 6 20 6 1 9 9 19 19 6 6 20 20 20 16 19 0 0 20 19 0 0 19
split_gain=1.35028e+06 163721 136798 41387 21830 19372.5 12941.7 5749.52 4281.89 3940.36 3909.22 3659.95 3029.27 2921.26 2859.13 2365.09 2238.39 2210.54 1913.53 1891.06 1700.91 1674.69 1576.73 1547.35 1563.87 1437.94 1222.32 1125.37 1144.9 1085.4
threshold=0.58911132812500011 1.5893554687500002 0.16070556640625003 1.0000000180025095e-35 2.9287109375000004 0.94653320312500011 0.37500000000000006 0.64282226562500011 2.5000000000000004 3.7324218750000004 2.5000000000000004 0 1 2 0.64282226562500011 0.35705566406250006 2.5000000000000004 2.5000000000000004 1.2319335937500002 0.26782226562500006 2.1601562500000004 0.71020507812500011 0.21423339843750003 3 4 0.76782226562500011 0.21423339843750003 5 6 1.2143554687500002
decision_type=2 2 2 10 2 2 2 2 2 2 2 1 9 9 2 2 2 2 2 2 2 10 2 9 9 2 2 9 9 2
left_child=2 5 3 -1 7 10 14 -3 26 -6 -2 22 -9 -11 19 -10 -14 -8 -17 -4 -18 -15 23 -5 -25 -12 -7 -26 -29 -19
right_child=1 4 6 11 9 8 17 12 15 13 25 -13 16 21 -16 18 20 29 -20 -21 -22 -23 -24 24 27 -27 -28 28 -30 -31
leaf_value=0 0 0 0 0 0 0 0 0 0 0 0 0 0 0 0 0 0 0 0 0 0 0 0 0 0 0 0 0 0 0
leaf_weight=4726430 678619 106140 1307281 3209 685365 23883 562812 5851 86964 3813 927528 2137603 556765 161798 180792 872456 744398 1363199 782401 1072430 644925 1319413 105643 4568 67112 763913 674875 85168 1625464 37862
leaf_count=4726430 678619 106140 1307281 3209 685365 23883 562812 5851 86964 3813 927528 2137603 556765 161798 180792 872456 744398 1363199 782401 1072430 644925 1319413 105643 4568 67112 763913 674875 85168 1625464 37862
internal_value=-0.0305315 -0.015625 -0.0406781 -0.0443261 -0.00844756 -0.0219339 -0.0336186 -0.0121369 -0.0188071 -0.00494917 -0.0251536 -0.0406027 -0.0115206 -0.00350186 -0.0359606 -0.0201336 -0.0114124 -0.0305651 -0.0197112 -0.0364211 -0.0124859 -0.00338914 -0.0389974 -0.0393487 -0.0394111 -0.0264399 -0.0155005 -0.0394863 -0.0392355 -0.0316283
internal_weight=2.23187e+07 9.03911e+06 1.32796e+07 8.7552e+06 4.22847e+06 4.81064e+06 4.52438e+06 2.05808e+06 2.44058e+06 2.17039e+06 2.37006e+06 4.02877e+06 1.95194e+06 1.48502e+06 2.5605e+06 1.74182e+06 1.94609e+06 1.96387e+06 1.65486e+06 2.37971e+06 1.38932e+06 1.48121e+06 1.89116e+06 1.78552e+06 1.78231e+06 1.69144e+06 698758 1.77774e+06 1.71063e+06 1.40106e+06
internal_count=22318680 9039107 13279573 8755197 4228468 4810639 4524376 2058079 2440579 2170389 2370060 4028767 1951939 1485024 2560503 1741821 1946088 1963873 1654857 2379711 1389323 1481211 1891164 1785521 1782312 1691441 698758 1777744 1710632 1401061
cat_boundaries=0 1 2 3 82 160 240 316
cat_threshold=39 2 2 8 0 0 2 3221225472 0 16 0 0 0 0 0 0 1048576 0 0 0 655360 0 0 0 0 131072 4224 0 16384 0 1073741888 16 0 32768 0 2 32 0 0 2097152 0 0 33554432 8192 8 32 0 0 0 0 0 0 0 0 0 0 0 0 0 0 0 0 0 0 0 0 0 0 536870944 0 0 524288 0 262144 134217728 1024 0 0 69206016 0 0 1024 0 16777728 0 0 0 1048576 0 32 0 0 0 0 0 0 0 0 8388608 0 0 0 128 134217728 8388608 0 0 0 0 33554432 67108864 0 16777216 0 134217728 0 8388608 64 0 67108992 0 4 32768 0 33554432 268435458 524288 0 0 0 0 0 0 0 0 0 0 0 0 0 0 0 0 0 0 16 0 0 0 512 8388608 0 0 0 570425344 16 0 0 557058 2 0 0 8192 0 65536 0 268435456 0 0 134217728 131072 0 16777216 2147483648 4194304 0 0 262400 0 1 67108864 8 0 0 144 8388608 0 512 0 536870912 0 0 0 0 0 16384 0 0 0 0 0 1073741824 0 0 33554432 0 0 0 0 0 0 0 0 0 0 0 0 0 0 0 0 0 536870912 524288 0 128 2147483648 0 0 0 128 2 16908288 0 32 0 0 0 256 2 131072 536870944 262208 0 0 0 0 0 256 0 2048 0 0 128 2048 0 1048576 0 0 0 0 0 2147483650 0 0 0 0 0 1073742336 1048576 16 0 0 0 524288 0 0 0 67108864 0 0 0 134217732 0 0 0 0 0 0 0 0 0 0 0 0 0 0 0 0 0 0 0 0 8 16826368 0 538968576 0 0 0 0 1056768 134217728 16384 0 4194304
is_linear=0
shrinkage=0.05


Tree=50
num_leaves=31
num_cat=7
split_feature=20 20 20 16 19 20 20 19 6 20 6 1 9 9 19 19 6 6 20 20 20 16 19 0 0 20 19 0 0 19
split_gain=1.35028e+06 163721 136798 41387 21830 19372.5 12941.7 5749.52 4281.89 3940.36 3909.22 3659.95 3029.27 2921.26 2859.13 2365.09 2238.39 2210.54 1913.53 1891.06 1700.91 1674.69 1576.73 1547.35 1563.87 1437.94 1222.32 1125.37 1144.9 1085.4
threshold=0.58911132812500011 1.5893554687500002 0.16070556640625003 1.0000000180025095e-35 2.9287109375000004 0.94653320312500011 0.37500000000000006 0.64282226562500011 2.5000000000000004 3.7324218750000004 2.5000000000000004 0 1 2 0.64282226562500011 0.35705566406250006 2.5000000000000004 2.5000000000000004 1.2319335937500002 0.26782226562500006 2.1601562500000004 0.71020507812500011 0.21423339843750003 3 4 0.76782226562500011 0.21423339843750003 5 6 1.2143554687500002
decision_type=2 2 2 10 2 2 2 2 2 2 2 1 9 9 2 2 2 2 2 2 2 10 2 9 9 2 2 9 9 2
left_child=2 5 3 -1 7 10 14 -3 26 -6 -2 22 -9 -11 19 -10 -14 -8 -17 -4 -18 -15 23 -5 -25 -12 -7 -26 -29 -19
right_child=1 4 6 11 9 8 17 12 15 13 25 -13 16 21 -16 18 20 29 -20 -21 -22 -23 -24 24 27 -27 -28 28 -30 -31
leaf_value=0 0 0 0 0 0 0 0 0 0 0 0 0 0 0 0 0 0 0 0 0 0 0 0 0 0 0 0 0 0 0
leaf_weight=4726430 678619 106140 1307281 3209 685365 23883 562812 5851 86964 3813 927528 2137603 556765 161798 180792 872456 744398 1363199 782401 1072430 644925 1319413 105643 4568 67112 763913 674875 85168 1625464 37862
leaf_count=4726430 678619 106140 1307281 3209 685365 23883 562812 5851 86964 3813 927528 2137603 556765 161798 180792 872456 744398 1363199 782401 1072430 644925 1319413 105643 4568 67112 763913 674875 85168 1625464 37862
internal_value=-0.0305315 -0.015625 -0.0406781 -0.0443261 -0.00844756 -0.0219339 -0.0336186 -0.0121369 -0.0188071 -0.00494917 -0.0251536 -0.0406027 -0.0115206 -0.00350186 -0.0359606 -0.0201336 -0.0114124 -0.0305651 -0.0197112 -0.0364211 -0.0124859 -0.00338914 -0.0389974 -0.0393487 -0.0394111 -0.0264399 -0.0155005 -0.0394863 -0.0392355 -0.0316283
internal_weight=2.23187e+07 9.03911e+06 1.32796e+07 8.7552e+06 4.22847e+06 4.81064e+06 4.52438e+06 2.05808e+06 2.44058e+06 2.17039e+06 2.37006e+06 4.02877e+06 1.95194e+06 1.48502e+06 2.5605e+06 1.74182e+06 1.94609e+06 1.96387e+06 1.65486e+06 2.37971e+06 1.38932e+06 1.48121e+06 1.89116e+06 1.78552e+06 1.78231e+06 1.69144e+06 698758 1.77774e+06 1.71063e+06 1.40106e+06
internal_count=22318680 9039107 13279573 8755197 4228468 4810639 4524376 2058079 2440579 2170389 2370060 4028767 1951939 1485024 2560503 1741821 1946088 1963873 1654857 2379711 1389323 1481211 1891164 1785521 1782312 1691441 698758 1777744 1710632 1401061
cat_boundaries=0 1 2 3 82 160 240 316
cat_threshold=39 2 2 8 0 0 2 3221225472 0 16 0 0 0 0 0 0 1048576 0 0 0 655360 0 0 0 0 131072 4224 0 16384 0 1073741888 16 0 32768 0 2 32 0 0 2097152 0 0 33554432 8192 8 32 0 0 0 0 0 0 0 0 0 0 0 0 0 0 0 0 0 0 0 0 0 0 536870944 0 0 524288 0 262144 134217728 1024 0 0 69206016 0 0 1024 0 16777728 0 0 0 1048576 0 32 0 0 0 0 0 0 0 0 8388608 0 0 0 128 134217728 8388608 0 0 0 0 33554432 67108864 0 16777216 0 134217728 0 8388608 64 0 67108992 0 4 32768 0 33554432 268435458 524288 0 0 0 0 0 0 0 0 0 0 0 0 0 0 0 0 0 0 16 0 0 0 512 8388608 0 0 0 570425344 16 0 0 557058 2 0 0 8192 0 65536 0 268435456 0 0 134217728 131072 0 16777216 2147483648 4194304 0 0 262400 0 1 67108864 8 0 0 144 8388608 0 512 0 536870912 0 0 0 0 0 16384 0 0 0 0 0 1073741824 0 0 33554432 0 0 0 0 0 0 0 0 0 0 0 0 0 0 0 0 0 536870912 524288 0 128 2147483648 0 0 0 128 2 16908288 0 32 0 0 0 256 2 131072 536870944 262208 0 0 0 0 0 256 0 2048 0 0 128 2048 0 1048576 0 0 0 0 0 2147483650 0 0 0 0 0 1073742336 1048576 16 0 0 0 524288 0 0 0 67108864 0 0 0 134217732 0 0 0 0 0 0 0 0 0 0 0 0 0 0 0 0 0 0 0 0 8 16826368 0 538968576 0 0 0 0 1056768 134217728 16384 0 4194304
is_linear=0
shrinkage=0.05


Tree=51
num_leaves=31
num_cat=7
split_feature=20 20 20 16 19 20 20 19 6 20 6 1 9 9 19 19 6 6 20 20 20 16 19 0 0 20 19 0 0 19
split_gain=1.35028e+06 163721 136798 41387 21830 19372.5 12941.7 5749.52 4281.89 3940.36 3909.22 3659.95 3029.27 2921.26 2859.13 2365.09 2238.39 2210.54 1913.53 1891.06 1700.91 1674.69 1576.73 1547.35 1563.87 1437.94 1222.32 1125.37 1144.9 1085.4
threshold=0.58911132812500011 1.5893554687500002 0.16070556640625003 1.0000000180025095e-35 2.9287109375000004 0.94653320312500011 0.37500000000000006 0.64282226562500011 2.5000000000000004 3.7324218750000004 2.5000000000000004 0 1 2 0.64282226562500011 0.35705566406250006 2.5000000000000004 2.5000000000000004 1.2319335937500002 0.26782226562500006 2.1601562500000004 0.71020507812500011 0.21423339843750003 3 4 0.76782226562500011 0.21423339843750003 5 6 1.2143554687500002
decision_type=2 2 2 10 2 2 2 2 2 2 2 1 9 9 2 2 2 2 2 2 2 10 2 9 9 2 2 9 9 2
left_child=2 5 3 -1 7 10 14 -3 26 -6 -2 22 -9 -11 19 -10 -14 -8 -17 -4 -18 -15 23 -5 -25 -12 -7 -26 -29 -19
right_child=1 4 6 11 9 8 17 12 15 13 25 -13 16 21 -16 18 20 29 -20 -21 -22 -23 -24 24 27 -27 -28 28 -30 -31
leaf_value=0 0 0 0 0 0 0 0 0 0 0 0 0 0 0 0 0 0 0 0 0 0 0 0 0 0 0 0 0 0 0
leaf_weight=4726430 678619 106140 1307281 3209 685365 23883 562812 5851 86964 3813 927528 2137603 556765 161798 180792 872456 744398 1363199 782401 1072430 644925 1319413 105643 4568 67112 763913 674875 85168 1625464 37862
leaf_count=4726430 678619 106140 1307281 3209 685365 23883 562812 5851 86964 3813 927528 2137603 556765 161798 180792 872456 744398 1363199 782401 1072430 644925 1319413 105643 4568 67112 763913 674875 85168 1625464 37862
internal_value=-0.0305315 -0.015625 -0.0406781 -0.0443261 -0.00844756 -0.0219339 -0.0336186 -0.0121369 -0.0188071 -0.00494917 -0.0251536 -0.0406027 -0.0115206 -0.00350186 -0.0359606 -0.0201336 -0.0114124 -0.0305651 -0.0197112 -0.0364211 -0.0124859 -0.00338914 -0.0389974 -0.0393487 -0.0394111 -0.0264399 -0.0155005 -0.0394863 -0.0392355 -0.0316283
internal_weight=2.23187e+07 9.03911e+06 1.32796e+07 8.7552e+06 4.22847e+06 4.81064e+06 4.52438e+06 2.05808e+06 2.44058e+06 2.17039e+06 2.37006e+06 4.02877e+06 1.95194e+06 1.48502e+06 2.5605e+06 1.74182e+06 1.94609e+06 1.96387e+06 1.65486e+06 2.37971e+06 1.38932e+06 1.48121e+06 1.89116e+06 1.78552e+06 1.78231e+06 1.69144e+06 698758 1.77774e+06 1.71063e+06 1.40106e+06
internal_count=22318680 9039107 13279573 8755197 4228468 4810639 4524376 2058079 2440579 2170389 2370060 4028767 1951939 1485024 2560503 1741821 1946088 1963873 1654857 2379711 1389323 1481211 1891164 1785521 1782312 1691441 698758 1777744 1710632 1401061
cat_boundaries=0 1 2 3 82 160 240 316
cat_threshold=39 2 2 8 0 0 2 3221225472 0 16 0 0 0 0 0 0 1048576 0 0 0 655360 0 0 0 0 131072 4224 0 16384 0 1073741888 16 0 32768 0 2 32 0 0 2097152 0 0 33554432 8192 8 32 0 0 0 0 0 0 0 0 0 0 0 0 0 0 0 0 0 0 0 0 0 0 536870944 0 0 524288 0 262144 134217728 1024 0 0 69206016 0 0 1024 0 16777728 0 0 0 1048576 0 32 0 0 0 0 0 0 0 0 8388608 0 0 0 128 134217728 8388608 0 0 0 0 33554432 67108864 0 16777216 0 134217728 0 8388608 64 0 67108992 0 4 32768 0 33554432 268435458 524288 0 0 0 0 0 0 0 0 0 0 0 0 0 0 0 0 0 0 16 0 0 0 512 8388608 0 0 0 570425344 16 0 0 557058 2 0 0 8192 0 65536 0 268435456 0 0 134217728 131072 0 16777216 2147483648 4194304 0 0 262400 0 1 67108864 8 0 0 144 8388608 0 512 0 536870912 0 0 0 0 0 16384 0 0 0 0 0 1073741824 0 0 33554432 0 0 0 0 0 0 0 0 0 0 0 0 0 0 0 0 0 536870912 524288 0 128 2147483648 0 0 0 128 2 16908288 0 32 0 0 0 256 2 131072 536870944 262208 0 0 0 0 0 256 0 2048 0 0 128 2048 0 1048576 0 0 0 0 0 2147483650 0 0 0 0 0 1073742336 1048576 16 0 0 0 524288 0 0 0 67108864 0 0 0 134217732 0 0 0 0 0 0 0 0 0 0 0 0 0 0 0 0 0 0 0 0 8 16826368 0 538968576 0 0 0 0 1056768 134217728 16384 0 4194304
is_linear=0
shrinkage=0.05


Tree=52
num_leaves=31
num_cat=7
split_feature=20 20 20 16 19 20 20 19 6 20 6 1 9 9 19 19 6 6 20 20 20 16 19 0 0 20 19 0 0 19
split_gain=1.35028e+06 163721 136798 41387 21830 19372.5 12941.7 5749.52 4281.89 3940.36 3909.22 3659.95 3029.27 2921.26 2859.13 2365.09 2238.39 2210.54 1913.53 1891.06 1700.91 1674.69 1576.73 1547.35 1563.87 1437.94 1222.32 1125.37 1144.9 1085.4
threshold=0.58911132812500011 1.5893554687500002 0.16070556640625003 1.0000000180025095e-35 2.9287109375000004 0.94653320312500011 0.37500000000000006 0.64282226562500011 2.5000000000000004 3.7324218750000004 2.5000000000000004 0 1 2 0.64282226562500011 0.35705566406250006 2.5000000000000004 2.5000000000000004 1.2319335937500002 0.26782226562500006 2.1601562500000004 0.71020507812500011 0.21423339843750003 3 4 0.76782226562500011 0.21423339843750003 5 6 1.2143554687500002
decision_type=2 2 2 10 2 2 2 2 2 2 2 1 9 9 2 2 2 2 2 2 2 10 2 9 9 2 2 9 9 2
left_child=2 5 3 -1 7 10 14 -3 26 -6 -2 22 -9 -11 19 -10 -14 -8 -17 -4 -18 -15 23 -5 -25 -12 -7 -26 -29 -19
right_child=1 4 6 11 9 8 17 12 15 13 25 -13 16 21 -16 18 20 29 -20 -21 -22 -23 -24 24 27 -27 -28 28 -30 -31
leaf_value=0 0 0 0 0 0 0 0 0 0 0 0 0 0 0 0 0 0 0 0 0 0 0 0 0 0 0 0 0 0 0
leaf_weight=4726430 678619 106140 1307281 3209 685365 23883 562812 5851 86964 3813 927528 2137603 556765 161798 180792 872456 744398 1363199 782401 1072430 644925 1319413 105643 4568 67112 763913 674875 85168 1625464 37862
leaf_count=4726430 678619 106140 1307281 3209 685365 23883 562812 5851 86964 3813 927528 2137603 556765 161798 180792 872456 744398 1363199 782401 1072430 644925 1319413 105643 4568 67112 763913 674875 85168 1625464 37862
internal_value=-0.0305315 -0.015625 -0.0406781 -0.0443261 -0.00844756 -0.0219339 -0.0336186 -0.0121369 -0.0188071 -0.00494917 -0.0251536 -0.0406027 -0.0115206 -0.00350186 -0.0359606 -0.0201336 -0.0114124 -0.0305651 -0.0197112 -0.0364211 -0.0124859 -0.00338914 -0.0389974 -0.0393487 -0.0394111 -0.0264399 -0.0155005 -0.0394863 -0.0392355 -0.0316283
internal_weight=2.23187e+07 9.03911e+06 1.32796e+07 8.7552e+06 4.22847e+06 4.81064e+06 4.52438e+06 2.05808e+06 2.44058e+06 2.17039e+06 2.37006e+06 4.02877e+06 1.95194e+06 1.48502e+06 2.5605e+06 1.74182e+06 1.94609e+06 1.96387e+06 1.65486e+06 2.37971e+06 1.38932e+06 1.48121e+06 1.89116e+06 1.78552e+06 1.78231e+06 1.69144e+06 698758 1.77774e+06 1.71063e+06 1.40106e+06
internal_count=22318680 9039107 13279573 8755197 4228468 4810639 4524376 2058079 2440579 2170389 2370060 4028767 1951939 1485024 2560503 1741821 1946088 1963873 1654857 2379711 1389323 1481211 1891164 1785521 1782312 1691441 698758 1777744 1710632 1401061
cat_boundaries=0 1 2 3 82 160 240 316
cat_threshold=39 2 2 8 0 0 2 3221225472 0 16 0 0 0 0 0 0 1048576 0 0 0 655360 0 0 0 0 131072 4224 0 16384 0 1073741888 16 0 32768 0 2 32 0 0 2097152 0 0 33554432 8192 8 32 0 0 0 0 0 0 0 0 0 0 0 0 0 0 0 0 0 0 0 0 0 0 536870944 0 0 524288 0 262144 134217728 1024 0 0 69206016 0 0 1024 0 16777728 0 0 0 1048576 0 32 0 0 0 0 0 0 0 0 8388608 0 0 0 128 134217728 8388608 0 0 0 0 33554432 67108864 0 16777216 0 134217728 0 8388608 64 0 67108992 0 4 32768 0 33554432 268435458 524288 0 0 0 0 0 0 0 0 0 0 0 0 0 0 0 0 0 0 16 0 0 0 512 8388608 0 0 0 570425344 16 0 0 557058 2 0 0 8192 0 65536 0 268435456 0 0 134217728 131072 0 16777216 2147483648 4194304 0 0 262400 0 1 67108864 8 0 0 144 8388608 0 512 0 536870912 0 0 0 0 0 16384 0 0 0 0 0 1073741824 0 0 33554432 0 0 0 0 0 0 0 0 0 0 0 0 0 0 0 0 0 536870912 524288 0 128 2147483648 0 0 0 128 2 16908288 0 32 0 0 0 256 2 131072 536870944 262208 0 0 0 0 0 256 0 2048 0 0 128 2048 0 1048576 0 0 0 0 0 2147483650 0 0 0 0 0 1073742336 1048576 16 0 0 0 524288 0 0 0 67108864 0 0 0 134217732 0 0 0 0 0 0 0 0 0 0 0 0 0 0 0 0 0 0 0 0 8 16826368 0 538968576 0 0 0 0 1056768 134217728 16384 0 4194304
is_linear=0
shrinkage=0.05


Tree=53
num_leaves=31
num_cat=7
split_feature=20 20 20 16 19 20 20 19 6 20 6 1 9 9 19 19 6 6 20 20 20 16 19 0 0 20 19 0 0 19
split_gain=1.35028e+06 163721 136798 41387 21830 19372.5 12941.7 5749.52 4281.89 3940.36 3909.22 3659.95 3029.27 2921.26 2859.13 2365.09 2238.39 2210.54 1913.53 1891.06 1700.91 1674.69 1576.73 1547.35 1563.87 1437.94 1222.32 1125.37 1144.9 1085.4
threshold=0.58911132812500011 1.5893554687500002 0.16070556640625003 1.0000000180025095e-35 2.9287109375000004 0.94653320312500011 0.37500000000000006 0.64282226562500011 2.5000000000000004 3.7324218750000004 2.5000000000000004 0 1 2 0.64282226562500011 0.35705566406250006 2.5000000000000004 2.5000000000000004 1.2319335937500002 0.26782226562500006 2.1601562500000004 0.71020507812500011 0.21423339843750003 3 4 0.76782226562500011 0.21423339843750003 5 6 1.2143554687500002
decision_type=2 2 2 10 2 2 2 2 2 2 2 1 9 9 2 2 2 2 2 2 2 10 2 9 9 2 2 9 9 2
left_child=2 5 3 -1 7 10 14 -3 26 -6 -2 22 -9 -11 19 -10 -14 -8 -17 -4 -18 -15 23 -5 -25 -12 -7 -26 -29 -19
right_child=1 4 6 11 9 8 17 12 15 13 25 -13 16 21 -16 18 20 29 -20 -21 -22 -23 -24 24 27 -27 -28 28 -30 -31
leaf_value=0 0 0 0 0 0 0 0 0 0 0 0 0 0 0 0 0 0 0 0 0 0 0 0 0 0 0 0 0 0 0
leaf_weight=4726430 678619 106140 1307281 3209 685365 23883 562812 5851 86964 3813 927528 2137603 556765 161798 180792 872456 744398 1363199 782401 1072430 644925 1319413 105643 4568 67112 763913 674875 85168 1625464 37862
leaf_count=4726430 678619 106140 1307281 3209 685365 23883 562812 5851 86964 3813 927528 2137603 556765 161798 180792 872456 744398 1363199 782401 1072430 644925 1319413 105643 4568 67112 763913 674875 85168 1625464 37862
internal_value=-0.0305315 -0.015625 -0.0406781 -0.0443261 -0.00844756 -0.0219339 -0.0336186 -0.0121369 -0.0188071 -0.00494917 -0.0251536 -0.0406027 -0.0115206 -0.00350186 -0.0359606 -0.0201336 -0.0114124 -0.0305651 -0.0197112 -0.0364211 -0.0124859 -0.00338914 -0.0389974 -0.0393487 -0.0394111 -0.0264399 -0.0155005 -0.0394863 -0.0392355 -0.0316283
internal_weight=2.23187e+07 9.03911e+06 1.32796e+07 8.7552e+06 4.22847e+06 4.81064e+06 4.52438e+06 2.05808e+06 2.44058e+06 2.17039e+06 2.37006e+06 4.02877e+06 1.95194e+06 1.48502e+06 2.5605e+06 1.74182e+06 1.94609e+06 1.96387e+06 1.65486e+06 2.37971e+06 1.38932e+06 1.48121e+06 1.89116e+06 1.78552e+06 1.78231e+06 1.69144e+06 698758 1.77774e+06 1.71063e+06 1.40106e+06
internal_count=22318680 9039107 13279573 8755197 4228468 4810639 4524376 2058079 2440579 2170389 2370060 4028767 1951939 1485024 2560503 1741821 1946088 1963873 1654857 2379711 1389323 1481211 1891164 1785521 1782312 1691441 698758 1777744 1710632 1401061
cat_boundaries=0 1 2 3 82 160 240 316
cat_threshold=39 2 2 8 0 0 2 3221225472 0 16 0 0 0 0 0 0 1048576 0 0 0 655360 0 0 0 0 131072 4224 0 16384 0 1073741888 16 0 32768 0 2 32 0 0 2097152 0 0 33554432 8192 8 32 0 0 0 0 0 0 0 0 0 0 0 0 0 0 0 0 0 0 0 0 0 0 536870944 0 0 524288 0 262144 134217728 1024 0 0 69206016 0 0 1024 0 16777728 0 0 0 1048576 0 32 0 0 0 0 0 0 0 0 8388608 0 0 0 128 134217728 8388608 0 0 0 0 33554432 67108864 0 16777216 0 134217728 0 8388608 64 0 67108992 0 4 32768 0 33554432 268435458 524288 0 0 0 0 0 0 0 0 0 0 0 0 0 0 0 0 0 0 16 0 0 0 512 8388608 0 0 0 570425344 16 0 0 557058 2 0 0 8192 0 65536 0 268435456 0 0 134217728 131072 0 16777216 2147483648 4194304 0 0 262400 0 1 67108864 8 0 0 144 8388608 0 512 0 536870912 0 0 0 0 0 16384 0 0 0 0 0 1073741824 0 0 33554432 0 0 0 0 0 0 0 0 0 0 0 0 0 0 0 0 0 536870912 524288 0 128 2147483648 0 0 0 128 2 16908288 0 32 0 0 0 256 2 131072 536870944 262208 0 0 0 0 0 256 0 2048 0 0 128 2048 0 1048576 0 0 0 0 0 2147483650 0 0 0 0 0 1073742336 1048576 16 0 0 0 524288 0 0 0 67108864 0 0 0 134217732 0 0 0 0 0 0 0 0 0 0 0 0 0 0 0 0 0 0 0 0 8 16826368 0 538968576 0 0 0 0 1056768 134217728 16384 0 4194304
is_linear=0
shrinkage=0.05


Tree=54
num_leaves=31
num_cat=7
split_feature=20 20 20 16 19 20 20 19 6 20 6 1 9 9 19 19 6 6 20 20 20 16 19 0 0 20 19 0 0 19
split_gain=1.35028e+06 163721 136798 41387 21830 19372.5 12941.7 5749.52 4281.89 3940.36 3909.22 3659.95 3029.27 2921.26 2859.13 2365.09 2238.39 2210.54 1913.53 1891.06 1700.91 1674.69 1576.73 1547.35 1563.87 1437.94 1222.32 1125.37 1144.9 1085.4
threshold=0.58911132812500011 1.5893554687500002 0.16070556640625003 1.0000000180025095e-35 2.9287109375000004 0.94653320312500011 0.37500000000000006 0.64282226562500011 2.5000000000000004 3.7324218750000004 2.5000000000000004 0 1 2 0.64282226562500011 0.35705566406250006 2.5000000000000004 2.5000000000000004 1.2319335937500002 0.26782226562500006 2.1601562500000004 0.71020507812500011 0.21423339843750003 3 4 0.76782226562500011 0.21423339843750003 5 6 1.2143554687500002
decision_type=2 2 2 10 2 2 2 2 2 2 2 1 9 9 2 2 2 2 2 2 2 10 2 9 9 2 2 9 9 2
left_child=2 5 3 -1 7 10 14 -3 26 -6 -2 22 -9 -11 19 -10 -14 -8 -17 -4 -18 -15 23 -5 -25 -12 -7 -26 -29 -19
right_child=1 4 6 11 9 8 17 12 15 13 25 -13 16 21 -16 18 20 29 -20 -21 -22 -23 -24 24 27 -27 -28 28 -30 -31
leaf_value=0 0 0 0 0 0 0 0 0 0 0 0 0 0 0 0 0 0 0 0 0 0 0 0 0 0 0 0 0 0 0
leaf_weight=4726430 678619 106140 1307281 3209 685365 23883 562812 5851 86964 3813 927528 2137603 556765 161798 180792 872456 744398 1363199 782401 1072430 644925 1319413 105643 4568 67112 763913 674875 85168 1625464 37862
leaf_count=4726430 678619 106140 1307281 3209 685365 23883 562812 5851 86964 3813 927528 2137603 556765 161798 180792 872456 744398 1363199 782401 1072430 644925 1319413 105643 4568 67112 763913 674875 85168 1625464 37862
internal_value=-0.0305315 -0.015625 -0.0406781 -0.0443261 -0.00844756 -0.0219339 -0.0336186 -0.0121369 -0.0188071 -0.00494917 -0.0251536 -0.0406027 -0.0115206 -0.00350186 -0.0359606 -0.0201336 -0.0114124 -0.0305651 -0.0197112 -0.0364211 -0.0124859 -0.00338914 -0.0389974 -0.0393487 -0.0394111 -0.0264399 -0.0155005 -0.0394863 -0.0392355 -0.0316283
internal_weight=2.23187e+07 9.03911e+06 1.32796e+07 8.7552e+06 4.22847e+06 4.81064e+06 4.52438e+06 2.05808e+06 2.44058e+06 2.17039e+06 2.37006e+06 4.02877e+06 1.95194e+06 1.48502e+06 2.5605e+06 1.74182e+06 1.94609e+06 1.96387e+06 1.65486e+06 2.37971e+06 1.38932e+06 1.48121e+06 1.89116e+06 1.78552e+06 1.78231e+06 1.69144e+06 698758 1.77774e+06 1.71063e+06 1.40106e+06
internal_count=22318680 9039107 13279573 8755197 4228468 4810639 4524376 2058079 2440579 2170389 2370060 4028767 1951939 1485024 2560503 1741821 1946088 1963873 1654857 2379711 1389323 1481211 1891164 1785521 1782312 1691441 698758 1777744 1710632 1401061
cat_boundaries=0 1 2 3 82 160 240 316
cat_threshold=39 2 2 8 0 0 2 3221225472 0 16 0 0 0 0 0 0 1048576 0 0 0 655360 0 0 0 0 131072 4224 0 16384 0 1073741888 16 0 32768 0 2 32 0 0 2097152 0 0 33554432 8192 8 32 0 0 0 0 0 0 0 0 0 0 0 0 0 0 0 0 0 0 0 0 0 0 536870944 0 0 524288 0 262144 134217728 1024 0 0 69206016 0 0 1024 0 16777728 0 0 0 1048576 0 32 0 0 0 0 0 0 0 0 8388608 0 0 0 128 134217728 8388608 0 0 0 0 33554432 67108864 0 16777216 0 134217728 0 8388608 64 0 67108992 0 4 32768 0 33554432 268435458 524288 0 0 0 0 0 0 0 0 0 0 0 0 0 0 0 0 0 0 16 0 0 0 512 8388608 0 0 0 570425344 16 0 0 557058 2 0 0 8192 0 65536 0 268435456 0 0 134217728 131072 0 16777216 2147483648 4194304 0 0 262400 0 1 67108864 8 0 0 144 8388608 0 512 0 536870912 0 0 0 0 0 16384 0 0 0 0 0 1073741824 0 0 33554432 0 0 0 0 0 0 0 0 0 0 0 0 0 0 0 0 0 536870912 524288 0 128 2147483648 0 0 0 128 2 16908288 0 32 0 0 0 256 2 131072 536870944 262208 0 0 0 0 0 256 0 2048 0 0 128 2048 0 1048576 0 0 0 0 0 2147483650 0 0 0 0 0 1073742336 1048576 16 0 0 0 524288 0 0 0 67108864 0 0 0 134217732 0 0 0 0 0 0 0 0 0 0 0 0 0 0 0 0 0 0 0 0 8 16826368 0 538968576 0 0 0 0 1056768 134217728 16384 0 4194304
is_linear=0
shrinkage=0.05


Tree=55
num_leaves=31
num_cat=7
split_feature=20 20 20 16 19 20 20 19 6 20 6 1 9 9 19 19 6 6 20 20 20 16 19 0 0 20 19 0 0 19
split_gain=1.35028e+06 163721 136798 41387 21830 19372.5 12941.7 5749.52 4281.89 3940.36 3909.22 3659.95 3029.27 2921.26 2859.13 2365.09 2238.39 2210.54 1913.53 1891.06 1700.91 1674.69 1576.73 1547.35 1563.87 1437.94 1222.32 1125.37 1144.9 1085.4
threshold=0.58911132812500011 1.5893554687500002 0.16070556640625003 1.0000000180025095e-35 2.9287109375000004 0.94653320312500011 0.37500000000000006 0.64282226562500011 2.5000000000000004 3.7324218750000004 2.5000000000000004 0 1 2 0.64282226562500011 0.35705566406250006 2.5000000000000004 2.5000000000000004 1.2319335937500002 0.26782226562500006 2.1601562500000004 0.71020507812500011 0.21423339843750003 3 4 0.76782226562500011 0.21423339843750003 5 6 1.2143554687500002
decision_type=2 2 2 10 2 2 2 2 2 2 2 1 9 9 2 2 2 2 2 2 2 10 2 9 9 2 2 9 9 2
left_child=2 5 3 -1 7 10 14 -3 26 -6 -2 22 -9 -11 19 -10 -14 -8 -17 -4 -18 -15 23 -5 -25 -12 -7 -26 -29 -19
right_child=1 4 6 11 9 8 17 12 15 13 25 -13 16 21 -16 18 20 29 -20 -21 -22 -23 -24 24 27 -27 -28 28 -30 -31
leaf_value=0 0 0 0 0 0 0 0 0 0 0 0 0 0 0 0 0 0 0 0 0 0 0 0 0 0 0 0 0 0 0
leaf_weight=4726430 678619 106140 1307281 3209 685365 23883 562812 5851 86964 3813 927528 2137603 556765 161798 180792 872456 744398 1363199 782401 1072430 644925 1319413 105643 4568 67112 763913 674875 85168 1625464 37862
leaf_count=4726430 678619 106140 1307281 3209 685365 23883 562812 5851 86964 3813 927528 2137603 556765 161798 180792 872456 744398 1363199 782401 1072430 644925 1319413 105643 4568 67112 763913 674875 85168 1625464 37862
internal_value=-0.0305315 -0.015625 -0.0406781 -0.0443261 -0.00844756 -0.0219339 -0.0336186 -0.0121369 -0.0188071 -0.00494917 -0.0251536 -0.0406027 -0.0115206 -0.00350186 -0.0359606 -0.0201336 -0.0114124 -0.0305651 -0.0197112 -0.0364211 -0.0124859 -0.00338914 -0.0389974 -0.0393487 -0.0394111 -0.0264399 -0.0155005 -0.0394863 -0.0392355 -0.0316283
internal_weight=2.23187e+07 9.03911e+06 1.32796e+07 8.7552e+06 4.22847e+06 4.81064e+06 4.52438e+06 2.05808e+06 2.44058e+06 2.17039e+06 2.37006e+06 4.02877e+06 1.95194e+06 1.48502e+06 2.5605e+06 1.74182e+06 1.94609e+06 1.96387e+06 1.65486e+06 2.37971e+06 1.38932e+06 1.48121e+06 1.89116e+06 1.78552e+06 1.78231e+06 1.69144e+06 698758 1.77774e+06 1.71063e+06 1.40106e+06
internal_count=22318680 9039107 13279573 8755197 4228468 4810639 4524376 2058079 2440579 2170389 2370060 4028767 1951939 1485024 2560503 1741821 1946088 1963873 1654857 2379711 1389323 1481211 1891164 1785521 1782312 1691441 698758 1777744 1710632 1401061
cat_boundaries=0 1 2 3 82 160 240 316
cat_threshold=39 2 2 8 0 0 2 3221225472 0 16 0 0 0 0 0 0 1048576 0 0 0 655360 0 0 0 0 131072 4224 0 16384 0 1073741888 16 0 32768 0 2 32 0 0 2097152 0 0 33554432 8192 8 32 0 0 0 0 0 0 0 0 0 0 0 0 0 0 0 0 0 0 0 0 0 0 536870944 0 0 524288 0 262144 134217728 1024 0 0 69206016 0 0 1024 0 16777728 0 0 0 1048576 0 32 0 0 0 0 0 0 0 0 8388608 0 0 0 128 134217728 8388608 0 0 0 0 33554432 67108864 0 16777216 0 134217728 0 8388608 64 0 67108992 0 4 32768 0 33554432 268435458 524288 0 0 0 0 0 0 0 0 0 0 0 0 0 0 0 0 0 0 16 0 0 0 512 8388608 0 0 0 570425344 16 0 0 557058 2 0 0 8192 0 65536 0 268435456 0 0 134217728 131072 0 16777216 2147483648 4194304 0 0 262400 0 1 67108864 8 0 0 144 8388608 0 512 0 536870912 0 0 0 0 0 16384 0 0 0 0 0 1073741824 0 0 33554432 0 0 0 0 0 0 0 0 0 0 0 0 0 0 0 0 0 536870912 524288 0 128 2147483648 0 0 0 128 2 16908288 0 32 0 0 0 256 2 131072 536870944 262208 0 0 0 0 0 256 0 2048 0 0 128 2048 0 1048576 0 0 0 0 0 2147483650 0 0 0 0 0 1073742336 1048576 16 0 0 0 524288 0 0 0 67108864 0 0 0 134217732 0 0 0 0 0 0 0 0 0 0 0 0 0 0 0 0 0 0 0 0 8 16826368 0 538968576 0 0 0 0 1056768 134217728 16384 0 4194304
is_linear=0
shrinkage=0.05


Tree=56
num_leaves=31
num_cat=7
split_feature=20 20 20 16 19 20 20 19 6 20 6 1 9 9 19 19 6 6 20 20 20 16 19 0 0 20 19 0 0 19
split_gain=1.35028e+06 163721 136798 41387 21830 19372.5 12941.7 5749.52 4281.89 3940.36 3909.22 3659.95 3029.27 2921.26 2859.13 2365.09 2238.39 2210.54 1913.53 1891.06 1700.91 1674.69 1576.73 1547.35 1563.87 1437.94 1222.32 1125.37 1144.9 1085.4
threshold=0.58911132812500011 1.5893554687500002 0.16070556640625003 1.0000000180025095e-35 2.9287109375000004 0.94653320312500011 0.37500000000000006 0.64282226562500011 2.5000000000000004 3.7324218750000004 2.5000000000000004 0 1 2 0.64282226562500011 0.35705566406250006 2.5000000000000004 2.5000000000000004 1.2319335937500002 0.26782226562500006 2.1601562500000004 0.71020507812500011 0.21423339843750003 3 4 0.76782226562500011 0.21423339843750003 5 6 1.2143554687500002
decision_type=2 2 2 10 2 2 2 2 2 2 2 1 9 9 2 2 2 2 2 2 2 10 2 9 9 2 2 9 9 2
left_child=2 5 3 -1 7 10 14 -3 26 -6 -2 22 -9 -11 19 -10 -14 -8 -17 -4 -18 -15 23 -5 -25 -12 -7 -26 -29 -19
right_child=1 4 6 11 9 8 17 12 15 13 25 -13 16 21 -16 18 20 29 -20 -21 -22 -23 -24 24 27 -27 -28 28 -30 -31
leaf_value=0 0 0 0 0 0 0 0 0 0 0 0 0 0 0 0 0 0 0 0 0 0 0 0 0 0 0 0 0 0 0
leaf_weight=4726430 678619 106140 1307281 3209 685365 23883 562812 5851 86964 3813 927528 2137603 556765 161798 180792 872456 744398 1363199 782401 1072430 644925 1319413 105643 4568 67112 763913 674875 85168 1625464 37862
leaf_count=4726430 678619 106140 1307281 3209 685365 23883 562812 5851 86964 3813 927528 2137603 556765 161798 180792 872456 744398 1363199 782401 1072430 644925 1319413 105643 4568 67112 763913 674875 85168 1625464 37862
internal_value=-0.0305315 -0.015625 -0.0406781 -0.0443261 -0.00844756 -0.0219339 -0.0336186 -0.0121369 -0.0188071 -0.00494917 -0.0251536 -0.0406027 -0.0115206 -0.00350186 -0.0359606 -0.0201336 -0.0114124 -0.0305651 -0.0197112 -0.0364211 -0.0124859 -0.00338914 -0.0389974 -0.0393487 -0.0394111 -0.0264399 -0.0155005 -0.0394863 -0.0392355 -0.0316283
internal_weight=2.23187e+07 9.03911e+06 1.32796e+07 8.7552e+06 4.22847e+06 4.81064e+06 4.52438e+06 2.05808e+06 2.44058e+06 2.17039e+06 2.37006e+06 4.02877e+06 1.95194e+06 1.48502e+06 2.5605e+06 1.74182e+06 1.94609e+06 1.96387e+06 1.65486e+06 2.37971e+06 1.38932e+06 1.48121e+06 1.89116e+06 1.78552e+06 1.78231e+06 1.69144e+06 698758 1.77774e+06 1.71063e+06 1.40106e+06
internal_count=22318680 9039107 13279573 8755197 4228468 4810639 4524376 2058079 2440579 2170389 2370060 4028767 1951939 1485024 2560503 1741821 1946088 1963873 1654857 2379711 1389323 1481211 1891164 1785521 1782312 1691441 698758 1777744 1710632 1401061
cat_boundaries=0 1 2 3 82 160 240 316
cat_threshold=39 2 2 8 0 0 2 3221225472 0 16 0 0 0 0 0 0 1048576 0 0 0 655360 0 0 0 0 131072 4224 0 16384 0 1073741888 16 0 32768 0 2 32 0 0 2097152 0 0 33554432 8192 8 32 0 0 0 0 0 0 0 0 0 0 0 0 0 0 0 0 0 0 0 0 0 0 536870944 0 0 524288 0 262144 134217728 1024 0 0 69206016 0 0 1024 0 16777728 0 0 0 1048576 0 32 0 0 0 0 0 0 0 0 8388608 0 0 0 128 134217728 8388608 0 0 0 0 33554432 67108864 0 16777216 0 134217728 0 8388608 64 0 67108992 0 4 32768 0 33554432 268435458 524288 0 0 0 0 0 0 0 0 0 0 0 0 0 0 0 0 0 0 16 0 0 0 512 8388608 0 0 0 570425344 16 0 0 557058 2 0 0 8192 0 65536 0 268435456 0 0 134217728 131072 0 16777216 2147483648 4194304 0 0 262400 0 1 67108864 8 0 0 144 8388608 0 512 0 536870912 0 0 0 0 0 16384 0 0 0 0 0 1073741824 0 0 33554432 0 0 0 0 0 0 0 0 0 0 0 0 0 0 0 0 0 536870912 524288 0 128 2147483648 0 0 0 128 2 16908288 0 32 0 0 0 256 2 131072 536870944 262208 0 0 0 0 0 256 0 2048 0 0 128 2048 0 1048576 0 0 0 0 0 2147483650 0 0 0 0 0 1073742336 1048576 16 0 0 0 524288 0 0 0 67108864 0 0 0 134217732 0 0 0 0 0 0 0 0 0 0 0 0 0 0 0 0 0 0 0 0 8 16826368 0 538968576 0 0 0 0 1056768 134217728 16384 0 4194304
is_linear=0
shrinkage=0.05


Tree=57
num_leaves=31
num_cat=7
split_feature=20 20 20 16 19 20 20 19 6 20 6 1 9 9 19 19 6 6 20 20 20 16 19 0 0 20 19 0 0 19
split_gain=1.35028e+06 163721 136798 41387 21830 19372.5 12941.7 5749.52 4281.89 3940.36 3909.22 3659.95 3029.27 2921.26 2859.13 2365.09 2238.39 2210.54 1913.53 1891.06 1700.91 1674.69 1576.73 1547.35 1563.87 1437.94 1222.32 1125.37 1144.9 1085.4
threshold=0.58911132812500011 1.5893554687500002 0.16070556640625003 1.0000000180025095e-35 2.9287109375000004 0.94653320312500011 0.37500000000000006 0.64282226562500011 2.5000000000000004 3.7324218750000004 2.5000000000000004 0 1 2 0.64282226562500011 0.35705566406250006 2.5000000000000004 2.5000000000000004 1.2319335937500002 0.26782226562500006 2.1601562500000004 0.71020507812500011 0.21423339843750003 3 4 0.76782226562500011 0.21423339843750003 5 6 1.2143554687500002
decision_type=2 2 2 10 2 2 2 2 2 2 2 1 9 9 2 2 2 2 2 2 2 10 2 9 9 2 2 9 9 2
left_child=2 5 3 -1 7 10 14 -3 26 -6 -2 22 -9 -11 19 -10 -14 -8 -17 -4 -18 -15 23 -5 -25 -12 -7 -26 -29 -19
right_child=1 4 6 11 9 8 17 12 15 13 25 -13 16 21 -16 18 20 29 -20 -21 -22 -23 -24 24 27 -27 -28 28 -30 -31
leaf_value=0 0 0 0 0 0 0 0 0 0 0 0 0 0 0 0 0 0 0 0 0 0 0 0 0 0 0 0 0 0 0
leaf_weight=4726430 678619 106140 1307281 3209 685365 23883 562812 5851 86964 3813 927528 2137603 556765 161798 180792 872456 744398 1363199 782401 1072430 644925 1319413 105643 4568 67112 763913 674875 85168 1625464 37862
leaf_count=4726430 678619 106140 1307281 3209 685365 23883 562812 5851 86964 3813 927528 2137603 556765 161798 180792 872456 744398 1363199 782401 1072430 644925 1319413 105643 4568 67112 763913 674875 85168 1625464 37862
internal_value=-0.0305315 -0.015625 -0.0406781 -0.0443261 -0.00844756 -0.0219339 -0.0336186 -0.0121369 -0.0188071 -0.00494917 -0.0251536 -0.0406027 -0.0115206 -0.00350186 -0.0359606 -0.0201336 -0.0114124 -0.0305651 -0.0197112 -0.0364211 -0.0124859 -0.00338914 -0.0389974 -0.0393487 -0.0394111 -0.0264399 -0.0155005 -0.0394863 -0.0392355 -0.0316283
internal_weight=2.23187e+07 9.03911e+06 1.32796e+07 8.7552e+06 4.22847e+06 4.81064e+06 4.52438e+06 2.05808e+06 2.44058e+06 2.17039e+06 2.37006e+06 4.02877e+06 1.95194e+06 1.48502e+06 2.5605e+06 1.74182e+06 1.94609e+06 1.96387e+06 1.65486e+06 2.37971e+06 1.38932e+06 1.48121e+06 1.89116e+06 1.78552e+06 1.78231e+06 1.69144e+06 698758 1.77774e+06 1.71063e+06 1.40106e+06
internal_count=22318680 9039107 13279573 8755197 4228468 4810639 4524376 2058079 2440579 2170389 2370060 4028767 1951939 1485024 2560503 1741821 1946088 1963873 1654857 2379711 1389323 1481211 1891164 1785521 1782312 1691441 698758 1777744 1710632 1401061
cat_boundaries=0 1 2 3 82 160 240 316
cat_threshold=39 2 2 8 0 0 2 3221225472 0 16 0 0 0 0 0 0 1048576 0 0 0 655360 0 0 0 0 131072 4224 0 16384 0 1073741888 16 0 32768 0 2 32 0 0 2097152 0 0 33554432 8192 8 32 0 0 0 0 0 0 0 0 0 0 0 0 0 0 0 0 0 0 0 0 0 0 536870944 0 0 524288 0 262144 134217728 1024 0 0 69206016 0 0 1024 0 16777728 0 0 0 1048576 0 32 0 0 0 0 0 0 0 0 8388608 0 0 0 128 134217728 8388608 0 0 0 0 33554432 67108864 0 16777216 0 134217728 0 8388608 64 0 67108992 0 4 32768 0 33554432 268435458 524288 0 0 0 0 0 0 0 0 0 0 0 0 0 0 0 0 0 0 16 0 0 0 512 8388608 0 0 0 570425344 16 0 0 557058 2 0 0 8192 0 65536 0 268435456 0 0 134217728 131072 0 16777216 2147483648 4194304 0 0 262400 0 1 67108864 8 0 0 144 8388608 0 512 0 536870912 0 0 0 0 0 16384 0 0 0 0 0 1073741824 0 0 33554432 0 0 0 0 0 0 0 0 0 0 0 0 0 0 0 0 0 536870912 524288 0 128 2147483648 0 0 0 128 2 16908288 0 32 0 0 0 256 2 131072 536870944 262208 0 0 0 0 0 256 0 2048 0 0 128 2048 0 1048576 0 0 0 0 0 2147483650 0 0 0 0 0 1073742336 1048576 16 0 0 0 524288 0 0 0 67108864 0 0 0 134217732 0 0 0 0 0 0 0 0 0 0 0 0 0 0 0 0 0 0 0 0 8 16826368 0 538968576 0 0 0 0 1056768 134217728 16384 0 4194304
is_linear=0
shrinkage=0.05


Tree=58
num_leaves=31
num_cat=7
split_feature=20 20 20 16 19 20 20 19 6 20 6 1 9 9 19 19 6 6 20 20 20 16 19 0 0 20 19 0 0 19
split_gain=1.35028e+06 163721 136798 41387 21830 19372.5 12941.7 5749.52 4281.89 3940.36 3909.22 3659.95 3029.27 2921.26 2859.13 2365.09 2238.39 2210.54 1913.53 1891.06 1700.91 1674.69 1576.73 1547.35 1563.87 1437.94 1222.32 1125.37 1144.9 1085.4
threshold=0.58911132812500011 1.5893554687500002 0.16070556640625003 1.0000000180025095e-35 2.9287109375000004 0.94653320312500011 0.37500000000000006 0.64282226562500011 2.5000000000000004 3.7324218750000004 2.5000000000000004 0 1 2 0.64282226562500011 0.35705566406250006 2.5000000000000004 2.5000000000000004 1.2319335937500002 0.26782226562500006 2.1601562500000004 0.71020507812500011 0.21423339843750003 3 4 0.76782226562500011 0.21423339843750003 5 6 1.2143554687500002
decision_type=2 2 2 10 2 2 2 2 2 2 2 1 9 9 2 2 2 2 2 2 2 10 2 9 9 2 2 9 9 2
left_child=2 5 3 -1 7 10 14 -3 26 -6 -2 22 -9 -11 19 -10 -14 -8 -17 -4 -18 -15 23 -5 -25 -12 -7 -26 -29 -19
right_child=1 4 6 11 9 8 17 12 15 13 25 -13 16 21 -16 18 20 29 -20 -21 -22 -23 -24 24 27 -27 -28 28 -30 -31
leaf_value=0 0 0 0 0 0 0 0 0 0 0 0 0 0 0 0 0 0 0 0 0 0 0 0 0 0 0 0 0 0 0
leaf_weight=4726430 678619 106140 1307281 3209 685365 23883 562812 5851 86964 3813 927528 2137603 556765 161798 180792 872456 744398 1363199 782401 1072430 644925 1319413 105643 4568 67112 763913 674875 85168 1625464 37862
leaf_count=4726430 678619 106140 1307281 3209 685365 23883 562812 5851 86964 3813 927528 2137603 556765 161798 180792 872456 744398 1363199 782401 1072430 644925 1319413 105643 4568 67112 763913 674875 85168 1625464 37862
internal_value=-0.0305315 -0.015625 -0.0406781 -0.0443261 -0.00844756 -0.0219339 -0.0336186 -0.0121369 -0.0188071 -0.00494917 -0.0251536 -0.0406027 -0.0115206 -0.00350186 -0.0359606 -0.0201336 -0.0114124 -0.0305651 -0.0197112 -0.0364211 -0.0124859 -0.00338914 -0.0389974 -0.0393487 -0.0394111 -0.0264399 -0.0155005 -0.0394863 -0.0392355 -0.0316283
internal_weight=2.23187e+07 9.03911e+06 1.32796e+07 8.7552e+06 4.22847e+06 4.81064e+06 4.52438e+06 2.05808e+06 2.44058e+06 2.17039e+06 2.37006e+06 4.02877e+06 1.95194e+06 1.48502e+06 2.5605e+06 1.74182e+06 1.94609e+06 1.96387e+06 1.65486e+06 2.37971e+06 1.38932e+06 1.48121e+06 1.89116e+06 1.78552e+06 1.78231e+06 1.69144e+06 698758 1.77774e+06 1.71063e+06 1.40106e+06
internal_count=22318680 9039107 13279573 8755197 4228468 4810639 4524376 2058079 2440579 2170389 2370060 4028767 1951939 1485024 2560503 1741821 1946088 1963873 1654857 2379711 1389323 1481211 1891164 1785521 1782312 1691441 698758 1777744 1710632 1401061
cat_boundaries=0 1 2 3 82 160 240 316
cat_threshold=39 2 2 8 0 0 2 3221225472 0 16 0 0 0 0 0 0 1048576 0 0 0 655360 0 0 0 0 131072 4224 0 16384 0 1073741888 16 0 32768 0 2 32 0 0 2097152 0 0 33554432 8192 8 32 0 0 0 0 0 0 0 0 0 0 0 0 0 0 0 0 0 0 0 0 0 0 536870944 0 0 524288 0 262144 134217728 1024 0 0 69206016 0 0 1024 0 16777728 0 0 0 1048576 0 32 0 0 0 0 0 0 0 0 8388608 0 0 0 128 134217728 8388608 0 0 0 0 33554432 67108864 0 16777216 0 134217728 0 8388608 64 0 67108992 0 4 32768 0 33554432 268435458 524288 0 0 0 0 0 0 0 0 0 0 0 0 0 0 0 0 0 0 16 0 0 0 512 8388608 0 0 0 570425344 16 0 0 557058 2 0 0 8192 0 65536 0 268435456 0 0 134217728 131072 0 16777216 2147483648 4194304 0 0 262400 0 1 67108864 8 0 0 144 8388608 0 512 0 536870912 0 0 0 0 0 16384 0 0 0 0 0 1073741824 0 0 33554432 0 0 0 0 0 0 0 0 0 0 0 0 0 0 0 0 0 536870912 524288 0 128 2147483648 0 0 0 128 2 16908288 0 32 0 0 0 256 2 131072 536870944 262208 0 0 0 0 0 256 0 2048 0 0 128 2048 0 1048576 0 0 0 0 0 2147483650 0 0 0 0 0 1073742336 1048576 16 0 0 0 524288 0 0 0 67108864 0 0 0 134217732 0 0 0 0 0 0 0 0 0 0 0 0 0 0 0 0 0 0 0 0 8 16826368 0 538968576 0 0 0 0 1056768 134217728 16384 0 4194304
is_linear=0
shrinkage=0.05


Tree=59
num_leaves=31
num_cat=7
split_feature=20 20 20 16 19 20 20 19 6 20 6 1 9 9 19 19 6 6 20 20 20 16 19 0 0 20 19 0 0 19
split_gain=1.35028e+06 163721 136798 41387 21830 19372.5 12941.7 5749.52 4281.89 3940.36 3909.22 3659.95 3029.27 2921.26 2859.13 2365.09 2238.39 2210.54 1913.53 1891.06 1700.91 1674.69 1576.73 1547.35 1563.87 1437.94 1222.32 1125.37 1144.9 1085.4
threshold=0.58911132812500011 1.5893554687500002 0.16070556640625003 1.0000000180025095e-35 2.9287109375000004 0.94653320312500011 0.37500000000000006 0.64282226562500011 2.5000000000000004 3.7324218750000004 2.5000000000000004 0 1 2 0.64282226562500011 0.35705566406250006 2.5000000000000004 2.5000000000000004 1.2319335937500002 0.26782226562500006 2.1601562500000004 0.71020507812500011 0.21423339843750003 3 4 0.76782226562500011 0.21423339843750003 5 6 1.2143554687500002
decision_type=2 2 2 10 2 2 2 2 2 2 2 1 9 9 2 2 2 2 2 2 2 10 2 9 9 2 2 9 9 2
left_child=2 5 3 -1 7 10 14 -3 26 -6 -2 22 -9 -11 19 -10 -14 -8 -17 -4 -18 -15 23 -5 -25 -12 -7 -26 -29 -19
right_child=1 4 6 11 9 8 17 12 15 13 25 -13 16 21 -16 18 20 29 -20 -21 -22 -23 -24 24 27 -27 -28 28 -30 -31
leaf_value=0 0 0 0 0 0 0 0 0 0 0 0 0 0 0 0 0 0 0 0 0 0 0 0 0 0 0 0 0 0 0
leaf_weight=4726430 678619 106140 1307281 3209 685365 23883 562812 5851 86964 3813 927528 2137603 556765 161798 180792 872456 744398 1363199 782401 1072430 644925 1319413 105643 4568 67112 763913 674875 85168 1625464 37862
leaf_count=4726430 678619 106140 1307281 3209 685365 23883 562812 5851 86964 3813 927528 2137603 556765 161798 180792 872456 744398 1363199 782401 1072430 644925 1319413 105643 4568 67112 763913 674875 85168 1625464 37862
internal_value=-0.0305315 -0.015625 -0.0406781 -0.0443261 -0.00844756 -0.0219339 -0.0336186 -0.0121369 -0.0188071 -0.00494917 -0.0251536 -0.0406027 -0.0115206 -0.00350186 -0.0359606 -0.0201336 -0.0114124 -0.0305651 -0.0197112 -0.0364211 -0.0124859 -0.00338914 -0.0389974 -0.0393487 -0.0394111 -0.0264399 -0.0155005 -0.0394863 -0.0392355 -0.0316283
internal_weight=2.23187e+07 9.03911e+06 1.32796e+07 8.7552e+06 4.22847e+06 4.81064e+06 4.52438e+06 2.05808e+06 2.44058e+06 2.17039e+06 2.37006e+06 4.02877e+06 1.95194e+06 1.48502e+06 2.5605e+06 1.74182e+06 1.94609e+06 1.96387e+06 1.65486e+06 2.37971e+06 1.38932e+06 1.48121e+06 1.89116e+06 1.78552e+06 1.78231e+06 1.69144e+06 698758 1.77774e+06 1.71063e+06 1.40106e+06
internal_count=22318680 9039107 13279573 8755197 4228468 4810639 4524376 2058079 2440579 2170389 2370060 4028767 1951939 1485024 2560503 1741821 1946088 1963873 1654857 2379711 1389323 1481211 1891164 1785521 1782312 1691441 698758 1777744 1710632 1401061
cat_boundaries=0 1 2 3 82 160 240 316
cat_threshold=39 2 2 8 0 0 2 3221225472 0 16 0 0 0 0 0 0 1048576 0 0 0 655360 0 0 0 0 131072 4224 0 16384 0 1073741888 16 0 32768 0 2 32 0 0 2097152 0 0 33554432 8192 8 32 0 0 0 0 0 0 0 0 0 0 0 0 0 0 0 0 0 0 0 0 0 0 536870944 0 0 524288 0 262144 134217728 1024 0 0 69206016 0 0 1024 0 16777728 0 0 0 1048576 0 32 0 0 0 0 0 0 0 0 8388608 0 0 0 128 134217728 8388608 0 0 0 0 33554432 67108864 0 16777216 0 134217728 0 8388608 64 0 67108992 0 4 32768 0 33554432 268435458 524288 0 0 0 0 0 0 0 0 0 0 0 0 0 0 0 0 0 0 16 0 0 0 512 8388608 0 0 0 570425344 16 0 0 557058 2 0 0 8192 0 65536 0 268435456 0 0 134217728 131072 0 16777216 2147483648 4194304 0 0 262400 0 1 67108864 8 0 0 144 8388608 0 512 0 536870912 0 0 0 0 0 16384 0 0 0 0 0 1073741824 0 0 33554432 0 0 0 0 0 0 0 0 0 0 0 0 0 0 0 0 0 536870912 524288 0 128 2147483648 0 0 0 128 2 16908288 0 32 0 0 0 256 2 131072 536870944 262208 0 0 0 0 0 256 0 2048 0 0 128 2048 0 1048576 0 0 0 0 0 2147483650 0 0 0 0 0 1073742336 1048576 16 0 0 0 524288 0 0 0 67108864 0 0 0 134217732 0 0 0 0 0 0 0 0 0 0 0 0 0 0 0 0 0 0 0 0 8 16826368 0 538968576 0 0 0 0 1056768 134217728 16384 0 4194304
is_linear=0
shrinkage=0.05


Tree=60
num_leaves=31
num_cat=7
split_feature=20 20 20 16 19 20 20 19 6 20 6 1 9 9 19 19 6 6 20 20 20 16 19 0 0 20 19 0 0 19
split_gain=1.35028e+06 163721 136798 41387 21830 19372.5 12941.7 5749.52 4281.89 3940.36 3909.22 3659.95 3029.27 2921.26 2859.13 2365.09 2238.39 2210.54 1913.53 1891.06 1700.91 1674.69 1576.73 1547.35 1563.87 1437.94 1222.32 1125.37 1144.9 1085.4
threshold=0.58911132812500011 1.5893554687500002 0.16070556640625003 1.0000000180025095e-35 2.9287109375000004 0.94653320312500011 0.37500000000000006 0.64282226562500011 2.5000000000000004 3.7324218750000004 2.5000000000000004 0 1 2 0.64282226562500011 0.35705566406250006 2.5000000000000004 2.5000000000000004 1.2319335937500002 0.26782226562500006 2.1601562500000004 0.71020507812500011 0.21423339843750003 3 4 0.76782226562500011 0.21423339843750003 5 6 1.2143554687500002
decision_type=2 2 2 10 2 2 2 2 2 2 2 1 9 9 2 2 2 2 2 2 2 10 2 9 9 2 2 9 9 2
left_child=2 5 3 -1 7 10 14 -3 26 -6 -2 22 -9 -11 19 -10 -14 -8 -17 -4 -18 -15 23 -5 -25 -12 -7 -26 -29 -19
right_child=1 4 6 11 9 8 17 12 15 13 25 -13 16 21 -16 18 20 29 -20 -21 -22 -23 -24 24 27 -27 -28 28 -30 -31
leaf_value=0 0 0 0 0 0 0 0 0 0 0 0 0 0 0 0 0 0 0 0 0 0 0 0 0 0 0 0 0 0 0
leaf_weight=4726430 678619 106140 1307281 3209 685365 23883 562812 5851 86964 3813 927528 2137603 556765 161798 180792 872456 744398 1363199 782401 1072430 644925 1319413 105643 4568 67112 763913 674875 85168 1625464 37862
leaf_count=4726430 678619 106140 1307281 3209 685365 23883 562812 5851 86964 3813 927528 2137603 556765 161798 180792 872456 744398 1363199 782401 1072430 644925 1319413 105643 4568 67112 763913 674875 85168 1625464 37862
internal_value=-0.0305315 -0.015625 -0.0406781 -0.0443261 -0.00844756 -0.0219339 -0.0336186 -0.0121369 -0.0188071 -0.00494917 -0.0251536 -0.0406027 -0.0115206 -0.00350186 -0.0359606 -0.0201336 -0.0114124 -0.0305651 -0.0197112 -0.0364211 -0.0124859 -0.00338914 -0.0389974 -0.0393487 -0.0394111 -0.0264399 -0.0155005 -0.0394863 -0.0392355 -0.0316283
internal_weight=2.23187e+07 9.03911e+06 1.32796e+07 8.7552e+06 4.22847e+06 4.81064e+06 4.52438e+06 2.05808e+06 2.44058e+06 2.17039e+06 2.37006e+06 4.02877e+06 1.95194e+06 1.48502e+06 2.5605e+06 1.74182e+06 1.94609e+06 1.96387e+06 1.65486e+06 2.37971e+06 1.38932e+06 1.48121e+06 1.89116e+06 1.78552e+06 1.78231e+06 1.69144e+06 698758 1.77774e+06 1.71063e+06 1.40106e+06
internal_count=22318680 9039107 13279573 8755197 4228468 4810639 4524376 2058079 2440579 2170389 2370060 4028767 1951939 1485024 2560503 1741821 1946088 1963873 1654857 2379711 1389323 1481211 1891164 1785521 1782312 1691441 698758 1777744 1710632 1401061
cat_boundaries=0 1 2 3 82 160 240 316
cat_threshold=39 2 2 8 0 0 2 3221225472 0 16 0 0 0 0 0 0 1048576 0 0 0 655360 0 0 0 0 131072 4224 0 16384 0 1073741888 16 0 32768 0 2 32 0 0 2097152 0 0 33554432 8192 8 32 0 0 0 0 0 0 0 0 0 0 0 0 0 0 0 0 0 0 0 0 0 0 536870944 0 0 524288 0 262144 134217728 1024 0 0 69206016 0 0 1024 0 16777728 0 0 0 1048576 0 32 0 0 0 0 0 0 0 0 8388608 0 0 0 128 134217728 8388608 0 0 0 0 33554432 67108864 0 16777216 0 134217728 0 8388608 64 0 67108992 0 4 32768 0 33554432 268435458 524288 0 0 0 0 0 0 0 0 0 0 0 0 0 0 0 0 0 0 16 0 0 0 512 8388608 0 0 0 570425344 16 0 0 557058 2 0 0 8192 0 65536 0 268435456 0 0 134217728 131072 0 16777216 2147483648 4194304 0 0 262400 0 1 67108864 8 0 0 144 8388608 0 512 0 536870912 0 0 0 0 0 16384 0 0 0 0 0 1073741824 0 0 33554432 0 0 0 0 0 0 0 0 0 0 0 0 0 0 0 0 0 536870912 524288 0 128 2147483648 0 0 0 128 2 16908288 0 32 0 0 0 256 2 131072 536870944 262208 0 0 0 0 0 256 0 2048 0 0 128 2048 0 1048576 0 0 0 0 0 2147483650 0 0 0 0 0 1073742336 1048576 16 0 0 0 524288 0 0 0 67108864 0 0 0 134217732 0 0 0 0 0 0 0 0 0 0 0 0 0 0 0 0 0 0 0 0 8 16826368 0 538968576 0 0 0 0 1056768 134217728 16384 0 4194304
is_linear=0
shrinkage=0.05


Tree=61
num_leaves=31
num_cat=7
split_feature=20 20 20 16 19 20 20 19 6 20 6 1 9 9 19 19 6 6 20 20 20 16 19 0 0 20 19 0 0 19
split_gain=1.35028e+06 163721 136798 41387 21830 19372.5 12941.7 5749.52 4281.89 3940.36 3909.22 3659.95 3029.27 2921.26 2859.13 2365.09 2238.39 2210.54 1913.53 1891.06 1700.91 1674.69 1576.73 1547.35 1563.87 1437.94 1222.32 1125.37 1144.9 1085.4
threshold=0.58911132812500011 1.5893554687500002 0.16070556640625003 1.0000000180025095e-35 2.9287109375000004 0.94653320312500011 0.37500000000000006 0.64282226562500011 2.5000000000000004 3.7324218750000004 2.5000000000000004 0 1 2 0.64282226562500011 0.35705566406250006 2.5000000000000004 2.5000000000000004 1.2319335937500002 0.26782226562500006 2.1601562500000004 0.71020507812500011 0.21423339843750003 3 4 0.76782226562500011 0.21423339843750003 5 6 1.2143554687500002
decision_type=2 2 2 10 2 2 2 2 2 2 2 1 9 9 2 2 2 2 2 2 2 10 2 9 9 2 2 9 9 2
left_child=2 5 3 -1 7 10 14 -3 26 -6 -2 22 -9 -11 19 -10 -14 -8 -17 -4 -18 -15 23 -5 -25 -12 -7 -26 -29 -19
right_child=1 4 6 11 9 8 17 12 15 13 25 -13 16 21 -16 18 20 29 -20 -21 -22 -23 -24 24 27 -27 -28 28 -30 -31
leaf_value=0 0 0 0 0 0 0 0 0 0 0 0 0 0 0 0 0 0 0 0 0 0 0 0 0 0 0 0 0 0 0
leaf_weight=4726430 678619 106140 1307281 3209 685365 23883 562812 5851 86964 3813 927528 2137603 556765 161798 180792 872456 744398 1363199 782401 1072430 644925 1319413 105643 4568 67112 763913 674875 85168 1625464 37862
leaf_count=4726430 678619 106140 1307281 3209 685365 23883 562812 5851 86964 3813 927528 2137603 556765 161798 180792 872456 744398 1363199 782401 1072430 644925 1319413 105643 4568 67112 763913 674875 85168 1625464 37862
internal_value=-0.0305315 -0.015625 -0.0406781 -0.0443261 -0.00844756 -0.0219339 -0.0336186 -0.0121369 -0.0188071 -0.00494917 -0.0251536 -0.0406027 -0.0115206 -0.00350186 -0.0359606 -0.0201336 -0.0114124 -0.0305651 -0.0197112 -0.0364211 -0.0124859 -0.00338914 -0.0389974 -0.0393487 -0.0394111 -0.0264399 -0.0155005 -0.0394863 -0.0392355 -0.0316283
internal_weight=2.23187e+07 9.03911e+06 1.32796e+07 8.7552e+06 4.22847e+06 4.81064e+06 4.52438e+06 2.05808e+06 2.44058e+06 2.17039e+06 2.37006e+06 4.02877e+06 1.95194e+06 1.48502e+06 2.5605e+06 1.74182e+06 1.94609e+06 1.96387e+06 1.65486e+06 2.37971e+06 1.38932e+06 1.48121e+06 1.89116e+06 1.78552e+06 1.78231e+06 1.69144e+06 698758 1.77774e+06 1.71063e+06 1.40106e+06
internal_count=22318680 9039107 13279573 8755197 4228468 4810639 4524376 2058079 2440579 2170389 2370060 4028767 1951939 1485024 2560503 1741821 1946088 1963873 1654857 2379711 1389323 1481211 1891164 1785521 1782312 1691441 698758 1777744 1710632 1401061
cat_boundaries=0 1 2 3 82 160 240 316
cat_threshold=39 2 2 8 0 0 2 3221225472 0 16 0 0 0 0 0 0 1048576 0 0 0 655360 0 0 0 0 131072 4224 0 16384 0 1073741888 16 0 32768 0 2 32 0 0 2097152 0 0 33554432 8192 8 32 0 0 0 0 0 0 0 0 0 0 0 0 0 0 0 0 0 0 0 0 0 0 536870944 0 0 524288 0 262144 134217728 1024 0 0 69206016 0 0 1024 0 16777728 0 0 0 1048576 0 32 0 0 0 0 0 0 0 0 8388608 0 0 0 128 134217728 8388608 0 0 0 0 33554432 67108864 0 16777216 0 134217728 0 8388608 64 0 67108992 0 4 32768 0 33554432 268435458 524288 0 0 0 0 0 0 0 0 0 0 0 0 0 0 0 0 0 0 16 0 0 0 512 8388608 0 0 0 570425344 16 0 0 557058 2 0 0 8192 0 65536 0 268435456 0 0 134217728 131072 0 16777216 2147483648 4194304 0 0 262400 0 1 67108864 8 0 0 144 8388608 0 512 0 536870912 0 0 0 0 0 16384 0 0 0 0 0 1073741824 0 0 33554432 0 0 0 0 0 0 0 0 0 0 0 0 0 0 0 0 0 536870912 524288 0 128 2147483648 0 0 0 128 2 16908288 0 32 0 0 0 256 2 131072 536870944 262208 0 0 0 0 0 256 0 2048 0 0 128 2048 0 1048576 0 0 0 0 0 2147483650 0 0 0 0 0 1073742336 1048576 16 0 0 0 524288 0 0 0 67108864 0 0 0 134217732 0 0 0 0 0 0 0 0 0 0 0 0 0 0 0 0 0 0 0 0 8 16826368 0 538968576 0 0 0 0 1056768 134217728 16384 0 4194304
is_linear=0
shrinkage=0.05


Tree=62
num_leaves=31
num_cat=7
split_feature=20 20 20 16 19 20 20 19 6 20 6 1 9 9 19 19 6 6 20 20 20 16 19 0 0 20 19 0 0 19
split_gain=1.35028e+06 163721 136798 41387 21830 19372.5 12941.7 5749.52 4281.89 3940.36 3909.22 3659.95 3029.27 2921.26 2859.13 2365.09 2238.39 2210.54 1913.53 1891.06 1700.91 1674.69 1576.73 1547.35 1563.87 1437.94 1222.32 1125.37 1144.9 1085.4
threshold=0.58911132812500011 1.5893554687500002 0.16070556640625003 1.0000000180025095e-35 2.9287109375000004 0.94653320312500011 0.37500000000000006 0.64282226562500011 2.5000000000000004 3.7324218750000004 2.5000000000000004 0 1 2 0.64282226562500011 0.35705566406250006 2.5000000000000004 2.5000000000000004 1.2319335937500002 0.26782226562500006 2.1601562500000004 0.71020507812500011 0.21423339843750003 3 4 0.76782226562500011 0.21423339843750003 5 6 1.2143554687500002
decision_type=2 2 2 10 2 2 2 2 2 2 2 1 9 9 2 2 2 2 2 2 2 10 2 9 9 2 2 9 9 2
left_child=2 5 3 -1 7 10 14 -3 26 -6 -2 22 -9 -11 19 -10 -14 -8 -17 -4 -18 -15 23 -5 -25 -12 -7 -26 -29 -19
right_child=1 4 6 11 9 8 17 12 15 13 25 -13 16 21 -16 18 20 29 -20 -21 -22 -23 -24 24 27 -27 -28 28 -30 -31
leaf_value=0 0 0 0 0 0 0 0 0 0 0 0 0 0 0 0 0 0 0 0 0 0 0 0 0 0 0 0 0 0 0
leaf_weight=4726430 678619 106140 1307281 3209 685365 23883 562812 5851 86964 3813 927528 2137603 556765 161798 180792 872456 744398 1363199 782401 1072430 644925 1319413 105643 4568 67112 763913 674875 85168 1625464 37862
leaf_count=4726430 678619 106140 1307281 3209 685365 23883 562812 5851 86964 3813 927528 2137603 556765 161798 180792 872456 744398 1363199 782401 1072430 644925 1319413 105643 4568 67112 763913 674875 85168 1625464 37862
internal_value=-0.0305315 -0.015625 -0.0406781 -0.0443261 -0.00844756 -0.0219339 -0.0336186 -0.0121369 -0.0188071 -0.00494917 -0.0251536 -0.0406027 -0.0115206 -0.00350186 -0.0359606 -0.0201336 -0.0114124 -0.0305651 -0.0197112 -0.0364211 -0.0124859 -0.00338914 -0.0389974 -0.0393487 -0.0394111 -0.0264399 -0.0155005 -0.0394863 -0.0392355 -0.0316283
internal_weight=2.23187e+07 9.03911e+06 1.32796e+07 8.7552e+06 4.22847e+06 4.81064e+06 4.52438e+06 2.05808e+06 2.44058e+06 2.17039e+06 2.37006e+06 4.02877e+06 1.95194e+06 1.48502e+06 2.5605e+06 1.74182e+06 1.94609e+06 1.96387e+06 1.65486e+06 2.37971e+06 1.38932e+06 1.48121e+06 1.89116e+06 1.78552e+06 1.78231e+06 1.69144e+06 698758 1.77774e+06 1.71063e+06 1.40106e+06
internal_count=22318680 9039107 13279573 8755197 4228468 4810639 4524376 2058079 2440579 2170389 2370060 4028767 1951939 1485024 2560503 1741821 1946088 1963873 1654857 2379711 1389323 1481211 1891164 1785521 1782312 1691441 698758 1777744 1710632 1401061
cat_boundaries=0 1 2 3 82 160 240 316
cat_threshold=39 2 2 8 0 0 2 3221225472 0 16 0 0 0 0 0 0 1048576 0 0 0 655360 0 0 0 0 131072 4224 0 16384 0 1073741888 16 0 32768 0 2 32 0 0 2097152 0 0 33554432 8192 8 32 0 0 0 0 0 0 0 0 0 0 0 0 0 0 0 0 0 0 0 0 0 0 536870944 0 0 524288 0 262144 134217728 1024 0 0 69206016 0 0 1024 0 16777728 0 0 0 1048576 0 32 0 0 0 0 0 0 0 0 8388608 0 0 0 128 134217728 8388608 0 0 0 0 33554432 67108864 0 16777216 0 134217728 0 8388608 64 0 67108992 0 4 32768 0 33554432 268435458 524288 0 0 0 0 0 0 0 0 0 0 0 0 0 0 0 0 0 0 16 0 0 0 512 8388608 0 0 0 570425344 16 0 0 557058 2 0 0 8192 0 65536 0 268435456 0 0 134217728 131072 0 16777216 2147483648 4194304 0 0 262400 0 1 67108864 8 0 0 144 8388608 0 512 0 536870912 0 0 0 0 0 16384 0 0 0 0 0 1073741824 0 0 33554432 0 0 0 0 0 0 0 0 0 0 0 0 0 0 0 0 0 536870912 524288 0 128 2147483648 0 0 0 128 2 16908288 0 32 0 0 0 256 2 131072 536870944 262208 0 0 0 0 0 256 0 2048 0 0 128 2048 0 1048576 0 0 0 0 0 2147483650 0 0 0 0 0 1073742336 1048576 16 0 0 0 524288 0 0 0 67108864 0 0 0 134217732 0 0 0 0 0 0 0 0 0 0 0 0 0 0 0 0 0 0 0 0 8 16826368 0 538968576 0 0 0 0 1056768 134217728 16384 0 4194304
is_linear=0
shrinkage=0.05


Tree=63
num_leaves=31
num_cat=7
split_feature=20 20 20 16 19 20 20 19 6 20 6 1 9 9 19 19 6 6 20 20 20 16 19 0 0 20 19 0 0 19
split_gain=1.35028e+06 163721 136798 41387 21830 19372.5 12941.7 5749.52 4281.89 3940.36 3909.22 3659.95 3029.27 2921.26 2859.13 2365.09 2238.39 2210.54 1913.53 1891.06 1700.91 1674.69 1576.73 1547.35 1563.87 1437.94 1222.32 1125.37 1144.9 1085.4
threshold=0.58911132812500011 1.5893554687500002 0.16070556640625003 1.0000000180025095e-35 2.9287109375000004 0.94653320312500011 0.37500000000000006 0.64282226562500011 2.5000000000000004 3.7324218750000004 2.5000000000000004 0 1 2 0.64282226562500011 0.35705566406250006 2.5000000000000004 2.5000000000000004 1.2319335937500002 0.26782226562500006 2.1601562500000004 0.71020507812500011 0.21423339843750003 3 4 0.76782226562500011 0.21423339843750003 5 6 1.2143554687500002
decision_type=2 2 2 10 2 2 2 2 2 2 2 1 9 9 2 2 2 2 2 2 2 10 2 9 9 2 2 9 9 2
left_child=2 5 3 -1 7 10 14 -3 26 -6 -2 22 -9 -11 19 -10 -14 -8 -17 -4 -18 -15 23 -5 -25 -12 -7 -26 -29 -19
right_child=1 4 6 11 9 8 17 12 15 13 25 -13 16 21 -16 18 20 29 -20 -21 -22 -23 -24 24 27 -27 -28 28 -30 -31
leaf_value=0 0 0 0 0 0 0 0 0 0 0 0 0 0 0 0 0 0 0 0 0 0 0 0 0 0 0 0 0 0 0
leaf_weight=4726430 678619 106140 1307281 3209 685365 23883 562812 5851 86964 3813 927528 2137603 556765 161798 180792 872456 744398 1363199 782401 1072430 644925 1319413 105643 4568 67112 763913 674875 85168 1625464 37862
leaf_count=4726430 678619 106140 1307281 3209 685365 23883 562812 5851 86964 3813 927528 2137603 556765 161798 180792 872456 744398 1363199 782401 1072430 644925 1319413 105643 4568 67112 763913 674875 85168 1625464 37862
internal_value=-0.0305315 -0.015625 -0.0406781 -0.0443261 -0.00844756 -0.0219339 -0.0336186 -0.0121369 -0.0188071 -0.00494917 -0.0251536 -0.0406027 -0.0115206 -0.00350186 -0.0359606 -0.0201336 -0.0114124 -0.0305651 -0.0197112 -0.0364211 -0.0124859 -0.00338914 -0.0389974 -0.0393487 -0.0394111 -0.0264399 -0.0155005 -0.0394863 -0.0392355 -0.0316283
internal_weight=2.23187e+07 9.03911e+06 1.32796e+07 8.7552e+06 4.22847e+06 4.81064e+06 4.52438e+06 2.05808e+06 2.44058e+06 2.17039e+06 2.37006e+06 4.02877e+06 1.95194e+06 1.48502e+06 2.5605e+06 1.74182e+06 1.94609e+06 1.96387e+06 1.65486e+06 2.37971e+06 1.38932e+06 1.48121e+06 1.89116e+06 1.78552e+06 1.78231e+06 1.69144e+06 698758 1.77774e+06 1.71063e+06 1.40106e+06
internal_count=22318680 9039107 13279573 8755197 4228468 4810639 4524376 2058079 2440579 2170389 2370060 4028767 1951939 1485024 2560503 1741821 1946088 1963873 1654857 2379711 1389323 1481211 1891164 1785521 1782312 1691441 698758 1777744 1710632 1401061
cat_boundaries=0 1 2 3 82 160 240 316
cat_threshold=39 2 2 8 0 0 2 3221225472 0 16 0 0 0 0 0 0 1048576 0 0 0 655360 0 0 0 0 131072 4224 0 16384 0 1073741888 16 0 32768 0 2 32 0 0 2097152 0 0 33554432 8192 8 32 0 0 0 0 0 0 0 0 0 0 0 0 0 0 0 0 0 0 0 0 0 0 536870944 0 0 524288 0 262144 134217728 1024 0 0 69206016 0 0 1024 0 16777728 0 0 0 1048576 0 32 0 0 0 0 0 0 0 0 8388608 0 0 0 128 134217728 8388608 0 0 0 0 33554432 67108864 0 16777216 0 134217728 0 8388608 64 0 67108992 0 4 32768 0 33554432 268435458 524288 0 0 0 0 0 0 0 0 0 0 0 0 0 0 0 0 0 0 16 0 0 0 512 8388608 0 0 0 570425344 16 0 0 557058 2 0 0 8192 0 65536 0 268435456 0 0 134217728 131072 0 16777216 2147483648 4194304 0 0 262400 0 1 67108864 8 0 0 144 8388608 0 512 0 536870912 0 0 0 0 0 16384 0 0 0 0 0 1073741824 0 0 33554432 0 0 0 0 0 0 0 0 0 0 0 0 0 0 0 0 0 536870912 524288 0 128 2147483648 0 0 0 128 2 16908288 0 32 0 0 0 256 2 131072 536870944 262208 0 0 0 0 0 256 0 2048 0 0 128 2048 0 1048576 0 0 0 0 0 2147483650 0 0 0 0 0 1073742336 1048576 16 0 0 0 524288 0 0 0 67108864 0 0 0 134217732 0 0 0 0 0 0 0 0 0 0 0 0 0 0 0 0 0 0 0 0 8 16826368 0 538968576 0 0 0 0 1056768 134217728 16384 0 4194304
is_linear=0
shrinkage=0.05


Tree=64
num_leaves=31
num_cat=7
split_feature=20 20 20 16 19 20 20 19 6 20 6 1 9 9 19 19 6 6 20 20 20 16 19 0 0 20 19 0 0 19
split_gain=1.35028e+06 163721 136798 41387 21830 19372.5 12941.7 5749.52 4281.89 3940.36 3909.22 3659.95 3029.27 2921.26 2859.13 2365.09 2238.39 2210.54 1913.53 1891.06 1700.91 1674.69 1576.73 1547.35 1563.87 1437.94 1222.32 1125.37 1144.9 1085.4
threshold=0.58911132812500011 1.5893554687500002 0.16070556640625003 1.0000000180025095e-35 2.9287109375000004 0.94653320312500011 0.37500000000000006 0.64282226562500011 2.5000000000000004 3.7324218750000004 2.5000000000000004 0 1 2 0.64282226562500011 0.35705566406250006 2.5000000000000004 2.5000000000000004 1.2319335937500002 0.26782226562500006 2.1601562500000004 0.71020507812500011 0.21423339843750003 3 4 0.76782226562500011 0.21423339843750003 5 6 1.2143554687500002
decision_type=2 2 2 10 2 2 2 2 2 2 2 1 9 9 2 2 2 2 2 2 2 10 2 9 9 2 2 9 9 2
left_child=2 5 3 -1 7 10 14 -3 26 -6 -2 22 -9 -11 19 -10 -14 -8 -17 -4 -18 -15 23 -5 -25 -12 -7 -26 -29 -19
right_child=1 4 6 11 9 8 17 12 15 13 25 -13 16 21 -16 18 20 29 -20 -21 -22 -23 -24 24 27 -27 -28 28 -30 -31
leaf_value=0 0 0 0 0 0 0 0 0 0 0 0 0 0 0 0 0 0 0 0 0 0 0 0 0 0 0 0 0 0 0
leaf_weight=4726430 678619 106140 1307281 3209 685365 23883 562812 5851 86964 3813 927528 2137603 556765 161798 180792 872456 744398 1363199 782401 1072430 644925 1319413 105643 4568 67112 763913 674875 85168 1625464 37862
leaf_count=4726430 678619 106140 1307281 3209 685365 23883 562812 5851 86964 3813 927528 2137603 556765 161798 180792 872456 744398 1363199 782401 1072430 644925 1319413 105643 4568 67112 763913 674875 85168 1625464 37862
internal_value=-0.0305315 -0.015625 -0.0406781 -0.0443261 -0.00844756 -0.0219339 -0.0336186 -0.0121369 -0.0188071 -0.00494917 -0.0251536 -0.0406027 -0.0115206 -0.00350186 -0.0359606 -0.0201336 -0.0114124 -0.0305651 -0.0197112 -0.0364211 -0.0124859 -0.00338914 -0.0389974 -0.0393487 -0.0394111 -0.0264399 -0.0155005 -0.0394863 -0.0392355 -0.0316283
internal_weight=2.23187e+07 9.03911e+06 1.32796e+07 8.7552e+06 4.22847e+06 4.81064e+06 4.52438e+06 2.05808e+06 2.44058e+06 2.17039e+06 2.37006e+06 4.02877e+06 1.95194e+06 1.48502e+06 2.5605e+06 1.74182e+06 1.94609e+06 1.96387e+06 1.65486e+06 2.37971e+06 1.38932e+06 1.48121e+06 1.89116e+06 1.78552e+06 1.78231e+06 1.69144e+06 698758 1.77774e+06 1.71063e+06 1.40106e+06
internal_count=22318680 9039107 13279573 8755197 4228468 4810639 4524376 2058079 2440579 2170389 2370060 4028767 1951939 1485024 2560503 1741821 1946088 1963873 1654857 2379711 1389323 1481211 1891164 1785521 1782312 1691441 698758 1777744 1710632 1401061
cat_boundaries=0 1 2 3 82 160 240 316
cat_threshold=39 2 2 8 0 0 2 3221225472 0 16 0 0 0 0 0 0 1048576 0 0 0 655360 0 0 0 0 131072 4224 0 16384 0 1073741888 16 0 32768 0 2 32 0 0 2097152 0 0 33554432 8192 8 32 0 0 0 0 0 0 0 0 0 0 0 0 0 0 0 0 0 0 0 0 0 0 536870944 0 0 524288 0 262144 134217728 1024 0 0 69206016 0 0 1024 0 16777728 0 0 0 1048576 0 32 0 0 0 0 0 0 0 0 8388608 0 0 0 128 134217728 8388608 0 0 0 0 33554432 67108864 0 16777216 0 134217728 0 8388608 64 0 67108992 0 4 32768 0 33554432 268435458 524288 0 0 0 0 0 0 0 0 0 0 0 0 0 0 0 0 0 0 16 0 0 0 512 8388608 0 0 0 570425344 16 0 0 557058 2 0 0 8192 0 65536 0 268435456 0 0 134217728 131072 0 16777216 2147483648 4194304 0 0 262400 0 1 67108864 8 0 0 144 8388608 0 512 0 536870912 0 0 0 0 0 16384 0 0 0 0 0 1073741824 0 0 33554432 0 0 0 0 0 0 0 0 0 0 0 0 0 0 0 0 0 536870912 524288 0 128 2147483648 0 0 0 128 2 16908288 0 32 0 0 0 256 2 131072 536870944 262208 0 0 0 0 0 256 0 2048 0 0 128 2048 0 1048576 0 0 0 0 0 2147483650 0 0 0 0 0 1073742336 1048576 16 0 0 0 524288 0 0 0 67108864 0 0 0 134217732 0 0 0 0 0 0 0 0 0 0 0 0 0 0 0 0 0 0 0 0 8 16826368 0 538968576 0 0 0 0 1056768 134217728 16384 0 4194304
is_linear=0
shrinkage=0.05


Tree=65
num_leaves=31
num_cat=7
split_feature=20 20 20 16 19 20 20 19 6 20 6 1 9 9 19 19 6 6 20 20 20 16 19 0 0 20 19 0 0 19
split_gain=1.35028e+06 163721 136798 41387 21830 19372.5 12941.7 5749.52 4281.89 3940.36 3909.22 3659.95 3029.27 2921.26 2859.13 2365.09 2238.39 2210.54 1913.53 1891.06 1700.91 1674.69 1576.73 1547.35 1563.87 1437.94 1222.32 1125.37 1144.9 1085.4
threshold=0.58911132812500011 1.5893554687500002 0.16070556640625003 1.0000000180025095e-35 2.9287109375000004 0.94653320312500011 0.37500000000000006 0.64282226562500011 2.5000000000000004 3.7324218750000004 2.5000000000000004 0 1 2 0.64282226562500011 0.35705566406250006 2.5000000000000004 2.5000000000000004 1.2319335937500002 0.26782226562500006 2.1601562500000004 0.71020507812500011 0.21423339843750003 3 4 0.76782226562500011 0.21423339843750003 5 6 1.2143554687500002
decision_type=2 2 2 10 2 2 2 2 2 2 2 1 9 9 2 2 2 2 2 2 2 10 2 9 9 2 2 9 9 2
left_child=2 5 3 -1 7 10 14 -3 26 -6 -2 22 -9 -11 19 -10 -14 -8 -17 -4 -18 -15 23 -5 -25 -12 -7 -26 -29 -19
right_child=1 4 6 11 9 8 17 12 15 13 25 -13 16 21 -16 18 20 29 -20 -21 -22 -23 -24 24 27 -27 -28 28 -30 -31
leaf_value=0 0 0 0 0 0 0 0 0 0 0 0 0 0 0 0 0 0 0 0 0 0 0 0 0 0 0 0 0 0 0
leaf_weight=4726430 678619 106140 1307281 3209 685365 23883 562812 5851 86964 3813 927528 2137603 556765 161798 180792 872456 744398 1363199 782401 1072430 644925 1319413 105643 4568 67112 763913 674875 85168 1625464 37862
leaf_count=4726430 678619 106140 1307281 3209 685365 23883 562812 5851 86964 3813 927528 2137603 556765 161798 180792 872456 744398 1363199 782401 1072430 644925 1319413 105643 4568 67112 763913 674875 85168 1625464 37862
internal_value=-0.0305315 -0.015625 -0.0406781 -0.0443261 -0.00844756 -0.0219339 -0.0336186 -0.0121369 -0.0188071 -0.00494917 -0.0251536 -0.0406027 -0.0115206 -0.00350186 -0.0359606 -0.0201336 -0.0114124 -0.0305651 -0.0197112 -0.0364211 -0.0124859 -0.00338914 -0.0389974 -0.0393487 -0.0394111 -0.0264399 -0.0155005 -0.0394863 -0.0392355 -0.0316283
internal_weight=2.23187e+07 9.03911e+06 1.32796e+07 8.7552e+06 4.22847e+06 4.81064e+06 4.52438e+06 2.05808e+06 2.44058e+06 2.17039e+06 2.37006e+06 4.02877e+06 1.95194e+06 1.48502e+06 2.5605e+06 1.74182e+06 1.94609e+06 1.96387e+06 1.65486e+06 2.37971e+06 1.38932e+06 1.48121e+06 1.89116e+06 1.78552e+06 1.78231e+06 1.69144e+06 698758 1.77774e+06 1.71063e+06 1.40106e+06
internal_count=22318680 9039107 13279573 8755197 4228468 4810639 4524376 2058079 2440579 2170389 2370060 4028767 1951939 1485024 2560503 1741821 1946088 1963873 1654857 2379711 1389323 1481211 1891164 1785521 1782312 1691441 698758 1777744 1710632 1401061
cat_boundaries=0 1 2 3 82 160 240 316
cat_threshold=39 2 2 8 0 0 2 3221225472 0 16 0 0 0 0 0 0 1048576 0 0 0 655360 0 0 0 0 131072 4224 0 16384 0 1073741888 16 0 32768 0 2 32 0 0 2097152 0 0 33554432 8192 8 32 0 0 0 0 0 0 0 0 0 0 0 0 0 0 0 0 0 0 0 0 0 0 536870944 0 0 524288 0 262144 134217728 1024 0 0 69206016 0 0 1024 0 16777728 0 0 0 1048576 0 32 0 0 0 0 0 0 0 0 8388608 0 0 0 128 134217728 8388608 0 0 0 0 33554432 67108864 0 16777216 0 134217728 0 8388608 64 0 67108992 0 4 32768 0 33554432 268435458 524288 0 0 0 0 0 0 0 0 0 0 0 0 0 0 0 0 0 0 16 0 0 0 512 8388608 0 0 0 570425344 16 0 0 557058 2 0 0 8192 0 65536 0 268435456 0 0 134217728 131072 0 16777216 2147483648 4194304 0 0 262400 0 1 67108864 8 0 0 144 8388608 0 512 0 536870912 0 0 0 0 0 16384 0 0 0 0 0 1073741824 0 0 33554432 0 0 0 0 0 0 0 0 0 0 0 0 0 0 0 0 0 536870912 524288 0 128 2147483648 0 0 0 128 2 16908288 0 32 0 0 0 256 2 131072 536870944 262208 0 0 0 0 0 256 0 2048 0 0 128 2048 0 1048576 0 0 0 0 0 2147483650 0 0 0 0 0 1073742336 1048576 16 0 0 0 524288 0 0 0 67108864 0 0 0 134217732 0 0 0 0 0 0 0 0 0 0 0 0 0 0 0 0 0 0 0 0 8 16826368 0 538968576 0 0 0 0 1056768 134217728 16384 0 4194304
is_linear=0
shrinkage=0.05


Tree=66
num_leaves=31
num_cat=7
split_feature=20 20 20 16 19 20 20 19 6 20 6 1 9 9 19 19 6 6 20 20 20 16 19 0 0 20 19 0 0 19
split_gain=1.35028e+06 163721 136798 41387 21830 19372.5 12941.7 5749.52 4281.89 3940.36 3909.22 3659.95 3029.27 2921.26 2859.13 2365.09 2238.39 2210.54 1913.53 1891.06 1700.91 1674.69 1576.73 1547.35 1563.87 1437.94 1222.32 1125.37 1144.9 1085.4
threshold=0.58911132812500011 1.5893554687500002 0.16070556640625003 1.0000000180025095e-35 2.9287109375000004 0.94653320312500011 0.37500000000000006 0.64282226562500011 2.5000000000000004 3.7324218750000004 2.5000000000000004 0 1 2 0.64282226562500011 0.35705566406250006 2.5000000000000004 2.5000000000000004 1.2319335937500002 0.26782226562500006 2.1601562500000004 0.71020507812500011 0.21423339843750003 3 4 0.76782226562500011 0.21423339843750003 5 6 1.2143554687500002
decision_type=2 2 2 10 2 2 2 2 2 2 2 1 9 9 2 2 2 2 2 2 2 10 2 9 9 2 2 9 9 2
left_child=2 5 3 -1 7 10 14 -3 26 -6 -2 22 -9 -11 19 -10 -14 -8 -17 -4 -18 -15 23 -5 -25 -12 -7 -26 -29 -19
right_child=1 4 6 11 9 8 17 12 15 13 25 -13 16 21 -16 18 20 29 -20 -21 -22 -23 -24 24 27 -27 -28 28 -30 -31
leaf_value=0 0 0 0 0 0 0 0 0 0 0 0 0 0 0 0 0 0 0 0 0 0 0 0 0 0 0 0 0 0 0
leaf_weight=4726430 678619 106140 1307281 3209 685365 23883 562812 5851 86964 3813 927528 2137603 556765 161798 180792 872456 744398 1363199 782401 1072430 644925 1319413 105643 4568 67112 763913 674875 85168 1625464 37862
leaf_count=4726430 678619 106140 1307281 3209 685365 23883 562812 5851 86964 3813 927528 2137603 556765 161798 180792 872456 744398 1363199 782401 1072430 644925 1319413 105643 4568 67112 763913 674875 85168 1625464 37862
internal_value=-0.0305315 -0.015625 -0.0406781 -0.0443261 -0.00844756 -0.0219339 -0.0336186 -0.0121369 -0.0188071 -0.00494917 -0.0251536 -0.0406027 -0.0115206 -0.00350186 -0.0359606 -0.0201336 -0.0114124 -0.0305651 -0.0197112 -0.0364211 -0.0124859 -0.00338914 -0.0389974 -0.0393487 -0.0394111 -0.0264399 -0.0155005 -0.0394863 -0.0392355 -0.0316283
internal_weight=2.23187e+07 9.03911e+06 1.32796e+07 8.7552e+06 4.22847e+06 4.81064e+06 4.52438e+06 2.05808e+06 2.44058e+06 2.17039e+06 2.37006e+06 4.02877e+06 1.95194e+06 1.48502e+06 2.5605e+06 1.74182e+06 1.94609e+06 1.96387e+06 1.65486e+06 2.37971e+06 1.38932e+06 1.48121e+06 1.89116e+06 1.78552e+06 1.78231e+06 1.69144e+06 698758 1.77774e+06 1.71063e+06 1.40106e+06
internal_count=22318680 9039107 13279573 8755197 4228468 4810639 4524376 2058079 2440579 2170389 2370060 4028767 1951939 1485024 2560503 1741821 1946088 1963873 1654857 2379711 1389323 1481211 1891164 1785521 1782312 1691441 698758 1777744 1710632 1401061
cat_boundaries=0 1 2 3 82 160 240 316
cat_threshold=39 2 2 8 0 0 2 3221225472 0 16 0 0 0 0 0 0 1048576 0 0 0 655360 0 0 0 0 131072 4224 0 16384 0 1073741888 16 0 32768 0 2 32 0 0 2097152 0 0 33554432 8192 8 32 0 0 0 0 0 0 0 0 0 0 0 0 0 0 0 0 0 0 0 0 0 0 536870944 0 0 524288 0 262144 134217728 1024 0 0 69206016 0 0 1024 0 16777728 0 0 0 1048576 0 32 0 0 0 0 0 0 0 0 8388608 0 0 0 128 134217728 8388608 0 0 0 0 33554432 67108864 0 16777216 0 134217728 0 8388608 64 0 67108992 0 4 32768 0 33554432 268435458 524288 0 0 0 0 0 0 0 0 0 0 0 0 0 0 0 0 0 0 16 0 0 0 512 8388608 0 0 0 570425344 16 0 0 557058 2 0 0 8192 0 65536 0 268435456 0 0 134217728 131072 0 16777216 2147483648 4194304 0 0 262400 0 1 67108864 8 0 0 144 8388608 0 512 0 536870912 0 0 0 0 0 16384 0 0 0 0 0 1073741824 0 0 33554432 0 0 0 0 0 0 0 0 0 0 0 0 0 0 0 0 0 536870912 524288 0 128 2147483648 0 0 0 128 2 16908288 0 32 0 0 0 256 2 131072 536870944 262208 0 0 0 0 0 256 0 2048 0 0 128 2048 0 1048576 0 0 0 0 0 2147483650 0 0 0 0 0 1073742336 1048576 16 0 0 0 524288 0 0 0 67108864 0 0 0 134217732 0 0 0 0 0 0 0 0 0 0 0 0 0 0 0 0 0 0 0 0 8 16826368 0 538968576 0 0 0 0 1056768 134217728 16384 0 4194304
is_linear=0
shrinkage=0.05


Tree=67
num_leaves=31
num_cat=7
split_feature=20 20 20 16 19 20 20 19 6 20 6 1 9 9 19 19 6 6 20 20 20 16 19 0 0 20 19 0 0 19
split_gain=1.35028e+06 163721 136798 41387 21830 19372.5 12941.7 5749.52 4281.89 3940.36 3909.22 3659.95 3029.27 2921.26 2859.13 2365.09 2238.39 2210.54 1913.53 1891.06 1700.91 1674.69 1576.73 1547.35 1563.87 1437.94 1222.32 1125.37 1144.9 1085.4
threshold=0.58911132812500011 1.5893554687500002 0.16070556640625003 1.0000000180025095e-35 2.9287109375000004 0.94653320312500011 0.37500000000000006 0.64282226562500011 2.5000000000000004 3.7324218750000004 2.5000000000000004 0 1 2 0.64282226562500011 0.35705566406250006 2.5000000000000004 2.5000000000000004 1.2319335937500002 0.26782226562500006 2.1601562500000004 0.71020507812500011 0.21423339843750003 3 4 0.76782226562500011 0.21423339843750003 5 6 1.2143554687500002
decision_type=2 2 2 10 2 2 2 2 2 2 2 1 9 9 2 2 2 2 2 2 2 10 2 9 9 2 2 9 9 2
left_child=2 5 3 -1 7 10 14 -3 26 -6 -2 22 -9 -11 19 -10 -14 -8 -17 -4 -18 -15 23 -5 -25 -12 -7 -26 -29 -19
right_child=1 4 6 11 9 8 17 12 15 13 25 -13 16 21 -16 18 20 29 -20 -21 -22 -23 -24 24 27 -27 -28 28 -30 -31
leaf_value=0 0 0 0 0 0 0 0 0 0 0 0 0 0 0 0 0 0 0 0 0 0 0 0 0 0 0 0 0 0 0
leaf_weight=4726430 678619 106140 1307281 3209 685365 23883 562812 5851 86964 3813 927528 2137603 556765 161798 180792 872456 744398 1363199 782401 1072430 644925 1319413 105643 4568 67112 763913 674875 85168 1625464 37862
leaf_count=4726430 678619 106140 1307281 3209 685365 23883 562812 5851 86964 3813 927528 2137603 556765 161798 180792 872456 744398 1363199 782401 1072430 644925 1319413 105643 4568 67112 763913 674875 85168 1625464 37862
internal_value=-0.0305315 -0.015625 -0.0406781 -0.0443261 -0.00844756 -0.0219339 -0.0336186 -0.0121369 -0.0188071 -0.00494917 -0.0251536 -0.0406027 -0.0115206 -0.00350186 -0.0359606 -0.0201336 -0.0114124 -0.0305651 -0.0197112 -0.0364211 -0.0124859 -0.00338914 -0.0389974 -0.0393487 -0.0394111 -0.0264399 -0.0155005 -0.0394863 -0.0392355 -0.0316283
internal_weight=2.23187e+07 9.03911e+06 1.32796e+07 8.7552e+06 4.22847e+06 4.81064e+06 4.52438e+06 2.05808e+06 2.44058e+06 2.17039e+06 2.37006e+06 4.02877e+06 1.95194e+06 1.48502e+06 2.5605e+06 1.74182e+06 1.94609e+06 1.96387e+06 1.65486e+06 2.37971e+06 1.38932e+06 1.48121e+06 1.89116e+06 1.78552e+06 1.78231e+06 1.69144e+06 698758 1.77774e+06 1.71063e+06 1.40106e+06
internal_count=22318680 9039107 13279573 8755197 4228468 4810639 4524376 2058079 2440579 2170389 2370060 4028767 1951939 1485024 2560503 1741821 1946088 1963873 1654857 2379711 1389323 1481211 1891164 1785521 1782312 1691441 698758 1777744 1710632 1401061
cat_boundaries=0 1 2 3 82 160 240 316
cat_threshold=39 2 2 8 0 0 2 3221225472 0 16 0 0 0 0 0 0 1048576 0 0 0 655360 0 0 0 0 131072 4224 0 16384 0 1073741888 16 0 32768 0 2 32 0 0 2097152 0 0 33554432 8192 8 32 0 0 0 0 0 0 0 0 0 0 0 0 0 0 0 0 0 0 0 0 0 0 536870944 0 0 524288 0 262144 134217728 1024 0 0 69206016 0 0 1024 0 16777728 0 0 0 1048576 0 32 0 0 0 0 0 0 0 0 8388608 0 0 0 128 134217728 8388608 0 0 0 0 33554432 67108864 0 16777216 0 134217728 0 8388608 64 0 67108992 0 4 32768 0 33554432 268435458 524288 0 0 0 0 0 0 0 0 0 0 0 0 0 0 0 0 0 0 16 0 0 0 512 8388608 0 0 0 570425344 16 0 0 557058 2 0 0 8192 0 65536 0 268435456 0 0 134217728 131072 0 16777216 2147483648 4194304 0 0 262400 0 1 67108864 8 0 0 144 8388608 0 512 0 536870912 0 0 0 0 0 16384 0 0 0 0 0 1073741824 0 0 33554432 0 0 0 0 0 0 0 0 0 0 0 0 0 0 0 0 0 536870912 524288 0 128 2147483648 0 0 0 128 2 16908288 0 32 0 0 0 256 2 131072 536870944 262208 0 0 0 0 0 256 0 2048 0 0 128 2048 0 1048576 0 0 0 0 0 2147483650 0 0 0 0 0 1073742336 1048576 16 0 0 0 524288 0 0 0 67108864 0 0 0 134217732 0 0 0 0 0 0 0 0 0 0 0 0 0 0 0 0 0 0 0 0 8 16826368 0 538968576 0 0 0 0 1056768 134217728 16384 0 4194304
is_linear=0
shrinkage=0.05


Tree=68
num_leaves=31
num_cat=7
split_feature=20 20 20 16 19 20 20 19 6 20 6 1 9 9 19 19 6 6 20 20 20 16 19 0 0 20 19 0 0 19
split_gain=1.35028e+06 163721 136798 41387 21830 19372.5 12941.7 5749.52 4281.89 3940.36 3909.22 3659.95 3029.27 2921.26 2859.13 2365.09 2238.39 2210.54 1913.53 1891.06 1700.91 1674.69 1576.73 1547.35 1563.87 1437.94 1222.32 1125.37 1144.9 1085.4
threshold=0.58911132812500011 1.5893554687500002 0.16070556640625003 1.0000000180025095e-35 2.9287109375000004 0.94653320312500011 0.37500000000000006 0.64282226562500011 2.5000000000000004 3.7324218750000004 2.5000000000000004 0 1 2 0.64282226562500011 0.35705566406250006 2.5000000000000004 2.5000000000000004 1.2319335937500002 0.26782226562500006 2.1601562500000004 0.71020507812500011 0.21423339843750003 3 4 0.76782226562500011 0.21423339843750003 5 6 1.2143554687500002
decision_type=2 2 2 10 2 2 2 2 2 2 2 1 9 9 2 2 2 2 2 2 2 10 2 9 9 2 2 9 9 2
left_child=2 5 3 -1 7 10 14 -3 26 -6 -2 22 -9 -11 19 -10 -14 -8 -17 -4 -18 -15 23 -5 -25 -12 -7 -26 -29 -19
right_child=1 4 6 11 9 8 17 12 15 13 25 -13 16 21 -16 18 20 29 -20 -21 -22 -23 -24 24 27 -27 -28 28 -30 -31
leaf_value=0 0 0 0 0 0 0 0 0 0 0 0 0 0 0 0 0 0 0 0 0 0 0 0 0 0 0 0 0 0 0
leaf_weight=4726430 678619 106140 1307281 3209 685365 23883 562812 5851 86964 3813 927528 2137603 556765 161798 180792 872456 744398 1363199 782401 1072430 644925 1319413 105643 4568 67112 763913 674875 85168 1625464 37862
leaf_count=4726430 678619 106140 1307281 3209 685365 23883 562812 5851 86964 3813 927528 2137603 556765 161798 180792 872456 744398 1363199 782401 1072430 644925 1319413 105643 4568 67112 763913 674875 85168 1625464 37862
internal_value=-0.0305315 -0.015625 -0.0406781 -0.0443261 -0.00844756 -0.0219339 -0.0336186 -0.0121369 -0.0188071 -0.00494917 -0.0251536 -0.0406027 -0.0115206 -0.00350186 -0.0359606 -0.0201336 -0.0114124 -0.0305651 -0.0197112 -0.0364211 -0.0124859 -0.00338914 -0.0389974 -0.0393487 -0.0394111 -0.0264399 -0.0155005 -0.0394863 -0.0392355 -0.0316283
internal_weight=2.23187e+07 9.03911e+06 1.32796e+07 8.7552e+06 4.22847e+06 4.81064e+06 4.52438e+06 2.05808e+06 2.44058e+06 2.17039e+06 2.37006e+06 4.02877e+06 1.95194e+06 1.48502e+06 2.5605e+06 1.74182e+06 1.94609e+06 1.96387e+06 1.65486e+06 2.37971e+06 1.38932e+06 1.48121e+06 1.89116e+06 1.78552e+06 1.78231e+06 1.69144e+06 698758 1.77774e+06 1.71063e+06 1.40106e+06
internal_count=22318680 9039107 13279573 8755197 4228468 4810639 4524376 2058079 2440579 2170389 2370060 4028767 1951939 1485024 2560503 1741821 1946088 1963873 1654857 2379711 1389323 1481211 1891164 1785521 1782312 1691441 698758 1777744 1710632 1401061
cat_boundaries=0 1 2 3 82 160 240 316
cat_threshold=39 2 2 8 0 0 2 3221225472 0 16 0 0 0 0 0 0 1048576 0 0 0 655360 0 0 0 0 131072 4224 0 16384 0 1073741888 16 0 32768 0 2 32 0 0 2097152 0 0 33554432 8192 8 32 0 0 0 0 0 0 0 0 0 0 0 0 0 0 0 0 0 0 0 0 0 0 536870944 0 0 524288 0 262144 134217728 1024 0 0 69206016 0 0 1024 0 16777728 0 0 0 1048576 0 32 0 0 0 0 0 0 0 0 8388608 0 0 0 128 134217728 8388608 0 0 0 0 33554432 67108864 0 16777216 0 134217728 0 8388608 64 0 67108992 0 4 32768 0 33554432 268435458 524288 0 0 0 0 0 0 0 0 0 0 0 0 0 0 0 0 0 0 16 0 0 0 512 8388608 0 0 0 570425344 16 0 0 557058 2 0 0 8192 0 65536 0 268435456 0 0 134217728 131072 0 16777216 2147483648 4194304 0 0 262400 0 1 67108864 8 0 0 144 8388608 0 512 0 536870912 0 0 0 0 0 16384 0 0 0 0 0 1073741824 0 0 33554432 0 0 0 0 0 0 0 0 0 0 0 0 0 0 0 0 0 536870912 524288 0 128 2147483648 0 0 0 128 2 16908288 0 32 0 0 0 256 2 131072 536870944 262208 0 0 0 0 0 256 0 2048 0 0 128 2048 0 1048576 0 0 0 0 0 2147483650 0 0 0 0 0 1073742336 1048576 16 0 0 0 524288 0 0 0 67108864 0 0 0 134217732 0 0 0 0 0 0 0 0 0 0 0 0 0 0 0 0 0 0 0 0 8 16826368 0 538968576 0 0 0 0 1056768 134217728 16384 0 4194304
is_linear=0
shrinkage=0.05


Tree=69
num_leaves=31
num_cat=7
split_feature=20 20 20 16 19 20 20 19 6 20 6 1 9 9 19 19 6 6 20 20 20 16 19 0 0 20 19 0 0 19
split_gain=1.35028e+06 163721 136798 41387 21830 19372.5 12941.7 5749.52 4281.89 3940.36 3909.22 3659.95 3029.27 2921.26 2859.13 2365.09 2238.39 2210.54 1913.53 1891.06 1700.91 1674.69 1576.73 1547.35 1563.87 1437.94 1222.32 1125.37 1144.9 1085.4
threshold=0.58911132812500011 1.5893554687500002 0.16070556640625003 1.0000000180025095e-35 2.9287109375000004 0.94653320312500011 0.37500000000000006 0.64282226562500011 2.5000000000000004 3.7324218750000004 2.5000000000000004 0 1 2 0.64282226562500011 0.35705566406250006 2.5000000000000004 2.5000000000000004 1.2319335937500002 0.26782226562500006 2.1601562500000004 0.71020507812500011 0.21423339843750003 3 4 0.76782226562500011 0.21423339843750003 5 6 1.2143554687500002
decision_type=2 2 2 10 2 2 2 2 2 2 2 1 9 9 2 2 2 2 2 2 2 10 2 9 9 2 2 9 9 2
left_child=2 5 3 -1 7 10 14 -3 26 -6 -2 22 -9 -11 19 -10 -14 -8 -17 -4 -18 -15 23 -5 -25 -12 -7 -26 -29 -19
right_child=1 4 6 11 9 8 17 12 15 13 25 -13 16 21 -16 18 20 29 -20 -21 -22 -23 -24 24 27 -27 -28 28 -30 -31
leaf_value=0 0 0 0 0 0 0 0 0 0 0 0 0 0 0 0 0 0 0 0 0 0 0 0 0 0 0 0 0 0 0
leaf_weight=4726430 678619 106140 1307281 3209 685365 23883 562812 5851 86964 3813 927528 2137603 556765 161798 180792 872456 744398 1363199 782401 1072430 644925 1319413 105643 4568 67112 763913 674875 85168 1625464 37862
leaf_count=4726430 678619 106140 1307281 3209 685365 23883 562812 5851 86964 3813 927528 2137603 556765 161798 180792 872456 744398 1363199 782401 1072430 644925 1319413 105643 4568 67112 763913 674875 85168 1625464 37862
internal_value=-0.0305315 -0.015625 -0.0406781 -0.0443261 -0.00844756 -0.0219339 -0.0336186 -0.0121369 -0.0188071 -0.00494917 -0.0251536 -0.0406027 -0.0115206 -0.00350186 -0.0359606 -0.0201336 -0.0114124 -0.0305651 -0.0197112 -0.0364211 -0.0124859 -0.00338914 -0.0389974 -0.0393487 -0.0394111 -0.0264399 -0.0155005 -0.0394863 -0.0392355 -0.0316283
internal_weight=2.23187e+07 9.03911e+06 1.32796e+07 8.7552e+06 4.22847e+06 4.81064e+06 4.52438e+06 2.05808e+06 2.44058e+06 2.17039e+06 2.37006e+06 4.02877e+06 1.95194e+06 1.48502e+06 2.5605e+06 1.74182e+06 1.94609e+06 1.96387e+06 1.65486e+06 2.37971e+06 1.38932e+06 1.48121e+06 1.89116e+06 1.78552e+06 1.78231e+06 1.69144e+06 698758 1.77774e+06 1.71063e+06 1.40106e+06
internal_count=22318680 9039107 13279573 8755197 4228468 4810639 4524376 2058079 2440579 2170389 2370060 4028767 1951939 1485024 2560503 1741821 1946088 1963873 1654857 2379711 1389323 1481211 1891164 1785521 1782312 1691441 698758 1777744 1710632 1401061
cat_boundaries=0 1 2 3 82 160 240 316
cat_threshold=39 2 2 8 0 0 2 3221225472 0 16 0 0 0 0 0 0 1048576 0 0 0 655360 0 0 0 0 131072 4224 0 16384 0 1073741888 16 0 32768 0 2 32 0 0 2097152 0 0 33554432 8192 8 32 0 0 0 0 0 0 0 0 0 0 0 0 0 0 0 0 0 0 0 0 0 0 536870944 0 0 524288 0 262144 134217728 1024 0 0 69206016 0 0 1024 0 16777728 0 0 0 1048576 0 32 0 0 0 0 0 0 0 0 8388608 0 0 0 128 134217728 8388608 0 0 0 0 33554432 67108864 0 16777216 0 134217728 0 8388608 64 0 67108992 0 4 32768 0 33554432 268435458 524288 0 0 0 0 0 0 0 0 0 0 0 0 0 0 0 0 0 0 16 0 0 0 512 8388608 0 0 0 570425344 16 0 0 557058 2 0 0 8192 0 65536 0 268435456 0 0 134217728 131072 0 16777216 2147483648 4194304 0 0 262400 0 1 67108864 8 0 0 144 8388608 0 512 0 536870912 0 0 0 0 0 16384 0 0 0 0 0 1073741824 0 0 33554432 0 0 0 0 0 0 0 0 0 0 0 0 0 0 0 0 0 536870912 524288 0 128 2147483648 0 0 0 128 2 16908288 0 32 0 0 0 256 2 131072 536870944 262208 0 0 0 0 0 256 0 2048 0 0 128 2048 0 1048576 0 0 0 0 0 2147483650 0 0 0 0 0 1073742336 1048576 16 0 0 0 524288 0 0 0 67108864 0 0 0 134217732 0 0 0 0 0 0 0 0 0 0 0 0 0 0 0 0 0 0 0 0 8 16826368 0 538968576 0 0 0 0 1056768 134217728 16384 0 4194304
is_linear=0
shrinkage=0.05


Tree=70
num_leaves=31
num_cat=7
split_feature=20 20 20 16 19 20 20 19 6 20 6 1 9 9 19 19 6 6 20 20 20 16 19 0 0 20 19 0 0 19
split_gain=1.35028e+06 163721 136798 41387 21830 19372.5 12941.7 5749.52 4281.89 3940.36 3909.22 3659.95 3029.27 2921.26 2859.13 2365.09 2238.39 2210.54 1913.53 1891.06 1700.91 1674.69 1576.73 1547.35 1563.87 1437.94 1222.32 1125.37 1144.9 1085.4
threshold=0.58911132812500011 1.5893554687500002 0.16070556640625003 1.0000000180025095e-35 2.9287109375000004 0.94653320312500011 0.37500000000000006 0.64282226562500011 2.5000000000000004 3.7324218750000004 2.5000000000000004 0 1 2 0.64282226562500011 0.35705566406250006 2.5000000000000004 2.5000000000000004 1.2319335937500002 0.26782226562500006 2.1601562500000004 0.71020507812500011 0.21423339843750003 3 4 0.76782226562500011 0.21423339843750003 5 6 1.2143554687500002
decision_type=2 2 2 10 2 2 2 2 2 2 2 1 9 9 2 2 2 2 2 2 2 10 2 9 9 2 2 9 9 2
left_child=2 5 3 -1 7 10 14 -3 26 -6 -2 22 -9 -11 19 -10 -14 -8 -17 -4 -18 -15 23 -5 -25 -12 -7 -26 -29 -19
right_child=1 4 6 11 9 8 17 12 15 13 25 -13 16 21 -16 18 20 29 -20 -21 -22 -23 -24 24 27 -27 -28 28 -30 -31
leaf_value=0 0 0 0 0 0 0 0 0 0 0 0 0 0 0 0 0 0 0 0 0 0 0 0 0 0 0 0 0 0 0
leaf_weight=4726430 678619 106140 1307281 3209 685365 23883 562812 5851 86964 3813 927528 2137603 556765 161798 180792 872456 744398 1363199 782401 1072430 644925 1319413 105643 4568 67112 763913 674875 85168 1625464 37862
leaf_count=4726430 678619 106140 1307281 3209 685365 23883 562812 5851 86964 3813 927528 2137603 556765 161798 180792 872456 744398 1363199 782401 1072430 644925 1319413 105643 4568 67112 763913 674875 85168 1625464 37862
internal_value=-0.0305315 -0.015625 -0.0406781 -0.0443261 -0.00844756 -0.0219339 -0.0336186 -0.0121369 -0.0188071 -0.00494917 -0.0251536 -0.0406027 -0.0115206 -0.00350186 -0.0359606 -0.0201336 -0.0114124 -0.0305651 -0.0197112 -0.0364211 -0.0124859 -0.00338914 -0.0389974 -0.0393487 -0.0394111 -0.0264399 -0.0155005 -0.0394863 -0.0392355 -0.0316283
internal_weight=2.23187e+07 9.03911e+06 1.32796e+07 8.7552e+06 4.22847e+06 4.81064e+06 4.52438e+06 2.05808e+06 2.44058e+06 2.17039e+06 2.37006e+06 4.02877e+06 1.95194e+06 1.48502e+06 2.5605e+06 1.74182e+06 1.94609e+06 1.96387e+06 1.65486e+06 2.37971e+06 1.38932e+06 1.48121e+06 1.89116e+06 1.78552e+06 1.78231e+06 1.69144e+06 698758 1.77774e+06 1.71063e+06 1.40106e+06
internal_count=22318680 9039107 13279573 8755197 4228468 4810639 4524376 2058079 2440579 2170389 2370060 4028767 1951939 1485024 2560503 1741821 1946088 1963873 1654857 2379711 1389323 1481211 1891164 1785521 1782312 1691441 698758 1777744 1710632 1401061
cat_boundaries=0 1 2 3 82 160 240 316
cat_threshold=39 2 2 8 0 0 2 3221225472 0 16 0 0 0 0 0 0 1048576 0 0 0 655360 0 0 0 0 131072 4224 0 16384 0 1073741888 16 0 32768 0 2 32 0 0 2097152 0 0 33554432 8192 8 32 0 0 0 0 0 0 0 0 0 0 0 0 0 0 0 0 0 0 0 0 0 0 536870944 0 0 524288 0 262144 134217728 1024 0 0 69206016 0 0 1024 0 16777728 0 0 0 1048576 0 32 0 0 0 0 0 0 0 0 8388608 0 0 0 128 134217728 8388608 0 0 0 0 33554432 67108864 0 16777216 0 134217728 0 8388608 64 0 67108992 0 4 32768 0 33554432 268435458 524288 0 0 0 0 0 0 0 0 0 0 0 0 0 0 0 0 0 0 16 0 0 0 512 8388608 0 0 0 570425344 16 0 0 557058 2 0 0 8192 0 65536 0 268435456 0 0 134217728 131072 0 16777216 2147483648 4194304 0 0 262400 0 1 67108864 8 0 0 144 8388608 0 512 0 536870912 0 0 0 0 0 16384 0 0 0 0 0 1073741824 0 0 33554432 0 0 0 0 0 0 0 0 0 0 0 0 0 0 0 0 0 536870912 524288 0 128 2147483648 0 0 0 128 2 16908288 0 32 0 0 0 256 2 131072 536870944 262208 0 0 0 0 0 256 0 2048 0 0 128 2048 0 1048576 0 0 0 0 0 2147483650 0 0 0 0 0 1073742336 1048576 16 0 0 0 524288 0 0 0 67108864 0 0 0 134217732 0 0 0 0 0 0 0 0 0 0 0 0 0 0 0 0 0 0 0 0 8 16826368 0 538968576 0 0 0 0 1056768 134217728 16384 0 4194304
is_linear=0
shrinkage=0.05


Tree=71
num_leaves=31
num_cat=7
split_feature=20 20 20 16 19 20 20 19 6 20 6 1 9 9 19 19 6 6 20 20 20 16 19 0 0 20 19 0 0 19
split_gain=1.35028e+06 163721 136798 41387 21830 19372.5 12941.7 5749.52 4281.89 3940.36 3909.22 3659.95 3029.27 2921.26 2859.13 2365.09 2238.39 2210.54 1913.53 1891.06 1700.91 1674.69 1576.73 1547.35 1563.87 1437.94 1222.32 1125.37 1144.9 1085.4
threshold=0.58911132812500011 1.5893554687500002 0.16070556640625003 1.0000000180025095e-35 2.9287109375000004 0.94653320312500011 0.37500000000000006 0.64282226562500011 2.5000000000000004 3.7324218750000004 2.5000000000000004 0 1 2 0.64282226562500011 0.35705566406250006 2.5000000000000004 2.5000000000000004 1.2319335937500002 0.26782226562500006 2.1601562500000004 0.71020507812500011 0.21423339843750003 3 4 0.76782226562500011 0.21423339843750003 5 6 1.2143554687500002
decision_type=2 2 2 10 2 2 2 2 2 2 2 1 9 9 2 2 2 2 2 2 2 10 2 9 9 2 2 9 9 2
left_child=2 5 3 -1 7 10 14 -3 26 -6 -2 22 -9 -11 19 -10 -14 -8 -17 -4 -18 -15 23 -5 -25 -12 -7 -26 -29 -19
right_child=1 4 6 11 9 8 17 12 15 13 25 -13 16 21 -16 18 20 29 -20 -21 -22 -23 -24 24 27 -27 -28 28 -30 -31
leaf_value=0 0 0 0 0 0 0 0 0 0 0 0 0 0 0 0 0 0 0 0 0 0 0 0 0 0 0 0 0 0 0
leaf_weight=4726430 678619 106140 1307281 3209 685365 23883 562812 5851 86964 3813 927528 2137603 556765 161798 180792 872456 744398 1363199 782401 1072430 644925 1319413 105643 4568 67112 763913 674875 85168 1625464 37862
leaf_count=4726430 678619 106140 1307281 3209 685365 23883 562812 5851 86964 3813 927528 2137603 556765 161798 180792 872456 744398 1363199 782401 1072430 644925 1319413 105643 4568 67112 763913 674875 85168 1625464 37862
internal_value=-0.0305315 -0.015625 -0.0406781 -0.0443261 -0.00844756 -0.0219339 -0.0336186 -0.0121369 -0.0188071 -0.00494917 -0.0251536 -0.0406027 -0.0115206 -0.00350186 -0.0359606 -0.0201336 -0.0114124 -0.0305651 -0.0197112 -0.0364211 -0.0124859 -0.00338914 -0.0389974 -0.0393487 -0.0394111 -0.0264399 -0.0155005 -0.0394863 -0.0392355 -0.0316283
internal_weight=2.23187e+07 9.03911e+06 1.32796e+07 8.7552e+06 4.22847e+06 4.81064e+06 4.52438e+06 2.05808e+06 2.44058e+06 2.17039e+06 2.37006e+06 4.02877e+06 1.95194e+06 1.48502e+06 2.5605e+06 1.74182e+06 1.94609e+06 1.96387e+06 1.65486e+06 2.37971e+06 1.38932e+06 1.48121e+06 1.89116e+06 1.78552e+06 1.78231e+06 1.69144e+06 698758 1.77774e+06 1.71063e+06 1.40106e+06
internal_count=22318680 9039107 13279573 8755197 4228468 4810639 4524376 2058079 2440579 2170389 2370060 4028767 1951939 1485024 2560503 1741821 1946088 1963873 1654857 2379711 1389323 1481211 1891164 1785521 1782312 1691441 698758 1777744 1710632 1401061
cat_boundaries=0 1 2 3 82 160 240 316
cat_threshold=39 2 2 8 0 0 2 3221225472 0 16 0 0 0 0 0 0 1048576 0 0 0 655360 0 0 0 0 131072 4224 0 16384 0 1073741888 16 0 32768 0 2 32 0 0 2097152 0 0 33554432 8192 8 32 0 0 0 0 0 0 0 0 0 0 0 0 0 0 0 0 0 0 0 0 0 0 536870944 0 0 524288 0 262144 134217728 1024 0 0 69206016 0 0 1024 0 16777728 0 0 0 1048576 0 32 0 0 0 0 0 0 0 0 8388608 0 0 0 128 134217728 8388608 0 0 0 0 33554432 67108864 0 16777216 0 134217728 0 8388608 64 0 67108992 0 4 32768 0 33554432 268435458 524288 0 0 0 0 0 0 0 0 0 0 0 0 0 0 0 0 0 0 16 0 0 0 512 8388608 0 0 0 570425344 16 0 0 557058 2 0 0 8192 0 65536 0 268435456 0 0 134217728 131072 0 16777216 2147483648 4194304 0 0 262400 0 1 67108864 8 0 0 144 8388608 0 512 0 536870912 0 0 0 0 0 16384 0 0 0 0 0 1073741824 0 0 33554432 0 0 0 0 0 0 0 0 0 0 0 0 0 0 0 0 0 536870912 524288 0 128 2147483648 0 0 0 128 2 16908288 0 32 0 0 0 256 2 131072 536870944 262208 0 0 0 0 0 256 0 2048 0 0 128 2048 0 1048576 0 0 0 0 0 2147483650 0 0 0 0 0 1073742336 1048576 16 0 0 0 524288 0 0 0 67108864 0 0 0 134217732 0 0 0 0 0 0 0 0 0 0 0 0 0 0 0 0 0 0 0 0 8 16826368 0 538968576 0 0 0 0 1056768 134217728 16384 0 4194304
is_linear=0
shrinkage=0.05


Tree=72
num_leaves=31
num_cat=7
split_feature=20 20 20 16 19 20 20 19 6 20 6 1 9 9 19 19 6 6 20 20 20 16 19 0 0 20 19 0 0 19
split_gain=1.35028e+06 163721 136798 41387 21830 19372.5 12941.7 5749.52 4281.89 3940.36 3909.22 3659.95 3029.27 2921.26 2859.13 2365.09 2238.39 2210.54 1913.53 1891.06 1700.91 1674.69 1576.73 1547.35 1563.87 1437.94 1222.32 1125.37 1144.9 1085.4
threshold=0.58911132812500011 1.5893554687500002 0.16070556640625003 1.0000000180025095e-35 2.9287109375000004 0.94653320312500011 0.37500000000000006 0.64282226562500011 2.5000000000000004 3.7324218750000004 2.5000000000000004 0 1 2 0.64282226562500011 0.35705566406250006 2.5000000000000004 2.5000000000000004 1.2319335937500002 0.26782226562500006 2.1601562500000004 0.71020507812500011 0.21423339843750003 3 4 0.76782226562500011 0.21423339843750003 5 6 1.2143554687500002
decision_type=2 2 2 10 2 2 2 2 2 2 2 1 9 9 2 2 2 2 2 2 2 10 2 9 9 2 2 9 9 2
left_child=2 5 3 -1 7 10 14 -3 26 -6 -2 22 -9 -11 19 -10 -14 -8 -17 -4 -18 -15 23 -5 -25 -12 -7 -26 -29 -19
right_child=1 4 6 11 9 8 17 12 15 13 25 -13 16 21 -16 18 20 29 -20 -21 -22 -23 -24 24 27 -27 -28 28 -30 -31
leaf_value=0 0 0 0 0 0 0 0 0 0 0 0 0 0 0 0 0 0 0 0 0 0 0 0 0 0 0 0 0 0 0
leaf_weight=4726430 678619 106140 1307281 3209 685365 23883 562812 5851 86964 3813 927528 2137603 556765 161798 180792 872456 744398 1363199 782401 1072430 644925 1319413 105643 4568 67112 763913 674875 85168 1625464 37862
leaf_count=4726430 678619 106140 1307281 3209 685365 23883 562812 5851 86964 3813 927528 2137603 556765 161798 180792 872456 744398 1363199 782401 1072430 644925 1319413 105643 4568 67112 763913 674875 85168 1625464 37862
internal_value=-0.0305315 -0.015625 -0.0406781 -0.0443261 -0.00844756 -0.0219339 -0.0336186 -0.0121369 -0.0188071 -0.00494917 -0.0251536 -0.0406027 -0.0115206 -0.00350186 -0.0359606 -0.0201336 -0.0114124 -0.0305651 -0.0197112 -0.0364211 -0.0124859 -0.00338914 -0.0389974 -0.0393487 -0.0394111 -0.0264399 -0.0155005 -0.0394863 -0.0392355 -0.0316283
internal_weight=2.23187e+07 9.03911e+06 1.32796e+07 8.7552e+06 4.22847e+06 4.81064e+06 4.52438e+06 2.05808e+06 2.44058e+06 2.17039e+06 2.37006e+06 4.02877e+06 1.95194e+06 1.48502e+06 2.5605e+06 1.74182e+06 1.94609e+06 1.96387e+06 1.65486e+06 2.37971e+06 1.38932e+06 1.48121e+06 1.89116e+06 1.78552e+06 1.78231e+06 1.69144e+06 698758 1.77774e+06 1.71063e+06 1.40106e+06
internal_count=22318680 9039107 13279573 8755197 4228468 4810639 4524376 2058079 2440579 2170389 2370060 4028767 1951939 1485024 2560503 1741821 1946088 1963873 1654857 2379711 1389323 1481211 1891164 1785521 1782312 1691441 698758 1777744 1710632 1401061
cat_boundaries=0 1 2 3 82 160 240 316
cat_threshold=39 2 2 8 0 0 2 3221225472 0 16 0 0 0 0 0 0 1048576 0 0 0 655360 0 0 0 0 131072 4224 0 16384 0 1073741888 16 0 32768 0 2 32 0 0 2097152 0 0 33554432 8192 8 32 0 0 0 0 0 0 0 0 0 0 0 0 0 0 0 0 0 0 0 0 0 0 536870944 0 0 524288 0 262144 134217728 1024 0 0 69206016 0 0 1024 0 16777728 0 0 0 1048576 0 32 0 0 0 0 0 0 0 0 8388608 0 0 0 128 134217728 8388608 0 0 0 0 33554432 67108864 0 16777216 0 134217728 0 8388608 64 0 67108992 0 4 32768 0 33554432 268435458 524288 0 0 0 0 0 0 0 0 0 0 0 0 0 0 0 0 0 0 16 0 0 0 512 8388608 0 0 0 570425344 16 0 0 557058 2 0 0 8192 0 65536 0 268435456 0 0 134217728 131072 0 16777216 2147483648 4194304 0 0 262400 0 1 67108864 8 0 0 144 8388608 0 512 0 536870912 0 0 0 0 0 16384 0 0 0 0 0 1073741824 0 0 33554432 0 0 0 0 0 0 0 0 0 0 0 0 0 0 0 0 0 536870912 524288 0 128 2147483648 0 0 0 128 2 16908288 0 32 0 0 0 256 2 131072 536870944 262208 0 0 0 0 0 256 0 2048 0 0 128 2048 0 1048576 0 0 0 0 0 2147483650 0 0 0 0 0 1073742336 1048576 16 0 0 0 524288 0 0 0 67108864 0 0 0 134217732 0 0 0 0 0 0 0 0 0 0 0 0 0 0 0 0 0 0 0 0 8 16826368 0 538968576 0 0 0 0 1056768 134217728 16384 0 4194304
is_linear=0
shrinkage=0.05


Tree=73
num_leaves=31
num_cat=7
split_feature=20 20 20 16 19 20 20 19 6 20 6 1 9 9 19 19 6 6 20 20 20 16 19 0 0 20 19 0 0 19
split_gain=1.35028e+06 163721 136798 41387 21830 19372.5 12941.7 5749.52 4281.89 3940.36 3909.22 3659.95 3029.27 2921.26 2859.13 2365.09 2238.39 2210.54 1913.53 1891.06 1700.91 1674.69 1576.73 1547.35 1563.87 1437.94 1222.32 1125.37 1144.9 1085.4
threshold=0.58911132812500011 1.5893554687500002 0.16070556640625003 1.0000000180025095e-35 2.9287109375000004 0.94653320312500011 0.37500000000000006 0.64282226562500011 2.5000000000000004 3.7324218750000004 2.5000000000000004 0 1 2 0.64282226562500011 0.35705566406250006 2.5000000000000004 2.5000000000000004 1.2319335937500002 0.26782226562500006 2.1601562500000004 0.71020507812500011 0.21423339843750003 3 4 0.76782226562500011 0.21423339843750003 5 6 1.2143554687500002
decision_type=2 2 2 10 2 2 2 2 2 2 2 1 9 9 2 2 2 2 2 2 2 10 2 9 9 2 2 9 9 2
left_child=2 5 3 -1 7 10 14 -3 26 -6 -2 22 -9 -11 19 -10 -14 -8 -17 -4 -18 -15 23 -5 -25 -12 -7 -26 -29 -19
right_child=1 4 6 11 9 8 17 12 15 13 25 -13 16 21 -16 18 20 29 -20 -21 -22 -23 -24 24 27 -27 -28 28 -30 -31
leaf_value=0 0 0 0 0 0 0 0 0 0 0 0 0 0 0 0 0 0 0 0 0 0 0 0 0 0 0 0 0 0 0
leaf_weight=4726430 678619 106140 1307281 3209 685365 23883 562812 5851 86964 3813 927528 2137603 556765 161798 180792 872456 744398 1363199 782401 1072430 644925 1319413 105643 4568 67112 763913 674875 85168 1625464 37862
leaf_count=4726430 678619 106140 1307281 3209 685365 23883 562812 5851 86964 3813 927528 2137603 556765 161798 180792 872456 744398 1363199 782401 1072430 644925 1319413 105643 4568 67112 763913 674875 85168 1625464 37862
internal_value=-0.0305315 -0.015625 -0.0406781 -0.0443261 -0.00844756 -0.0219339 -0.0336186 -0.0121369 -0.0188071 -0.00494917 -0.0251536 -0.0406027 -0.0115206 -0.00350186 -0.0359606 -0.0201336 -0.0114124 -0.0305651 -0.0197112 -0.0364211 -0.0124859 -0.00338914 -0.0389974 -0.0393487 -0.0394111 -0.0264399 -0.0155005 -0.0394863 -0.0392355 -0.0316283
internal_weight=2.23187e+07 9.03911e+06 1.32796e+07 8.7552e+06 4.22847e+06 4.81064e+06 4.52438e+06 2.05808e+06 2.44058e+06 2.17039e+06 2.37006e+06 4.02877e+06 1.95194e+06 1.48502e+06 2.5605e+06 1.74182e+06 1.94609e+06 1.96387e+06 1.65486e+06 2.37971e+06 1.38932e+06 1.48121e+06 1.89116e+06 1.78552e+06 1.78231e+06 1.69144e+06 698758 1.77774e+06 1.71063e+06 1.40106e+06
internal_count=22318680 9039107 13279573 8755197 4228468 4810639 4524376 2058079 2440579 2170389 2370060 4028767 1951939 1485024 2560503 1741821 1946088 1963873 1654857 2379711 1389323 1481211 1891164 1785521 1782312 1691441 698758 1777744 1710632 1401061
cat_boundaries=0 1 2 3 82 160 240 316
cat_threshold=39 2 2 8 0 0 2 3221225472 0 16 0 0 0 0 0 0 1048576 0 0 0 655360 0 0 0 0 131072 4224 0 16384 0 1073741888 16 0 32768 0 2 32 0 0 2097152 0 0 33554432 8192 8 32 0 0 0 0 0 0 0 0 0 0 0 0 0 0 0 0 0 0 0 0 0 0 536870944 0 0 524288 0 262144 134217728 1024 0 0 69206016 0 0 1024 0 16777728 0 0 0 1048576 0 32 0 0 0 0 0 0 0 0 8388608 0 0 0 128 134217728 8388608 0 0 0 0 33554432 67108864 0 16777216 0 134217728 0 8388608 64 0 67108992 0 4 32768 0 33554432 268435458 524288 0 0 0 0 0 0 0 0 0 0 0 0 0 0 0 0 0 0 16 0 0 0 512 8388608 0 0 0 570425344 16 0 0 557058 2 0 0 8192 0 65536 0 268435456 0 0 134217728 131072 0 16777216 2147483648 4194304 0 0 262400 0 1 67108864 8 0 0 144 8388608 0 512 0 536870912 0 0 0 0 0 16384 0 0 0 0 0 1073741824 0 0 33554432 0 0 0 0 0 0 0 0 0 0 0 0 0 0 0 0 0 536870912 524288 0 128 2147483648 0 0 0 128 2 16908288 0 32 0 0 0 256 2 131072 536870944 262208 0 0 0 0 0 256 0 2048 0 0 128 2048 0 1048576 0 0 0 0 0 2147483650 0 0 0 0 0 1073742336 1048576 16 0 0 0 524288 0 0 0 67108864 0 0 0 134217732 0 0 0 0 0 0 0 0 0 0 0 0 0 0 0 0 0 0 0 0 8 16826368 0 538968576 0 0 0 0 1056768 134217728 16384 0 4194304
is_linear=0
shrinkage=0.05


Tree=74
num_leaves=31
num_cat=7
split_feature=20 20 20 16 19 20 20 19 6 20 6 1 9 9 19 19 6 6 20 20 20 16 19 0 0 20 19 0 0 19
split_gain=1.35028e+06 163721 136798 41387 21830 19372.5 12941.7 5749.52 4281.89 3940.36 3909.22 3659.95 3029.27 2921.26 2859.13 2365.09 2238.39 2210.54 1913.53 1891.06 1700.91 1674.69 1576.73 1547.35 1563.87 1437.94 1222.32 1125.37 1144.9 1085.4
threshold=0.58911132812500011 1.5893554687500002 0.16070556640625003 1.0000000180025095e-35 2.9287109375000004 0.94653320312500011 0.37500000000000006 0.64282226562500011 2.5000000000000004 3.7324218750000004 2.5000000000000004 0 1 2 0.64282226562500011 0.35705566406250006 2.5000000000000004 2.5000000000000004 1.2319335937500002 0.26782226562500006 2.1601562500000004 0.71020507812500011 0.21423339843750003 3 4 0.76782226562500011 0.21423339843750003 5 6 1.2143554687500002
decision_type=2 2 2 10 2 2 2 2 2 2 2 1 9 9 2 2 2 2 2 2 2 10 2 9 9 2 2 9 9 2
left_child=2 5 3 -1 7 10 14 -3 26 -6 -2 22 -9 -11 19 -10 -14 -8 -17 -4 -18 -15 23 -5 -25 -12 -7 -26 -29 -19
right_child=1 4 6 11 9 8 17 12 15 13 25 -13 16 21 -16 18 20 29 -20 -21 -22 -23 -24 24 27 -27 -28 28 -30 -31
leaf_value=0 0 0 0 0 0 0 0 0 0 0 0 0 0 0 0 0 0 0 0 0 0 0 0 0 0 0 0 0 0 0
leaf_weight=4726430 678619 106140 1307281 3209 685365 23883 562812 5851 86964 3813 927528 2137603 556765 161798 180792 872456 744398 1363199 782401 1072430 644925 1319413 105643 4568 67112 763913 674875 85168 1625464 37862
leaf_count=4726430 678619 106140 1307281 3209 685365 23883 562812 5851 86964 3813 927528 2137603 556765 161798 180792 872456 744398 1363199 782401 1072430 644925 1319413 105643 4568 67112 763913 674875 85168 1625464 37862
internal_value=-0.0305315 -0.015625 -0.0406781 -0.0443261 -0.00844756 -0.0219339 -0.0336186 -0.0121369 -0.0188071 -0.00494917 -0.0251536 -0.0406027 -0.0115206 -0.00350186 -0.0359606 -0.0201336 -0.0114124 -0.0305651 -0.0197112 -0.0364211 -0.0124859 -0.00338914 -0.0389974 -0.0393487 -0.0394111 -0.0264399 -0.0155005 -0.0394863 -0.0392355 -0.0316283
internal_weight=2.23187e+07 9.03911e+06 1.32796e+07 8.7552e+06 4.22847e+06 4.81064e+06 4.52438e+06 2.05808e+06 2.44058e+06 2.17039e+06 2.37006e+06 4.02877e+06 1.95194e+06 1.48502e+06 2.5605e+06 1.74182e+06 1.94609e+06 1.96387e+06 1.65486e+06 2.37971e+06 1.38932e+06 1.48121e+06 1.89116e+06 1.78552e+06 1.78231e+06 1.69144e+06 698758 1.77774e+06 1.71063e+06 1.40106e+06
internal_count=22318680 9039107 13279573 8755197 4228468 4810639 4524376 2058079 2440579 2170389 2370060 4028767 1951939 1485024 2560503 1741821 1946088 1963873 1654857 2379711 1389323 1481211 1891164 1785521 1782312 1691441 698758 1777744 1710632 1401061
cat_boundaries=0 1 2 3 82 160 240 316
cat_threshold=39 2 2 8 0 0 2 3221225472 0 16 0 0 0 0 0 0 1048576 0 0 0 655360 0 0 0 0 131072 4224 0 16384 0 1073741888 16 0 32768 0 2 32 0 0 2097152 0 0 33554432 8192 8 32 0 0 0 0 0 0 0 0 0 0 0 0 0 0 0 0 0 0 0 0 0 0 536870944 0 0 524288 0 262144 134217728 1024 0 0 69206016 0 0 1024 0 16777728 0 0 0 1048576 0 32 0 0 0 0 0 0 0 0 8388608 0 0 0 128 134217728 8388608 0 0 0 0 33554432 67108864 0 16777216 0 134217728 0 8388608 64 0 67108992 0 4 32768 0 33554432 268435458 524288 0 0 0 0 0 0 0 0 0 0 0 0 0 0 0 0 0 0 16 0 0 0 512 8388608 0 0 0 570425344 16 0 0 557058 2 0 0 8192 0 65536 0 268435456 0 0 134217728 131072 0 16777216 2147483648 4194304 0 0 262400 0 1 67108864 8 0 0 144 8388608 0 512 0 536870912 0 0 0 0 0 16384 0 0 0 0 0 1073741824 0 0 33554432 0 0 0 0 0 0 0 0 0 0 0 0 0 0 0 0 0 536870912 524288 0 128 2147483648 0 0 0 128 2 16908288 0 32 0 0 0 256 2 131072 536870944 262208 0 0 0 0 0 256 0 2048 0 0 128 2048 0 1048576 0 0 0 0 0 2147483650 0 0 0 0 0 1073742336 1048576 16 0 0 0 524288 0 0 0 67108864 0 0 0 134217732 0 0 0 0 0 0 0 0 0 0 0 0 0 0 0 0 0 0 0 0 8 16826368 0 538968576 0 0 0 0 1056768 134217728 16384 0 4194304
is_linear=0
shrinkage=0.05


Tree=75
num_leaves=31
num_cat=7
split_feature=20 20 20 16 19 20 20 19 6 20 6 1 9 9 19 19 6 6 20 20 20 16 19 0 0 20 19 0 0 19
split_gain=1.35028e+06 163721 136798 41387 21830 19372.5 12941.7 5749.52 4281.89 3940.36 3909.22 3659.95 3029.27 2921.26 2859.13 2365.09 2238.39 2210.54 1913.53 1891.06 1700.91 1674.69 1576.73 1547.35 1563.87 1437.94 1222.32 1125.37 1144.9 1085.4
threshold=0.58911132812500011 1.5893554687500002 0.16070556640625003 1.0000000180025095e-35 2.9287109375000004 0.94653320312500011 0.37500000000000006 0.64282226562500011 2.5000000000000004 3.7324218750000004 2.5000000000000004 0 1 2 0.64282226562500011 0.35705566406250006 2.5000000000000004 2.5000000000000004 1.2319335937500002 0.26782226562500006 2.1601562500000004 0.71020507812500011 0.21423339843750003 3 4 0.76782226562500011 0.21423339843750003 5 6 1.2143554687500002
decision_type=2 2 2 10 2 2 2 2 2 2 2 1 9 9 2 2 2 2 2 2 2 10 2 9 9 2 2 9 9 2
left_child=2 5 3 -1 7 10 14 -3 26 -6 -2 22 -9 -11 19 -10 -14 -8 -17 -4 -18 -15 23 -5 -25 -12 -7 -26 -29 -19
right_child=1 4 6 11 9 8 17 12 15 13 25 -13 16 21 -16 18 20 29 -20 -21 -22 -23 -24 24 27 -27 -28 28 -30 -31
leaf_value=0 0 0 0 0 0 0 0 0 0 0 0 0 0 0 0 0 0 0 0 0 0 0 0 0 0 0 0 0 0 0
leaf_weight=4726430 678619 106140 1307281 3209 685365 23883 562812 5851 86964 3813 927528 2137603 556765 161798 180792 872456 744398 1363199 782401 1072430 644925 1319413 105643 4568 67112 763913 674875 85168 1625464 37862
leaf_count=4726430 678619 106140 1307281 3209 685365 23883 562812 5851 86964 3813 927528 2137603 556765 161798 180792 872456 744398 1363199 782401 1072430 644925 1319413 105643 4568 67112 763913 674875 85168 1625464 37862
internal_value=-0.0305315 -0.015625 -0.0406781 -0.0443261 -0.00844756 -0.0219339 -0.0336186 -0.0121369 -0.0188071 -0.00494917 -0.0251536 -0.0406027 -0.0115206 -0.00350186 -0.0359606 -0.0201336 -0.0114124 -0.0305651 -0.0197112 -0.0364211 -0.0124859 -0.00338914 -0.0389974 -0.0393487 -0.0394111 -0.0264399 -0.0155005 -0.0394863 -0.0392355 -0.0316283
internal_weight=2.23187e+07 9.03911e+06 1.32796e+07 8.7552e+06 4.22847e+06 4.81064e+06 4.52438e+06 2.05808e+06 2.44058e+06 2.17039e+06 2.37006e+06 4.02877e+06 1.95194e+06 1.48502e+06 2.5605e+06 1.74182e+06 1.94609e+06 1.96387e+06 1.65486e+06 2.37971e+06 1.38932e+06 1.48121e+06 1.89116e+06 1.78552e+06 1.78231e+06 1.69144e+06 698758 1.77774e+06 1.71063e+06 1.40106e+06
internal_count=22318680 9039107 13279573 8755197 4228468 4810639 4524376 2058079 2440579 2170389 2370060 4028767 1951939 1485024 2560503 1741821 1946088 1963873 1654857 2379711 1389323 1481211 1891164 1785521 1782312 1691441 698758 1777744 1710632 1401061
cat_boundaries=0 1 2 3 82 160 240 316
cat_threshold=39 2 2 8 0 0 2 3221225472 0 16 0 0 0 0 0 0 1048576 0 0 0 655360 0 0 0 0 131072 4224 0 16384 0 1073741888 16 0 32768 0 2 32 0 0 2097152 0 0 33554432 8192 8 32 0 0 0 0 0 0 0 0 0 0 0 0 0 0 0 0 0 0 0 0 0 0 536870944 0 0 524288 0 262144 134217728 1024 0 0 69206016 0 0 1024 0 16777728 0 0 0 1048576 0 32 0 0 0 0 0 0 0 0 8388608 0 0 0 128 134217728 8388608 0 0 0 0 33554432 67108864 0 16777216 0 134217728 0 8388608 64 0 67108992 0 4 32768 0 33554432 268435458 524288 0 0 0 0 0 0 0 0 0 0 0 0 0 0 0 0 0 0 16 0 0 0 512 8388608 0 0 0 570425344 16 0 0 557058 2 0 0 8192 0 65536 0 268435456 0 0 134217728 131072 0 16777216 2147483648 4194304 0 0 262400 0 1 67108864 8 0 0 144 8388608 0 512 0 536870912 0 0 0 0 0 16384 0 0 0 0 0 1073741824 0 0 33554432 0 0 0 0 0 0 0 0 0 0 0 0 0 0 0 0 0 536870912 524288 0 128 2147483648 0 0 0 128 2 16908288 0 32 0 0 0 256 2 131072 536870944 262208 0 0 0 0 0 256 0 2048 0 0 128 2048 0 1048576 0 0 0 0 0 2147483650 0 0 0 0 0 1073742336 1048576 16 0 0 0 524288 0 0 0 67108864 0 0 0 134217732 0 0 0 0 0 0 0 0 0 0 0 0 0 0 0 0 0 0 0 0 8 16826368 0 538968576 0 0 0 0 1056768 134217728 16384 0 4194304
is_linear=0
shrinkage=0.05


Tree=76
num_leaves=31
num_cat=7
split_feature=20 20 20 16 19 20 20 19 6 20 6 1 9 9 19 19 6 6 20 20 20 16 19 0 0 20 19 0 0 19
split_gain=1.35028e+06 163721 136798 41387 21830 19372.5 12941.7 5749.52 4281.89 3940.36 3909.22 3659.95 3029.27 2921.26 2859.13 2365.09 2238.39 2210.54 1913.53 1891.06 1700.91 1674.69 1576.73 1547.35 1563.87 1437.94 1222.32 1125.37 1144.9 1085.4
threshold=0.58911132812500011 1.5893554687500002 0.16070556640625003 1.0000000180025095e-35 2.9287109375000004 0.94653320312500011 0.37500000000000006 0.64282226562500011 2.5000000000000004 3.7324218750000004 2.5000000000000004 0 1 2 0.64282226562500011 0.35705566406250006 2.5000000000000004 2.5000000000000004 1.2319335937500002 0.26782226562500006 2.1601562500000004 0.71020507812500011 0.21423339843750003 3 4 0.76782226562500011 0.21423339843750003 5 6 1.2143554687500002
decision_type=2 2 2 10 2 2 2 2 2 2 2 1 9 9 2 2 2 2 2 2 2 10 2 9 9 2 2 9 9 2
left_child=2 5 3 -1 7 10 14 -3 26 -6 -2 22 -9 -11 19 -10 -14 -8 -17 -4 -18 -15 23 -5 -25 -12 -7 -26 -29 -19
right_child=1 4 6 11 9 8 17 12 15 13 25 -13 16 21 -16 18 20 29 -20 -21 -22 -23 -24 24 27 -27 -28 28 -30 -31
leaf_value=0 0 0 0 0 0 0 0 0 0 0 0 0 0 0 0 0 0 0 0 0 0 0 0 0 0 0 0 0 0 0
leaf_weight=4726430 678619 106140 1307281 3209 685365 23883 562812 5851 86964 3813 927528 2137603 556765 161798 180792 872456 744398 1363199 782401 1072430 644925 1319413 105643 4568 67112 763913 674875 85168 1625464 37862
leaf_count=4726430 678619 106140 1307281 3209 685365 23883 562812 5851 86964 3813 927528 2137603 556765 161798 180792 872456 744398 1363199 782401 1072430 644925 1319413 105643 4568 67112 763913 674875 85168 1625464 37862
internal_value=-0.0305315 -0.015625 -0.0406781 -0.0443261 -0.00844756 -0.0219339 -0.0336186 -0.0121369 -0.0188071 -0.00494917 -0.0251536 -0.0406027 -0.0115206 -0.00350186 -0.0359606 -0.0201336 -0.0114124 -0.0305651 -0.0197112 -0.0364211 -0.0124859 -0.00338914 -0.0389974 -0.0393487 -0.0394111 -0.0264399 -0.0155005 -0.0394863 -0.0392355 -0.0316283
internal_weight=2.23187e+07 9.03911e+06 1.32796e+07 8.7552e+06 4.22847e+06 4.81064e+06 4.52438e+06 2.05808e+06 2.44058e+06 2.17039e+06 2.37006e+06 4.02877e+06 1.95194e+06 1.48502e+06 2.5605e+06 1.74182e+06 1.94609e+06 1.96387e+06 1.65486e+06 2.37971e+06 1.38932e+06 1.48121e+06 1.89116e+06 1.78552e+06 1.78231e+06 1.69144e+06 698758 1.77774e+06 1.71063e+06 1.40106e+06
internal_count=22318680 9039107 13279573 8755197 4228468 4810639 4524376 2058079 2440579 2170389 2370060 4028767 1951939 1485024 2560503 1741821 1946088 1963873 1654857 2379711 1389323 1481211 1891164 1785521 1782312 1691441 698758 1777744 1710632 1401061
cat_boundaries=0 1 2 3 82 160 240 316
cat_threshold=39 2 2 8 0 0 2 3221225472 0 16 0 0 0 0 0 0 1048576 0 0 0 655360 0 0 0 0 131072 4224 0 16384 0 1073741888 16 0 32768 0 2 32 0 0 2097152 0 0 33554432 8192 8 32 0 0 0 0 0 0 0 0 0 0 0 0 0 0 0 0 0 0 0 0 0 0 536870944 0 0 524288 0 262144 134217728 1024 0 0 69206016 0 0 1024 0 16777728 0 0 0 1048576 0 32 0 0 0 0 0 0 0 0 8388608 0 0 0 128 134217728 8388608 0 0 0 0 33554432 67108864 0 16777216 0 134217728 0 8388608 64 0 67108992 0 4 32768 0 33554432 268435458 524288 0 0 0 0 0 0 0 0 0 0 0 0 0 0 0 0 0 0 16 0 0 0 512 8388608 0 0 0 570425344 16 0 0 557058 2 0 0 8192 0 65536 0 268435456 0 0 134217728 131072 0 16777216 2147483648 4194304 0 0 262400 0 1 67108864 8 0 0 144 8388608 0 512 0 536870912 0 0 0 0 0 16384 0 0 0 0 0 1073741824 0 0 33554432 0 0 0 0 0 0 0 0 0 0 0 0 0 0 0 0 0 536870912 524288 0 128 2147483648 0 0 0 128 2 16908288 0 32 0 0 0 256 2 131072 536870944 262208 0 0 0 0 0 256 0 2048 0 0 128 2048 0 1048576 0 0 0 0 0 2147483650 0 0 0 0 0 1073742336 1048576 16 0 0 0 524288 0 0 0 67108864 0 0 0 134217732 0 0 0 0 0 0 0 0 0 0 0 0 0 0 0 0 0 0 0 0 8 16826368 0 538968576 0 0 0 0 1056768 134217728 16384 0 4194304
is_linear=0
shrinkage=0.05


Tree=77
num_leaves=31
num_cat=7
split_feature=20 20 20 16 19 20 20 19 6 20 6 1 9 9 19 19 6 6 20 20 20 16 19 0 0 20 19 0 0 19
split_gain=1.35028e+06 163721 136798 41387 21830 19372.5 12941.7 5749.52 4281.89 3940.36 3909.22 3659.95 3029.27 2921.26 2859.13 2365.09 2238.39 2210.54 1913.53 1891.06 1700.91 1674.69 1576.73 1547.35 1563.87 1437.94 1222.32 1125.37 1144.9 1085.4
threshold=0.58911132812500011 1.5893554687500002 0.16070556640625003 1.0000000180025095e-35 2.9287109375000004 0.94653320312500011 0.37500000000000006 0.64282226562500011 2.5000000000000004 3.7324218750000004 2.5000000000000004 0 1 2 0.64282226562500011 0.35705566406250006 2.5000000000000004 2.5000000000000004 1.2319335937500002 0.26782226562500006 2.1601562500000004 0.71020507812500011 0.21423339843750003 3 4 0.76782226562500011 0.21423339843750003 5 6 1.2143554687500002
decision_type=2 2 2 10 2 2 2 2 2 2 2 1 9 9 2 2 2 2 2 2 2 10 2 9 9 2 2 9 9 2
left_child=2 5 3 -1 7 10 14 -3 26 -6 -2 22 -9 -11 19 -10 -14 -8 -17 -4 -18 -15 23 -5 -25 -12 -7 -26 -29 -19
right_child=1 4 6 11 9 8 17 12 15 13 25 -13 16 21 -16 18 20 29 -20 -21 -22 -23 -24 24 27 -27 -28 28 -30 -31
leaf_value=0 0 0 0 0 0 0 0 0 0 0 0 0 0 0 0 0 0 0 0 0 0 0 0 0 0 0 0 0 0 0
leaf_weight=4726430 678619 106140 1307281 3209 685365 23883 562812 5851 86964 3813 927528 2137603 556765 161798 180792 872456 744398 1363199 782401 1072430 644925 1319413 105643 4568 67112 763913 674875 85168 1625464 37862
leaf_count=4726430 678619 106140 1307281 3209 685365 23883 562812 5851 86964 3813 927528 2137603 556765 161798 180792 872456 744398 1363199 782401 1072430 644925 1319413 105643 4568 67112 763913 674875 85168 1625464 37862
internal_value=-0.0305315 -0.015625 -0.0406781 -0.0443261 -0.00844756 -0.0219339 -0.0336186 -0.0121369 -0.0188071 -0.00494917 -0.0251536 -0.0406027 -0.0115206 -0.00350186 -0.0359606 -0.0201336 -0.0114124 -0.0305651 -0.0197112 -0.0364211 -0.0124859 -0.00338914 -0.0389974 -0.0393487 -0.0394111 -0.0264399 -0.0155005 -0.0394863 -0.0392355 -0.0316283
internal_weight=2.23187e+07 9.03911e+06 1.32796e+07 8.7552e+06 4.22847e+06 4.81064e+06 4.52438e+06 2.05808e+06 2.44058e+06 2.17039e+06 2.37006e+06 4.02877e+06 1.95194e+06 1.48502e+06 2.5605e+06 1.74182e+06 1.94609e+06 1.96387e+06 1.65486e+06 2.37971e+06 1.38932e+06 1.48121e+06 1.89116e+06 1.78552e+06 1.78231e+06 1.69144e+06 698758 1.77774e+06 1.71063e+06 1.40106e+06
internal_count=22318680 9039107 13279573 8755197 4228468 4810639 4524376 2058079 2440579 2170389 2370060 4028767 1951939 1485024 2560503 1741821 1946088 1963873 1654857 2379711 1389323 1481211 1891164 1785521 1782312 1691441 698758 1777744 1710632 1401061
cat_boundaries=0 1 2 3 82 160 240 316
cat_threshold=39 2 2 8 0 0 2 3221225472 0 16 0 0 0 0 0 0 1048576 0 0 0 655360 0 0 0 0 131072 4224 0 16384 0 1073741888 16 0 32768 0 2 32 0 0 2097152 0 0 33554432 8192 8 32 0 0 0 0 0 0 0 0 0 0 0 0 0 0 0 0 0 0 0 0 0 0 536870944 0 0 524288 0 262144 134217728 1024 0 0 69206016 0 0 1024 0 16777728 0 0 0 1048576 0 32 0 0 0 0 0 0 0 0 8388608 0 0 0 128 134217728 8388608 0 0 0 0 33554432 67108864 0 16777216 0 134217728 0 8388608 64 0 67108992 0 4 32768 0 33554432 268435458 524288 0 0 0 0 0 0 0 0 0 0 0 0 0 0 0 0 0 0 16 0 0 0 512 8388608 0 0 0 570425344 16 0 0 557058 2 0 0 8192 0 65536 0 268435456 0 0 134217728 131072 0 16777216 2147483648 4194304 0 0 262400 0 1 67108864 8 0 0 144 8388608 0 512 0 536870912 0 0 0 0 0 16384 0 0 0 0 0 1073741824 0 0 33554432 0 0 0 0 0 0 0 0 0 0 0 0 0 0 0 0 0 536870912 524288 0 128 2147483648 0 0 0 128 2 16908288 0 32 0 0 0 256 2 131072 536870944 262208 0 0 0 0 0 256 0 2048 0 0 128 2048 0 1048576 0 0 0 0 0 2147483650 0 0 0 0 0 1073742336 1048576 16 0 0 0 524288 0 0 0 67108864 0 0 0 134217732 0 0 0 0 0 0 0 0 0 0 0 0 0 0 0 0 0 0 0 0 8 16826368 0 538968576 0 0 0 0 1056768 134217728 16384 0 4194304
is_linear=0
shrinkage=0.05


Tree=78
num_leaves=31
num_cat=7
split_feature=20 20 20 16 19 20 20 19 6 20 6 1 9 9 19 19 6 6 20 20 20 16 19 0 0 20 19 0 0 19
split_gain=1.35028e+06 163721 136798 41387 21830 19372.5 12941.7 5749.52 4281.89 3940.36 3909.22 3659.95 3029.27 2921.26 2859.13 2365.09 2238.39 2210.54 1913.53 1891.06 1700.91 1674.69 1576.73 1547.35 1563.87 1437.94 1222.32 1125.37 1144.9 1085.4
threshold=0.58911132812500011 1.5893554687500002 0.16070556640625003 1.0000000180025095e-35 2.9287109375000004 0.94653320312500011 0.37500000000000006 0.64282226562500011 2.5000000000000004 3.7324218750000004 2.5000000000000004 0 1 2 0.64282226562500011 0.35705566406250006 2.5000000000000004 2.5000000000000004 1.2319335937500002 0.26782226562500006 2.1601562500000004 0.71020507812500011 0.21423339843750003 3 4 0.76782226562500011 0.21423339843750003 5 6 1.2143554687500002
decision_type=2 2 2 10 2 2 2 2 2 2 2 1 9 9 2 2 2 2 2 2 2 10 2 9 9 2 2 9 9 2
left_child=2 5 3 -1 7 10 14 -3 26 -6 -2 22 -9 -11 19 -10 -14 -8 -17 -4 -18 -15 23 -5 -25 -12 -7 -26 -29 -19
right_child=1 4 6 11 9 8 17 12 15 13 25 -13 16 21 -16 18 20 29 -20 -21 -22 -23 -24 24 27 -27 -28 28 -30 -31
leaf_value=0 0 0 0 0 0 0 0 0 0 0 0 0 0 0 0 0 0 0 0 0 0 0 0 0 0 0 0 0 0 0
leaf_weight=4726430 678619 106140 1307281 3209 685365 23883 562812 5851 86964 3813 927528 2137603 556765 161798 180792 872456 744398 1363199 782401 1072430 644925 1319413 105643 4568 67112 763913 674875 85168 1625464 37862
leaf_count=4726430 678619 106140 1307281 3209 685365 23883 562812 5851 86964 3813 927528 2137603 556765 161798 180792 872456 744398 1363199 782401 1072430 644925 1319413 105643 4568 67112 763913 674875 85168 1625464 37862
internal_value=-0.0305315 -0.015625 -0.0406781 -0.0443261 -0.00844756 -0.0219339 -0.0336186 -0.0121369 -0.0188071 -0.00494917 -0.0251536 -0.0406027 -0.0115206 -0.00350186 -0.0359606 -0.0201336 -0.0114124 -0.0305651 -0.0197112 -0.0364211 -0.0124859 -0.00338914 -0.0389974 -0.0393487 -0.0394111 -0.0264399 -0.0155005 -0.0394863 -0.0392355 -0.0316283
internal_weight=2.23187e+07 9.03911e+06 1.32796e+07 8.7552e+06 4.22847e+06 4.81064e+06 4.52438e+06 2.05808e+06 2.44058e+06 2.17039e+06 2.37006e+06 4.02877e+06 1.95194e+06 1.48502e+06 2.5605e+06 1.74182e+06 1.94609e+06 1.96387e+06 1.65486e+06 2.37971e+06 1.38932e+06 1.48121e+06 1.89116e+06 1.78552e+06 1.78231e+06 1.69144e+06 698758 1.77774e+06 1.71063e+06 1.40106e+06
internal_count=22318680 9039107 13279573 8755197 4228468 4810639 4524376 2058079 2440579 2170389 2370060 4028767 1951939 1485024 2560503 1741821 1946088 1963873 1654857 2379711 1389323 1481211 1891164 1785521 1782312 1691441 698758 1777744 1710632 1401061
cat_boundaries=0 1 2 3 82 160 240 316
cat_threshold=39 2 2 8 0 0 2 3221225472 0 16 0 0 0 0 0 0 1048576 0 0 0 655360 0 0 0 0 131072 4224 0 16384 0 1073741888 16 0 32768 0 2 32 0 0 2097152 0 0 33554432 8192 8 32 0 0 0 0 0 0 0 0 0 0 0 0 0 0 0 0 0 0 0 0 0 0 536870944 0 0 524288 0 262144 134217728 1024 0 0 69206016 0 0 1024 0 16777728 0 0 0 1048576 0 32 0 0 0 0 0 0 0 0 8388608 0 0 0 128 134217728 8388608 0 0 0 0 33554432 67108864 0 16777216 0 134217728 0 8388608 64 0 67108992 0 4 32768 0 33554432 268435458 524288 0 0 0 0 0 0 0 0 0 0 0 0 0 0 0 0 0 0 16 0 0 0 512 8388608 0 0 0 570425344 16 0 0 557058 2 0 0 8192 0 65536 0 268435456 0 0 134217728 131072 0 16777216 2147483648 4194304 0 0 262400 0 1 67108864 8 0 0 144 8388608 0 512 0 536870912 0 0 0 0 0 16384 0 0 0 0 0 1073741824 0 0 33554432 0 0 0 0 0 0 0 0 0 0 0 0 0 0 0 0 0 536870912 524288 0 128 2147483648 0 0 0 128 2 16908288 0 32 0 0 0 256 2 131072 536870944 262208 0 0 0 0 0 256 0 2048 0 0 128 2048 0 1048576 0 0 0 0 0 2147483650 0 0 0 0 0 1073742336 1048576 16 0 0 0 524288 0 0 0 67108864 0 0 0 134217732 0 0 0 0 0 0 0 0 0 0 0 0 0 0 0 0 0 0 0 0 8 16826368 0 538968576 0 0 0 0 1056768 134217728 16384 0 4194304
is_linear=0
shrinkage=0.05


Tree=79
num_leaves=31
num_cat=7
split_feature=20 20 20 16 19 20 20 19 6 20 6 1 9 9 19 19 6 6 20 20 20 16 19 0 0 20 19 0 0 19
split_gain=1.35028e+06 163721 136798 41387 21830 19372.5 12941.7 5749.52 4281.89 3940.36 3909.22 3659.95 3029.27 2921.26 2859.13 2365.09 2238.39 2210.54 1913.53 1891.06 1700.91 1674.69 1576.73 1547.35 1563.87 1437.94 1222.32 1125.37 1144.9 1085.4
threshold=0.58911132812500011 1.5893554687500002 0.16070556640625003 1.0000000180025095e-35 2.9287109375000004 0.94653320312500011 0.37500000000000006 0.64282226562500011 2.5000000000000004 3.7324218750000004 2.5000000000000004 0 1 2 0.64282226562500011 0.35705566406250006 2.5000000000000004 2.5000000000000004 1.2319335937500002 0.26782226562500006 2.1601562500000004 0.71020507812500011 0.21423339843750003 3 4 0.76782226562500011 0.21423339843750003 5 6 1.2143554687500002
decision_type=2 2 2 10 2 2 2 2 2 2 2 1 9 9 2 2 2 2 2 2 2 10 2 9 9 2 2 9 9 2
left_child=2 5 3 -1 7 10 14 -3 26 -6 -2 22 -9 -11 19 -10 -14 -8 -17 -4 -18 -15 23 -5 -25 -12 -7 -26 -29 -19
right_child=1 4 6 11 9 8 17 12 15 13 25 -13 16 21 -16 18 20 29 -20 -21 -22 -23 -24 24 27 -27 -28 28 -30 -31
leaf_value=0 0 0 0 0 0 0 0 0 0 0 0 0 0 0 0 0 0 0 0 0 0 0 0 0 0 0 0 0 0 0
leaf_weight=4726430 678619 106140 1307281 3209 685365 23883 562812 5851 86964 3813 927528 2137603 556765 161798 180792 872456 744398 1363199 782401 1072430 644925 1319413 105643 4568 67112 763913 674875 85168 1625464 37862
leaf_count=4726430 678619 106140 1307281 3209 685365 23883 562812 5851 86964 3813 927528 2137603 556765 161798 180792 872456 744398 1363199 782401 1072430 644925 1319413 105643 4568 67112 763913 674875 85168 1625464 37862
internal_value=-0.0305315 -0.015625 -0.0406781 -0.0443261 -0.00844756 -0.0219339 -0.0336186 -0.0121369 -0.0188071 -0.00494917 -0.0251536 -0.0406027 -0.0115206 -0.00350186 -0.0359606 -0.0201336 -0.0114124 -0.0305651 -0.0197112 -0.0364211 -0.0124859 -0.00338914 -0.0389974 -0.0393487 -0.0394111 -0.0264399 -0.0155005 -0.0394863 -0.0392355 -0.0316283
internal_weight=2.23187e+07 9.03911e+06 1.32796e+07 8.7552e+06 4.22847e+06 4.81064e+06 4.52438e+06 2.05808e+06 2.44058e+06 2.17039e+06 2.37006e+06 4.02877e+06 1.95194e+06 1.48502e+06 2.5605e+06 1.74182e+06 1.94609e+06 1.96387e+06 1.65486e+06 2.37971e+06 1.38932e+06 1.48121e+06 1.89116e+06 1.78552e+06 1.78231e+06 1.69144e+06 698758 1.77774e+06 1.71063e+06 1.40106e+06
internal_count=22318680 9039107 13279573 8755197 4228468 4810639 4524376 2058079 2440579 2170389 2370060 4028767 1951939 1485024 2560503 1741821 1946088 1963873 1654857 2379711 1389323 1481211 1891164 1785521 1782312 1691441 698758 1777744 1710632 1401061
cat_boundaries=0 1 2 3 82 160 240 316
cat_threshold=39 2 2 8 0 0 2 3221225472 0 16 0 0 0 0 0 0 1048576 0 0 0 655360 0 0 0 0 131072 4224 0 16384 0 1073741888 16 0 32768 0 2 32 0 0 2097152 0 0 33554432 8192 8 32 0 0 0 0 0 0 0 0 0 0 0 0 0 0 0 0 0 0 0 0 0 0 536870944 0 0 524288 0 262144 134217728 1024 0 0 69206016 0 0 1024 0 16777728 0 0 0 1048576 0 32 0 0 0 0 0 0 0 0 8388608 0 0 0 128 134217728 8388608 0 0 0 0 33554432 67108864 0 16777216 0 134217728 0 8388608 64 0 67108992 0 4 32768 0 33554432 268435458 524288 0 0 0 0 0 0 0 0 0 0 0 0 0 0 0 0 0 0 16 0 0 0 512 8388608 0 0 0 570425344 16 0 0 557058 2 0 0 8192 0 65536 0 268435456 0 0 134217728 131072 0 16777216 2147483648 4194304 0 0 262400 0 1 67108864 8 0 0 144 8388608 0 512 0 536870912 0 0 0 0 0 16384 0 0 0 0 0 1073741824 0 0 33554432 0 0 0 0 0 0 0 0 0 0 0 0 0 0 0 0 0 536870912 524288 0 128 2147483648 0 0 0 128 2 16908288 0 32 0 0 0 256 2 131072 536870944 262208 0 0 0 0 0 256 0 2048 0 0 128 2048 0 1048576 0 0 0 0 0 2147483650 0 0 0 0 0 1073742336 1048576 16 0 0 0 524288 0 0 0 67108864 0 0 0 134217732 0 0 0 0 0 0 0 0 0 0 0 0 0 0 0 0 0 0 0 0 8 16826368 0 538968576 0 0 0 0 1056768 134217728 16384 0 4194304
is_linear=0
shrinkage=0.05


Tree=80
num_leaves=31
num_cat=7
split_feature=20 20 20 16 19 20 20 19 6 20 6 1 9 9 19 19 6 6 20 20 20 16 19 0 0 20 19 0 0 19
split_gain=1.35028e+06 163721 136798 41387 21830 19372.5 12941.7 5749.52 4281.89 3940.36 3909.22 3659.95 3029.27 2921.26 2859.13 2365.09 2238.39 2210.54 1913.53 1891.06 1700.91 1674.69 1576.73 1547.35 1563.87 1437.94 1222.32 1125.37 1144.9 1085.4
threshold=0.58911132812500011 1.5893554687500002 0.16070556640625003 1.0000000180025095e-35 2.9287109375000004 0.94653320312500011 0.37500000000000006 0.64282226562500011 2.5000000000000004 3.7324218750000004 2.5000000000000004 0 1 2 0.64282226562500011 0.35705566406250006 2.5000000000000004 2.5000000000000004 1.2319335937500002 0.26782226562500006 2.1601562500000004 0.71020507812500011 0.21423339843750003 3 4 0.76782226562500011 0.21423339843750003 5 6 1.2143554687500002
decision_type=2 2 2 10 2 2 2 2 2 2 2 1 9 9 2 2 2 2 2 2 2 10 2 9 9 2 2 9 9 2
left_child=2 5 3 -1 7 10 14 -3 26 -6 -2 22 -9 -11 19 -10 -14 -8 -17 -4 -18 -15 23 -5 -25 -12 -7 -26 -29 -19
right_child=1 4 6 11 9 8 17 12 15 13 25 -13 16 21 -16 18 20 29 -20 -21 -22 -23 -24 24 27 -27 -28 28 -30 -31
leaf_value=0 0 0 0 0 0 0 0 0 0 0 0 0 0 0 0 0 0 0 0 0 0 0 0 0 0 0 0 0 0 0
leaf_weight=4726430 678619 106140 1307281 3209 685365 23883 562812 5851 86964 3813 927528 2137603 556765 161798 180792 872456 744398 1363199 782401 1072430 644925 1319413 105643 4568 67112 763913 674875 85168 1625464 37862
leaf_count=4726430 678619 106140 1307281 3209 685365 23883 562812 5851 86964 3813 927528 2137603 556765 161798 180792 872456 744398 1363199 782401 1072430 644925 1319413 105643 4568 67112 763913 674875 85168 1625464 37862
internal_value=-0.0305315 -0.015625 -0.0406781 -0.0443261 -0.00844756 -0.0219339 -0.0336186 -0.0121369 -0.0188071 -0.00494917 -0.0251536 -0.0406027 -0.0115206 -0.00350186 -0.0359606 -0.0201336 -0.0114124 -0.0305651 -0.0197112 -0.0364211 -0.0124859 -0.00338914 -0.0389974 -0.0393487 -0.0394111 -0.0264399 -0.0155005 -0.0394863 -0.0392355 -0.0316283
internal_weight=2.23187e+07 9.03911e+06 1.32796e+07 8.7552e+06 4.22847e+06 4.81064e+06 4.52438e+06 2.05808e+06 2.44058e+06 2.17039e+06 2.37006e+06 4.02877e+06 1.95194e+06 1.48502e+06 2.5605e+06 1.74182e+06 1.94609e+06 1.96387e+06 1.65486e+06 2.37971e+06 1.38932e+06 1.48121e+06 1.89116e+06 1.78552e+06 1.78231e+06 1.69144e+06 698758 1.77774e+06 1.71063e+06 1.40106e+06
internal_count=22318680 9039107 13279573 8755197 4228468 4810639 4524376 2058079 2440579 2170389 2370060 4028767 1951939 1485024 2560503 1741821 1946088 1963873 1654857 2379711 1389323 1481211 1891164 1785521 1782312 1691441 698758 1777744 1710632 1401061
cat_boundaries=0 1 2 3 82 160 240 316
cat_threshold=39 2 2 8 0 0 2 3221225472 0 16 0 0 0 0 0 0 1048576 0 0 0 655360 0 0 0 0 131072 4224 0 16384 0 1073741888 16 0 32768 0 2 32 0 0 2097152 0 0 33554432 8192 8 32 0 0 0 0 0 0 0 0 0 0 0 0 0 0 0 0 0 0 0 0 0 0 536870944 0 0 524288 0 262144 134217728 1024 0 0 69206016 0 0 1024 0 16777728 0 0 0 1048576 0 32 0 0 0 0 0 0 0 0 8388608 0 0 0 128 134217728 8388608 0 0 0 0 33554432 67108864 0 16777216 0 134217728 0 8388608 64 0 67108992 0 4 32768 0 33554432 268435458 524288 0 0 0 0 0 0 0 0 0 0 0 0 0 0 0 0 0 0 16 0 0 0 512 8388608 0 0 0 570425344 16 0 0 557058 2 0 0 8192 0 65536 0 268435456 0 0 134217728 131072 0 16777216 2147483648 4194304 0 0 262400 0 1 67108864 8 0 0 144 8388608 0 512 0 536870912 0 0 0 0 0 16384 0 0 0 0 0 1073741824 0 0 33554432 0 0 0 0 0 0 0 0 0 0 0 0 0 0 0 0 0 536870912 524288 0 128 2147483648 0 0 0 128 2 16908288 0 32 0 0 0 256 2 131072 536870944 262208 0 0 0 0 0 256 0 2048 0 0 128 2048 0 1048576 0 0 0 0 0 2147483650 0 0 0 0 0 1073742336 1048576 16 0 0 0 524288 0 0 0 67108864 0 0 0 134217732 0 0 0 0 0 0 0 0 0 0 0 0 0 0 0 0 0 0 0 0 8 16826368 0 538968576 0 0 0 0 1056768 134217728 16384 0 4194304
is_linear=0
shrinkage=0.05


Tree=81
num_leaves=31
num_cat=7
split_feature=20 20 20 16 19 20 20 19 6 20 6 1 9 9 19 19 6 6 20 20 20 16 19 0 0 20 19 0 0 19
split_gain=1.35028e+06 163721 136798 41387 21830 19372.5 12941.7 5749.52 4281.89 3940.36 3909.22 3659.95 3029.27 2921.26 2859.13 2365.09 2238.39 2210.54 1913.53 1891.06 1700.91 1674.69 1576.73 1547.35 1563.87 1437.94 1222.32 1125.37 1144.9 1085.4
threshold=0.58911132812500011 1.5893554687500002 0.16070556640625003 1.0000000180025095e-35 2.9287109375000004 0.94653320312500011 0.37500000000000006 0.64282226562500011 2.5000000000000004 3.7324218750000004 2.5000000000000004 0 1 2 0.64282226562500011 0.35705566406250006 2.5000000000000004 2.5000000000000004 1.2319335937500002 0.26782226562500006 2.1601562500000004 0.71020507812500011 0.21423339843750003 3 4 0.76782226562500011 0.21423339843750003 5 6 1.2143554687500002
decision_type=2 2 2 10 2 2 2 2 2 2 2 1 9 9 2 2 2 2 2 2 2 10 2 9 9 2 2 9 9 2
left_child=2 5 3 -1 7 10 14 -3 26 -6 -2 22 -9 -11 19 -10 -14 -8 -17 -4 -18 -15 23 -5 -25 -12 -7 -26 -29 -19
right_child=1 4 6 11 9 8 17 12 15 13 25 -13 16 21 -16 18 20 29 -20 -21 -22 -23 -24 24 27 -27 -28 28 -30 -31
leaf_value=0 0 0 0 0 0 0 0 0 0 0 0 0 0 0 0 0 0 0 0 0 0 0 0 0 0 0 0 0 0 0
leaf_weight=4726430 678619 106140 1307281 3209 685365 23883 562812 5851 86964 3813 927528 2137603 556765 161798 180792 872456 744398 1363199 782401 1072430 644925 1319413 105643 4568 67112 763913 674875 85168 1625464 37862
leaf_count=4726430 678619 106140 1307281 3209 685365 23883 562812 5851 86964 3813 927528 2137603 556765 161798 180792 872456 744398 1363199 782401 1072430 644925 1319413 105643 4568 67112 763913 674875 85168 1625464 37862
internal_value=-0.0305315 -0.015625 -0.0406781 -0.0443261 -0.00844756 -0.0219339 -0.0336186 -0.0121369 -0.0188071 -0.00494917 -0.0251536 -0.0406027 -0.0115206 -0.00350186 -0.0359606 -0.0201336 -0.0114124 -0.0305651 -0.0197112 -0.0364211 -0.0124859 -0.00338914 -0.0389974 -0.0393487 -0.0394111 -0.0264399 -0.0155005 -0.0394863 -0.0392355 -0.0316283
internal_weight=2.23187e+07 9.03911e+06 1.32796e+07 8.7552e+06 4.22847e+06 4.81064e+06 4.52438e+06 2.05808e+06 2.44058e+06 2.17039e+06 2.37006e+06 4.02877e+06 1.95194e+06 1.48502e+06 2.5605e+06 1.74182e+06 1.94609e+06 1.96387e+06 1.65486e+06 2.37971e+06 1.38932e+06 1.48121e+06 1.89116e+06 1.78552e+06 1.78231e+06 1.69144e+06 698758 1.77774e+06 1.71063e+06 1.40106e+06
internal_count=22318680 9039107 13279573 8755197 4228468 4810639 4524376 2058079 2440579 2170389 2370060 4028767 1951939 1485024 2560503 1741821 1946088 1963873 1654857 2379711 1389323 1481211 1891164 1785521 1782312 1691441 698758 1777744 1710632 1401061
cat_boundaries=0 1 2 3 82 160 240 316
cat_threshold=39 2 2 8 0 0 2 3221225472 0 16 0 0 0 0 0 0 1048576 0 0 0 655360 0 0 0 0 131072 4224 0 16384 0 1073741888 16 0 32768 0 2 32 0 0 2097152 0 0 33554432 8192 8 32 0 0 0 0 0 0 0 0 0 0 0 0 0 0 0 0 0 0 0 0 0 0 536870944 0 0 524288 0 262144 134217728 1024 0 0 69206016 0 0 1024 0 16777728 0 0 0 1048576 0 32 0 0 0 0 0 0 0 0 8388608 0 0 0 128 134217728 8388608 0 0 0 0 33554432 67108864 0 16777216 0 134217728 0 8388608 64 0 67108992 0 4 32768 0 33554432 268435458 524288 0 0 0 0 0 0 0 0 0 0 0 0 0 0 0 0 0 0 16 0 0 0 512 8388608 0 0 0 570425344 16 0 0 557058 2 0 0 8192 0 65536 0 268435456 0 0 134217728 131072 0 16777216 2147483648 4194304 0 0 262400 0 1 67108864 8 0 0 144 8388608 0 512 0 536870912 0 0 0 0 0 16384 0 0 0 0 0 1073741824 0 0 33554432 0 0 0 0 0 0 0 0 0 0 0 0 0 0 0 0 0 536870912 524288 0 128 2147483648 0 0 0 128 2 16908288 0 32 0 0 0 256 2 131072 536870944 262208 0 0 0 0 0 256 0 2048 0 0 128 2048 0 1048576 0 0 0 0 0 2147483650 0 0 0 0 0 1073742336 1048576 16 0 0 0 524288 0 0 0 67108864 0 0 0 134217732 0 0 0 0 0 0 0 0 0 0 0 0 0 0 0 0 0 0 0 0 8 16826368 0 538968576 0 0 0 0 1056768 134217728 16384 0 4194304
is_linear=0
shrinkage=0.05


Tree=82
num_leaves=31
num_cat=7
split_feature=20 20 20 16 19 20 20 19 6 20 6 1 9 9 19 19 6 6 20 20 20 16 19 0 0 20 19 0 0 19
split_gain=1.35028e+06 163721 136798 41387 21830 19372.5 12941.7 5749.52 4281.89 3940.36 3909.22 3659.95 3029.27 2921.26 2859.13 2365.09 2238.39 2210.54 1913.53 1891.06 1700.91 1674.69 1576.73 1547.35 1563.87 1437.94 1222.32 1125.37 1144.9 1085.4
threshold=0.58911132812500011 1.5893554687500002 0.16070556640625003 1.0000000180025095e-35 2.9287109375000004 0.94653320312500011 0.37500000000000006 0.64282226562500011 2.5000000000000004 3.7324218750000004 2.5000000000000004 0 1 2 0.64282226562500011 0.35705566406250006 2.5000000000000004 2.5000000000000004 1.2319335937500002 0.26782226562500006 2.1601562500000004 0.71020507812500011 0.21423339843750003 3 4 0.76782226562500011 0.21423339843750003 5 6 1.2143554687500002
decision_type=2 2 2 10 2 2 2 2 2 2 2 1 9 9 2 2 2 2 2 2 2 10 2 9 9 2 2 9 9 2
left_child=2 5 3 -1 7 10 14 -3 26 -6 -2 22 -9 -11 19 -10 -14 -8 -17 -4 -18 -15 23 -5 -25 -12 -7 -26 -29 -19
right_child=1 4 6 11 9 8 17 12 15 13 25 -13 16 21 -16 18 20 29 -20 -21 -22 -23 -24 24 27 -27 -28 28 -30 -31
leaf_value=0 0 0 0 0 0 0 0 0 0 0 0 0 0 0 0 0 0 0 0 0 0 0 0 0 0 0 0 0 0 0
leaf_weight=4726430 678619 106140 1307281 3209 685365 23883 562812 5851 86964 3813 927528 2137603 556765 161798 180792 872456 744398 1363199 782401 1072430 644925 1319413 105643 4568 67112 763913 674875 85168 1625464 37862
leaf_count=4726430 678619 106140 1307281 3209 685365 23883 562812 5851 86964 3813 927528 2137603 556765 161798 180792 872456 744398 1363199 782401 1072430 644925 1319413 105643 4568 67112 763913 674875 85168 1625464 37862
internal_value=-0.0305315 -0.015625 -0.0406781 -0.0443261 -0.00844756 -0.0219339 -0.0336186 -0.0121369 -0.0188071 -0.00494917 -0.0251536 -0.0406027 -0.0115206 -0.00350186 -0.0359606 -0.0201336 -0.0114124 -0.0305651 -0.0197112 -0.0364211 -0.0124859 -0.00338914 -0.0389974 -0.0393487 -0.0394111 -0.0264399 -0.0155005 -0.0394863 -0.0392355 -0.0316283
internal_weight=2.23187e+07 9.03911e+06 1.32796e+07 8.7552e+06 4.22847e+06 4.81064e+06 4.52438e+06 2.05808e+06 2.44058e+06 2.17039e+06 2.37006e+06 4.02877e+06 1.95194e+06 1.48502e+06 2.5605e+06 1.74182e+06 1.94609e+06 1.96387e+06 1.65486e+06 2.37971e+06 1.38932e+06 1.48121e+06 1.89116e+06 1.78552e+06 1.78231e+06 1.69144e+06 698758 1.77774e+06 1.71063e+06 1.40106e+06
internal_count=22318680 9039107 13279573 8755197 4228468 4810639 4524376 2058079 2440579 2170389 2370060 4028767 1951939 1485024 2560503 1741821 1946088 1963873 1654857 2379711 1389323 1481211 1891164 1785521 1782312 1691441 698758 1777744 1710632 1401061
cat_boundaries=0 1 2 3 82 160 240 316
cat_threshold=39 2 2 8 0 0 2 3221225472 0 16 0 0 0 0 0 0 1048576 0 0 0 655360 0 0 0 0 131072 4224 0 16384 0 1073741888 16 0 32768 0 2 32 0 0 2097152 0 0 33554432 8192 8 32 0 0 0 0 0 0 0 0 0 0 0 0 0 0 0 0 0 0 0 0 0 0 536870944 0 0 524288 0 262144 134217728 1024 0 0 69206016 0 0 1024 0 16777728 0 0 0 1048576 0 32 0 0 0 0 0 0 0 0 8388608 0 0 0 128 134217728 8388608 0 0 0 0 33554432 67108864 0 16777216 0 134217728 0 8388608 64 0 67108992 0 4 32768 0 33554432 268435458 524288 0 0 0 0 0 0 0 0 0 0 0 0 0 0 0 0 0 0 16 0 0 0 512 8388608 0 0 0 570425344 16 0 0 557058 2 0 0 8192 0 65536 0 268435456 0 0 134217728 131072 0 16777216 2147483648 4194304 0 0 262400 0 1 67108864 8 0 0 144 8388608 0 512 0 536870912 0 0 0 0 0 16384 0 0 0 0 0 1073741824 0 0 33554432 0 0 0 0 0 0 0 0 0 0 0 0 0 0 0 0 0 536870912 524288 0 128 2147483648 0 0 0 128 2 16908288 0 32 0 0 0 256 2 131072 536870944 262208 0 0 0 0 0 256 0 2048 0 0 128 2048 0 1048576 0 0 0 0 0 2147483650 0 0 0 0 0 1073742336 1048576 16 0 0 0 524288 0 0 0 67108864 0 0 0 134217732 0 0 0 0 0 0 0 0 0 0 0 0 0 0 0 0 0 0 0 0 8 16826368 0 538968576 0 0 0 0 1056768 134217728 16384 0 4194304
is_linear=0
shrinkage=0.05


Tree=83
num_leaves=31
num_cat=7
split_feature=20 20 20 16 19 20 20 19 6 20 6 1 9 9 19 19 6 6 20 20 20 16 19 0 0 20 19 0 0 19
split_gain=1.35028e+06 163721 136798 41387 21830 19372.5 12941.7 5749.52 4281.89 3940.36 3909.22 3659.95 3029.27 2921.26 2859.13 2365.09 2238.39 2210.54 1913.53 1891.06 1700.91 1674.69 1576.73 1547.35 1563.87 1437.94 1222.32 1125.37 1144.9 1085.4
threshold=0.58911132812500011 1.5893554687500002 0.16070556640625003 1.0000000180025095e-35 2.9287109375000004 0.94653320312500011 0.37500000000000006 0.64282226562500011 2.5000000000000004 3.7324218750000004 2.5000000000000004 0 1 2 0.64282226562500011 0.35705566406250006 2.5000000000000004 2.5000000000000004 1.2319335937500002 0.26782226562500006 2.1601562500000004 0.71020507812500011 0.21423339843750003 3 4 0.76782226562500011 0.21423339843750003 5 6 1.2143554687500002
decision_type=2 2 2 10 2 2 2 2 2 2 2 1 9 9 2 2 2 2 2 2 2 10 2 9 9 2 2 9 9 2
left_child=2 5 3 -1 7 10 14 -3 26 -6 -2 22 -9 -11 19 -10 -14 -8 -17 -4 -18 -15 23 -5 -25 -12 -7 -26 -29 -19
right_child=1 4 6 11 9 8 17 12 15 13 25 -13 16 21 -16 18 20 29 -20 -21 -22 -23 -24 24 27 -27 -28 28 -30 -31
leaf_value=0 0 0 0 0 0 0 0 0 0 0 0 0 0 0 0 0 0 0 0 0 0 0 0 0 0 0 0 0 0 0
leaf_weight=4726430 678619 106140 1307281 3209 685365 23883 562812 5851 86964 3813 927528 2137603 556765 161798 180792 872456 744398 1363199 782401 1072430 644925 1319413 105643 4568 67112 763913 674875 85168 1625464 37862
leaf_count=4726430 678619 106140 1307281 3209 685365 23883 562812 5851 86964 3813 927528 2137603 556765 161798 180792 872456 744398 1363199 782401 1072430 644925 1319413 105643 4568 67112 763913 674875 85168 1625464 37862
internal_value=-0.0305315 -0.015625 -0.0406781 -0.0443261 -0.00844756 -0.0219339 -0.0336186 -0.0121369 -0.0188071 -0.00494917 -0.0251536 -0.0406027 -0.0115206 -0.00350186 -0.0359606 -0.0201336 -0.0114124 -0.0305651 -0.0197112 -0.0364211 -0.0124859 -0.00338914 -0.0389974 -0.0393487 -0.0394111 -0.0264399 -0.0155005 -0.0394863 -0.0392355 -0.0316283
internal_weight=2.23187e+07 9.03911e+06 1.32796e+07 8.7552e+06 4.22847e+06 4.81064e+06 4.52438e+06 2.05808e+06 2.44058e+06 2.17039e+06 2.37006e+06 4.02877e+06 1.95194e+06 1.48502e+06 2.5605e+06 1.74182e+06 1.94609e+06 1.96387e+06 1.65486e+06 2.37971e+06 1.38932e+06 1.48121e+06 1.89116e+06 1.78552e+06 1.78231e+06 1.69144e+06 698758 1.77774e+06 1.71063e+06 1.40106e+06
internal_count=22318680 9039107 13279573 8755197 4228468 4810639 4524376 2058079 2440579 2170389 2370060 4028767 1951939 1485024 2560503 1741821 1946088 1963873 1654857 2379711 1389323 1481211 1891164 1785521 1782312 1691441 698758 1777744 1710632 1401061
cat_boundaries=0 1 2 3 82 160 240 316
cat_threshold=39 2 2 8 0 0 2 3221225472 0 16 0 0 0 0 0 0 1048576 0 0 0 655360 0 0 0 0 131072 4224 0 16384 0 1073741888 16 0 32768 0 2 32 0 0 2097152 0 0 33554432 8192 8 32 0 0 0 0 0 0 0 0 0 0 0 0 0 0 0 0 0 0 0 0 0 0 536870944 0 0 524288 0 262144 134217728 1024 0 0 69206016 0 0 1024 0 16777728 0 0 0 1048576 0 32 0 0 0 0 0 0 0 0 8388608 0 0 0 128 134217728 8388608 0 0 0 0 33554432 67108864 0 16777216 0 134217728 0 8388608 64 0 67108992 0 4 32768 0 33554432 268435458 524288 0 0 0 0 0 0 0 0 0 0 0 0 0 0 0 0 0 0 16 0 0 0 512 8388608 0 0 0 570425344 16 0 0 557058 2 0 0 8192 0 65536 0 268435456 0 0 134217728 131072 0 16777216 2147483648 4194304 0 0 262400 0 1 67108864 8 0 0 144 8388608 0 512 0 536870912 0 0 0 0 0 16384 0 0 0 0 0 1073741824 0 0 33554432 0 0 0 0 0 0 0 0 0 0 0 0 0 0 0 0 0 536870912 524288 0 128 2147483648 0 0 0 128 2 16908288 0 32 0 0 0 256 2 131072 536870944 262208 0 0 0 0 0 256 0 2048 0 0 128 2048 0 1048576 0 0 0 0 0 2147483650 0 0 0 0 0 1073742336 1048576 16 0 0 0 524288 0 0 0 67108864 0 0 0 134217732 0 0 0 0 0 0 0 0 0 0 0 0 0 0 0 0 0 0 0 0 8 16826368 0 538968576 0 0 0 0 1056768 134217728 16384 0 4194304
is_linear=0
shrinkage=0.05


Tree=84
num_leaves=31
num_cat=7
split_feature=20 20 20 16 19 20 20 19 6 20 6 1 9 9 19 19 6 6 20 20 20 16 19 0 0 20 19 0 0 19
split_gain=1.35028e+06 163721 136798 41387 21830 19372.5 12941.7 5749.52 4281.89 3940.36 3909.22 3659.95 3029.27 2921.26 2859.13 2365.09 2238.39 2210.54 1913.53 1891.06 1700.91 1674.69 1576.73 1547.35 1563.87 1437.94 1222.32 1125.37 1144.9 1085.4
threshold=0.58911132812500011 1.5893554687500002 0.16070556640625003 1.0000000180025095e-35 2.9287109375000004 0.94653320312500011 0.37500000000000006 0.64282226562500011 2.5000000000000004 3.7324218750000004 2.5000000000000004 0 1 2 0.64282226562500011 0.35705566406250006 2.5000000000000004 2.5000000000000004 1.2319335937500002 0.26782226562500006 2.1601562500000004 0.71020507812500011 0.21423339843750003 3 4 0.76782226562500011 0.21423339843750003 5 6 1.2143554687500002
decision_type=2 2 2 10 2 2 2 2 2 2 2 1 9 9 2 2 2 2 2 2 2 10 2 9 9 2 2 9 9 2
left_child=2 5 3 -1 7 10 14 -3 26 -6 -2 22 -9 -11 19 -10 -14 -8 -17 -4 -18 -15 23 -5 -25 -12 -7 -26 -29 -19
right_child=1 4 6 11 9 8 17 12 15 13 25 -13 16 21 -16 18 20 29 -20 -21 -22 -23 -24 24 27 -27 -28 28 -30 -31
leaf_value=0 0 0 0 0 0 0 0 0 0 0 0 0 0 0 0 0 0 0 0 0 0 0 0 0 0 0 0 0 0 0
leaf_weight=4726430 678619 106140 1307281 3209 685365 23883 562812 5851 86964 3813 927528 2137603 556765 161798 180792 872456 744398 1363199 782401 1072430 644925 1319413 105643 4568 67112 763913 674875 85168 1625464 37862
leaf_count=4726430 678619 106140 1307281 3209 685365 23883 562812 5851 86964 3813 927528 2137603 556765 161798 180792 872456 744398 1363199 782401 1072430 644925 1319413 105643 4568 67112 763913 674875 85168 1625464 37862
internal_value=-0.0305315 -0.015625 -0.0406781 -0.0443261 -0.00844756 -0.0219339 -0.0336186 -0.0121369 -0.0188071 -0.00494917 -0.0251536 -0.0406027 -0.0115206 -0.00350186 -0.0359606 -0.0201336 -0.0114124 -0.0305651 -0.0197112 -0.0364211 -0.0124859 -0.00338914 -0.0389974 -0.0393487 -0.0394111 -0.0264399 -0.0155005 -0.0394863 -0.0392355 -0.0316283
internal_weight=2.23187e+07 9.03911e+06 1.32796e+07 8.7552e+06 4.22847e+06 4.81064e+06 4.52438e+06 2.05808e+06 2.44058e+06 2.17039e+06 2.37006e+06 4.02877e+06 1.95194e+06 1.48502e+06 2.5605e+06 1.74182e+06 1.94609e+06 1.96387e+06 1.65486e+06 2.37971e+06 1.38932e+06 1.48121e+06 1.89116e+06 1.78552e+06 1.78231e+06 1.69144e+06 698758 1.77774e+06 1.71063e+06 1.40106e+06
internal_count=22318680 9039107 13279573 8755197 4228468 4810639 4524376 2058079 2440579 2170389 2370060 4028767 1951939 1485024 2560503 1741821 1946088 1963873 1654857 2379711 1389323 1481211 1891164 1785521 1782312 1691441 698758 1777744 1710632 1401061
cat_boundaries=0 1 2 3 82 160 240 316
cat_threshold=39 2 2 8 0 0 2 3221225472 0 16 0 0 0 0 0 0 1048576 0 0 0 655360 0 0 0 0 131072 4224 0 16384 0 1073741888 16 0 32768 0 2 32 0 0 2097152 0 0 33554432 8192 8 32 0 0 0 0 0 0 0 0 0 0 0 0 0 0 0 0 0 0 0 0 0 0 536870944 0 0 524288 0 262144 134217728 1024 0 0 69206016 0 0 1024 0 16777728 0 0 0 1048576 0 32 0 0 0 0 0 0 0 0 8388608 0 0 0 128 134217728 8388608 0 0 0 0 33554432 67108864 0 16777216 0 134217728 0 8388608 64 0 67108992 0 4 32768 0 33554432 268435458 524288 0 0 0 0 0 0 0 0 0 0 0 0 0 0 0 0 0 0 16 0 0 0 512 8388608 0 0 0 570425344 16 0 0 557058 2 0 0 8192 0 65536 0 268435456 0 0 134217728 131072 0 16777216 2147483648 4194304 0 0 262400 0 1 67108864 8 0 0 144 8388608 0 512 0 536870912 0 0 0 0 0 16384 0 0 0 0 0 1073741824 0 0 33554432 0 0 0 0 0 0 0 0 0 0 0 0 0 0 0 0 0 536870912 524288 0 128 2147483648 0 0 0 128 2 16908288 0 32 0 0 0 256 2 131072 536870944 262208 0 0 0 0 0 256 0 2048 0 0 128 2048 0 1048576 0 0 0 0 0 2147483650 0 0 0 0 0 1073742336 1048576 16 0 0 0 524288 0 0 0 67108864 0 0 0 134217732 0 0 0 0 0 0 0 0 0 0 0 0 0 0 0 0 0 0 0 0 8 16826368 0 538968576 0 0 0 0 1056768 134217728 16384 0 4194304
is_linear=0
shrinkage=0.05


Tree=85
num_leaves=31
num_cat=7
split_feature=20 20 20 16 19 20 20 19 6 20 6 1 9 9 19 19 6 6 20 20 20 16 19 0 0 20 19 0 0 19
split_gain=1.35028e+06 163721 136798 41387 21830 19372.5 12941.7 5749.52 4281.89 3940.36 3909.22 3659.95 3029.27 2921.26 2859.13 2365.09 2238.39 2210.54 1913.53 1891.06 1700.91 1674.69 1576.73 1547.35 1563.87 1437.94 1222.32 1125.37 1144.9 1085.4
threshold=0.58911132812500011 1.5893554687500002 0.16070556640625003 1.0000000180025095e-35 2.9287109375000004 0.94653320312500011 0.37500000000000006 0.64282226562500011 2.5000000000000004 3.7324218750000004 2.5000000000000004 0 1 2 0.64282226562500011 0.35705566406250006 2.5000000000000004 2.5000000000000004 1.2319335937500002 0.26782226562500006 2.1601562500000004 0.71020507812500011 0.21423339843750003 3 4 0.76782226562500011 0.21423339843750003 5 6 1.2143554687500002
decision_type=2 2 2 10 2 2 2 2 2 2 2 1 9 9 2 2 2 2 2 2 2 10 2 9 9 2 2 9 9 2
left_child=2 5 3 -1 7 10 14 -3 26 -6 -2 22 -9 -11 19 -10 -14 -8 -17 -4 -18 -15 23 -5 -25 -12 -7 -26 -29 -19
right_child=1 4 6 11 9 8 17 12 15 13 25 -13 16 21 -16 18 20 29 -20 -21 -22 -23 -24 24 27 -27 -28 28 -30 -31
leaf_value=0 0 0 0 0 0 0 0 0 0 0 0 0 0 0 0 0 0 0 0 0 0 0 0 0 0 0 0 0 0 0
leaf_weight=4726430 678619 106140 1307281 3209 685365 23883 562812 5851 86964 3813 927528 2137603 556765 161798 180792 872456 744398 1363199 782401 1072430 644925 1319413 105643 4568 67112 763913 674875 85168 1625464 37862
leaf_count=4726430 678619 106140 1307281 3209 685365 23883 562812 5851 86964 3813 927528 2137603 556765 161798 180792 872456 744398 1363199 782401 1072430 644925 1319413 105643 4568 67112 763913 674875 85168 1625464 37862
internal_value=-0.0305315 -0.015625 -0.0406781 -0.0443261 -0.00844756 -0.0219339 -0.0336186 -0.0121369 -0.0188071 -0.00494917 -0.0251536 -0.0406027 -0.0115206 -0.00350186 -0.0359606 -0.0201336 -0.0114124 -0.0305651 -0.0197112 -0.0364211 -0.0124859 -0.00338914 -0.0389974 -0.0393487 -0.0394111 -0.0264399 -0.0155005 -0.0394863 -0.0392355 -0.0316283
internal_weight=2.23187e+07 9.03911e+06 1.32796e+07 8.7552e+06 4.22847e+06 4.81064e+06 4.52438e+06 2.05808e+06 2.44058e+06 2.17039e+06 2.37006e+06 4.02877e+06 1.95194e+06 1.48502e+06 2.5605e+06 1.74182e+06 1.94609e+06 1.96387e+06 1.65486e+06 2.37971e+06 1.38932e+06 1.48121e+06 1.89116e+06 1.78552e+06 1.78231e+06 1.69144e+06 698758 1.77774e+06 1.71063e+06 1.40106e+06
internal_count=22318680 9039107 13279573 8755197 4228468 4810639 4524376 2058079 2440579 2170389 2370060 4028767 1951939 1485024 2560503 1741821 1946088 1963873 1654857 2379711 1389323 1481211 1891164 1785521 1782312 1691441 698758 1777744 1710632 1401061
cat_boundaries=0 1 2 3 82 160 240 316
cat_threshold=39 2 2 8 0 0 2 3221225472 0 16 0 0 0 0 0 0 1048576 0 0 0 655360 0 0 0 0 131072 4224 0 16384 0 1073741888 16 0 32768 0 2 32 0 0 2097152 0 0 33554432 8192 8 32 0 0 0 0 0 0 0 0 0 0 0 0 0 0 0 0 0 0 0 0 0 0 536870944 0 0 524288 0 262144 134217728 1024 0 0 69206016 0 0 1024 0 16777728 0 0 0 1048576 0 32 0 0 0 0 0 0 0 0 8388608 0 0 0 128 134217728 8388608 0 0 0 0 33554432 67108864 0 16777216 0 134217728 0 8388608 64 0 67108992 0 4 32768 0 33554432 268435458 524288 0 0 0 0 0 0 0 0 0 0 0 0 0 0 0 0 0 0 16 0 0 0 512 8388608 0 0 0 570425344 16 0 0 557058 2 0 0 8192 0 65536 0 268435456 0 0 134217728 131072 0 16777216 2147483648 4194304 0 0 262400 0 1 67108864 8 0 0 144 8388608 0 512 0 536870912 0 0 0 0 0 16384 0 0 0 0 0 1073741824 0 0 33554432 0 0 0 0 0 0 0 0 0 0 0 0 0 0 0 0 0 536870912 524288 0 128 2147483648 0 0 0 128 2 16908288 0 32 0 0 0 256 2 131072 536870944 262208 0 0 0 0 0 256 0 2048 0 0 128 2048 0 1048576 0 0 0 0 0 2147483650 0 0 0 0 0 1073742336 1048576 16 0 0 0 524288 0 0 0 67108864 0 0 0 134217732 0 0 0 0 0 0 0 0 0 0 0 0 0 0 0 0 0 0 0 0 8 16826368 0 538968576 0 0 0 0 1056768 134217728 16384 0 4194304
is_linear=0
shrinkage=0.05


Tree=86
num_leaves=31
num_cat=7
split_feature=20 20 20 16 19 20 20 19 6 20 6 1 9 9 19 19 6 6 20 20 20 16 19 0 0 20 19 0 0 19
split_gain=1.35028e+06 163721 136798 41387 21830 19372.5 12941.7 5749.52 4281.89 3940.36 3909.22 3659.95 3029.27 2921.26 2859.13 2365.09 2238.39 2210.54 1913.53 1891.06 1700.91 1674.69 1576.73 1547.35 1563.87 1437.94 1222.32 1125.37 1144.9 1085.4
threshold=0.58911132812500011 1.5893554687500002 0.16070556640625003 1.0000000180025095e-35 2.9287109375000004 0.94653320312500011 0.37500000000000006 0.64282226562500011 2.5000000000000004 3.7324218750000004 2.5000000000000004 0 1 2 0.64282226562500011 0.35705566406250006 2.5000000000000004 2.5000000000000004 1.2319335937500002 0.26782226562500006 2.1601562500000004 0.71020507812500011 0.21423339843750003 3 4 0.76782226562500011 0.21423339843750003 5 6 1.2143554687500002
decision_type=2 2 2 10 2 2 2 2 2 2 2 1 9 9 2 2 2 2 2 2 2 10 2 9 9 2 2 9 9 2
left_child=2 5 3 -1 7 10 14 -3 26 -6 -2 22 -9 -11 19 -10 -14 -8 -17 -4 -18 -15 23 -5 -25 -12 -7 -26 -29 -19
right_child=1 4 6 11 9 8 17 12 15 13 25 -13 16 21 -16 18 20 29 -20 -21 -22 -23 -24 24 27 -27 -28 28 -30 -31
leaf_value=0 0 0 0 0 0 0 0 0 0 0 0 0 0 0 0 0 0 0 0 0 0 0 0 0 0 0 0 0 0 0
leaf_weight=4726430 678619 106140 1307281 3209 685365 23883 562812 5851 86964 3813 927528 2137603 556765 161798 180792 872456 744398 1363199 782401 1072430 644925 1319413 105643 4568 67112 763913 674875 85168 1625464 37862
leaf_count=4726430 678619 106140 1307281 3209 685365 23883 562812 5851 86964 3813 927528 2137603 556765 161798 180792 872456 744398 1363199 782401 1072430 644925 1319413 105643 4568 67112 763913 674875 85168 1625464 37862
internal_value=-0.0305315 -0.015625 -0.0406781 -0.0443261 -0.00844756 -0.0219339 -0.0336186 -0.0121369 -0.0188071 -0.00494917 -0.0251536 -0.0406027 -0.0115206 -0.00350186 -0.0359606 -0.0201336 -0.0114124 -0.0305651 -0.0197112 -0.0364211 -0.0124859 -0.00338914 -0.0389974 -0.0393487 -0.0394111 -0.0264399 -0.0155005 -0.0394863 -0.0392355 -0.0316283
internal_weight=2.23187e+07 9.03911e+06 1.32796e+07 8.7552e+06 4.22847e+06 4.81064e+06 4.52438e+06 2.05808e+06 2.44058e+06 2.17039e+06 2.37006e+06 4.02877e+06 1.95194e+06 1.48502e+06 2.5605e+06 1.74182e+06 1.94609e+06 1.96387e+06 1.65486e+06 2.37971e+06 1.38932e+06 1.48121e+06 1.89116e+06 1.78552e+06 1.78231e+06 1.69144e+06 698758 1.77774e+06 1.71063e+06 1.40106e+06
internal_count=22318680 9039107 13279573 8755197 4228468 4810639 4524376 2058079 2440579 2170389 2370060 4028767 1951939 1485024 2560503 1741821 1946088 1963873 1654857 2379711 1389323 1481211 1891164 1785521 1782312 1691441 698758 1777744 1710632 1401061
cat_boundaries=0 1 2 3 82 160 240 316
cat_threshold=39 2 2 8 0 0 2 3221225472 0 16 0 0 0 0 0 0 1048576 0 0 0 655360 0 0 0 0 131072 4224 0 16384 0 1073741888 16 0 32768 0 2 32 0 0 2097152 0 0 33554432 8192 8 32 0 0 0 0 0 0 0 0 0 0 0 0 0 0 0 0 0 0 0 0 0 0 536870944 0 0 524288 0 262144 134217728 1024 0 0 69206016 0 0 1024 0 16777728 0 0 0 1048576 0 32 0 0 0 0 0 0 0 0 8388608 0 0 0 128 134217728 8388608 0 0 0 0 33554432 67108864 0 16777216 0 134217728 0 8388608 64 0 67108992 0 4 32768 0 33554432 268435458 524288 0 0 0 0 0 0 0 0 0 0 0 0 0 0 0 0 0 0 16 0 0 0 512 8388608 0 0 0 570425344 16 0 0 557058 2 0 0 8192 0 65536 0 268435456 0 0 134217728 131072 0 16777216 2147483648 4194304 0 0 262400 0 1 67108864 8 0 0 144 8388608 0 512 0 536870912 0 0 0 0 0 16384 0 0 0 0 0 1073741824 0 0 33554432 0 0 0 0 0 0 0 0 0 0 0 0 0 0 0 0 0 536870912 524288 0 128 2147483648 0 0 0 128 2 16908288 0 32 0 0 0 256 2 131072 536870944 262208 0 0 0 0 0 256 0 2048 0 0 128 2048 0 1048576 0 0 0 0 0 2147483650 0 0 0 0 0 1073742336 1048576 16 0 0 0 524288 0 0 0 67108864 0 0 0 134217732 0 0 0 0 0 0 0 0 0 0 0 0 0 0 0 0 0 0 0 0 8 16826368 0 538968576 0 0 0 0 1056768 134217728 16384 0 4194304
is_linear=0
shrinkage=0.05


Tree=87
num_leaves=31
num_cat=7
split_feature=20 20 20 16 19 20 20 19 6 20 6 1 9 9 19 19 6 6 20 20 20 16 19 0 0 20 19 0 0 19
split_gain=1.35028e+06 163721 136798 41387 21830 19372.5 12941.7 5749.52 4281.89 3940.36 3909.22 3659.95 3029.27 2921.26 2859.13 2365.09 2238.39 2210.54 1913.53 1891.06 1700.91 1674.69 1576.73 1547.35 1563.87 1437.94 1222.32 1125.37 1144.9 1085.4
threshold=0.58911132812500011 1.5893554687500002 0.16070556640625003 1.0000000180025095e-35 2.9287109375000004 0.94653320312500011 0.37500000000000006 0.64282226562500011 2.5000000000000004 3.7324218750000004 2.5000000000000004 0 1 2 0.64282226562500011 0.35705566406250006 2.5000000000000004 2.5000000000000004 1.2319335937500002 0.26782226562500006 2.1601562500000004 0.71020507812500011 0.21423339843750003 3 4 0.76782226562500011 0.21423339843750003 5 6 1.2143554687500002
decision_type=2 2 2 10 2 2 2 2 2 2 2 1 9 9 2 2 2 2 2 2 2 10 2 9 9 2 2 9 9 2
left_child=2 5 3 -1 7 10 14 -3 26 -6 -2 22 -9 -11 19 -10 -14 -8 -17 -4 -18 -15 23 -5 -25 -12 -7 -26 -29 -19
right_child=1 4 6 11 9 8 17 12 15 13 25 -13 16 21 -16 18 20 29 -20 -21 -22 -23 -24 24 27 -27 -28 28 -30 -31
leaf_value=0 0 0 0 0 0 0 0 0 0 0 0 0 0 0 0 0 0 0 0 0 0 0 0 0 0 0 0 0 0 0
leaf_weight=4726430 678619 106140 1307281 3209 685365 23883 562812 5851 86964 3813 927528 2137603 556765 161798 180792 872456 744398 1363199 782401 1072430 644925 1319413 105643 4568 67112 763913 674875 85168 1625464 37862
leaf_count=4726430 678619 106140 1307281 3209 685365 23883 562812 5851 86964 3813 927528 2137603 556765 161798 180792 872456 744398 1363199 782401 1072430 644925 1319413 105643 4568 67112 763913 674875 85168 1625464 37862
internal_value=-0.0305315 -0.015625 -0.0406781 -0.0443261 -0.00844756 -0.0219339 -0.0336186 -0.0121369 -0.0188071 -0.00494917 -0.0251536 -0.0406027 -0.0115206 -0.00350186 -0.0359606 -0.0201336 -0.0114124 -0.0305651 -0.0197112 -0.0364211 -0.0124859 -0.00338914 -0.0389974 -0.0393487 -0.0394111 -0.0264399 -0.0155005 -0.0394863 -0.0392355 -0.0316283
internal_weight=2.23187e+07 9.03911e+06 1.32796e+07 8.7552e+06 4.22847e+06 4.81064e+06 4.52438e+06 2.05808e+06 2.44058e+06 2.17039e+06 2.37006e+06 4.02877e+06 1.95194e+06 1.48502e+06 2.5605e+06 1.74182e+06 1.94609e+06 1.96387e+06 1.65486e+06 2.37971e+06 1.38932e+06 1.48121e+06 1.89116e+06 1.78552e+06 1.78231e+06 1.69144e+06 698758 1.77774e+06 1.71063e+06 1.40106e+06
internal_count=22318680 9039107 13279573 8755197 4228468 4810639 4524376 2058079 2440579 2170389 2370060 4028767 1951939 1485024 2560503 1741821 1946088 1963873 1654857 2379711 1389323 1481211 1891164 1785521 1782312 1691441 698758 1777744 1710632 1401061
cat_boundaries=0 1 2 3 82 160 240 316
cat_threshold=39 2 2 8 0 0 2 3221225472 0 16 0 0 0 0 0 0 1048576 0 0 0 655360 0 0 0 0 131072 4224 0 16384 0 1073741888 16 0 32768 0 2 32 0 0 2097152 0 0 33554432 8192 8 32 0 0 0 0 0 0 0 0 0 0 0 0 0 0 0 0 0 0 0 0 0 0 536870944 0 0 524288 0 262144 134217728 1024 0 0 69206016 0 0 1024 0 16777728 0 0 0 1048576 0 32 0 0 0 0 0 0 0 0 8388608 0 0 0 128 134217728 8388608 0 0 0 0 33554432 67108864 0 16777216 0 134217728 0 8388608 64 0 67108992 0 4 32768 0 33554432 268435458 524288 0 0 0 0 0 0 0 0 0 0 0 0 0 0 0 0 0 0 16 0 0 0 512 8388608 0 0 0 570425344 16 0 0 557058 2 0 0 8192 0 65536 0 268435456 0 0 134217728 131072 0 16777216 2147483648 4194304 0 0 262400 0 1 67108864 8 0 0 144 8388608 0 512 0 536870912 0 0 0 0 0 16384 0 0 0 0 0 1073741824 0 0 33554432 0 0 0 0 0 0 0 0 0 0 0 0 0 0 0 0 0 536870912 524288 0 128 2147483648 0 0 0 128 2 16908288 0 32 0 0 0 256 2 131072 536870944 262208 0 0 0 0 0 256 0 2048 0 0 128 2048 0 1048576 0 0 0 0 0 2147483650 0 0 0 0 0 1073742336 1048576 16 0 0 0 524288 0 0 0 67108864 0 0 0 134217732 0 0 0 0 0 0 0 0 0 0 0 0 0 0 0 0 0 0 0 0 8 16826368 0 538968576 0 0 0 0 1056768 134217728 16384 0 4194304
is_linear=0
shrinkage=0.05


Tree=88
num_leaves=31
num_cat=7
split_feature=20 20 20 16 19 20 20 19 6 20 6 1 9 9 19 19 6 6 20 20 20 16 19 0 0 20 19 0 0 19
split_gain=1.35028e+06 163721 136798 41387 21830 19372.5 12941.7 5749.52 4281.89 3940.36 3909.22 3659.95 3029.27 2921.26 2859.13 2365.09 2238.39 2210.54 1913.53 1891.06 1700.91 1674.69 1576.73 1547.35 1563.87 1437.94 1222.32 1125.37 1144.9 1085.4
threshold=0.58911132812500011 1.5893554687500002 0.16070556640625003 1.0000000180025095e-35 2.9287109375000004 0.94653320312500011 0.37500000000000006 0.64282226562500011 2.5000000000000004 3.7324218750000004 2.5000000000000004 0 1 2 0.64282226562500011 0.35705566406250006 2.5000000000000004 2.5000000000000004 1.2319335937500002 0.26782226562500006 2.1601562500000004 0.71020507812500011 0.21423339843750003 3 4 0.76782226562500011 0.21423339843750003 5 6 1.2143554687500002
decision_type=2 2 2 10 2 2 2 2 2 2 2 1 9 9 2 2 2 2 2 2 2 10 2 9 9 2 2 9 9 2
left_child=2 5 3 -1 7 10 14 -3 26 -6 -2 22 -9 -11 19 -10 -14 -8 -17 -4 -18 -15 23 -5 -25 -12 -7 -26 -29 -19
right_child=1 4 6 11 9 8 17 12 15 13 25 -13 16 21 -16 18 20 29 -20 -21 -22 -23 -24 24 27 -27 -28 28 -30 -31
leaf_value=0 0 0 0 0 0 0 0 0 0 0 0 0 0 0 0 0 0 0 0 0 0 0 0 0 0 0 0 0 0 0
leaf_weight=4726430 678619 106140 1307281 3209 685365 23883 562812 5851 86964 3813 927528 2137603 556765 161798 180792 872456 744398 1363199 782401 1072430 644925 1319413 105643 4568 67112 763913 674875 85168 1625464 37862
leaf_count=4726430 678619 106140 1307281 3209 685365 23883 562812 5851 86964 3813 927528 2137603 556765 161798 180792 872456 744398 1363199 782401 1072430 644925 1319413 105643 4568 67112 763913 674875 85168 1625464 37862
internal_value=-0.0305315 -0.015625 -0.0406781 -0.0443261 -0.00844756 -0.0219339 -0.0336186 -0.0121369 -0.0188071 -0.00494917 -0.0251536 -0.0406027 -0.0115206 -0.00350186 -0.0359606 -0.0201336 -0.0114124 -0.0305651 -0.0197112 -0.0364211 -0.0124859 -0.00338914 -0.0389974 -0.0393487 -0.0394111 -0.0264399 -0.0155005 -0.0394863 -0.0392355 -0.0316283
internal_weight=2.23187e+07 9.03911e+06 1.32796e+07 8.7552e+06 4.22847e+06 4.81064e+06 4.52438e+06 2.05808e+06 2.44058e+06 2.17039e+06 2.37006e+06 4.02877e+06 1.95194e+06 1.48502e+06 2.5605e+06 1.74182e+06 1.94609e+06 1.96387e+06 1.65486e+06 2.37971e+06 1.38932e+06 1.48121e+06 1.89116e+06 1.78552e+06 1.78231e+06 1.69144e+06 698758 1.77774e+06 1.71063e+06 1.40106e+06
internal_count=22318680 9039107 13279573 8755197 4228468 4810639 4524376 2058079 2440579 2170389 2370060 4028767 1951939 1485024 2560503 1741821 1946088 1963873 1654857 2379711 1389323 1481211 1891164 1785521 1782312 1691441 698758 1777744 1710632 1401061
cat_boundaries=0 1 2 3 82 160 240 316
cat_threshold=39 2 2 8 0 0 2 3221225472 0 16 0 0 0 0 0 0 1048576 0 0 0 655360 0 0 0 0 131072 4224 0 16384 0 1073741888 16 0 32768 0 2 32 0 0 2097152 0 0 33554432 8192 8 32 0 0 0 0 0 0 0 0 0 0 0 0 0 0 0 0 0 0 0 0 0 0 536870944 0 0 524288 0 262144 134217728 1024 0 0 69206016 0 0 1024 0 16777728 0 0 0 1048576 0 32 0 0 0 0 0 0 0 0 8388608 0 0 0 128 134217728 8388608 0 0 0 0 33554432 67108864 0 16777216 0 134217728 0 8388608 64 0 67108992 0 4 32768 0 33554432 268435458 524288 0 0 0 0 0 0 0 0 0 0 0 0 0 0 0 0 0 0 16 0 0 0 512 8388608 0 0 0 570425344 16 0 0 557058 2 0 0 8192 0 65536 0 268435456 0 0 134217728 131072 0 16777216 2147483648 4194304 0 0 262400 0 1 67108864 8 0 0 144 8388608 0 512 0 536870912 0 0 0 0 0 16384 0 0 0 0 0 1073741824 0 0 33554432 0 0 0 0 0 0 0 0 0 0 0 0 0 0 0 0 0 536870912 524288 0 128 2147483648 0 0 0 128 2 16908288 0 32 0 0 0 256 2 131072 536870944 262208 0 0 0 0 0 256 0 2048 0 0 128 2048 0 1048576 0 0 0 0 0 2147483650 0 0 0 0 0 1073742336 1048576 16 0 0 0 524288 0 0 0 67108864 0 0 0 134217732 0 0 0 0 0 0 0 0 0 0 0 0 0 0 0 0 0 0 0 0 8 16826368 0 538968576 0 0 0 0 1056768 134217728 16384 0 4194304
is_linear=0
shrinkage=0.05


Tree=89
num_leaves=31
num_cat=7
split_feature=20 20 20 16 19 20 20 19 6 20 6 1 9 9 19 19 6 6 20 20 20 16 19 0 0 20 19 0 0 19
split_gain=1.35028e+06 163721 136798 41387 21830 19372.5 12941.7 5749.52 4281.89 3940.36 3909.22 3659.95 3029.27 2921.26 2859.13 2365.09 2238.39 2210.54 1913.53 1891.06 1700.91 1674.69 1576.73 1547.35 1563.87 1437.94 1222.32 1125.37 1144.9 1085.4
threshold=0.58911132812500011 1.5893554687500002 0.16070556640625003 1.0000000180025095e-35 2.9287109375000004 0.94653320312500011 0.37500000000000006 0.64282226562500011 2.5000000000000004 3.7324218750000004 2.5000000000000004 0 1 2 0.64282226562500011 0.35705566406250006 2.5000000000000004 2.5000000000000004 1.2319335937500002 0.26782226562500006 2.1601562500000004 0.71020507812500011 0.21423339843750003 3 4 0.76782226562500011 0.21423339843750003 5 6 1.2143554687500002
decision_type=2 2 2 10 2 2 2 2 2 2 2 1 9 9 2 2 2 2 2 2 2 10 2 9 9 2 2 9 9 2
left_child=2 5 3 -1 7 10 14 -3 26 -6 -2 22 -9 -11 19 -10 -14 -8 -17 -4 -18 -15 23 -5 -25 -12 -7 -26 -29 -19
right_child=1 4 6 11 9 8 17 12 15 13 25 -13 16 21 -16 18 20 29 -20 -21 -22 -23 -24 24 27 -27 -28 28 -30 -31
leaf_value=0 0 0 0 0 0 0 0 0 0 0 0 0 0 0 0 0 0 0 0 0 0 0 0 0 0 0 0 0 0 0
leaf_weight=4726430 678619 106140 1307281 3209 685365 23883 562812 5851 86964 3813 927528 2137603 556765 161798 180792 872456 744398 1363199 782401 1072430 644925 1319413 105643 4568 67112 763913 674875 85168 1625464 37862
leaf_count=4726430 678619 106140 1307281 3209 685365 23883 562812 5851 86964 3813 927528 2137603 556765 161798 180792 872456 744398 1363199 782401 1072430 644925 1319413 105643 4568 67112 763913 674875 85168 1625464 37862
internal_value=-0.0305315 -0.015625 -0.0406781 -0.0443261 -0.00844756 -0.0219339 -0.0336186 -0.0121369 -0.0188071 -0.00494917 -0.0251536 -0.0406027 -0.0115206 -0.00350186 -0.0359606 -0.0201336 -0.0114124 -0.0305651 -0.0197112 -0.0364211 -0.0124859 -0.00338914 -0.0389974 -0.0393487 -0.0394111 -0.0264399 -0.0155005 -0.0394863 -0.0392355 -0.0316283
internal_weight=2.23187e+07 9.03911e+06 1.32796e+07 8.7552e+06 4.22847e+06 4.81064e+06 4.52438e+06 2.05808e+06 2.44058e+06 2.17039e+06 2.37006e+06 4.02877e+06 1.95194e+06 1.48502e+06 2.5605e+06 1.74182e+06 1.94609e+06 1.96387e+06 1.65486e+06 2.37971e+06 1.38932e+06 1.48121e+06 1.89116e+06 1.78552e+06 1.78231e+06 1.69144e+06 698758 1.77774e+06 1.71063e+06 1.40106e+06
internal_count=22318680 9039107 13279573 8755197 4228468 4810639 4524376 2058079 2440579 2170389 2370060 4028767 1951939 1485024 2560503 1741821 1946088 1963873 1654857 2379711 1389323 1481211 1891164 1785521 1782312 1691441 698758 1777744 1710632 1401061
cat_boundaries=0 1 2 3 82 160 240 316
cat_threshold=39 2 2 8 0 0 2 3221225472 0 16 0 0 0 0 0 0 1048576 0 0 0 655360 0 0 0 0 131072 4224 0 16384 0 1073741888 16 0 32768 0 2 32 0 0 2097152 0 0 33554432 8192 8 32 0 0 0 0 0 0 0 0 0 0 0 0 0 0 0 0 0 0 0 0 0 0 536870944 0 0 524288 0 262144 134217728 1024 0 0 69206016 0 0 1024 0 16777728 0 0 0 1048576 0 32 0 0 0 0 0 0 0 0 8388608 0 0 0 128 134217728 8388608 0 0 0 0 33554432 67108864 0 16777216 0 134217728 0 8388608 64 0 67108992 0 4 32768 0 33554432 268435458 524288 0 0 0 0 0 0 0 0 0 0 0 0 0 0 0 0 0 0 16 0 0 0 512 8388608 0 0 0 570425344 16 0 0 557058 2 0 0 8192 0 65536 0 268435456 0 0 134217728 131072 0 16777216 2147483648 4194304 0 0 262400 0 1 67108864 8 0 0 144 8388608 0 512 0 536870912 0 0 0 0 0 16384 0 0 0 0 0 1073741824 0 0 33554432 0 0 0 0 0 0 0 0 0 0 0 0 0 0 0 0 0 536870912 524288 0 128 2147483648 0 0 0 128 2 16908288 0 32 0 0 0 256 2 131072 536870944 262208 0 0 0 0 0 256 0 2048 0 0 128 2048 0 1048576 0 0 0 0 0 2147483650 0 0 0 0 0 1073742336 1048576 16 0 0 0 524288 0 0 0 67108864 0 0 0 134217732 0 0 0 0 0 0 0 0 0 0 0 0 0 0 0 0 0 0 0 0 8 16826368 0 538968576 0 0 0 0 1056768 134217728 16384 0 4194304
is_linear=0
shrinkage=0.05


Tree=90
num_leaves=31
num_cat=7
split_feature=20 20 20 16 19 20 20 19 6 20 6 1 9 9 19 19 6 6 20 20 20 16 19 0 0 20 19 0 0 19
split_gain=1.35028e+06 163721 136798 41387 21830 19372.5 12941.7 5749.52 4281.89 3940.36 3909.22 3659.95 3029.27 2921.26 2859.13 2365.09 2238.39 2210.54 1913.53 1891.06 1700.91 1674.69 1576.73 1547.35 1563.87 1437.94 1222.32 1125.37 1144.9 1085.4
threshold=0.58911132812500011 1.5893554687500002 0.16070556640625003 1.0000000180025095e-35 2.9287109375000004 0.94653320312500011 0.37500000000000006 0.64282226562500011 2.5000000000000004 3.7324218750000004 2.5000000000000004 0 1 2 0.64282226562500011 0.35705566406250006 2.5000000000000004 2.5000000000000004 1.2319335937500002 0.26782226562500006 2.1601562500000004 0.71020507812500011 0.21423339843750003 3 4 0.76782226562500011 0.21423339843750003 5 6 1.2143554687500002
decision_type=2 2 2 10 2 2 2 2 2 2 2 1 9 9 2 2 2 2 2 2 2 10 2 9 9 2 2 9 9 2
left_child=2 5 3 -1 7 10 14 -3 26 -6 -2 22 -9 -11 19 -10 -14 -8 -17 -4 -18 -15 23 -5 -25 -12 -7 -26 -29 -19
right_child=1 4 6 11 9 8 17 12 15 13 25 -13 16 21 -16 18 20 29 -20 -21 -22 -23 -24 24 27 -27 -28 28 -30 -31
leaf_value=0 0 0 0 0 0 0 0 0 0 0 0 0 0 0 0 0 0 0 0 0 0 0 0 0 0 0 0 0 0 0
leaf_weight=4726430 678619 106140 1307281 3209 685365 23883 562812 5851 86964 3813 927528 2137603 556765 161798 180792 872456 744398 1363199 782401 1072430 644925 1319413 105643 4568 67112 763913 674875 85168 1625464 37862
leaf_count=4726430 678619 106140 1307281 3209 685365 23883 562812 5851 86964 3813 927528 2137603 556765 161798 180792 872456 744398 1363199 782401 1072430 644925 1319413 105643 4568 67112 763913 674875 85168 1625464 37862
internal_value=-0.0305315 -0.015625 -0.0406781 -0.0443261 -0.00844756 -0.0219339 -0.0336186 -0.0121369 -0.0188071 -0.00494917 -0.0251536 -0.0406027 -0.0115206 -0.00350186 -0.0359606 -0.0201336 -0.0114124 -0.0305651 -0.0197112 -0.0364211 -0.0124859 -0.00338914 -0.0389974 -0.0393487 -0.0394111 -0.0264399 -0.0155005 -0.0394863 -0.0392355 -0.0316283
internal_weight=2.23187e+07 9.03911e+06 1.32796e+07 8.7552e+06 4.22847e+06 4.81064e+06 4.52438e+06 2.05808e+06 2.44058e+06 2.17039e+06 2.37006e+06 4.02877e+06 1.95194e+06 1.48502e+06 2.5605e+06 1.74182e+06 1.94609e+06 1.96387e+06 1.65486e+06 2.37971e+06 1.38932e+06 1.48121e+06 1.89116e+06 1.78552e+06 1.78231e+06 1.69144e+06 698758 1.77774e+06 1.71063e+06 1.40106e+06
internal_count=22318680 9039107 13279573 8755197 4228468 4810639 4524376 2058079 2440579 2170389 2370060 4028767 1951939 1485024 2560503 1741821 1946088 1963873 1654857 2379711 1389323 1481211 1891164 1785521 1782312 1691441 698758 1777744 1710632 1401061
cat_boundaries=0 1 2 3 82 160 240 316
cat_threshold=39 2 2 8 0 0 2 3221225472 0 16 0 0 0 0 0 0 1048576 0 0 0 655360 0 0 0 0 131072 4224 0 16384 0 1073741888 16 0 32768 0 2 32 0 0 2097152 0 0 33554432 8192 8 32 0 0 0 0 0 0 0 0 0 0 0 0 0 0 0 0 0 0 0 0 0 0 536870944 0 0 524288 0 262144 134217728 1024 0 0 69206016 0 0 1024 0 16777728 0 0 0 1048576 0 32 0 0 0 0 0 0 0 0 8388608 0 0 0 128 134217728 8388608 0 0 0 0 33554432 67108864 0 16777216 0 134217728 0 8388608 64 0 67108992 0 4 32768 0 33554432 268435458 524288 0 0 0 0 0 0 0 0 0 0 0 0 0 0 0 0 0 0 16 0 0 0 512 8388608 0 0 0 570425344 16 0 0 557058 2 0 0 8192 0 65536 0 268435456 0 0 134217728 131072 0 16777216 2147483648 4194304 0 0 262400 0 1 67108864 8 0 0 144 8388608 0 512 0 536870912 0 0 0 0 0 16384 0 0 0 0 0 1073741824 0 0 33554432 0 0 0 0 0 0 0 0 0 0 0 0 0 0 0 0 0 536870912 524288 0 128 2147483648 0 0 0 128 2 16908288 0 32 0 0 0 256 2 131072 536870944 262208 0 0 0 0 0 256 0 2048 0 0 128 2048 0 1048576 0 0 0 0 0 2147483650 0 0 0 0 0 1073742336 1048576 16 0 0 0 524288 0 0 0 67108864 0 0 0 134217732 0 0 0 0 0 0 0 0 0 0 0 0 0 0 0 0 0 0 0 0 8 16826368 0 538968576 0 0 0 0 1056768 134217728 16384 0 4194304
is_linear=0
shrinkage=0.05


Tree=91
num_leaves=31
num_cat=7
split_feature=20 20 20 16 19 20 20 19 6 20 6 1 9 9 19 19 6 6 20 20 20 16 19 0 0 20 19 0 0 19
split_gain=1.35028e+06 163721 136798 41387 21830 19372.5 12941.7 5749.52 4281.89 3940.36 3909.22 3659.95 3029.27 2921.26 2859.13 2365.09 2238.39 2210.54 1913.53 1891.06 1700.91 1674.69 1576.73 1547.35 1563.87 1437.94 1222.32 1125.37 1144.9 1085.4
threshold=0.58911132812500011 1.5893554687500002 0.16070556640625003 1.0000000180025095e-35 2.9287109375000004 0.94653320312500011 0.37500000000000006 0.64282226562500011 2.5000000000000004 3.7324218750000004 2.5000000000000004 0 1 2 0.64282226562500011 0.35705566406250006 2.5000000000000004 2.5000000000000004 1.2319335937500002 0.26782226562500006 2.1601562500000004 0.71020507812500011 0.21423339843750003 3 4 0.76782226562500011 0.21423339843750003 5 6 1.2143554687500002
decision_type=2 2 2 10 2 2 2 2 2 2 2 1 9 9 2 2 2 2 2 2 2 10 2 9 9 2 2 9 9 2
left_child=2 5 3 -1 7 10 14 -3 26 -6 -2 22 -9 -11 19 -10 -14 -8 -17 -4 -18 -15 23 -5 -25 -12 -7 -26 -29 -19
right_child=1 4 6 11 9 8 17 12 15 13 25 -13 16 21 -16 18 20 29 -20 -21 -22 -23 -24 24 27 -27 -28 28 -30 -31
leaf_value=0 0 0 0 0 0 0 0 0 0 0 0 0 0 0 0 0 0 0 0 0 0 0 0 0 0 0 0 0 0 0
leaf_weight=4726430 678619 106140 1307281 3209 685365 23883 562812 5851 86964 3813 927528 2137603 556765 161798 180792 872456 744398 1363199 782401 1072430 644925 1319413 105643 4568 67112 763913 674875 85168 1625464 37862
leaf_count=4726430 678619 106140 1307281 3209 685365 23883 562812 5851 86964 3813 927528 2137603 556765 161798 180792 872456 744398 1363199 782401 1072430 644925 1319413 105643 4568 67112 763913 674875 85168 1625464 37862
internal_value=-0.0305315 -0.015625 -0.0406781 -0.0443261 -0.00844756 -0.0219339 -0.0336186 -0.0121369 -0.0188071 -0.00494917 -0.0251536 -0.0406027 -0.0115206 -0.00350186 -0.0359606 -0.0201336 -0.0114124 -0.0305651 -0.0197112 -0.0364211 -0.0124859 -0.00338914 -0.0389974 -0.0393487 -0.0394111 -0.0264399 -0.0155005 -0.0394863 -0.0392355 -0.0316283
internal_weight=2.23187e+07 9.03911e+06 1.32796e+07 8.7552e+06 4.22847e+06 4.81064e+06 4.52438e+06 2.05808e+06 2.44058e+06 2.17039e+06 2.37006e+06 4.02877e+06 1.95194e+06 1.48502e+06 2.5605e+06 1.74182e+06 1.94609e+06 1.96387e+06 1.65486e+06 2.37971e+06 1.38932e+06 1.48121e+06 1.89116e+06 1.78552e+06 1.78231e+06 1.69144e+06 698758 1.77774e+06 1.71063e+06 1.40106e+06
internal_count=22318680 9039107 13279573 8755197 4228468 4810639 4524376 2058079 2440579 2170389 2370060 4028767 1951939 1485024 2560503 1741821 1946088 1963873 1654857 2379711 1389323 1481211 1891164 1785521 1782312 1691441 698758 1777744 1710632 1401061
cat_boundaries=0 1 2 3 82 160 240 316
cat_threshold=39 2 2 8 0 0 2 3221225472 0 16 0 0 0 0 0 0 1048576 0 0 0 655360 0 0 0 0 131072 4224 0 16384 0 1073741888 16 0 32768 0 2 32 0 0 2097152 0 0 33554432 8192 8 32 0 0 0 0 0 0 0 0 0 0 0 0 0 0 0 0 0 0 0 0 0 0 536870944 0 0 524288 0 262144 134217728 1024 0 0 69206016 0 0 1024 0 16777728 0 0 0 1048576 0 32 0 0 0 0 0 0 0 0 8388608 0 0 0 128 134217728 8388608 0 0 0 0 33554432 67108864 0 16777216 0 134217728 0 8388608 64 0 67108992 0 4 32768 0 33554432 268435458 524288 0 0 0 0 0 0 0 0 0 0 0 0 0 0 0 0 0 0 16 0 0 0 512 8388608 0 0 0 570425344 16 0 0 557058 2 0 0 8192 0 65536 0 268435456 0 0 134217728 131072 0 16777216 2147483648 4194304 0 0 262400 0 1 67108864 8 0 0 144 8388608 0 512 0 536870912 0 0 0 0 0 16384 0 0 0 0 0 1073741824 0 0 33554432 0 0 0 0 0 0 0 0 0 0 0 0 0 0 0 0 0 536870912 524288 0 128 2147483648 0 0 0 128 2 16908288 0 32 0 0 0 256 2 131072 536870944 262208 0 0 0 0 0 256 0 2048 0 0 128 2048 0 1048576 0 0 0 0 0 2147483650 0 0 0 0 0 1073742336 1048576 16 0 0 0 524288 0 0 0 67108864 0 0 0 134217732 0 0 0 0 0 0 0 0 0 0 0 0 0 0 0 0 0 0 0 0 8 16826368 0 538968576 0 0 0 0 1056768 134217728 16384 0 4194304
is_linear=0
shrinkage=0.05


Tree=92
num_leaves=31
num_cat=7
split_feature=20 20 20 16 19 20 20 19 6 20 6 1 9 9 19 19 6 6 20 20 20 16 19 0 0 20 19 0 0 19
split_gain=1.35028e+06 163721 136798 41387 21830 19372.5 12941.7 5749.52 4281.89 3940.36 3909.22 3659.95 3029.27 2921.26 2859.13 2365.09 2238.39 2210.54 1913.53 1891.06 1700.91 1674.69 1576.73 1547.35 1563.87 1437.94 1222.32 1125.37 1144.9 1085.4
threshold=0.58911132812500011 1.5893554687500002 0.16070556640625003 1.0000000180025095e-35 2.9287109375000004 0.94653320312500011 0.37500000000000006 0.64282226562500011 2.5000000000000004 3.7324218750000004 2.5000000000000004 0 1 2 0.64282226562500011 0.35705566406250006 2.5000000000000004 2.5000000000000004 1.2319335937500002 0.26782226562500006 2.1601562500000004 0.71020507812500011 0.21423339843750003 3 4 0.76782226562500011 0.21423339843750003 5 6 1.2143554687500002
decision_type=2 2 2 10 2 2 2 2 2 2 2 1 9 9 2 2 2 2 2 2 2 10 2 9 9 2 2 9 9 2
left_child=2 5 3 -1 7 10 14 -3 26 -6 -2 22 -9 -11 19 -10 -14 -8 -17 -4 -18 -15 23 -5 -25 -12 -7 -26 -29 -19
right_child=1 4 6 11 9 8 17 12 15 13 25 -13 16 21 -16 18 20 29 -20 -21 -22 -23 -24 24 27 -27 -28 28 -30 -31
leaf_value=0 0 0 0 0 0 0 0 0 0 0 0 0 0 0 0 0 0 0 0 0 0 0 0 0 0 0 0 0 0 0
leaf_weight=4726430 678619 106140 1307281 3209 685365 23883 562812 5851 86964 3813 927528 2137603 556765 161798 180792 872456 744398 1363199 782401 1072430 644925 1319413 105643 4568 67112 763913 674875 85168 1625464 37862
leaf_count=4726430 678619 106140 1307281 3209 685365 23883 562812 5851 86964 3813 927528 2137603 556765 161798 180792 872456 744398 1363199 782401 1072430 644925 1319413 105643 4568 67112 763913 674875 85168 1625464 37862
internal_value=-0.0305315 -0.015625 -0.0406781 -0.0443261 -0.00844756 -0.0219339 -0.0336186 -0.0121369 -0.0188071 -0.00494917 -0.0251536 -0.0406027 -0.0115206 -0.00350186 -0.0359606 -0.0201336 -0.0114124 -0.0305651 -0.0197112 -0.0364211 -0.0124859 -0.00338914 -0.0389974 -0.0393487 -0.0394111 -0.0264399 -0.0155005 -0.0394863 -0.0392355 -0.0316283
internal_weight=2.23187e+07 9.03911e+06 1.32796e+07 8.7552e+06 4.22847e+06 4.81064e+06 4.52438e+06 2.05808e+06 2.44058e+06 2.17039e+06 2.37006e+06 4.02877e+06 1.95194e+06 1.48502e+06 2.5605e+06 1.74182e+06 1.94609e+06 1.96387e+06 1.65486e+06 2.37971e+06 1.38932e+06 1.48121e+06 1.89116e+06 1.78552e+06 1.78231e+06 1.69144e+06 698758 1.77774e+06 1.71063e+06 1.40106e+06
internal_count=22318680 9039107 13279573 8755197 4228468 4810639 4524376 2058079 2440579 2170389 2370060 4028767 1951939 1485024 2560503 1741821 1946088 1963873 1654857 2379711 1389323 1481211 1891164 1785521 1782312 1691441 698758 1777744 1710632 1401061
cat_boundaries=0 1 2 3 82 160 240 316
cat_threshold=39 2 2 8 0 0 2 3221225472 0 16 0 0 0 0 0 0 1048576 0 0 0 655360 0 0 0 0 131072 4224 0 16384 0 1073741888 16 0 32768 0 2 32 0 0 2097152 0 0 33554432 8192 8 32 0 0 0 0 0 0 0 0 0 0 0 0 0 0 0 0 0 0 0 0 0 0 536870944 0 0 524288 0 262144 134217728 1024 0 0 69206016 0 0 1024 0 16777728 0 0 0 1048576 0 32 0 0 0 0 0 0 0 0 8388608 0 0 0 128 134217728 8388608 0 0 0 0 33554432 67108864 0 16777216 0 134217728 0 8388608 64 0 67108992 0 4 32768 0 33554432 268435458 524288 0 0 0 0 0 0 0 0 0 0 0 0 0 0 0 0 0 0 16 0 0 0 512 8388608 0 0 0 570425344 16 0 0 557058 2 0 0 8192 0 65536 0 268435456 0 0 134217728 131072 0 16777216 2147483648 4194304 0 0 262400 0 1 67108864 8 0 0 144 8388608 0 512 0 536870912 0 0 0 0 0 16384 0 0 0 0 0 1073741824 0 0 33554432 0 0 0 0 0 0 0 0 0 0 0 0 0 0 0 0 0 536870912 524288 0 128 2147483648 0 0 0 128 2 16908288 0 32 0 0 0 256 2 131072 536870944 262208 0 0 0 0 0 256 0 2048 0 0 128 2048 0 1048576 0 0 0 0 0 2147483650 0 0 0 0 0 1073742336 1048576 16 0 0 0 524288 0 0 0 67108864 0 0 0 134217732 0 0 0 0 0 0 0 0 0 0 0 0 0 0 0 0 0 0 0 0 8 16826368 0 538968576 0 0 0 0 1056768 134217728 16384 0 4194304
is_linear=0
shrinkage=0.05


Tree=93
num_leaves=31
num_cat=7
split_feature=20 20 20 16 19 20 20 19 6 20 6 1 9 9 19 19 6 6 20 20 20 16 19 0 0 20 19 0 0 19
split_gain=1.35028e+06 163721 136798 41387 21830 19372.5 12941.7 5749.52 4281.89 3940.36 3909.22 3659.95 3029.27 2921.26 2859.13 2365.09 2238.39 2210.54 1913.53 1891.06 1700.91 1674.69 1576.73 1547.35 1563.87 1437.94 1222.32 1125.37 1144.9 1085.4
threshold=0.58911132812500011 1.5893554687500002 0.16070556640625003 1.0000000180025095e-35 2.9287109375000004 0.94653320312500011 0.37500000000000006 0.64282226562500011 2.5000000000000004 3.7324218750000004 2.5000000000000004 0 1 2 0.64282226562500011 0.35705566406250006 2.5000000000000004 2.5000000000000004 1.2319335937500002 0.26782226562500006 2.1601562500000004 0.71020507812500011 0.21423339843750003 3 4 0.76782226562500011 0.21423339843750003 5 6 1.2143554687500002
decision_type=2 2 2 10 2 2 2 2 2 2 2 1 9 9 2 2 2 2 2 2 2 10 2 9 9 2 2 9 9 2
left_child=2 5 3 -1 7 10 14 -3 26 -6 -2 22 -9 -11 19 -10 -14 -8 -17 -4 -18 -15 23 -5 -25 -12 -7 -26 -29 -19
right_child=1 4 6 11 9 8 17 12 15 13 25 -13 16 21 -16 18 20 29 -20 -21 -22 -23 -24 24 27 -27 -28 28 -30 -31
leaf_value=0 0 0 0 0 0 0 0 0 0 0 0 0 0 0 0 0 0 0 0 0 0 0 0 0 0 0 0 0 0 0
leaf_weight=4726430 678619 106140 1307281 3209 685365 23883 562812 5851 86964 3813 927528 2137603 556765 161798 180792 872456 744398 1363199 782401 1072430 644925 1319413 105643 4568 67112 763913 674875 85168 1625464 37862
leaf_count=4726430 678619 106140 1307281 3209 685365 23883 562812 5851 86964 3813 927528 2137603 556765 161798 180792 872456 744398 1363199 782401 1072430 644925 1319413 105643 4568 67112 763913 674875 85168 1625464 37862
internal_value=-0.0305315 -0.015625 -0.0406781 -0.0443261 -0.00844756 -0.0219339 -0.0336186 -0.0121369 -0.0188071 -0.00494917 -0.0251536 -0.0406027 -0.0115206 -0.00350186 -0.0359606 -0.0201336 -0.0114124 -0.0305651 -0.0197112 -0.0364211 -0.0124859 -0.00338914 -0.0389974 -0.0393487 -0.0394111 -0.0264399 -0.0155005 -0.0394863 -0.0392355 -0.0316283
internal_weight=2.23187e+07 9.03911e+06 1.32796e+07 8.7552e+06 4.22847e+06 4.81064e+06 4.52438e+06 2.05808e+06 2.44058e+06 2.17039e+06 2.37006e+06 4.02877e+06 1.95194e+06 1.48502e+06 2.5605e+06 1.74182e+06 1.94609e+06 1.96387e+06 1.65486e+06 2.37971e+06 1.38932e+06 1.48121e+06 1.89116e+06 1.78552e+06 1.78231e+06 1.69144e+06 698758 1.77774e+06 1.71063e+06 1.40106e+06
internal_count=22318680 9039107 13279573 8755197 4228468 4810639 4524376 2058079 2440579 2170389 2370060 4028767 1951939 1485024 2560503 1741821 1946088 1963873 1654857 2379711 1389323 1481211 1891164 1785521 1782312 1691441 698758 1777744 1710632 1401061
cat_boundaries=0 1 2 3 82 160 240 316
cat_threshold=39 2 2 8 0 0 2 3221225472 0 16 0 0 0 0 0 0 1048576 0 0 0 655360 0 0 0 0 131072 4224 0 16384 0 1073741888 16 0 32768 0 2 32 0 0 2097152 0 0 33554432 8192 8 32 0 0 0 0 0 0 0 0 0 0 0 0 0 0 0 0 0 0 0 0 0 0 536870944 0 0 524288 0 262144 134217728 1024 0 0 69206016 0 0 1024 0 16777728 0 0 0 1048576 0 32 0 0 0 0 0 0 0 0 8388608 0 0 0 128 134217728 8388608 0 0 0 0 33554432 67108864 0 16777216 0 134217728 0 8388608 64 0 67108992 0 4 32768 0 33554432 268435458 524288 0 0 0 0 0 0 0 0 0 0 0 0 0 0 0 0 0 0 16 0 0 0 512 8388608 0 0 0 570425344 16 0 0 557058 2 0 0 8192 0 65536 0 268435456 0 0 134217728 131072 0 16777216 2147483648 4194304 0 0 262400 0 1 67108864 8 0 0 144 8388608 0 512 0 536870912 0 0 0 0 0 16384 0 0 0 0 0 1073741824 0 0 33554432 0 0 0 0 0 0 0 0 0 0 0 0 0 0 0 0 0 536870912 524288 0 128 2147483648 0 0 0 128 2 16908288 0 32 0 0 0 256 2 131072 536870944 262208 0 0 0 0 0 256 0 2048 0 0 128 2048 0 1048576 0 0 0 0 0 2147483650 0 0 0 0 0 1073742336 1048576 16 0 0 0 524288 0 0 0 67108864 0 0 0 134217732 0 0 0 0 0 0 0 0 0 0 0 0 0 0 0 0 0 0 0 0 8 16826368 0 538968576 0 0 0 0 1056768 134217728 16384 0 4194304
is_linear=0
shrinkage=0.05


Tree=94
num_leaves=31
num_cat=7
split_feature=20 20 20 16 19 20 20 19 6 20 6 1 9 9 19 19 6 6 20 20 20 16 19 0 0 20 19 0 0 19
split_gain=1.35028e+06 163721 136798 41387 21830 19372.5 12941.7 5749.52 4281.89 3940.36 3909.22 3659.95 3029.27 2921.26 2859.13 2365.09 2238.39 2210.54 1913.53 1891.06 1700.91 1674.69 1576.73 1547.35 1563.87 1437.94 1222.32 1125.37 1144.9 1085.4
threshold=0.58911132812500011 1.5893554687500002 0.16070556640625003 1.0000000180025095e-35 2.9287109375000004 0.94653320312500011 0.37500000000000006 0.64282226562500011 2.5000000000000004 3.7324218750000004 2.5000000000000004 0 1 2 0.64282226562500011 0.35705566406250006 2.5000000000000004 2.5000000000000004 1.2319335937500002 0.26782226562500006 2.1601562500000004 0.71020507812500011 0.21423339843750003 3 4 0.76782226562500011 0.21423339843750003 5 6 1.2143554687500002
decision_type=2 2 2 10 2 2 2 2 2 2 2 1 9 9 2 2 2 2 2 2 2 10 2 9 9 2 2 9 9 2
left_child=2 5 3 -1 7 10 14 -3 26 -6 -2 22 -9 -11 19 -10 -14 -8 -17 -4 -18 -15 23 -5 -25 -12 -7 -26 -29 -19
right_child=1 4 6 11 9 8 17 12 15 13 25 -13 16 21 -16 18 20 29 -20 -21 -22 -23 -24 24 27 -27 -28 28 -30 -31
leaf_value=0 0 0 0 0 0 0 0 0 0 0 0 0 0 0 0 0 0 0 0 0 0 0 0 0 0 0 0 0 0 0
leaf_weight=4726430 678619 106140 1307281 3209 685365 23883 562812 5851 86964 3813 927528 2137603 556765 161798 180792 872456 744398 1363199 782401 1072430 644925 1319413 105643 4568 67112 763913 674875 85168 1625464 37862
leaf_count=4726430 678619 106140 1307281 3209 685365 23883 562812 5851 86964 3813 927528 2137603 556765 161798 180792 872456 744398 1363199 782401 1072430 644925 1319413 105643 4568 67112 763913 674875 85168 1625464 37862
internal_value=-0.0305315 -0.015625 -0.0406781 -0.0443261 -0.00844756 -0.0219339 -0.0336186 -0.0121369 -0.0188071 -0.00494917 -0.0251536 -0.0406027 -0.0115206 -0.00350186 -0.0359606 -0.0201336 -0.0114124 -0.0305651 -0.0197112 -0.0364211 -0.0124859 -0.00338914 -0.0389974 -0.0393487 -0.0394111 -0.0264399 -0.0155005 -0.0394863 -0.0392355 -0.0316283
internal_weight=2.23187e+07 9.03911e+06 1.32796e+07 8.7552e+06 4.22847e+06 4.81064e+06 4.52438e+06 2.05808e+06 2.44058e+06 2.17039e+06 2.37006e+06 4.02877e+06 1.95194e+06 1.48502e+06 2.5605e+06 1.74182e+06 1.94609e+06 1.96387e+06 1.65486e+06 2.37971e+06 1.38932e+06 1.48121e+06 1.89116e+06 1.78552e+06 1.78231e+06 1.69144e+06 698758 1.77774e+06 1.71063e+06 1.40106e+06
internal_count=22318680 9039107 13279573 8755197 4228468 4810639 4524376 2058079 2440579 2170389 2370060 4028767 1951939 1485024 2560503 1741821 1946088 1963873 1654857 2379711 1389323 1481211 1891164 1785521 1782312 1691441 698758 1777744 1710632 1401061
cat_boundaries=0 1 2 3 82 160 240 316
cat_threshold=39 2 2 8 0 0 2 3221225472 0 16 0 0 0 0 0 0 1048576 0 0 0 655360 0 0 0 0 131072 4224 0 16384 0 1073741888 16 0 32768 0 2 32 0 0 2097152 0 0 33554432 8192 8 32 0 0 0 0 0 0 0 0 0 0 0 0 0 0 0 0 0 0 0 0 0 0 536870944 0 0 524288 0 262144 134217728 1024 0 0 69206016 0 0 1024 0 16777728 0 0 0 1048576 0 32 0 0 0 0 0 0 0 0 8388608 0 0 0 128 134217728 8388608 0 0 0 0 33554432 67108864 0 16777216 0 134217728 0 8388608 64 0 67108992 0 4 32768 0 33554432 268435458 524288 0 0 0 0 0 0 0 0 0 0 0 0 0 0 0 0 0 0 16 0 0 0 512 8388608 0 0 0 570425344 16 0 0 557058 2 0 0 8192 0 65536 0 268435456 0 0 134217728 131072 0 16777216 2147483648 4194304 0 0 262400 0 1 67108864 8 0 0 144 8388608 0 512 0 536870912 0 0 0 0 0 16384 0 0 0 0 0 1073741824 0 0 33554432 0 0 0 0 0 0 0 0 0 0 0 0 0 0 0 0 0 536870912 524288 0 128 2147483648 0 0 0 128 2 16908288 0 32 0 0 0 256 2 131072 536870944 262208 0 0 0 0 0 256 0 2048 0 0 128 2048 0 1048576 0 0 0 0 0 2147483650 0 0 0 0 0 1073742336 1048576 16 0 0 0 524288 0 0 0 67108864 0 0 0 134217732 0 0 0 0 0 0 0 0 0 0 0 0 0 0 0 0 0 0 0 0 8 16826368 0 538968576 0 0 0 0 1056768 134217728 16384 0 4194304
is_linear=0
shrinkage=0.05


Tree=95
num_leaves=31
num_cat=7
split_feature=20 20 20 16 19 20 20 19 6 20 6 1 9 9 19 19 6 6 20 20 20 16 19 0 0 20 19 0 0 19
split_gain=1.35028e+06 163721 136798 41387 21830 19372.5 12941.7 5749.52 4281.89 3940.36 3909.22 3659.95 3029.27 2921.26 2859.13 2365.09 2238.39 2210.54 1913.53 1891.06 1700.91 1674.69 1576.73 1547.35 1563.87 1437.94 1222.32 1125.37 1144.9 1085.4
threshold=0.58911132812500011 1.5893554687500002 0.16070556640625003 1.0000000180025095e-35 2.9287109375000004 0.94653320312500011 0.37500000000000006 0.64282226562500011 2.5000000000000004 3.7324218750000004 2.5000000000000004 0 1 2 0.64282226562500011 0.35705566406250006 2.5000000000000004 2.5000000000000004 1.2319335937500002 0.26782226562500006 2.1601562500000004 0.71020507812500011 0.21423339843750003 3 4 0.76782226562500011 0.21423339843750003 5 6 1.2143554687500002
decision_type=2 2 2 10 2 2 2 2 2 2 2 1 9 9 2 2 2 2 2 2 2 10 2 9 9 2 2 9 9 2
left_child=2 5 3 -1 7 10 14 -3 26 -6 -2 22 -9 -11 19 -10 -14 -8 -17 -4 -18 -15 23 -5 -25 -12 -7 -26 -29 -19
right_child=1 4 6 11 9 8 17 12 15 13 25 -13 16 21 -16 18 20 29 -20 -21 -22 -23 -24 24 27 -27 -28 28 -30 -31
leaf_value=0 0 0 0 0 0 0 0 0 0 0 0 0 0 0 0 0 0 0 0 0 0 0 0 0 0 0 0 0 0 0
leaf_weight=4726430 678619 106140 1307281 3209 685365 23883 562812 5851 86964 3813 927528 2137603 556765 161798 180792 872456 744398 1363199 782401 1072430 644925 1319413 105643 4568 67112 763913 674875 85168 1625464 37862
leaf_count=4726430 678619 106140 1307281 3209 685365 23883 562812 5851 86964 3813 927528 2137603 556765 161798 180792 872456 744398 1363199 782401 1072430 644925 1319413 105643 4568 67112 763913 674875 85168 1625464 37862
internal_value=-0.0305315 -0.015625 -0.0406781 -0.0443261 -0.00844756 -0.0219339 -0.0336186 -0.0121369 -0.0188071 -0.00494917 -0.0251536 -0.0406027 -0.0115206 -0.00350186 -0.0359606 -0.0201336 -0.0114124 -0.0305651 -0.0197112 -0.0364211 -0.0124859 -0.00338914 -0.0389974 -0.0393487 -0.0394111 -0.0264399 -0.0155005 -0.0394863 -0.0392355 -0.0316283
internal_weight=2.23187e+07 9.03911e+06 1.32796e+07 8.7552e+06 4.22847e+06 4.81064e+06 4.52438e+06 2.05808e+06 2.44058e+06 2.17039e+06 2.37006e+06 4.02877e+06 1.95194e+06 1.48502e+06 2.5605e+06 1.74182e+06 1.94609e+06 1.96387e+06 1.65486e+06 2.37971e+06 1.38932e+06 1.48121e+06 1.89116e+06 1.78552e+06 1.78231e+06 1.69144e+06 698758 1.77774e+06 1.71063e+06 1.40106e+06
internal_count=22318680 9039107 13279573 8755197 4228468 4810639 4524376 2058079 2440579 2170389 2370060 4028767 1951939 1485024 2560503 1741821 1946088 1963873 1654857 2379711 1389323 1481211 1891164 1785521 1782312 1691441 698758 1777744 1710632 1401061
cat_boundaries=0 1 2 3 82 160 240 316
cat_threshold=39 2 2 8 0 0 2 3221225472 0 16 0 0 0 0 0 0 1048576 0 0 0 655360 0 0 0 0 131072 4224 0 16384 0 1073741888 16 0 32768 0 2 32 0 0 2097152 0 0 33554432 8192 8 32 0 0 0 0 0 0 0 0 0 0 0 0 0 0 0 0 0 0 0 0 0 0 536870944 0 0 524288 0 262144 134217728 1024 0 0 69206016 0 0 1024 0 16777728 0 0 0 1048576 0 32 0 0 0 0 0 0 0 0 8388608 0 0 0 128 134217728 8388608 0 0 0 0 33554432 67108864 0 16777216 0 134217728 0 8388608 64 0 67108992 0 4 32768 0 33554432 268435458 524288 0 0 0 0 0 0 0 0 0 0 0 0 0 0 0 0 0 0 16 0 0 0 512 8388608 0 0 0 570425344 16 0 0 557058 2 0 0 8192 0 65536 0 268435456 0 0 134217728 131072 0 16777216 2147483648 4194304 0 0 262400 0 1 67108864 8 0 0 144 8388608 0 512 0 536870912 0 0 0 0 0 16384 0 0 0 0 0 1073741824 0 0 33554432 0 0 0 0 0 0 0 0 0 0 0 0 0 0 0 0 0 536870912 524288 0 128 2147483648 0 0 0 128 2 16908288 0 32 0 0 0 256 2 131072 536870944 262208 0 0 0 0 0 256 0 2048 0 0 128 2048 0 1048576 0 0 0 0 0 2147483650 0 0 0 0 0 1073742336 1048576 16 0 0 0 524288 0 0 0 67108864 0 0 0 134217732 0 0 0 0 0 0 0 0 0 0 0 0 0 0 0 0 0 0 0 0 8 16826368 0 538968576 0 0 0 0 1056768 134217728 16384 0 4194304
is_linear=0
shrinkage=0.05


Tree=96
num_leaves=31
num_cat=7
split_feature=20 20 20 16 19 20 20 19 6 20 6 1 9 9 19 19 6 6 20 20 20 16 19 0 0 20 19 0 0 19
split_gain=1.35028e+06 163721 136798 41387 21830 19372.5 12941.7 5749.52 4281.89 3940.36 3909.22 3659.95 3029.27 2921.26 2859.13 2365.09 2238.39 2210.54 1913.53 1891.06 1700.91 1674.69 1576.73 1547.35 1563.87 1437.94 1222.32 1125.37 1144.9 1085.4
threshold=0.58911132812500011 1.5893554687500002 0.16070556640625003 1.0000000180025095e-35 2.9287109375000004 0.94653320312500011 0.37500000000000006 0.64282226562500011 2.5000000000000004 3.7324218750000004 2.5000000000000004 0 1 2 0.64282226562500011 0.35705566406250006 2.5000000000000004 2.5000000000000004 1.2319335937500002 0.26782226562500006 2.1601562500000004 0.71020507812500011 0.21423339843750003 3 4 0.76782226562500011 0.21423339843750003 5 6 1.2143554687500002
decision_type=2 2 2 10 2 2 2 2 2 2 2 1 9 9 2 2 2 2 2 2 2 10 2 9 9 2 2 9 9 2
left_child=2 5 3 -1 7 10 14 -3 26 -6 -2 22 -9 -11 19 -10 -14 -8 -17 -4 -18 -15 23 -5 -25 -12 -7 -26 -29 -19
right_child=1 4 6 11 9 8 17 12 15 13 25 -13 16 21 -16 18 20 29 -20 -21 -22 -23 -24 24 27 -27 -28 28 -30 -31
leaf_value=0 0 0 0 0 0 0 0 0 0 0 0 0 0 0 0 0 0 0 0 0 0 0 0 0 0 0 0 0 0 0
leaf_weight=4726430 678619 106140 1307281 3209 685365 23883 562812 5851 86964 3813 927528 2137603 556765 161798 180792 872456 744398 1363199 782401 1072430 644925 1319413 105643 4568 67112 763913 674875 85168 1625464 37862
leaf_count=4726430 678619 106140 1307281 3209 685365 23883 562812 5851 86964 3813 927528 2137603 556765 161798 180792 872456 744398 1363199 782401 1072430 644925 1319413 105643 4568 67112 763913 674875 85168 1625464 37862
internal_value=-0.0305315 -0.015625 -0.0406781 -0.0443261 -0.00844756 -0.0219339 -0.0336186 -0.0121369 -0.0188071 -0.00494917 -0.0251536 -0.0406027 -0.0115206 -0.00350186 -0.0359606 -0.0201336 -0.0114124 -0.0305651 -0.0197112 -0.0364211 -0.0124859 -0.00338914 -0.0389974 -0.0393487 -0.0394111 -0.0264399 -0.0155005 -0.0394863 -0.0392355 -0.0316283
internal_weight=2.23187e+07 9.03911e+06 1.32796e+07 8.7552e+06 4.22847e+06 4.81064e+06 4.52438e+06 2.05808e+06 2.44058e+06 2.17039e+06 2.37006e+06 4.02877e+06 1.95194e+06 1.48502e+06 2.5605e+06 1.74182e+06 1.94609e+06 1.96387e+06 1.65486e+06 2.37971e+06 1.38932e+06 1.48121e+06 1.89116e+06 1.78552e+06 1.78231e+06 1.69144e+06 698758 1.77774e+06 1.71063e+06 1.40106e+06
internal_count=22318680 9039107 13279573 8755197 4228468 4810639 4524376 2058079 2440579 2170389 2370060 4028767 1951939 1485024 2560503 1741821 1946088 1963873 1654857 2379711 1389323 1481211 1891164 1785521 1782312 1691441 698758 1777744 1710632 1401061
cat_boundaries=0 1 2 3 82 160 240 316
cat_threshold=39 2 2 8 0 0 2 3221225472 0 16 0 0 0 0 0 0 1048576 0 0 0 655360 0 0 0 0 131072 4224 0 16384 0 1073741888 16 0 32768 0 2 32 0 0 2097152 0 0 33554432 8192 8 32 0 0 0 0 0 0 0 0 0 0 0 0 0 0 0 0 0 0 0 0 0 0 536870944 0 0 524288 0 262144 134217728 1024 0 0 69206016 0 0 1024 0 16777728 0 0 0 1048576 0 32 0 0 0 0 0 0 0 0 8388608 0 0 0 128 134217728 8388608 0 0 0 0 33554432 67108864 0 16777216 0 134217728 0 8388608 64 0 67108992 0 4 32768 0 33554432 268435458 524288 0 0 0 0 0 0 0 0 0 0 0 0 0 0 0 0 0 0 16 0 0 0 512 8388608 0 0 0 570425344 16 0 0 557058 2 0 0 8192 0 65536 0 268435456 0 0 134217728 131072 0 16777216 2147483648 4194304 0 0 262400 0 1 67108864 8 0 0 144 8388608 0 512 0 536870912 0 0 0 0 0 16384 0 0 0 0 0 1073741824 0 0 33554432 0 0 0 0 0 0 0 0 0 0 0 0 0 0 0 0 0 536870912 524288 0 128 2147483648 0 0 0 128 2 16908288 0 32 0 0 0 256 2 131072 536870944 262208 0 0 0 0 0 256 0 2048 0 0 128 2048 0 1048576 0 0 0 0 0 2147483650 0 0 0 0 0 1073742336 1048576 16 0 0 0 524288 0 0 0 67108864 0 0 0 134217732 0 0 0 0 0 0 0 0 0 0 0 0 0 0 0 0 0 0 0 0 8 16826368 0 538968576 0 0 0 0 1056768 134217728 16384 0 4194304
is_linear=0
shrinkage=0.05


Tree=97
num_leaves=31
num_cat=7
split_feature=20 20 20 16 19 20 20 19 6 20 6 1 9 9 19 19 6 6 20 20 20 16 19 0 0 20 19 0 0 19
split_gain=1.35028e+06 163721 136798 41387 21830 19372.5 12941.7 5749.52 4281.89 3940.36 3909.22 3659.95 3029.27 2921.26 2859.13 2365.09 2238.39 2210.54 1913.53 1891.06 1700.91 1674.69 1576.73 1547.35 1563.87 1437.94 1222.32 1125.37 1144.9 1085.4
threshold=0.58911132812500011 1.5893554687500002 0.16070556640625003 1.0000000180025095e-35 2.9287109375000004 0.94653320312500011 0.37500000000000006 0.64282226562500011 2.5000000000000004 3.7324218750000004 2.5000000000000004 0 1 2 0.64282226562500011 0.35705566406250006 2.5000000000000004 2.5000000000000004 1.2319335937500002 0.26782226562500006 2.1601562500000004 0.71020507812500011 0.21423339843750003 3 4 0.76782226562500011 0.21423339843750003 5 6 1.2143554687500002
decision_type=2 2 2 10 2 2 2 2 2 2 2 1 9 9 2 2 2 2 2 2 2 10 2 9 9 2 2 9 9 2
left_child=2 5 3 -1 7 10 14 -3 26 -6 -2 22 -9 -11 19 -10 -14 -8 -17 -4 -18 -15 23 -5 -25 -12 -7 -26 -29 -19
right_child=1 4 6 11 9 8 17 12 15 13 25 -13 16 21 -16 18 20 29 -20 -21 -22 -23 -24 24 27 -27 -28 28 -30 -31
leaf_value=0 0 0 0 0 0 0 0 0 0 0 0 0 0 0 0 0 0 0 0 0 0 0 0 0 0 0 0 0 0 0
leaf_weight=4726430 678619 106140 1307281 3209 685365 23883 562812 5851 86964 3813 927528 2137603 556765 161798 180792 872456 744398 1363199 782401 1072430 644925 1319413 105643 4568 67112 763913 674875 85168 1625464 37862
leaf_count=4726430 678619 106140 1307281 3209 685365 23883 562812 5851 86964 3813 927528 2137603 556765 161798 180792 872456 744398 1363199 782401 1072430 644925 1319413 105643 4568 67112 763913 674875 85168 1625464 37862
internal_value=-0.0305315 -0.015625 -0.0406781 -0.0443261 -0.00844756 -0.0219339 -0.0336186 -0.0121369 -0.0188071 -0.00494917 -0.0251536 -0.0406027 -0.0115206 -0.00350186 -0.0359606 -0.0201336 -0.0114124 -0.0305651 -0.0197112 -0.0364211 -0.0124859 -0.00338914 -0.0389974 -0.0393487 -0.0394111 -0.0264399 -0.0155005 -0.0394863 -0.0392355 -0.0316283
internal_weight=2.23187e+07 9.03911e+06 1.32796e+07 8.7552e+06 4.22847e+06 4.81064e+06 4.52438e+06 2.05808e+06 2.44058e+06 2.17039e+06 2.37006e+06 4.02877e+06 1.95194e+06 1.48502e+06 2.5605e+06 1.74182e+06 1.94609e+06 1.96387e+06 1.65486e+06 2.37971e+06 1.38932e+06 1.48121e+06 1.89116e+06 1.78552e+06 1.78231e+06 1.69144e+06 698758 1.77774e+06 1.71063e+06 1.40106e+06
internal_count=22318680 9039107 13279573 8755197 4228468 4810639 4524376 2058079 2440579 2170389 2370060 4028767 1951939 1485024 2560503 1741821 1946088 1963873 1654857 2379711 1389323 1481211 1891164 1785521 1782312 1691441 698758 1777744 1710632 1401061
cat_boundaries=0 1 2 3 82 160 240 316
cat_threshold=39 2 2 8 0 0 2 3221225472 0 16 0 0 0 0 0 0 1048576 0 0 0 655360 0 0 0 0 131072 4224 0 16384 0 1073741888 16 0 32768 0 2 32 0 0 2097152 0 0 33554432 8192 8 32 0 0 0 0 0 0 0 0 0 0 0 0 0 0 0 0 0 0 0 0 0 0 536870944 0 0 524288 0 262144 134217728 1024 0 0 69206016 0 0 1024 0 16777728 0 0 0 1048576 0 32 0 0 0 0 0 0 0 0 8388608 0 0 0 128 134217728 8388608 0 0 0 0 33554432 67108864 0 16777216 0 134217728 0 8388608 64 0 67108992 0 4 32768 0 33554432 268435458 524288 0 0 0 0 0 0 0 0 0 0 0 0 0 0 0 0 0 0 16 0 0 0 512 8388608 0 0 0 570425344 16 0 0 557058 2 0 0 8192 0 65536 0 268435456 0 0 134217728 131072 0 16777216 2147483648 4194304 0 0 262400 0 1 67108864 8 0 0 144 8388608 0 512 0 536870912 0 0 0 0 0 16384 0 0 0 0 0 1073741824 0 0 33554432 0 0 0 0 0 0 0 0 0 0 0 0 0 0 0 0 0 536870912 524288 0 128 2147483648 0 0 0 128 2 16908288 0 32 0 0 0 256 2 131072 536870944 262208 0 0 0 0 0 256 0 2048 0 0 128 2048 0 1048576 0 0 0 0 0 2147483650 0 0 0 0 0 1073742336 1048576 16 0 0 0 524288 0 0 0 67108864 0 0 0 134217732 0 0 0 0 0 0 0 0 0 0 0 0 0 0 0 0 0 0 0 0 8 16826368 0 538968576 0 0 0 0 1056768 134217728 16384 0 4194304
is_linear=0
shrinkage=0.05


Tree=98
num_leaves=31
num_cat=7
split_feature=20 20 20 16 19 20 20 19 6 20 6 1 9 9 19 19 6 6 20 20 20 16 19 0 0 20 19 0 0 19
split_gain=1.35028e+06 163721 136798 41387 21830 19372.5 12941.7 5749.52 4281.89 3940.36 3909.22 3659.95 3029.27 2921.26 2859.13 2365.09 2238.39 2210.54 1913.53 1891.06 1700.91 1674.69 1576.73 1547.35 1563.87 1437.94 1222.32 1125.37 1144.9 1085.4
threshold=0.58911132812500011 1.5893554687500002 0.16070556640625003 1.0000000180025095e-35 2.9287109375000004 0.94653320312500011 0.37500000000000006 0.64282226562500011 2.5000000000000004 3.7324218750000004 2.5000000000000004 0 1 2 0.64282226562500011 0.35705566406250006 2.5000000000000004 2.5000000000000004 1.2319335937500002 0.26782226562500006 2.1601562500000004 0.71020507812500011 0.21423339843750003 3 4 0.76782226562500011 0.21423339843750003 5 6 1.2143554687500002
decision_type=2 2 2 10 2 2 2 2 2 2 2 1 9 9 2 2 2 2 2 2 2 10 2 9 9 2 2 9 9 2
left_child=2 5 3 -1 7 10 14 -3 26 -6 -2 22 -9 -11 19 -10 -14 -8 -17 -4 -18 -15 23 -5 -25 -12 -7 -26 -29 -19
right_child=1 4 6 11 9 8 17 12 15 13 25 -13 16 21 -16 18 20 29 -20 -21 -22 -23 -24 24 27 -27 -28 28 -30 -31
leaf_value=0 0 0 0 0 0 0 0 0 0 0 0 0 0 0 0 0 0 0 0 0 0 0 0 0 0 0 0 0 0 0
leaf_weight=4726430 678619 106140 1307281 3209 685365 23883 562812 5851 86964 3813 927528 2137603 556765 161798 180792 872456 744398 1363199 782401 1072430 644925 1319413 105643 4568 67112 763913 674875 85168 1625464 37862
leaf_count=4726430 678619 106140 1307281 3209 685365 23883 562812 5851 86964 3813 927528 2137603 556765 161798 180792 872456 744398 1363199 782401 1072430 644925 1319413 105643 4568 67112 763913 674875 85168 1625464 37862
internal_value=-0.0305315 -0.015625 -0.0406781 -0.0443261 -0.00844756 -0.0219339 -0.0336186 -0.0121369 -0.0188071 -0.00494917 -0.0251536 -0.0406027 -0.0115206 -0.00350186 -0.0359606 -0.0201336 -0.0114124 -0.0305651 -0.0197112 -0.0364211 -0.0124859 -0.00338914 -0.0389974 -0.0393487 -0.0394111 -0.0264399 -0.0155005 -0.0394863 -0.0392355 -0.0316283
internal_weight=2.23187e+07 9.03911e+06 1.32796e+07 8.7552e+06 4.22847e+06 4.81064e+06 4.52438e+06 2.05808e+06 2.44058e+06 2.17039e+06 2.37006e+06 4.02877e+06 1.95194e+06 1.48502e+06 2.5605e+06 1.74182e+06 1.94609e+06 1.96387e+06 1.65486e+06 2.37971e+06 1.38932e+06 1.48121e+06 1.89116e+06 1.78552e+06 1.78231e+06 1.69144e+06 698758 1.77774e+06 1.71063e+06 1.40106e+06
internal_count=22318680 9039107 13279573 8755197 4228468 4810639 4524376 2058079 2440579 2170389 2370060 4028767 1951939 1485024 2560503 1741821 1946088 1963873 1654857 2379711 1389323 1481211 1891164 1785521 1782312 1691441 698758 1777744 1710632 1401061
cat_boundaries=0 1 2 3 82 160 240 316
cat_threshold=39 2 2 8 0 0 2 3221225472 0 16 0 0 0 0 0 0 1048576 0 0 0 655360 0 0 0 0 131072 4224 0 16384 0 1073741888 16 0 32768 0 2 32 0 0 2097152 0 0 33554432 8192 8 32 0 0 0 0 0 0 0 0 0 0 0 0 0 0 0 0 0 0 0 0 0 0 536870944 0 0 524288 0 262144 134217728 1024 0 0 69206016 0 0 1024 0 16777728 0 0 0 1048576 0 32 0 0 0 0 0 0 0 0 8388608 0 0 0 128 134217728 8388608 0 0 0 0 33554432 67108864 0 16777216 0 134217728 0 8388608 64 0 67108992 0 4 32768 0 33554432 268435458 524288 0 0 0 0 0 0 0 0 0 0 0 0 0 0 0 0 0 0 16 0 0 0 512 8388608 0 0 0 570425344 16 0 0 557058 2 0 0 8192 0 65536 0 268435456 0 0 134217728 131072 0 16777216 2147483648 4194304 0 0 262400 0 1 67108864 8 0 0 144 8388608 0 512 0 536870912 0 0 0 0 0 16384 0 0 0 0 0 1073741824 0 0 33554432 0 0 0 0 0 0 0 0 0 0 0 0 0 0 0 0 0 536870912 524288 0 128 2147483648 0 0 0 128 2 16908288 0 32 0 0 0 256 2 131072 536870944 262208 0 0 0 0 0 256 0 2048 0 0 128 2048 0 1048576 0 0 0 0 0 2147483650 0 0 0 0 0 1073742336 1048576 16 0 0 0 524288 0 0 0 67108864 0 0 0 134217732 0 0 0 0 0 0 0 0 0 0 0 0 0 0 0 0 0 0 0 0 8 16826368 0 538968576 0 0 0 0 1056768 134217728 16384 0 4194304
is_linear=0
shrinkage=0.05


Tree=99
num_leaves=31
num_cat=7
split_feature=20 20 20 16 19 20 20 19 6 20 6 1 9 9 19 19 6 6 20 20 20 16 19 0 0 20 19 0 0 19
split_gain=1.35028e+06 163721 136798 41387 21830 19372.5 12941.7 5749.52 4281.89 3940.36 3909.22 3659.95 3029.27 2921.26 2859.13 2365.09 2238.39 2210.54 1913.53 1891.06 1700.91 1674.69 1576.73 1547.35 1563.87 1437.94 1222.32 1125.37 1144.9 1085.4
threshold=0.58911132812500011 1.5893554687500002 0.16070556640625003 1.0000000180025095e-35 2.9287109375000004 0.94653320312500011 0.37500000000000006 0.64282226562500011 2.5000000000000004 3.7324218750000004 2.5000000000000004 0 1 2 0.64282226562500011 0.35705566406250006 2.5000000000000004 2.5000000000000004 1.2319335937500002 0.26782226562500006 2.1601562500000004 0.71020507812500011 0.21423339843750003 3 4 0.76782226562500011 0.21423339843750003 5 6 1.2143554687500002
decision_type=2 2 2 10 2 2 2 2 2 2 2 1 9 9 2 2 2 2 2 2 2 10 2 9 9 2 2 9 9 2
left_child=2 5 3 -1 7 10 14 -3 26 -6 -2 22 -9 -11 19 -10 -14 -8 -17 -4 -18 -15 23 -5 -25 -12 -7 -26 -29 -19
right_child=1 4 6 11 9 8 17 12 15 13 25 -13 16 21 -16 18 20 29 -20 -21 -22 -23 -24 24 27 -27 -28 28 -30 -31
leaf_value=0 0 0 0 0 0 0 0 0 0 0 0 0 0 0 0 0 0 0 0 0 0 0 0 0 0 0 0 0 0 0
leaf_weight=4726430 678619 106140 1307281 3209 685365 23883 562812 5851 86964 3813 927528 2137603 556765 161798 180792 872456 744398 1363199 782401 1072430 644925 1319413 105643 4568 67112 763913 674875 85168 1625464 37862
leaf_count=4726430 678619 106140 1307281 3209 685365 23883 562812 5851 86964 3813 927528 2137603 556765 161798 180792 872456 744398 1363199 782401 1072430 644925 1319413 105643 4568 67112 763913 674875 85168 1625464 37862
internal_value=-0.0305315 -0.015625 -0.0406781 -0.0443261 -0.00844756 -0.0219339 -0.0336186 -0.0121369 -0.0188071 -0.00494917 -0.0251536 -0.0406027 -0.0115206 -0.00350186 -0.0359606 -0.0201336 -0.0114124 -0.0305651 -0.0197112 -0.0364211 -0.0124859 -0.00338914 -0.0389974 -0.0393487 -0.0394111 -0.0264399 -0.0155005 -0.0394863 -0.0392355 -0.0316283
internal_weight=2.23187e+07 9.03911e+06 1.32796e+07 8.7552e+06 4.22847e+06 4.81064e+06 4.52438e+06 2.05808e+06 2.44058e+06 2.17039e+06 2.37006e+06 4.02877e+06 1.95194e+06 1.48502e+06 2.5605e+06 1.74182e+06 1.94609e+06 1.96387e+06 1.65486e+06 2.37971e+06 1.38932e+06 1.48121e+06 1.89116e+06 1.78552e+06 1.78231e+06 1.69144e+06 698758 1.77774e+06 1.71063e+06 1.40106e+06
internal_count=22318680 9039107 13279573 8755197 4228468 4810639 4524376 2058079 2440579 2170389 2370060 4028767 1951939 1485024 2560503 1741821 1946088 1963873 1654857 2379711 1389323 1481211 1891164 1785521 1782312 1691441 698758 1777744 1710632 1401061
cat_boundaries=0 1 2 3 82 160 240 316
cat_threshold=39 2 2 8 0 0 2 3221225472 0 16 0 0 0 0 0 0 1048576 0 0 0 655360 0 0 0 0 131072 4224 0 16384 0 1073741888 16 0 32768 0 2 32 0 0 2097152 0 0 33554432 8192 8 32 0 0 0 0 0 0 0 0 0 0 0 0 0 0 0 0 0 0 0 0 0 0 536870944 0 0 524288 0 262144 134217728 1024 0 0 69206016 0 0 1024 0 16777728 0 0 0 1048576 0 32 0 0 0 0 0 0 0 0 8388608 0 0 0 128 134217728 8388608 0 0 0 0 33554432 67108864 0 16777216 0 134217728 0 8388608 64 0 67108992 0 4 32768 0 33554432 268435458 524288 0 0 0 0 0 0 0 0 0 0 0 0 0 0 0 0 0 0 16 0 0 0 512 8388608 0 0 0 570425344 16 0 0 557058 2 0 0 8192 0 65536 0 268435456 0 0 134217728 131072 0 16777216 2147483648 4194304 0 0 262400 0 1 67108864 8 0 0 144 8388608 0 512 0 536870912 0 0 0 0 0 16384 0 0 0 0 0 1073741824 0 0 33554432 0 0 0 0 0 0 0 0 0 0 0 0 0 0 0 0 0 536870912 524288 0 128 2147483648 0 0 0 128 2 16908288 0 32 0 0 0 256 2 131072 536870944 262208 0 0 0 0 0 256 0 2048 0 0 128 2048 0 1048576 0 0 0 0 0 2147483650 0 0 0 0 0 1073742336 1048576 16 0 0 0 524288 0 0 0 67108864 0 0 0 134217732 0 0 0 0 0 0 0 0 0 0 0 0 0 0 0 0 0 0 0 0 8 16826368 0 538968576 0 0 0 0 1056768 134217728 16384 0 4194304
is_linear=0
shrinkage=0.05


end of trees

feature_importances:
rolling_mean_28=1000
rolling_mean_7=700
item_id=400
wday=400
event_name_1=200
sell_price=200
dept_id=100

parameters:
[boosting: gbdt]
[objective: quantile]
[metric: quantile]
[tree_learner: serial]
[device_type: cpu]
[data_sample_strategy: bagging]
[data: ]
[valid: ]
[num_iterations: 100]
[learning_rate: 0.05]
[num_leaves: 31]
[num_threads: 12]
[seed: 42]
[deterministic: 0]
[force_col_wise: 0]
[force_row_wise: 0]
[histogram_pool_size: -1]
[max_depth: -1]
[min_data_in_leaf: 20]
[min_sum_hessian_in_leaf: 0.001]
[bagging_fraction: 1]
[pos_bagging_fraction: 1]
[neg_bagging_fraction: 1]
[bagging_freq: 0]
[bagging_seed: 400]
[bagging_by_query: 0]
[feature_fraction: 1]
[feature_fraction_bynode: 1]
[feature_fraction_seed: 30056]
[extra_trees: 0]
[extra_seed: 12879]
[early_stopping_round: 0]
[early_stopping_min_delta: 0]
[first_metric_only: 0]
[max_delta_step: 0]
[lambda_l1: 0]
[lambda_l2: 0]
[linear_lambda: 0]
[min_gain_to_split: 0]
[drop_rate: 0.1]
[max_drop: 50]
[skip_drop: 0.5]
[xgboost_dart_mode: 0]
[uniform_drop: 0]
[drop_seed: 17869]
[top_rate: 0.2]
[other_rate: 0.1]
[min_data_per_group: 100]
[max_cat_threshold: 32]
[cat_l2: 10]
[cat_smooth: 10]
[max_cat_to_onehot: 4]
[top_k: 20]
[monotone_constraints: ]
[monotone_constraints_method: basic]
[monotone_penalty: 0]
[feature_contri: ]
[forcedsplits_filename: ]
[refit_decay_rate: 0.9]
[cegb_tradeoff: 1]
[cegb_penalty_split: 0]
[cegb_penalty_feature_lazy: ]
[cegb_penalty_feature_coupled: ]
[path_smooth: 0]
[interaction_constraints: ]
[verbosity: 1]
[saved_feature_importance_type: 0]
[use_quantized_grad: 0]
[num_grad_quant_bins: 4]
[quant_train_renew_leaf: 0]
[stochastic_rounding: 1]
[linear_tree: 0]
[max_bin: 255]
[max_bin_by_feature: ]
[min_data_in_bin: 3]
[bin_construct_sample_cnt: 200000]
[data_random_seed: 175]
[is_enable_sparse: 1]
[enable_bundle: 1]
[use_missing: 1]
[zero_as_missing: 0]
[feature_pre_filter: 1]
[pre_partition: 0]
[two_round: 0]
[header: 0]
[label_column: ]
[weight_column: ]
[group_column: ]
[ignore_column: ]
[categorical_feature: 0,1,2,3,4,5,9,10,11,12]
[forcedbins_filename: ]
[precise_float_parser: 0]
[parser_config_file: ]
[objective_seed: 16083]
[num_class: 1]
[is_unbalance: 0]
[scale_pos_weight: 1]
[sigmoid: 1]
[boost_from_average: 1]
[reg_sqrt: 0]
[alpha: 0.05]
[fair_c: 1]
[poisson_max_delta_step: 0.7]
[tweedie_variance_power: 1.5]
[lambdarank_truncation_level: 30]
[lambdarank_norm: 1]
[label_gain: ]
[lambdarank_position_bias_regularization: 0]
[eval_at: ]
[multi_error_top_k: 1]
[auc_mu_weights: ]
[num_machines: 1]
[local_listen_port: 12400]
[time_out: 120]
[machine_list_filename: ]
[machines: ]
[gpu_platform_id: -1]
[gpu_device_id: -1]
[gpu_device_id_list: ]
[gpu_use_dp: 0]
[num_gpu: 1]

end of parameters

pandas_categorical:[["FOODS_1_001", "FOODS_1_002", "FOODS_1_003", "FOODS_1_004", "FOODS_1_005", "FOODS_1_006", "FOODS_1_008", "FOODS_1_009", "FOODS_1_010", "FOODS_1_011", "FOODS_1_012", "FOODS_1_013", "FOODS_1_014", "FOODS_1_015", "FOODS_1_016", "FOODS_1_017", "FOODS_1_018", "FOODS_1_019", "FOODS_1_020", "FOODS_1_021", "FOODS_1_022", "FOODS_1_023", "FOODS_1_024", "FOODS_1_025", "FOODS_1_026", "FOODS_1_027", "FOODS_1_028", "FOODS_1_029", "FOODS_1_030", "FOODS_1_031", "FOODS_1_032", "FOODS_1_033", "FOODS_1_034", "FOODS_1_035", "FOODS_1_036", "FOODS_1_037", "FOODS_1_038", "FOODS_1_039", "FOODS_1_040", "FOODS_1_041", "FOODS_1_042", "FOODS_1_043", "FOODS_1_044", "FOODS_1_045", "FOODS_1_046", "FOODS_1_047", "FOODS_1_048", "FOODS_1_049", "FOODS_1_050", "FOODS_1_051", "FOODS_1_052", "FOODS_1_053", "FOODS_1_054", "FOODS_1_055", "FOODS_1_056", "FOODS_1_057", "FOODS_1_058", "FOODS_1_059", "FOODS_1_060", "FOODS_1_061", "FOODS_1_062", "FOODS_1_063", "FOODS_1_064", "FOODS_1_065", "FOODS_1_066", "FOODS_1_067", "FOODS_1_068", "FOODS_1_069", "FOODS_1_070", "FOODS_1_071", "FOODS_1_072", "FOODS_1_073", "FOODS_1_074", "FOODS_1_075", "FOODS_1_076", "FOODS_1_077", "FOODS_1_078", "FOODS_1_079", "FOODS_1_080", "FOODS_1_081", "FOODS_1_082", "FOODS_1_083", "FOODS_1_084", "FOODS_1_085", "FOODS_1_086", "FOODS_1_087", "FOODS_1_088", "FOODS_1_089", "FOODS_1_090", "FOODS_1_091", "FOODS_1_092", "FOODS_1_093", "FOODS_1_094", "FOODS_1_095", "FOODS_1_096", "FOODS_1_097", "FOODS_1_098", "FOODS_1_099", "FOODS_1_101", "FOODS_1_102", "FOODS_1_103", "FOODS_1_104", "FOODS_1_105", "FOODS_1_106", "FOODS_1_107", "FOODS_1_108", "FOODS_1_109", "FOODS_1_110", "FOODS_1_111", "FOODS_1_112", "FOODS_1_113", "FOODS_1_114", "FOODS_1_115", "FOODS_1_116", "FOODS_1_117", "FOODS_1_118", "FOODS_1_119", "FOODS_1_120", "FOODS_1_121", "FOODS_1_122", "FOODS_1_123", "FOODS_1_124", "FOODS_1_125", "FOODS_1_126", "FOODS_1_127", "FOODS_1_128", "FOODS_1_129", "FOODS_1_130", "FOODS_1_131", "FOODS_1_132", "FOODS_1_133", "FOODS_1_134", "FOODS_1_135", "FOODS_1_136", "FOODS_1_137", "FOODS_1_138", "FOODS_1_139", "FOODS_1_140", "FOODS_1_141", "FOODS_1_142", "FOODS_1_143", "FOODS_1_144", "FOODS_1_145", "FOODS_1_146", "FOODS_1_147", "FOODS_1_148", "FOODS_1_149", "FOODS_1_150", "FOODS_1_151", "FOODS_1_152", "FOODS_1_153", "FOODS_1_154", "FOODS_1_155", "FOODS_1_156", "FOODS_1_157", "FOODS_1_158", "FOODS_1_159", "FOODS_1_160", "FOODS_1_161", "FOODS_1_162", "FOODS_1_163", "FOODS_1_164", "FOODS_1_166", "FOODS_1_167", "FOODS_1_168", "FOODS_1_169", "FOODS_1_170", "FOODS_1_171", "FOODS_1_172", "FOODS_1_173", "FOODS_1_174", "FOODS_1_175", "FOODS_1_176", "FOODS_1_177", "FOODS_1_178", "FOODS_1_179", "FOODS_1_180", "FOODS_1_181", "FOODS_1_182", "FOODS_1_183", "FOODS_1_184", "FOODS_1_185", "FOODS_1_186", "FOODS_1_187", "FOODS_1_188", "FOODS_1_189", "FOODS_1_190", "FOODS_1_191", "FOODS_1_192", "FOODS_1_193", "FOODS_1_194", "FOODS_1_195", "FOODS_1_196", "FOODS_1_197", "FOODS_1_198", "FOODS_1_199", "FOODS_1_200", "FOODS_1_201", "FOODS_1_202", "FOODS_1_203", "FOODS_1_204", "FOODS_1_205", "FOODS_1_206", "FOODS_1_207", "FOODS_1_208", "FOODS_1_209", "FOODS_1_210", "FOODS_1_211", "FOODS_1_212", "FOODS_1_213", "FOODS_1_214", "FOODS_1_215", "FOODS_1_216", "FOODS_1_217", "FOODS_1_218", "FOODS_1_219", "FOODS_2_001", "FOODS_2_002", "FOODS_2_003", "FOODS_2_004", "FOODS_2_005", "FOODS_2_006", "FOODS_2_007", "FOODS_2_008", "FOODS_2_009", "FOODS_2_010", "FOODS_2_011", "FOODS_2_012", "FOODS_2_013", "FOODS_2_014", "FOODS_2_015", "FOODS_2_016", "FOODS_2_017", "FOODS_2_018", "FOODS_2_019", "FOODS_2_020", "FOODS_2_021", "FOODS_2_022", "FOODS_2_023", "FOODS_2_024", "FOODS_2_025", "FOODS_2_026", "FOODS_2_027", "FOODS_2_028", "FOODS_2_029", "FOODS_2_030", "FOODS_2_031", "FOODS_2_032", "FOODS_2_033", "FOODS_2_034", "FOODS_2_035", "FOODS_2_036", "FOODS_2_037", "FOODS_2_038", "FOODS_2_039", "FOODS_2_040", "FOODS_2_041", "FOODS_2_042", "FOODS_2_043", "FOODS_2_044", "FOODS_2_045", "FOODS_2_046", "FOODS_2_047", "FOODS_2_048", "FOODS_2_049", "FOODS_2_050", "FOODS_2_051", "FOODS_2_052", "FOODS_2_053", "FOODS_2_054", "FOODS_2_055", "FOODS_2_056", "FOODS_2_057", "FOODS_2_058", "FOODS_2_059", "FOODS_2_060", "FOODS_2_061", "FOODS_2_062", "FOODS_2_063", "FOODS_2_064", "FOODS_2_065", "FOODS_2_066", "FOODS_2_067", "FOODS_2_068", "FOODS_2_069", "FOODS_2_070", "FOODS_2_071", "FOODS_2_072", "FOODS_2_073", "FOODS_2_074", "FOODS_2_075", "FOODS_2_076", "FOODS_2_077", "FOODS_2_078", "FOODS_2_079", "FOODS_2_080", "FOODS_2_081", "FOODS_2_082", "FOODS_2_083", "FOODS_2_084", "FOODS_2_085", "FOODS_2_086", "FOODS_2_087", "FOODS_2_088", "FOODS_2_089", "FOODS_2_090", "FOODS_2_091", "FOODS_2_092", "FOODS_2_093", "FOODS_2_094", "FOODS_2_095", "FOODS_2_096", "FOODS_2_097", "FOODS_2_099", "FOODS_2_100", "FOODS_2_101", "FOODS_2_102", "FOODS_2_103", "FOODS_2_104", "FOODS_2_105", "FOODS_2_106", "FOODS_2_107", "FOODS_2_108", "FOODS_2_109", "FOODS_2_110", "FOODS_2_111", "FOODS_2_112", "FOODS_2_113", "FOODS_2_114", "FOODS_2_115", "FOODS_2_116", "FOODS_2_117", "FOODS_2_118", "FOODS_2_119", "FOODS_2_120", "FOODS_2_121", "FOODS_2_122", "FOODS_2_123", "FOODS_2_124", "FOODS_2_125", "FOODS_2_126", "FOODS_2_127", "FOODS_2_128", "FOODS_2_129", "FOODS_2_130", "FOODS_2_131", "FOODS_2_132", "FOODS_2_133", "FOODS_2_134", "FOODS_2_135", "FOODS_2_136", "FOODS_2_137", "FOODS_2_138", "FOODS_2_139", "FOODS_2_140", "FOODS_2_141", "FOODS_2_142", "FOODS_2_143", "FOODS_2_144", "FOODS_2_145", "FOODS_2_146", "FOODS_2_147", "FOODS_2_148", "FOODS_2_149", "FOODS_2_150", "FOODS_2_151", "FOODS_2_152", "FOODS_2_153", "FOODS_2_154", "FOODS_2_155", "FOODS_2_156", "FOODS_2_157", "FOODS_2_158", "FOODS_2_159", "FOODS_2_160", "FOODS_2_161", "FOODS_2_162", "FOODS_2_163", "FOODS_2_164", "FOODS_2_165", "FOODS_2_166", "FOODS_2_167", "FOODS_2_168", "FOODS_2_169", "FOODS_2_170", "FOODS_2_171", "FOODS_2_172", "FOODS_2_173", "FOODS_2_174", "FOODS_2_175", "FOODS_2_176", "FOODS_2_177", "FOODS_2_178", "FOODS_2_179", "FOODS_2_180", "FOODS_2_181", "FOODS_2_182", "FOODS_2_183", "FOODS_2_184", "FOODS_2_185", "FOODS_2_186", "FOODS_2_187", "FOODS_2_188", "FOODS_2_189", "FOODS_2_190", "FOODS_2_191", "FOODS_2_192", "FOODS_2_193", "FOODS_2_194", "FOODS_2_195", "FOODS_2_196", "FOODS_2_197", "FOODS_2_198", "FOODS_2_199", "FOODS_2_200", "FOODS_2_201", "FOODS_2_202", "FOODS_2_203", "FOODS_2_204", "FOODS_2_205", "FOODS_2_206", "FOODS_2_207", "FOODS_2_208", "FOODS_2_209", "FOODS_2_210", "FOODS_2_211", "FOODS_2_212", "FOODS_2_213", "FOODS_2_214", "FOODS_2_215", "FOODS_2_216", "FOODS_2_217", "FOODS_2_218", "FOODS_2_219", "FOODS_2_220", "FOODS_2_221", "FOODS_2_222", "FOODS_2_223", "FOODS_2_224", "FOODS_2_225", "FOODS_2_226", "FOODS_2_227", "FOODS_2_228", "FOODS_2_229", "FOODS_2_230", "FOODS_2_231", "FOODS_2_232", "FOODS_2_233", "FOODS_2_234", "FOODS_2_235", "FOODS_2_236", "FOODS_2_237", "FOODS_2_238", "FOODS_2_239", "FOODS_2_240", "FOODS_2_241", "FOODS_2_242", "FOODS_2_243", "FOODS_2_244", "FOODS_2_245", "FOODS_2_246", "FOODS_2_247", "FOODS_2_248", "FOODS_2_249", "FOODS_2_250", "FOODS_2_251", "FOODS_2_252", "FOODS_2_253", "FOODS_2_254", "FOODS_2_255", "FOODS_2_256", "FOODS_2_257", "FOODS_2_258", "FOODS_2_259", "FOODS_2_260", "FOODS_2_261", "FOODS_2_262", "FOODS_2_263", "FOODS_2_264", "FOODS_2_265", "FOODS_2_266", "FOODS_2_267", "FOODS_2_268", "FOODS_2_269", "FOODS_2_270", "FOODS_2_271", "FOODS_2_272", "FOODS_2_273", "FOODS_2_274", "FOODS_2_275", "FOODS_2_276", "FOODS_2_277", "FOODS_2_278", "FOODS_2_279", "FOODS_2_280", "FOODS_2_281", "FOODS_2_282", "FOODS_2_283", "FOODS_2_284", "FOODS_2_285", "FOODS_2_286", "FOODS_2_287", "FOODS_2_288", "FOODS_2_289", "FOODS_2_290", "FOODS_2_291", "FOODS_2_292", "FOODS_2_293", "FOODS_2_294", "FOODS_2_295", "FOODS_2_296", "FOODS_2_297", "FOODS_2_298", "FOODS_2_299", "FOODS_2_300", "FOODS_2_301", "FOODS_2_302", "FOODS_2_303", "FOODS_2_304", "FOODS_2_305", "FOODS_2_306", "FOODS_2_307", "FOODS_2_308", "FOODS_2_309", "FOODS_2_310", "FOODS_2_311", "FOODS_2_312", "FOODS_2_313", "FOODS_2_314", "FOODS_2_315", "FOODS_2_316", "FOODS_2_317", "FOODS_2_318", "FOODS_2_319", "FOODS_2_320", "FOODS_2_321", "FOODS_2_322", "FOODS_2_323", "FOODS_2_324", "FOODS_2_325", "FOODS_2_326", "FOODS_2_327", "FOODS_2_328", "FOODS_2_329", "FOODS_2_330", "FOODS_2_331", "FOODS_2_332", "FOODS_2_333", "FOODS_2_334", "FOODS_2_335", "FOODS_2_336", "FOODS_2_337", "FOODS_2_338", "FOODS_2_339", "FOODS_2_340", "FOODS_2_341", "FOODS_2_342", "FOODS_2_343", "FOODS_2_344", "FOODS_2_345", "FOODS_2_346", "FOODS_2_347", "FOODS_2_348", "FOODS_2_349", "FOODS_2_350", "FOODS_2_351", "FOODS_2_352", "FOODS_2_353", "FOODS_2_354", "FOODS_2_355", "FOODS_2_356", "FOODS_2_357", "FOODS_2_358", "FOODS_2_359", "FOODS_2_360", "FOODS_2_361", "FOODS_2_362", "FOODS_2_363", "FOODS_2_364", "FOODS_2_365", "FOODS_2_366", "FOODS_2_367", "FOODS_2_368", "FOODS_2_369", "FOODS_2_370", "FOODS_2_371", "FOODS_2_372", "FOODS_2_373", "FOODS_2_374", "FOODS_2_375", "FOODS_2_376", "FOODS_2_377", "FOODS_2_378", "FOODS_2_379", "FOODS_2_380", "FOODS_2_381", "FOODS_2_382", "FOODS_2_383", "FOODS_2_384", "FOODS_2_385", "FOODS_2_386", "FOODS_2_387", "FOODS_2_388", "FOODS_2_389", "FOODS_2_390", "FOODS_2_391", "FOODS_2_392", "FOODS_2_393", "FOODS_2_394", "FOODS_2_395", "FOODS_2_396", "FOODS_2_397", "FOODS_2_398", "FOODS_2_399", "FOODS_3_001", "FOODS_3_002", "FOODS_3_003", "FOODS_3_004", "FOODS_3_005", "FOODS_3_006", "FOODS_3_007", "FOODS_3_008", "FOODS_3_009", "FOODS_3_010", "FOODS_3_011", "FOODS_3_012", "FOODS_3_013", "FOODS_3_014", "FOODS_3_015", "FOODS_3_016", "FOODS_3_017", "FOODS_3_018", "FOODS_3_019", "FOODS_3_020", "FOODS_3_021", "FOODS_3_022", "FOODS_3_023", "FOODS_3_024", "FOODS_3_025", "FOODS_3_026", "FOODS_3_027", "FOODS_3_028", "FOODS_3_029", "FOODS_3_030", "FOODS_3_031", "FOODS_3_032", "FOODS_3_033", "FOODS_3_034", "FOODS_3_035", "FOODS_3_036", "FOODS_3_037", "FOODS_3_038", "FOODS_3_039", "FOODS_3_040", "FOODS_3_041", "FOODS_3_042", "FOODS_3_043", "FOODS_3_044", "FOODS_3_045", "FOODS_3_046", "FOODS_3_047", "FOODS_3_048", "FOODS_3_049", "FOODS_3_050", "FOODS_3_051", "FOODS_3_053", "FOODS_3_054", "FOODS_3_055", "FOODS_3_056", "FOODS_3_057", "FOODS_3_058", "FOODS_3_059", "FOODS_3_060", "FOODS_3_061", "FOODS_3_062", "FOODS_3_063", "FOODS_3_064", "FOODS_3_065", "FOODS_3_066", "FOODS_3_067", "FOODS_3_068", "FOODS_3_069", "FOODS_3_070", "FOODS_3_071", "FOODS_3_072", "FOODS_3_073", "FOODS_3_074", "FOODS_3_075", "FOODS_3_076", "FOODS_3_077", "FOODS_3_078", "FOODS_3_079", "FOODS_3_080", "FOODS_3_081", "FOODS_3_082", "FOODS_3_083", "FOODS_3_084", "FOODS_3_085", "FOODS_3_086", "FOODS_3_087", "FOODS_3_088", "FOODS_3_089", "FOODS_3_090", "FOODS_3_091", "FOODS_3_092", "FOODS_3_093", "FOODS_3_094", "FOODS_3_095", "FOODS_3_096", "FOODS_3_097", "FOODS_3_098", "FOODS_3_099", "FOODS_3_100", "FOODS_3_101", "FOODS_3_102", "FOODS_3_103", "FOODS_3_104", "FOODS_3_105", "FOODS_3_106", "FOODS_3_107", "FOODS_3_108", "FOODS_3_109", "FOODS_3_110", "FOODS_3_111", "FOODS_3_112", "FOODS_3_113", "FOODS_3_114", "FOODS_3_115", "FOODS_3_116", "FOODS_3_117", "FOODS_3_118", "FOODS_3_119", "FOODS_3_120", "FOODS_3_121", "FOODS_3_122", "FOODS_3_123", "FOODS_3_124", "FOODS_3_125", "FOODS_3_126", "FOODS_3_127", "FOODS_3_128", "FOODS_3_129", "FOODS_3_130", "FOODS_3_131", "FOODS_3_132", "FOODS_3_133", "FOODS_3_134", "FOODS_3_135", "FOODS_3_136", "FOODS_3_137", "FOODS_3_138", "FOODS_3_139", "FOODS_3_140", "FOODS_3_141", "FOODS_3_142", "FOODS_3_143", "FOODS_3_144", "FOODS_3_145", "FOODS_3_146", "FOODS_3_147", "FOODS_3_148", "FOODS_3_149", "FOODS_3_150", "FOODS_3_151", "FOODS_3_152", "FOODS_3_153", "FOODS_3_154", "FOODS_3_155", "FOODS_3_156", "FOODS_3_157", "FOODS_3_158", "FOODS_3_159", "FOODS_3_160", "FOODS_3_161", "FOODS_3_162", "FOODS_3_163", "FOODS_3_164", "FOODS_3_165", "FOODS_3_166", "FOODS_3_167", "FOODS_3_168", "FOODS_3_169", "FOODS_3_170", "FOODS_3_171", "FOODS_3_172", "FOODS_3_173", "FOODS_3_174", "FOODS_3_175", "FOODS_3_176", "FOODS_3_177", "FOODS_3_178", "FOODS_3_179", "FOODS_3_180", "FOODS_3_181", "FOODS_3_182", "FOODS_3_183", "FOODS_3_184", "FOODS_3_185", "FOODS_3_186", "FOODS_3_187", "FOODS_3_188", "FOODS_3_189", "FOODS_3_190", "FOODS_3_191", "FOODS_3_192", "FOODS_3_193", "FOODS_3_194", "FOODS_3_195", "FOODS_3_196", "FOODS_3_197", "FOODS_3_198", "FOODS_3_199", "FOODS_3_200", "FOODS_3_201", "FOODS_3_202", "FOODS_3_203", "FOODS_3_204", "FOODS_3_205", "FOODS_3_206", "FOODS_3_207", "FOODS_3_208", "FOODS_3_209", "FOODS_3_210", "FOODS_3_211", "FOODS_3_212", "FOODS_3_213", "FOODS_3_214", "FOODS_3_215", "FOODS_3_216", "FOODS_3_217", "FOODS_3_218", "FOODS_3_219", "FOODS_3_220", "FOODS_3_221", "FOODS_3_222", "FOODS_3_223", "FOODS_3_224", "FOODS_3_225", "FOODS_3_226", "FOODS_3_227", "FOODS_3_228", "FOODS_3_229", "FOODS_3_230", "FOODS_3_231", "FOODS_3_232", "FOODS_3_233", "FOODS_3_234", "FOODS_3_235", "FOODS_3_236", "FOODS_3_237", "FOODS_3_238", "FOODS_3_239", "FOODS_3_240", "FOODS_3_241", "FOODS_3_242", "FOODS_3_243", "FOODS_3_244", "FOODS_3_245", "FOODS_3_246", "FOODS_3_247", "FOODS_3_248", "FOODS_3_249", "FOODS_3_250", "FOODS_3_251", "FOODS_3_252", "FOODS_3_253", "FOODS_3_254", "FOODS_3_255", "FOODS_3_256", "FOODS_3_257", "FOODS_3_258", "FOODS_3_259", "FOODS_3_260", "FOODS_3_261", "FOODS_3_262", "FOODS_3_263", "FOODS_3_264", "FOODS_3_265", "FOODS_3_266", "FOODS_3_267", "FOODS_3_268", "FOODS_3_269", "FOODS_3_270", "FOODS_3_271", "FOODS_3_272", "FOODS_3_273", "FOODS_3_274", "FOODS_3_275", "FOODS_3_276", "FOODS_3_277", "FOODS_3_278", "FOODS_3_279", "FOODS_3_280", "FOODS_3_281", "FOODS_3_282", "FOODS_3_283", "FOODS_3_284", "FOODS_3_285", "FOODS_3_286", "FOODS_3_287", "FOODS_3_288", "FOODS_3_289", "FOODS_3_290", "FOODS_3_291", "FOODS_3_292", "FOODS_3_293", "FOODS_3_294", "FOODS_3_295", "FOODS_3_296", "FOODS_3_297", "FOODS_3_298", "FOODS_3_299", "FOODS_3_300", "FOODS_3_301", "FOODS_3_302", "FOODS_3_303", "FOODS_3_304", "FOODS_3_305", "FOODS_3_306", "FOODS_3_307", "FOODS_3_308", "FOODS_3_309", "FOODS_3_310", "FOODS_3_311", "FOODS_3_312", "FOODS_3_313", "FOODS_3_314", "FOODS_3_315", "FOODS_3_316", "FOODS_3_317", "FOODS_3_318", "FOODS_3_319", "FOODS_3_320", "FOODS_3_321", "FOODS_3_322", "FOODS_3_323", "FOODS_3_324", "FOODS_3_325", "FOODS_3_326", "FOODS_3_327", "FOODS_3_328", "FOODS_3_329", "FOODS_3_330", "FOODS_3_331", "FOODS_3_332", "FOODS_3_333", "FOODS_3_334", "FOODS_3_335", "FOODS_3_336", "FOODS_3_337", "FOODS_3_338", "FOODS_3_339", "FOODS_3_340", "FOODS_3_341", "FOODS_3_342", "FOODS_3_343", "FOODS_3_344", "FOODS_3_345", "FOODS_3_346", "FOODS_3_347", "FOODS_3_348", "FOODS_3_349", "FOODS_3_350", "FOODS_3_351", "FOODS_3_352", "FOODS_3_353", "FOODS_3_354", "FOODS_3_355", "FOODS_3_356", "FOODS_3_357", "FOODS_3_358", "FOODS_3_359", "FOODS_3_360", "FOODS_3_361", "FOODS_3_362", "FOODS_3_363", "FOODS_3_364", "FOODS_3_365", "FOODS_3_366", "FOODS_3_367", "FOODS_3_368", "FOODS_3_369", "FOODS_3_370", "FOODS_3_371", "FOODS_3_372", "FOODS_3_373", "FOODS_3_374", "FOODS_3_375", "FOODS_3_376", "FOODS_3_377", "FOODS_3_378", "FOODS_3_379", "FOODS_3_380", "FOODS_3_381", "FOODS_3_382", "FOODS_3_383", "FOODS_3_384", "FOODS_3_385", "FOODS_3_386", "FOODS_3_387", "FOODS_3_388", "FOODS_3_389", "FOODS_3_390", "FOODS_3_391", "FOODS_3_392", "FOODS_3_393", "FOODS_3_394", "FOODS_3_395", "FOODS_3_396", "FOODS_3_397", "FOODS_3_398", "FOODS_3_399", "FOODS_3_400", "FOODS_3_401", "FOODS_3_402", "FOODS_3_403", "FOODS_3_404", "FOODS_3_405", "FOODS_3_406", "FOODS_3_407", "FOODS_3_408", "FOODS_3_409", "FOODS_3_410", "FOODS_3_411", "FOODS_3_412", "FOODS_3_413", "FOODS_3_414", "FOODS_3_415", "FOODS_3_416", "FOODS_3_417", "FOODS_3_418", "FOODS_3_419", "FOODS_3_420", "FOODS_3_421", "FOODS_3_422", "FOODS_3_423", "FOODS_3_424", "FOODS_3_425", "FOODS_3_426", "FOODS_3_427", "FOODS_3_428", "FOODS_3_429", "FOODS_3_430", "FOODS_3_431", "FOODS_3_432", "FOODS_3_433", "FOODS_3_434", "FOODS_3_435", "FOODS_3_436", "FOODS_3_437", "FOODS_3_438", "FOODS_3_439", "FOODS_3_440", "FOODS_3_441", "FOODS_3_442", "FOODS_3_443", "FOODS_3_444", "FOODS_3_445", "FOODS_3_446", "FOODS_3_447", "FOODS_3_448", "FOODS_3_449", "FOODS_3_450", "FOODS_3_451", "FOODS_3_452", "FOODS_3_453", "FOODS_3_454", "FOODS_3_455", "FOODS_3_456", "FOODS_3_457", "FOODS_3_458", "FOODS_3_459", "FOODS_3_460", "FOODS_3_461", "FOODS_3_462", "FOODS_3_463", "FOODS_3_464", "FOODS_3_465", "FOODS_3_466", "FOODS_3_467", "FOODS_3_468", "FOODS_3_469", "FOODS_3_470", "FOODS_3_471", "FOODS_3_472", "FOODS_3_473", "FOODS_3_474", "FOODS_3_475", "FOODS_3_476", "FOODS_3_477", "FOODS_3_478", "FOODS_3_479", "FOODS_3_480", "FOODS_3_481", "FOODS_3_482", "FOODS_3_483", "FOODS_3_484", "FOODS_3_485", "FOODS_3_486", "FOODS_3_487", "FOODS_3_488", "FOODS_3_489", "FOODS_3_490", "FOODS_3_491", "FOODS_3_492", "FOODS_3_493", "FOODS_3_494", "FOODS_3_495", "FOODS_3_496", "FOODS_3_497", "FOODS_3_498", "FOODS_3_499", "FOODS_3_500", "FOODS_3_501", "FOODS_3_502", "FOODS_3_503", "FOODS_3_504", "FOODS_3_505", "FOODS_3_506", "FOODS_3_507", "FOODS_3_508", "FOODS_3_509", "FOODS_3_510", "FOODS_3_511", "FOODS_3_512", "FOODS_3_513", "FOODS_3_514", "FOODS_3_515", "FOODS_3_516", "FOODS_3_517", "FOODS_3_518", "FOODS_3_519", "FOODS_3_520", "FOODS_3_521", "FOODS_3_522", "FOODS_3_523", "FOODS_3_524", "FOODS_3_525", "FOODS_3_526", "FOODS_3_527", "FOODS_3_528", "FOODS_3_529", "FOODS_3_530", "FOODS_3_531", "FOODS_3_532", "FOODS_3_533", "FOODS_3_534", "FOODS_3_535", "FOODS_3_536", "FOODS_3_537", "FOODS_3_538", "FOODS_3_539", "FOODS_3_540", "FOODS_3_541", "FOODS_3_542", "FOODS_3_543", "FOODS_3_544", "FOODS_3_545", "FOODS_3_546", "FOODS_3_547", "FOODS_3_548", "FOODS_3_549", "FOODS_3_550", "FOODS_3_551", "FOODS_3_552", "FOODS_3_553", "FOODS_3_554", "FOODS_3_555", "FOODS_3_556", "FOODS_3_557", "FOODS_3_558", "FOODS_3_559", "FOODS_3_560", "FOODS_3_561", "FOODS_3_562", "FOODS_3_563", "FOODS_3_564", "FOODS_3_565", "FOODS_3_566", "FOODS_3_567", "FOODS_3_568", "FOODS_3_569", "FOODS_3_570", "FOODS_3_571", "FOODS_3_572", "FOODS_3_573", "FOODS_3_574", "FOODS_3_575", "FOODS_3_576", "FOODS_3_577", "FOODS_3_578", "FOODS_3_579", "FOODS_3_580", "FOODS_3_581", "FOODS_3_582", "FOODS_3_583", "FOODS_3_584", "FOODS_3_585", "FOODS_3_586", "FOODS_3_587", "FOODS_3_588", "FOODS_3_589", "FOODS_3_590", "FOODS_3_591", "FOODS_3_592", "FOODS_3_593", "FOODS_3_594", "FOODS_3_595", "FOODS_3_596", "FOODS_3_597", "FOODS_3_598", "FOODS_3_599", "FOODS_3_600", "FOODS_3_601", "FOODS_3_602", "FOODS_3_603", "FOODS_3_604", "FOODS_3_605", "FOODS_3_606", "FOODS_3_607", "FOODS_3_608", "FOODS_3_609", "FOODS_3_610", "FOODS_3_611", "FOODS_3_612", "FOODS_3_613", "FOODS_3_614", "FOODS_3_615", "FOODS_3_616", "FOODS_3_617", "FOODS_3_618", "FOODS_3_619", "FOODS_3_620", "FOODS_3_621", "FOODS_3_622", "FOODS_3_623", "FOODS_3_624", "FOODS_3_625", "FOODS_3_626", "FOODS_3_627", "FOODS_3_628", "FOODS_3_629", "FOODS_3_630", "FOODS_3_631", "FOODS_3_632", "FOODS_3_633", "FOODS_3_634", "FOODS_3_635", "FOODS_3_636", "FOODS_3_637", "FOODS_3_638", "FOODS_3_639", "FOODS_3_640", "FOODS_3_641", "FOODS_3_642", "FOODS_3_643", "FOODS_3_644", "FOODS_3_645", "FOODS_3_646", "FOODS_3_647", "FOODS_3_648", "FOODS_3_649", "FOODS_3_650", "FOODS_3_651", "FOODS_3_652", "FOODS_3_653", "FOODS_3_654", "FOODS_3_655", "FOODS_3_656", "FOODS_3_657", "FOODS_3_658", "FOODS_3_659", "FOODS_3_660", "FOODS_3_661", "FOODS_3_662", "FOODS_3_663", "FOODS_3_664", "FOODS_3_665", "FOODS_3_666", "FOODS_3_667", "FOODS_3_668", "FOODS_3_669", "FOODS_3_670", "FOODS_3_671", "FOODS_3_672", "FOODS_3_673", "FOODS_3_674", "FOODS_3_675", "FOODS_3_676", "FOODS_3_677", "FOODS_3_678", "FOODS_3_679", "FOODS_3_680", "FOODS_3_681", "FOODS_3_682", "FOODS_3_683", "FOODS_3_684", "FOODS_3_685", "FOODS_3_686", "FOODS_3_687", "FOODS_3_688", "FOODS_3_689", "FOODS_3_690", "FOODS_3_691", "FOODS_3_692", "FOODS_3_693", "FOODS_3_694", "FOODS_3_695", "FOODS_3_696", "FOODS_3_697", "FOODS_3_698", "FOODS_3_700", "FOODS_3_701", "FOODS_3_702", "FOODS_3_703", "FOODS_3_704", "FOODS_3_705", "FOODS_3_706", "FOODS_3_707", "FOODS_3_708", "FOODS_3_709", "FOODS_3_710", "FOODS_3_711", "FOODS_3_712", "FOODS_3_713", "FOODS_3_714", "FOODS_3_715", "FOODS_3_716", "FOODS_3_717", "FOODS_3_718", "FOODS_3_719", "FOODS_3_720", "FOODS_3_721", "FOODS_3_722", "FOODS_3_723", "FOODS_3_724", "FOODS_3_725", "FOODS_3_726", "FOODS_3_727", "FOODS_3_729", "FOODS_3_730", "FOODS_3_731", "FOODS_3_732", "FOODS_3_733", "FOODS_3_734", "FOODS_3_735", "FOODS_3_736", "FOODS_3_737", "FOODS_3_738", "FOODS_3_739", "FOODS_3_741", "FOODS_3_742", "FOODS_3_743", "FOODS_3_744", "FOODS_3_745", "FOODS_3_746", "FOODS_3_747", "FOODS_3_748", "FOODS_3_749", "FOODS_3_750", "FOODS_3_751", "FOODS_3_752", "FOODS_3_753", "FOODS_3_754", "FOODS_3_755", "FOODS_3_756", "FOODS_3_757", "FOODS_3_758", "FOODS_3_759", "FOODS_3_760", "FOODS_3_761", "FOODS_3_762", "FOODS_3_763", "FOODS_3_764", "FOODS_3_765", "FOODS_3_766", "FOODS_3_767", "FOODS_3_768", "FOODS_3_769", "FOODS_3_770", "FOODS_3_771", "FOODS_3_772", "FOODS_3_773", "FOODS_3_774", "FOODS_3_775", "FOODS_3_776", "FOODS_3_777", "FOODS_3_778", "FOODS_3_779", "FOODS_3_780", "FOODS_3_781", "FOODS_3_782", "FOODS_3_783", "FOODS_3_784", "FOODS_3_785", "FOODS_3_786", "FOODS_3_787", "FOODS_3_788", "FOODS_3_789", "FOODS_3_790", "FOODS_3_791", "FOODS_3_792", "FOODS_3_793", "FOODS_3_794", "FOODS_3_795", "FOODS_3_796", "FOODS_3_797", "FOODS_3_798", "FOODS_3_799", "FOODS_3_800", "FOODS_3_801", "FOODS_3_802", "FOODS_3_803", "FOODS_3_804", "FOODS_3_805", "FOODS_3_806", "FOODS_3_807", "FOODS_3_808", "FOODS_3_809", "FOODS_3_810", "FOODS_3_811", "FOODS_3_812", "FOODS_3_813", "FOODS_3_814", "FOODS_3_815", "FOODS_3_816", "FOODS_3_817", "FOODS_3_818", "FOODS_3_819", "FOODS_3_820", "FOODS_3_821", "FOODS_3_822", "FOODS_3_823", "FOODS_3_824", "FOODS_3_825", "FOODS_3_826", "FOODS_3_827", "HOBBIES_1_001", "HOBBIES_1_002", "HOBBIES_1_003", "HOBBIES_1_004", "HOBBIES_1_005", "HOBBIES_1_006", "HOBBIES_1_007", "HOBBIES_1_008", "HOBBIES_1_009", "HOBBIES_1_010", "HOBBIES_1_011", "HOBBIES_1_012", "HOBBIES_1_013", "HOBBIES_1_014", "HOBBIES_1_015", "HOBBIES_1_016", "HOBBIES_1_017", "HOBBIES_1_018", "HOBBIES_1_019", "HOBBIES_1_020", "HOBBIES_1_021", "HOBBIES_1_022", "HOBBIES_1_023", "HOBBIES_1_024", "HOBBIES_1_025", "HOBBIES_1_026", "HOBBIES_1_027", "HOBBIES_1_028", "HOBBIES_1_029", "HOBBIES_1_030", "HOBBIES_1_031", "HOBBIES_1_032", "HOBBIES_1_033", "HOBBIES_1_034", "HOBBIES_1_035", "HOBBIES_1_036", "HOBBIES_1_037", "HOBBIES_1_038", "HOBBIES_1_039", "HOBBIES_1_040", "HOBBIES_1_041", "HOBBIES_1_042", "HOBBIES_1_043", "HOBBIES_1_044", "HOBBIES_1_045", "HOBBIES_1_046", "HOBBIES_1_047", "HOBBIES_1_048", "HOBBIES_1_049", "HOBBIES_1_050", "HOBBIES_1_051", "HOBBIES_1_052", "HOBBIES_1_053", "HOBBIES_1_054", "HOBBIES_1_055", "HOBBIES_1_056", "HOBBIES_1_057", "HOBBIES_1_058", "HOBBIES_1_060", "HOBBIES_1_061", "HOBBIES_1_062", "HOBBIES_1_063", "HOBBIES_1_064", "HOBBIES_1_065", "HOBBIES_1_066", "HOBBIES_1_067", "HOBBIES_1_068", "HOBBIES_1_069", "HOBBIES_1_070", "HOBBIES_1_072", "HOBBIES_1_073", "HOBBIES_1_074", "HOBBIES_1_075", "HOBBIES_1_076", "HOBBIES_1_077", "HOBBIES_1_078", "HOBBIES_1_079", "HOBBIES_1_080", "HOBBIES_1_081", "HOBBIES_1_082", "HOBBIES_1_083", "HOBBIES_1_084", "HOBBIES_1_085", "HOBBIES_1_086", "HOBBIES_1_087", "HOBBIES_1_088", "HOBBIES_1_089", "HOBBIES_1_090", "HOBBIES_1_091", "HOBBIES_1_092", "HOBBIES_1_093", "HOBBIES_1_094", "HOBBIES_1_095", "HOBBIES_1_097", "HOBBIES_1_098", "HOBBIES_1_099", "HOBBIES_1_100", "HOBBIES_1_102", "HOBBIES_1_103", "HOBBIES_1_104", "HOBBIES_1_105", "HOBBIES_1_106", "HOBBIES_1_107", "HOBBIES_1_108", "HOBBIES_1_109", "HOBBIES_1_110", "HOBBIES_1_111", "HOBBIES_1_112", "HOBBIES_1_113", "HOBBIES_1_114", "HOBBIES_1_115", "HOBBIES_1_116", "HOBBIES_1_117", "HOBBIES_1_118", "HOBBIES_1_119", "HOBBIES_1_120", "HOBBIES_1_121", "HOBBIES_1_122", "HOBBIES_1_123", "HOBBIES_1_124", "HOBBIES_1_125", "HOBBIES_1_126", "HOBBIES_1_127", "HOBBIES_1_128", "HOBBIES_1_129", "HOBBIES_1_130", "HOBBIES_1_131", "HOBBIES_1_132", "HOBBIES_1_133", "HOBBIES_1_134", "HOBBIES_1_135", "HOBBIES_1_136", "HOBBIES_1_137", "HOBBIES_1_138", "HOBBIES_1_139", "HOBBIES_1_140", "HOBBIES_1_141", "HOBBIES_1_142", "HOBBIES_1_143", "HOBBIES_1_144", "HOBBIES_1_145", "HOBBIES_1_146", "HOBBIES_1_147", "HOBBIES_1_148", "HOBBIES_1_149", "HOBBIES_1_150", "HOBBIES_1_151", "HOBBIES_1_152", "HOBBIES_1_153", "HOBBIES_1_154", "HOBBIES_1_155", "HOBBIES_1_156", "HOBBIES_1_157", "HOBBIES_1_158", "HOBBIES_1_159", "HOBBIES_1_160", "HOBBIES_1_161", "HOBBIES_1_162", "HOBBIES_1_163", "HOBBIES_1_164", "HOBBIES_1_165", "HOBBIES_1_166", "HOBBIES_1_167", "HOBBIES_1_168", "HOBBIES_1_169", "HOBBIES_1_170", "HOBBIES_1_171", "HOBBIES_1_172", "HOBBIES_1_173", "HOBBIES_1_174", "HOBBIES_1_175", "HOBBIES_1_176", "HOBBIES_1_177", "HOBBIES_1_178", "HOBBIES_1_179", "HOBBIES_1_180", "HOBBIES_1_181", "HOBBIES_1_183", "HOBBIES_1_184", "HOBBIES_1_185", "HOBBIES_1_186", "HOBBIES_1_187", "HOBBIES_1_188", "HOBBIES_1_189", "HOBBIES_1_190", "HOBBIES_1_191", "HOBBIES_1_192", "HOBBIES_1_193", "HOBBIES_1_194", "HOBBIES_1_195", "HOBBIES_1_197", "HOBBIES_1_198", "HOBBIES_1_199", "HOBBIES_1_200", "HOBBIES_1_201", "HOBBIES_1_202", "HOBBIES_1_203", "HOBBIES_1_204", "HOBBIES_1_205", "HOBBIES_1_206", "HOBBIES_1_207", "HOBBIES_1_208", "HOBBIES_1_209", "HOBBIES_1_210", "HOBBIES_1_211", "HOBBIES_1_212", "HOBBIES_1_213", "HOBBIES_1_214", "HOBBIES_1_215", "HOBBIES_1_216", "HOBBIES_1_217", "HOBBIES_1_218", "HOBBIES_1_219", "HOBBIES_1_220", "HOBBIES_1_221", "HOBBIES_1_223", "HOBBIES_1_224", "HOBBIES_1_225", "HOBBIES_1_226", "HOBBIES_1_227", "HOBBIES_1_228", "HOBBIES_1_229", "HOBBIES_1_230", "HOBBIES_1_231", "HOBBIES_1_232", "HOBBIES_1_233", "HOBBIES_1_234", "HOBBIES_1_235", "HOBBIES_1_236", "HOBBIES_1_237", "HOBBIES_1_238", "HOBBIES_1_239", "HOBBIES_1_240", "HOBBIES_1_241", "HOBBIES_1_242", "HOBBIES_1_243", "HOBBIES_1_244", "HOBBIES_1_245", "HOBBIES_1_246", "HOBBIES_1_247", "HOBBIES_1_248", "HOBBIES_1_249", "HOBBIES_1_250", "HOBBIES_1_251", "HOBBIES_1_252", "HOBBIES_1_253", "HOBBIES_1_254", "HOBBIES_1_255", "HOBBIES_1_256", "HOBBIES_1_257", "HOBBIES_1_258", "HOBBIES_1_259", "HOBBIES_1_260", "HOBBIES_1_261", "HOBBIES_1_262", "HOBBIES_1_263", "HOBBIES_1_264", "HOBBIES_1_265", "HOBBIES_1_266", "HOBBIES_1_267", "HOBBIES_1_268", "HOBBIES_1_269", "HOBBIES_1_270", "HOBBIES_1_271", "HOBBIES_1_272", "HOBBIES_1_273", "HOBBIES_1_274", "HOBBIES_1_275", "HOBBIES_1_276", "HOBBIES_1_277", "HOBBIES_1_278", "HOBBIES_1_279", "HOBBIES_1_280", "HOBBIES_1_281", "HOBBIES_1_282", "HOBBIES_1_283", "HOBBIES_1_284", "HOBBIES_1_285", "HOBBIES_1_286", "HOBBIES_1_287", "HOBBIES_1_288", "HOBBIES_1_289", "HOBBIES_1_290", "HOBBIES_1_292", "HOBBIES_1_293", "HOBBIES_1_294", "HOBBIES_1_295", "HOBBIES_1_296", "HOBBIES_1_297", "HOBBIES_1_298", "HOBBIES_1_299", "HOBBIES_1_300", "HOBBIES_1_301", "HOBBIES_1_302", "HOBBIES_1_303", "HOBBIES_1_304", "HOBBIES_1_305", "HOBBIES_1_306", "HOBBIES_1_307", "HOBBIES_1_308", "HOBBIES_1_309", "HOBBIES_1_310", "HOBBIES_1_311", "HOBBIES_1_312", "HOBBIES_1_313", "HOBBIES_1_314", "HOBBIES_1_315", "HOBBIES_1_316", "HOBBIES_1_317", "HOBBIES_1_318", "HOBBIES_1_319", "HOBBIES_1_320", "HOBBIES_1_321", "HOBBIES_1_322", "HOBBIES_1_323", "HOBBIES_1_324", "HOBBIES_1_325", "HOBBIES_1_326", "HOBBIES_1_327", "HOBBIES_1_328", "HOBBIES_1_329", "HOBBIES_1_330", "HOBBIES_1_331", "HOBBIES_1_332", "HOBBIES_1_333", "HOBBIES_1_334", "HOBBIES_1_335", "HOBBIES_1_336", "HOBBIES_1_337", "HOBBIES_1_338", "HOBBIES_1_339", "HOBBIES_1_340", "HOBBIES_1_341", "HOBBIES_1_342", "HOBBIES_1_343", "HOBBIES_1_344", "HOBBIES_1_345", "HOBBIES_1_346", "HOBBIES_1_347", "HOBBIES_1_348", "HOBBIES_1_349", "HOBBIES_1_350", "HOBBIES_1_351", "HOBBIES_1_352", "HOBBIES_1_353", "HOBBIES_1_354", "HOBBIES_1_355", "HOBBIES_1_356", "HOBBIES_1_357", "HOBBIES_1_358", "HOBBIES_1_359", "HOBBIES_1_360", "HOBBIES_1_361", "HOBBIES_1_362", "HOBBIES_1_363", "HOBBIES_1_364", "HOBBIES_1_365", "HOBBIES_1_366", "HOBBIES_1_367", "HOBBIES_1_368", "HOBBIES_1_369", "HOBBIES_1_370", "HOBBIES_1_371", "HOBBIES_1_372", "HOBBIES_1_373", "HOBBIES_1_374", "HOBBIES_1_375", "HOBBIES_1_376", "HOBBIES_1_377", "HOBBIES_1_378", "HOBBIES_1_379", "HOBBIES_1_380", "HOBBIES_1_381", "HOBBIES_1_382", "HOBBIES_1_383", "HOBBIES_1_384", "HOBBIES_1_385", "HOBBIES_1_386", "HOBBIES_1_387", "HOBBIES_1_388", "HOBBIES_1_389", "HOBBIES_1_390", "HOBBIES_1_391", "HOBBIES_1_392", "HOBBIES_1_393", "HOBBIES_1_394", "HOBBIES_1_395", "HOBBIES_1_396", "HOBBIES_1_397", "HOBBIES_1_398", "HOBBIES_1_399", "HOBBIES_1_400", "HOBBIES_1_401", "HOBBIES_1_402", "HOBBIES_1_403", "HOBBIES_1_404", "HOBBIES_1_405", "HOBBIES_1_406", "HOBBIES_1_407", "HOBBIES_1_408", "HOBBIES_1_409", "HOBBIES_1_410", "HOBBIES_1_411", "HOBBIES_1_412", "HOBBIES_1_413", "HOBBIES_1_414", "HOBBIES_1_415", "HOBBIES_1_416", "HOBBIES_1_417", "HOBBIES_1_418", "HOBBIES_1_419", "HOBBIES_1_420", "HOBBIES_1_421", "HOBBIES_1_422", "HOBBIES_1_423", "HOBBIES_1_424", "HOBBIES_2_001", "HOBBIES_2_002", "HOBBIES_2_003", "HOBBIES_2_004", "HOBBIES_2_005", "HOBBIES_2_006", "HOBBIES_2_007", "HOBBIES_2_008", "HOBBIES_2_009", "HOBBIES_2_010", "HOBBIES_2_011", "HOBBIES_2_012", "HOBBIES_2_013", "HOBBIES_2_014", "HOBBIES_2_015", "HOBBIES_2_016", "HOBBIES_2_017", "HOBBIES_2_018", "HOBBIES_2_019", "HOBBIES_2_020", "HOBBIES_2_021", "HOBBIES_2_022", "HOBBIES_2_023", "HOBBIES_2_024", "HOBBIES_2_025", "HOBBIES_2_026", "HOBBIES_2_027", "HOBBIES_2_028", "HOBBIES_2_029", "HOBBIES_2_030", "HOBBIES_2_031", "HOBBIES_2_032", "HOBBIES_2_033", "HOBBIES_2_034", "HOBBIES_2_035", "HOBBIES_2_036", "HOBBIES_2_037", "HOBBIES_2_038", "HOBBIES_2_039", "HOBBIES_2_040", "HOBBIES_2_041", "HOBBIES_2_042", "HOBBIES_2_043", "HOBBIES_2_044", "HOBBIES_2_045", "HOBBIES_2_046", "HOBBIES_2_047", "HOBBIES_2_048", "HOBBIES_2_049", "HOBBIES_2_050", "HOBBIES_2_051", "HOBBIES_2_052", "HOBBIES_2_053", "HOBBIES_2_054", "HOBBIES_2_055", "HOBBIES_2_056", "HOBBIES_2_057", "HOBBIES_2_058", "HOBBIES_2_059", "HOBBIES_2_060", "HOBBIES_2_061", "HOBBIES_2_062", "HOBBIES_2_063", "HOBBIES_2_064", "HOBBIES_2_065", "HOBBIES_2_066", "HOBBIES_2_067", "HOBBIES_2_068", "HOBBIES_2_069", "HOBBIES_2_070", "HOBBIES_2_071", "HOBBIES_2_072", "HOBBIES_2_073", "HOBBIES_2_074", "HOBBIES_2_075", "HOBBIES_2_076", "HOBBIES_2_077", "HOBBIES_2_078", "HOBBIES_2_079", "HOBBIES_2_080", "HOBBIES_2_081", "HOBBIES_2_082", "HOBBIES_2_083", "HOBBIES_2_084", "HOBBIES_2_085", "HOBBIES_2_086", "HOBBIES_2_087", "HOBBIES_2_088", "HOBBIES_2_089", "HOBBIES_2_090", "HOBBIES_2_091", "HOBBIES_2_092", "HOBBIES_2_093", "HOBBIES_2_094", "HOBBIES_2_095", "HOBBIES_2_096", "HOBBIES_2_097", "HOBBIES_2_098", "HOBBIES_2_099", "HOBBIES_2_100", "HOBBIES_2_101", "HOBBIES_2_102", "HOBBIES_2_103", "HOBBIES_2_104", "HOBBIES_2_105", "HOBBIES_2_106", "HOBBIES_2_107", "HOBBIES_2_108", "HOBBIES_2_109", "HOBBIES_2_110", "HOBBIES_2_111", "HOBBIES_2_112", "HOBBIES_2_113", "HOBBIES_2_114", "HOBBIES_2_115", "HOBBIES_2_116", "HOBBIES_2_117", "HOBBIES_2_118", "HOBBIES_2_119", "HOBBIES_2_120", "HOBBIES_2_121", "HOBBIES_2_122", "HOBBIES_2_123", "HOBBIES_2_124", "HOBBIES_2_125", "HOBBIES_2_126", "HOBBIES_2_127", "HOBBIES_2_128", "HOBBIES_2_129", "HOBBIES_2_130", "HOBBIES_2_131", "HOBBIES_2_132", "HOBBIES_2_133", "HOBBIES_2_134", "HOBBIES_2_135", "HOBBIES_2_136", "HOBBIES_2_137", "HOBBIES_2_138", "HOBBIES_2_139", "HOBBIES_2_140", "HOBBIES_2_141", "HOBBIES_2_142", "HOBBIES_2_143", "HOBBIES_2_144", "HOBBIES_2_145", "HOBBIES_2_146", "HOBBIES_2_147", "HOBBIES_2_148", "HOBBIES_2_149", "HOUSEHOLD_1_001", "HOUSEHOLD_1_002", "HOUSEHOLD_1_003", "HOUSEHOLD_1_004", "HOUSEHOLD_1_005", "HOUSEHOLD_1_006", "HOUSEHOLD_1_007", "HOUSEHOLD_1_008", "HOUSEHOLD_1_009", "HOUSEHOLD_1_010", "HOUSEHOLD_1_011", "HOUSEHOLD_1_012", "HOUSEHOLD_1_013", "HOUSEHOLD_1_014", "HOUSEHOLD_1_015", "HOUSEHOLD_1_016", "HOUSEHOLD_1_017", "HOUSEHOLD_1_018", "HOUSEHOLD_1_019", "HOUSEHOLD_1_020", "HOUSEHOLD_1_021", "HOUSEHOLD_1_022", "HOUSEHOLD_1_023", "HOUSEHOLD_1_024", "HOUSEHOLD_1_025", "HOUSEHOLD_1_026", "HOUSEHOLD_1_027", "HOUSEHOLD_1_028", "HOUSEHOLD_1_029", "HOUSEHOLD_1_030", "HOUSEHOLD_1_032", "HOUSEHOLD_1_033", "HOUSEHOLD_1_034", "HOUSEHOLD_1_035", "HOUSEHOLD_1_036", "HOUSEHOLD_1_037", "HOUSEHOLD_1_038", "HOUSEHOLD_1_039", "HOUSEHOLD_1_040", "HOUSEHOLD_1_042", "HOUSEHOLD_1_043", "HOUSEHOLD_1_044", "HOUSEHOLD_1_045", "HOUSEHOLD_1_046", "HOUSEHOLD_1_047", "HOUSEHOLD_1_048", "HOUSEHOLD_1_049", "HOUSEHOLD_1_050", "HOUSEHOLD_1_051", "HOUSEHOLD_1_052", "HOUSEHOLD_1_053", "HOUSEHOLD_1_054", "HOUSEHOLD_1_055", "HOUSEHOLD_1_056", "HOUSEHOLD_1_057", "HOUSEHOLD_1_058", "HOUSEHOLD_1_059", "HOUSEHOLD_1_060", "HOUSEHOLD_1_061", "HOUSEHOLD_1_062", "HOUSEHOLD_1_063", "HOUSEHOLD_1_064", "HOUSEHOLD_1_065", "HOUSEHOLD_1_066", "HOUSEHOLD_1_067", "HOUSEHOLD_1_068", "HOUSEHOLD_1_069", "HOUSEHOLD_1_070", "HOUSEHOLD_1_071", "HOUSEHOLD_1_072", "HOUSEHOLD_1_073", "HOUSEHOLD_1_074", "HOUSEHOLD_1_075", "HOUSEHOLD_1_076", "HOUSEHOLD_1_077", "HOUSEHOLD_1_078", "HOUSEHOLD_1_079", "HOUSEHOLD_1_080", "HOUSEHOLD_1_081", "HOUSEHOLD_1_082", "HOUSEHOLD_1_083", "HOUSEHOLD_1_085", "HOUSEHOLD_1_086", "HOUSEHOLD_1_087", "HOUSEHOLD_1_088", "HOUSEHOLD_1_089", "HOUSEHOLD_1_090", "HOUSEHOLD_1_091", "HOUSEHOLD_1_092", "HOUSEHOLD_1_093", "HOUSEHOLD_1_094", "HOUSEHOLD_1_095", "HOUSEHOLD_1_096", "HOUSEHOLD_1_097", "HOUSEHOLD_1_098", "HOUSEHOLD_1_099", "HOUSEHOLD_1_100", "HOUSEHOLD_1_101", "HOUSEHOLD_1_102", "HOUSEHOLD_1_103", "HOUSEHOLD_1_104", "HOUSEHOLD_1_105", "HOUSEHOLD_1_106", "HOUSEHOLD_1_107", "HOUSEHOLD_1_108", "HOUSEHOLD_1_109", "HOUSEHOLD_1_110", "HOUSEHOLD_1_112", "HOUSEHOLD_1_113", "HOUSEHOLD_1_114", "HOUSEHOLD_1_115", "HOUSEHOLD_1_116", "HOUSEHOLD_1_117", "HOUSEHOLD_1_118", "HOUSEHOLD_1_119", "HOUSEHOLD_1_120", "HOUSEHOLD_1_121", "HOUSEHOLD_1_122", "HOUSEHOLD_1_123", "HOUSEHOLD_1_124", "HOUSEHOLD_1_125", "HOUSEHOLD_1_126", "HOUSEHOLD_1_127", "HOUSEHOLD_1_128", "HOUSEHOLD_1_129", "HOUSEHOLD_1_130", "HOUSEHOLD_1_131", "HOUSEHOLD_1_132", "HOUSEHOLD_1_133", "HOUSEHOLD_1_134", "HOUSEHOLD_1_135", "HOUSEHOLD_1_136", "HOUSEHOLD_1_137", "HOUSEHOLD_1_138", "HOUSEHOLD_1_139", "HOUSEHOLD_1_140", "HOUSEHOLD_1_141", "HOUSEHOLD_1_142", "HOUSEHOLD_1_143", "HOUSEHOLD_1_144", "HOUSEHOLD_1_145", "HOUSEHOLD_1_146", "HOUSEHOLD_1_147", "HOUSEHOLD_1_148", "HOUSEHOLD_1_149", "HOUSEHOLD_1_150", "HOUSEHOLD_1_151", "HOUSEHOLD_1_152", "HOUSEHOLD_1_153", "HOUSEHOLD_1_154", "HOUSEHOLD_1_155", "HOUSEHOLD_1_156", "HOUSEHOLD_1_157", "HOUSEHOLD_1_158", "HOUSEHOLD_1_159", "HOUSEHOLD_1_160", "HOUSEHOLD_1_161", "HOUSEHOLD_1_162", "HOUSEHOLD_1_163", "HOUSEHOLD_1_164", "HOUSEHOLD_1_165", "HOUSEHOLD_1_166", "HOUSEHOLD_1_167", "HOUSEHOLD_1_168", "HOUSEHOLD_1_169", "HOUSEHOLD_1_170", "HOUSEHOLD_1_171", "HOUSEHOLD_1_172", "HOUSEHOLD_1_173", "HOUSEHOLD_1_174", "HOUSEHOLD_1_175", "HOUSEHOLD_1_176", "HOUSEHOLD_1_177", "HOUSEHOLD_1_178", "HOUSEHOLD_1_179", "HOUSEHOLD_1_180", "HOUSEHOLD_1_181", "HOUSEHOLD_1_182", "HOUSEHOLD_1_183", "HOUSEHOLD_1_184", "HOUSEHOLD_1_185", "HOUSEHOLD_1_186", "HOUSEHOLD_1_187", "HOUSEHOLD_1_188", "HOUSEHOLD_1_189", "HOUSEHOLD_1_190", "HOUSEHOLD_1_191", "HOUSEHOLD_1_192", "HOUSEHOLD_1_193", "HOUSEHOLD_1_194", "HOUSEHOLD_1_195", "HOUSEHOLD_1_196", "HOUSEHOLD_1_197", "HOUSEHOLD_1_198", "HOUSEHOLD_1_199", "HOUSEHOLD_1_200", "HOUSEHOLD_1_201", "HOUSEHOLD_1_202", "HOUSEHOLD_1_203", "HOUSEHOLD_1_204", "HOUSEHOLD_1_205", "HOUSEHOLD_1_206", "HOUSEHOLD_1_207", "HOUSEHOLD_1_208", "HOUSEHOLD_1_209", "HOUSEHOLD_1_210", "HOUSEHOLD_1_211", "HOUSEHOLD_1_212", "HOUSEHOLD_1_213", "HOUSEHOLD_1_214", "HOUSEHOLD_1_215", "HOUSEHOLD_1_216", "HOUSEHOLD_1_217", "HOUSEHOLD_1_218", "HOUSEHOLD_1_219", "HOUSEHOLD_1_220", "HOUSEHOLD_1_221", "HOUSEHOLD_1_222", "HOUSEHOLD_1_223", "HOUSEHOLD_1_224", "HOUSEHOLD_1_225", "HOUSEHOLD_1_226", "HOUSEHOLD_1_227", "HOUSEHOLD_1_228", "HOUSEHOLD_1_229", "HOUSEHOLD_1_230", "HOUSEHOLD_1_231", "HOUSEHOLD_1_232", "HOUSEHOLD_1_233", "HOUSEHOLD_1_234", "HOUSEHOLD_1_235", "HOUSEHOLD_1_236", "HOUSEHOLD_1_237", "HOUSEHOLD_1_238", "HOUSEHOLD_1_239", "HOUSEHOLD_1_241", "HOUSEHOLD_1_242", "HOUSEHOLD_1_243", "HOUSEHOLD_1_244", "HOUSEHOLD_1_245", "HOUSEHOLD_1_246", "HOUSEHOLD_1_247", "HOUSEHOLD_1_248", "HOUSEHOLD_1_249", "HOUSEHOLD_1_250", "HOUSEHOLD_1_251", "HOUSEHOLD_1_252", "HOUSEHOLD_1_253", "HOUSEHOLD_1_254", "HOUSEHOLD_1_255", "HOUSEHOLD_1_256", "HOUSEHOLD_1_257", "HOUSEHOLD_1_258", "HOUSEHOLD_1_259", "HOUSEHOLD_1_260", "HOUSEHOLD_1_261", "HOUSEHOLD_1_262", "HOUSEHOLD_1_263", "HOUSEHOLD_1_264", "HOUSEHOLD_1_265", "HOUSEHOLD_1_266", "HOUSEHOLD_1_267", "HOUSEHOLD_1_268", "HOUSEHOLD_1_269", "HOUSEHOLD_1_270", "HOUSEHOLD_1_271", "HOUSEHOLD_1_272", "HOUSEHOLD_1_274", "HOUSEHOLD_1_275", "HOUSEHOLD_1_276", "HOUSEHOLD_1_277", "HOUSEHOLD_1_278", "HOUSEHOLD_1_279", "HOUSEHOLD_1_280", "HOUSEHOLD_1_281", "HOUSEHOLD_1_282", "HOUSEHOLD_1_283", "HOUSEHOLD_1_284", "HOUSEHOLD_1_285", "HOUSEHOLD_1_286", "HOUSEHOLD_1_287", "HOUSEHOLD_1_288", "HOUSEHOLD_1_289", "HOUSEHOLD_1_290", "HOUSEHOLD_1_291", "HOUSEHOLD_1_292", "HOUSEHOLD_1_293", "HOUSEHOLD_1_294", "HOUSEHOLD_1_295", "HOUSEHOLD_1_296", "HOUSEHOLD_1_297", "HOUSEHOLD_1_298", "HOUSEHOLD_1_299", "HOUSEHOLD_1_300", "HOUSEHOLD_1_301", "HOUSEHOLD_1_302", "HOUSEHOLD_1_303", "HOUSEHOLD_1_304", "HOUSEHOLD_1_305", "HOUSEHOLD_1_306", "HOUSEHOLD_1_307", "HOUSEHOLD_1_308", "HOUSEHOLD_1_309", "HOUSEHOLD_1_310", "HOUSEHOLD_1_311", "HOUSEHOLD_1_312", "HOUSEHOLD_1_313", "HOUSEHOLD_1_314", "HOUSEHOLD_1_315", "HOUSEHOLD_1_316", "HOUSEHOLD_1_317", "HOUSEHOLD_1_318", "HOUSEHOLD_1_319", "HOUSEHOLD_1_320", "HOUSEHOLD_1_321", "HOUSEHOLD_1_322", "HOUSEHOLD_1_323", "HOUSEHOLD_1_324", "HOUSEHOLD_1_325", "HOUSEHOLD_1_326", "HOUSEHOLD_1_327", "HOUSEHOLD_1_328", "HOUSEHOLD_1_329", "HOUSEHOLD_1_330", "HOUSEHOLD_1_331", "HOUSEHOLD_1_332", "HOUSEHOLD_1_333", "HOUSEHOLD_1_334", "HOUSEHOLD_1_335", "HOUSEHOLD_1_336", "HOUSEHOLD_1_337", "HOUSEHOLD_1_338", "HOUSEHOLD_1_339", "HOUSEHOLD_1_340", "HOUSEHOLD_1_341", "HOUSEHOLD_1_342", "HOUSEHOLD_1_343", "HOUSEHOLD_1_344", "HOUSEHOLD_1_345", "HOUSEHOLD_1_346", "HOUSEHOLD_1_347", "HOUSEHOLD_1_348", "HOUSEHOLD_1_349", "HOUSEHOLD_1_350", "HOUSEHOLD_1_351", "HOUSEHOLD_1_353", "HOUSEHOLD_1_354", "HOUSEHOLD_1_355", "HOUSEHOLD_1_356", "HOUSEHOLD_1_357", "HOUSEHOLD_1_358", "HOUSEHOLD_1_359", "HOUSEHOLD_1_360", "HOUSEHOLD_1_361", "HOUSEHOLD_1_362", "HOUSEHOLD_1_363", "HOUSEHOLD_1_364", "HOUSEHOLD_1_365", "HOUSEHOLD_1_366", "HOUSEHOLD_1_367", "HOUSEHOLD_1_368", "HOUSEHOLD_1_369", "HOUSEHOLD_1_370", "HOUSEHOLD_1_371", "HOUSEHOLD_1_372", "HOUSEHOLD_1_373", "HOUSEHOLD_1_374", "HOUSEHOLD_1_375", "HOUSEHOLD_1_376", "HOUSEHOLD_1_377", "HOUSEHOLD_1_378", "HOUSEHOLD_1_379", "HOUSEHOLD_1_380", "HOUSEHOLD_1_381", "HOUSEHOLD_1_382", "HOUSEHOLD_1_383", "HOUSEHOLD_1_384", "HOUSEHOLD_1_385", "HOUSEHOLD_1_386", "HOUSEHOLD_1_387", "HOUSEHOLD_1_388", "HOUSEHOLD_1_389", "HOUSEHOLD_1_390", "HOUSEHOLD_1_393", "HOUSEHOLD_1_394", "HOUSEHOLD_1_395", "HOUSEHOLD_1_396", "HOUSEHOLD_1_397", "HOUSEHOLD_1_398", "HOUSEHOLD_1_399", "HOUSEHOLD_1_400", "HOUSEHOLD_1_401", "HOUSEHOLD_1_402", "HOUSEHOLD_1_403", "HOUSEHOLD_1_404", "HOUSEHOLD_1_405", "HOUSEHOLD_1_406", "HOUSEHOLD_1_407", "HOUSEHOLD_1_408", "HOUSEHOLD_1_409", "HOUSEHOLD_1_410", "HOUSEHOLD_1_411", "HOUSEHOLD_1_412", "HOUSEHOLD_1_413", "HOUSEHOLD_1_414", "HOUSEHOLD_1_415", "HOUSEHOLD_1_416", "HOUSEHOLD_1_417", "HOUSEHOLD_1_418", "HOUSEHOLD_1_419", "HOUSEHOLD_1_420", "HOUSEHOLD_1_421", "HOUSEHOLD_1_422", "HOUSEHOLD_1_423", "HOUSEHOLD_1_424", "HOUSEHOLD_1_425", "HOUSEHOLD_1_426", "HOUSEHOLD_1_427", "HOUSEHOLD_1_428", "HOUSEHOLD_1_429", "HOUSEHOLD_1_430", "HOUSEHOLD_1_431", "HOUSEHOLD_1_432", "HOUSEHOLD_1_433", "HOUSEHOLD_1_434", "HOUSEHOLD_1_435", "HOUSEHOLD_1_436", "HOUSEHOLD_1_437", "HOUSEHOLD_1_438", "HOUSEHOLD_1_439", "HOUSEHOLD_1_440", "HOUSEHOLD_1_441", "HOUSEHOLD_1_442", "HOUSEHOLD_1_443", "HOUSEHOLD_1_444", "HOUSEHOLD_1_445", "HOUSEHOLD_1_446", "HOUSEHOLD_1_447", "HOUSEHOLD_1_448", "HOUSEHOLD_1_449", "HOUSEHOLD_1_450", "HOUSEHOLD_1_451", "HOUSEHOLD_1_452", "HOUSEHOLD_1_453", "HOUSEHOLD_1_454", "HOUSEHOLD_1_455", "HOUSEHOLD_1_456", "HOUSEHOLD_1_457", "HOUSEHOLD_1_458", "HOUSEHOLD_1_459", "HOUSEHOLD_1_460", "HOUSEHOLD_1_461", "HOUSEHOLD_1_462", "HOUSEHOLD_1_463", "HOUSEHOLD_1_464", "HOUSEHOLD_1_465", "HOUSEHOLD_1_466", "HOUSEHOLD_1_467", "HOUSEHOLD_1_468", "HOUSEHOLD_1_469", "HOUSEHOLD_1_470", "HOUSEHOLD_1_471", "HOUSEHOLD_1_472", "HOUSEHOLD_1_473", "HOUSEHOLD_1_474", "HOUSEHOLD_1_475", "HOUSEHOLD_1_476", "HOUSEHOLD_1_477", "HOUSEHOLD_1_478", "HOUSEHOLD_1_479", "HOUSEHOLD_1_480", "HOUSEHOLD_1_481", "HOUSEHOLD_1_482", "HOUSEHOLD_1_483", "HOUSEHOLD_1_484", "HOUSEHOLD_1_485", "HOUSEHOLD_1_486", "HOUSEHOLD_1_487", "HOUSEHOLD_1_488", "HOUSEHOLD_1_489", "HOUSEHOLD_1_490", "HOUSEHOLD_1_491", "HOUSEHOLD_1_492", "HOUSEHOLD_1_493", "HOUSEHOLD_1_494", "HOUSEHOLD_1_495", "HOUSEHOLD_1_496", "HOUSEHOLD_1_497", "HOUSEHOLD_1_498", "HOUSEHOLD_1_499", "HOUSEHOLD_1_500", "HOUSEHOLD_1_501", "HOUSEHOLD_1_502", "HOUSEHOLD_1_503", "HOUSEHOLD_1_504", "HOUSEHOLD_1_505", "HOUSEHOLD_1_506", "HOUSEHOLD_1_507", "HOUSEHOLD_1_508", "HOUSEHOLD_1_509", "HOUSEHOLD_1_510", "HOUSEHOLD_1_511", "HOUSEHOLD_1_512", "HOUSEHOLD_1_513", "HOUSEHOLD_1_514", "HOUSEHOLD_1_515", "HOUSEHOLD_1_516", "HOUSEHOLD_1_517", "HOUSEHOLD_1_518", "HOUSEHOLD_1_519", "HOUSEHOLD_1_520", "HOUSEHOLD_1_521", "HOUSEHOLD_1_522", "HOUSEHOLD_1_523", "HOUSEHOLD_1_524", "HOUSEHOLD_1_525", "HOUSEHOLD_1_526", "HOUSEHOLD_1_527", "HOUSEHOLD_1_528", "HOUSEHOLD_1_529", "HOUSEHOLD_1_530", "HOUSEHOLD_1_531", "HOUSEHOLD_1_532", "HOUSEHOLD_1_533", "HOUSEHOLD_1_534", "HOUSEHOLD_1_535", "HOUSEHOLD_1_536", "HOUSEHOLD_1_537", "HOUSEHOLD_1_538", "HOUSEHOLD_1_539", "HOUSEHOLD_1_540", "HOUSEHOLD_1_541", "HOUSEHOLD_2_001", "HOUSEHOLD_2_002", "HOUSEHOLD_2_003", "HOUSEHOLD_2_004", "HOUSEHOLD_2_005", "HOUSEHOLD_2_006", "HOUSEHOLD_2_007", "HOUSEHOLD_2_008", "HOUSEHOLD_2_009", "HOUSEHOLD_2_010", "HOUSEHOLD_2_011", "HOUSEHOLD_2_012", "HOUSEHOLD_2_013", "HOUSEHOLD_2_014", "HOUSEHOLD_2_015", "HOUSEHOLD_2_016", "HOUSEHOLD_2_017", "HOUSEHOLD_2_018", "HOUSEHOLD_2_019", "HOUSEHOLD_2_020", "HOUSEHOLD_2_021", "HOUSEHOLD_2_022", "HOUSEHOLD_2_023", "HOUSEHOLD_2_024", "HOUSEHOLD_2_025", "HOUSEHOLD_2_026", "HOUSEHOLD_2_027", "HOUSEHOLD_2_028", "HOUSEHOLD_2_029", "HOUSEHOLD_2_030", "HOUSEHOLD_2_031", "HOUSEHOLD_2_032", "HOUSEHOLD_2_033", "HOUSEHOLD_2_034", "HOUSEHOLD_2_035", "HOUSEHOLD_2_036", "HOUSEHOLD_2_037", "HOUSEHOLD_2_038", "HOUSEHOLD_2_039", "HOUSEHOLD_2_040", "HOUSEHOLD_2_041", "HOUSEHOLD_2_042", "HOUSEHOLD_2_043", "HOUSEHOLD_2_044", "HOUSEHOLD_2_045", "HOUSEHOLD_2_046", "HOUSEHOLD_2_047", "HOUSEHOLD_2_048", "HOUSEHOLD_2_049", "HOUSEHOLD_2_050", "HOUSEHOLD_2_051", "HOUSEHOLD_2_052", "HOUSEHOLD_2_053", "HOUSEHOLD_2_054", "HOUSEHOLD_2_055", "HOUSEHOLD_2_056", "HOUSEHOLD_2_057", "HOUSEHOLD_2_058", "HOUSEHOLD_2_059", "HOUSEHOLD_2_060", "HOUSEHOLD_2_061", "HOUSEHOLD_2_062", "HOUSEHOLD_2_063", "HOUSEHOLD_2_064", "HOUSEHOLD_2_065", "HOUSEHOLD_2_066", "HOUSEHOLD_2_067", "HOUSEHOLD_2_068", "HOUSEHOLD_2_069", "HOUSEHOLD_2_070", "HOUSEHOLD_2_071", "HOUSEHOLD_2_072", "HOUSEHOLD_2_073", "HOUSEHOLD_2_074", "HOUSEHOLD_2_075", "HOUSEHOLD_2_076", "HOUSEHOLD_2_077", "HOUSEHOLD_2_078", "HOUSEHOLD_2_079", "HOUSEHOLD_2_080", "HOUSEHOLD_2_081", "HOUSEHOLD_2_082", "HOUSEHOLD_2_083", "HOUSEHOLD_2_084", "HOUSEHOLD_2_085", "HOUSEHOLD_2_086", "HOUSEHOLD_2_087", "HOUSEHOLD_2_088", "HOUSEHOLD_2_089", "HOUSEHOLD_2_090", "HOUSEHOLD_2_091", "HOUSEHOLD_2_092", "HOUSEHOLD_2_093", "HOUSEHOLD_2_094", "HOUSEHOLD_2_095", "HOUSEHOLD_2_096", "HOUSEHOLD_2_097", "HOUSEHOLD_2_098", "HOUSEHOLD_2_099", "HOUSEHOLD_2_100", "HOUSEHOLD_2_101", "HOUSEHOLD_2_102", "HOUSEHOLD_2_103", "HOUSEHOLD_2_104", "HOUSEHOLD_2_105", "HOUSEHOLD_2_106", "HOUSEHOLD_2_107", "HOUSEHOLD_2_108", "HOUSEHOLD_2_109", "HOUSEHOLD_2_110", "HOUSEHOLD_2_111", "HOUSEHOLD_2_112", "HOUSEHOLD_2_113", "HOUSEHOLD_2_114", "HOUSEHOLD_2_115", "HOUSEHOLD_2_116", "HOUSEHOLD_2_117", "HOUSEHOLD_2_118", "HOUSEHOLD_2_119", "HOUSEHOLD_2_120", "HOUSEHOLD_2_121", "HOUSEHOLD_2_122", "HOUSEHOLD_2_123", "HOUSEHOLD_2_124", "HOUSEHOLD_2_125", "HOUSEHOLD_2_126", "HOUSEHOLD_2_127", "HOUSEHOLD_2_128", "HOUSEHOLD_2_129", "HOUSEHOLD_2_130", "HOUSEHOLD_2_131", "HOUSEHOLD_2_132", "HOUSEHOLD_2_133", "HOUSEHOLD_2_134", "HOUSEHOLD_2_135", "HOUSEHOLD_2_136", "HOUSEHOLD_2_137", "HOUSEHOLD_2_138", "HOUSEHOLD_2_139", "HOUSEHOLD_2_140", "HOUSEHOLD_2_141", "HOUSEHOLD_2_142", "HOUSEHOLD_2_143", "HOUSEHOLD_2_144", "HOUSEHOLD_2_145", "HOUSEHOLD_2_146", "HOUSEHOLD_2_147", "HOUSEHOLD_2_148", "HOUSEHOLD_2_149", "HOUSEHOLD_2_150", "HOUSEHOLD_2_151", "HOUSEHOLD_2_152", "HOUSEHOLD_2_153", "HOUSEHOLD_2_154", "HOUSEHOLD_2_155", "HOUSEHOLD_2_156", "HOUSEHOLD_2_157", "HOUSEHOLD_2_158", "HOUSEHOLD_2_159", "HOUSEHOLD_2_160", "HOUSEHOLD_2_161", "HOUSEHOLD_2_162", "HOUSEHOLD_2_163", "HOUSEHOLD_2_164", "HOUSEHOLD_2_165", "HOUSEHOLD_2_166", "HOUSEHOLD_2_167", "HOUSEHOLD_2_168", "HOUSEHOLD_2_169", "HOUSEHOLD_2_170", "HOUSEHOLD_2_171", "HOUSEHOLD_2_172", "HOUSEHOLD_2_173", "HOUSEHOLD_2_174", "HOUSEHOLD_2_175", "HOUSEHOLD_2_176", "HOUSEHOLD_2_177", "HOUSEHOLD_2_178", "HOUSEHOLD_2_179", "HOUSEHOLD_2_180", "HOUSEHOLD_2_182", "HOUSEHOLD_2_183", "HOUSEHOLD_2_184", "HOUSEHOLD_2_185", "HOUSEHOLD_2_186", "HOUSEHOLD_2_187", "HOUSEHOLD_2_188", "HOUSEHOLD_2_189", "HOUSEHOLD_2_190", "HOUSEHOLD_2_191", "HOUSEHOLD_2_192", "HOUSEHOLD_2_193", "HOUSEHOLD_2_194", "HOUSEHOLD_2_195", "HOUSEHOLD_2_196", "HOUSEHOLD_2_197", "HOUSEHOLD_2_198", "HOUSEHOLD_2_199", "HOUSEHOLD_2_200", "HOUSEHOLD_2_201", "HOUSEHOLD_2_202", "HOUSEHOLD_2_203", "HOUSEHOLD_2_204", "HOUSEHOLD_2_205", "HOUSEHOLD_2_206", "HOUSEHOLD_2_207", "HOUSEHOLD_2_208", "HOUSEHOLD_2_209", "HOUSEHOLD_2_210", "HOUSEHOLD_2_211", "HOUSEHOLD_2_212", "HOUSEHOLD_2_213", "HOUSEHOLD_2_214", "HOUSEHOLD_2_215", "HOUSEHOLD_2_216", "HOUSEHOLD_2_217", "HOUSEHOLD_2_218", "HOUSEHOLD_2_219", "HOUSEHOLD_2_220", "HOUSEHOLD_2_221", "HOUSEHOLD_2_222", "HOUSEHOLD_2_223", "HOUSEHOLD_2_224", "HOUSEHOLD_2_225", "HOUSEHOLD_2_226", "HOUSEHOLD_2_227", "HOUSEHOLD_2_228", "HOUSEHOLD_2_229", "HOUSEHOLD_2_230", "HOUSEHOLD_2_231", "HOUSEHOLD_2_232", "HOUSEHOLD_2_233", "HOUSEHOLD_2_234", "HOUSEHOLD_2_235", "HOUSEHOLD_2_236", "HOUSEHOLD_2_237", "HOUSEHOLD_2_238", "HOUSEHOLD_2_239", "HOUSEHOLD_2_240", "HOUSEHOLD_2_241", "HOUSEHOLD_2_242", "HOUSEHOLD_2_243", "HOUSEHOLD_2_244", "HOUSEHOLD_2_245", "HOUSEHOLD_2_246", "HOUSEHOLD_2_247", "HOUSEHOLD_2_248", "HOUSEHOLD_2_249", "HOUSEHOLD_2_250", "HOUSEHOLD_2_251", "HOUSEHOLD_2_252", "HOUSEHOLD_2_253", "HOUSEHOLD_2_254", "HOUSEHOLD_2_255", "HOUSEHOLD_2_256", "HOUSEHOLD_2_257", "HOUSEHOLD_2_258", "HOUSEHOLD_2_259", "HOUSEHOLD_2_260", "HOUSEHOLD_2_261", "HOUSEHOLD_2_262", "HOUSEHOLD_2_263", "HOUSEHOLD_2_264", "HOUSEHOLD_2_265", "HOUSEHOLD_2_266", "HOUSEHOLD_2_267", "HOUSEHOLD_2_268", "HOUSEHOLD_2_269", "HOUSEHOLD_2_270", "HOUSEHOLD_2_271", "HOUSEHOLD_2_272", "HOUSEHOLD_2_273", "HOUSEHOLD_2_274", "HOUSEHOLD_2_275", "HOUSEHOLD_2_276", "HOUSEHOLD_2_277", "HOUSEHOLD_2_278", "HOUSEHOLD_2_279", "HOUSEHOLD_2_280", "HOUSEHOLD_2_281", "HOUSEHOLD_2_282", "HOUSEHOLD_2_283", "HOUSEHOLD_2_284", "HOUSEHOLD_2_285", "HOUSEHOLD_2_286", "HOUSEHOLD_2_287", "HOUSEHOLD_2_288", "HOUSEHOLD_2_289", "HOUSEHOLD_2_290", "HOUSEHOLD_2_291", "HOUSEHOLD_2_292", "HOUSEHOLD_2_293", "HOUSEHOLD_2_294", "HOUSEHOLD_2_295", "HOUSEHOLD_2_296", "HOUSEHOLD_2_297", "HOUSEHOLD_2_298", "HOUSEHOLD_2_299", "HOUSEHOLD_2_300", "HOUSEHOLD_2_301", "HOUSEHOLD_2_302", "HOUSEHOLD_2_303", "HOUSEHOLD_2_304", "HOUSEHOLD_2_305", "HOUSEHOLD_2_306", "HOUSEHOLD_2_307", "HOUSEHOLD_2_308", "HOUSEHOLD_2_309", "HOUSEHOLD_2_310", "HOUSEHOLD_2_311", "HOUSEHOLD_2_312", "HOUSEHOLD_2_313", "HOUSEHOLD_2_314", "HOUSEHOLD_2_315", "HOUSEHOLD_2_316", "HOUSEHOLD_2_317", "HOUSEHOLD_2_318", "HOUSEHOLD_2_319", "HOUSEHOLD_2_320", "HOUSEHOLD_2_321", "HOUSEHOLD_2_322", "HOUSEHOLD_2_323", "HOUSEHOLD_2_324", "HOUSEHOLD_2_325", "HOUSEHOLD_2_326", "HOUSEHOLD_2_327", "HOUSEHOLD_2_328", "HOUSEHOLD_2_329", "HOUSEHOLD_2_330", "HOUSEHOLD_2_331", "HOUSEHOLD_2_332", "HOUSEHOLD_2_333", "HOUSEHOLD_2_334", "HOUSEHOLD_2_335", "HOUSEHOLD_2_336", "HOUSEHOLD_2_337", "HOUSEHOLD_2_338", "HOUSEHOLD_2_339", "HOUSEHOLD_2_340", "HOUSEHOLD_2_341", "HOUSEHOLD_2_342", "HOUSEHOLD_2_343", "HOUSEHOLD_2_344", "HOUSEHOLD_2_345", "HOUSEHOLD_2_346", "HOUSEHOLD_2_347", "HOUSEHOLD_2_348", "HOUSEHOLD_2_349", "HOUSEHOLD_2_350", "HOUSEHOLD_2_351", "HOUSEHOLD_2_352", "HOUSEHOLD_2_353", "HOUSEHOLD_2_354", "HOUSEHOLD_2_355", "HOUSEHOLD_2_356", "HOUSEHOLD_2_357", "HOUSEHOLD_2_358", "HOUSEHOLD_2_359", "HOUSEHOLD_2_360", "HOUSEHOLD_2_361", "HOUSEHOLD_2_362", "HOUSEHOLD_2_363", "HOUSEHOLD_2_364", "HOUSEHOLD_2_365", "HOUSEHOLD_2_366", "HOUSEHOLD_2_367", "HOUSEHOLD_2_368", "HOUSEHOLD_2_369", "HOUSEHOLD_2_370", "HOUSEHOLD_2_371", "HOUSEHOLD_2_372", "HOUSEHOLD_2_373", "HOUSEHOLD_2_374", "HOUSEHOLD_2_375", "HOUSEHOLD_2_376", "HOUSEHOLD_2_377", "HOUSEHOLD_2_378", "HOUSEHOLD_2_379", "HOUSEHOLD_2_380", "HOUSEHOLD_2_381", "HOUSEHOLD_2_382", "HOUSEHOLD_2_383", "HOUSEHOLD_2_384", "HOUSEHOLD_2_385", "HOUSEHOLD_2_386", "HOUSEHOLD_2_387", "HOUSEHOLD_2_388", "HOUSEHOLD_2_389", "HOUSEHOLD_2_390", "HOUSEHOLD_2_391", "HOUSEHOLD_2_392", "HOUSEHOLD_2_393", "HOUSEHOLD_2_394", "HOUSEHOLD_2_395", "HOUSEHOLD_2_396", "HOUSEHOLD_2_397", "HOUSEHOLD_2_398", "HOUSEHOLD_2_399", "HOUSEHOLD_2_400", "HOUSEHOLD_2_401", "HOUSEHOLD_2_402", "HOUSEHOLD_2_403", "HOUSEHOLD_2_404", "HOUSEHOLD_2_405", "HOUSEHOLD_2_406", "HOUSEHOLD_2_407", "HOUSEHOLD_2_408", "HOUSEHOLD_2_409", "HOUSEHOLD_2_410", "HOUSEHOLD_2_411", "HOUSEHOLD_2_412", "HOUSEHOLD_2_413", "HOUSEHOLD_2_414", "HOUSEHOLD_2_415", "HOUSEHOLD_2_416", "HOUSEHOLD_2_417", "HOUSEHOLD_2_418", "HOUSEHOLD_2_419", "HOUSEHOLD_2_420", "HOUSEHOLD_2_421", "HOUSEHOLD_2_422", "HOUSEHOLD_2_423", "HOUSEHOLD_2_424", "HOUSEHOLD_2_425", "HOUSEHOLD_2_426", "HOUSEHOLD_2_427", "HOUSEHOLD_2_428", "HOUSEHOLD_2_429", "HOUSEHOLD_2_430", "HOUSEHOLD_2_431", "HOUSEHOLD_2_432", "HOUSEHOLD_2_433", "HOUSEHOLD_2_434", "HOUSEHOLD_2_435", "HOUSEHOLD_2_436", "HOUSEHOLD_2_437", "HOUSEHOLD_2_438", "HOUSEHOLD_2_439", "HOUSEHOLD_2_440", "HOUSEHOLD_2_441", "HOUSEHOLD_2_442", "HOUSEHOLD_2_443", "HOUSEHOLD_2_444", "HOUSEHOLD_2_445", "HOUSEHOLD_2_446", "HOUSEHOLD_2_447", "HOUSEHOLD_2_448", "HOUSEHOLD_2_449", "HOUSEHOLD_2_450", "HOUSEHOLD_2_451", "HOUSEHOLD_2_452", "HOUSEHOLD_2_453", "HOUSEHOLD_2_454", "HOUSEHOLD_2_455", "HOUSEHOLD_2_456", "HOUSEHOLD_2_457", "HOUSEHOLD_2_458", "HOUSEHOLD_2_459", "HOUSEHOLD_2_460", "HOUSEHOLD_2_461", "HOUSEHOLD_2_462", "HOUSEHOLD_2_463", "HOUSEHOLD_2_464", "HOUSEHOLD_2_465", "HOUSEHOLD_2_466", "HOUSEHOLD_2_467", "HOUSEHOLD_2_468", "HOUSEHOLD_2_469", "HOUSEHOLD_2_470", "HOUSEHOLD_2_471", "HOUSEHOLD_2_472", "HOUSEHOLD_2_473", "HOUSEHOLD_2_474", "HOUSEHOLD_2_475", "HOUSEHOLD_2_476", "HOUSEHOLD_2_477", "HOUSEHOLD_2_478", "HOUSEHOLD_2_479", "HOUSEHOLD_2_480", "HOUSEHOLD_2_481", "HOUSEHOLD_2_482", "HOUSEHOLD_2_483", "HOUSEHOLD_2_484", "HOUSEHOLD_2_485", "HOUSEHOLD_2_486", "HOUSEHOLD_2_487", "HOUSEHOLD_2_488", "HOUSEHOLD_2_489", "HOUSEHOLD_2_490", "HOUSEHOLD_2_491", "HOUSEHOLD_2_492", "HOUSEHOLD_2_493", "HOUSEHOLD_2_494", "HOUSEHOLD_2_495", "HOUSEHOLD_2_496", "HOUSEHOLD_2_497", "HOUSEHOLD_2_498", "HOUSEHOLD_2_499", "HOUSEHOLD_2_500", "HOUSEHOLD_2_501", "HOUSEHOLD_2_502", "HOUSEHOLD_2_503", "HOUSEHOLD_2_504", "HOUSEHOLD_2_505", "HOUSEHOLD_2_506", "HOUSEHOLD_2_507", "HOUSEHOLD_2_508", "HOUSEHOLD_2_509", "HOUSEHOLD_2_510", "HOUSEHOLD_2_511", "HOUSEHOLD_2_512", "HOUSEHOLD_2_513", "HOUSEHOLD_2_514", "HOUSEHOLD_2_515", "HOUSEHOLD_2_516"], ["FOODS_1", "FOODS_2", "FOODS_3", "HOBBIES_1", "HOBBIES_2", "HOUSEHOLD_1", "HOUSEHOLD_2"], ["FOODS", "HOBBIES", "HOUSEHOLD"], ["CA_1", "CA_2", "CA_3", "CA_4"], ["CA"], ["Friday", "Monday", "Saturday", "Sunday", "Thursday", "Tuesday", "Wednesday"], ["Chanukah End", "Christmas", "Cinco De Mayo", "ColumbusDay", "Easter", "Eid al-Fitr", "EidAlAdha", "Father's day", "Halloween", "IndependenceDay", "LaborDay", "LentStart", "LentWeek2", "MartinLutherKingDay", "MemorialDay", "Mother's day", "NBAFinalsEnd", "NBAFinalsStart", "NewYear", "OrthodoxChristmas", "OrthodoxEaster", "Pesach End", "PresidentsDay", "Purim End", "Ramadan starts", "StPatricksDay", "SuperBowl", "Thanksgiving", "ValentinesDay", "VeteransDay"], ["Cultural", "National", "Religious", "Sporting"], ["Cinco De Mayo", "Easter", "Father's day", "OrthodoxEaster"], ["Cultural", "Religious"]]
