tree
version=v4
num_class=1
num_tree_per_iteration=1
label_index=0
max_feature_idx=21
objective=quantile
feature_names=item_id dept_id cat_id store_id state_id weekday wday month year event_name_1 event_type_1 event_name_2 event_type_2 snap_CA snap_TX snap_WI sell_price lag_28 lag_35 rolling_mean_7 rolling_mean_28 price_change
feature_infos=-1:3048:3047:3039:3043:3034:3041:3045:1429:2017:304:1443:2989:3033:555:1846:3035:1526:1820:2666:3037:601:972:1442:1596:2024:2992:3044:924:984:2114:2335:2363:2548:65:309:762:1358:1424:1679:1888:1932:2798:3040:344:544:712:800:907:910:1838:2238:2273:2594:2914:2918:94:251:317:1024:1215:1245:1340:1626:1800:1843:1974:1986:2291:2319:2553:160:245:437:648:890:991:1139:1142:1224:1229:1299:2034:2038:2136:2331:2428:2432:2751:3046:61:102:391:426:436:480:498:535:584:969:1154:1233:1328:1400:1601:1884:2004:2063:2446:2487:2589:2738:2901:2920:2924:85:103:156:211:266:371:638:855:933:964:1082:1095:1096:1247:1397:1438:1446:1629:1770:1901:1924:1979:2010:2029:2333:2365:2372:2814:2856:3014:62:145:164:502:503:682:849:853:917:949:982:990:1014:1045:1144:1509:1544:1689:1719:1788:1790:1830:1882:1896:1902:1906:2144:2158:2165:2210:2793:2900:2906:2986:3031:90:92:149:168:188:200:258:262:380:397:434:483:538:539:540:556:558:573:592:687:718:720:803:883:977:1064:1103:1117:1257:1557:1575:1607:1656:1665:1693:1695:1765:1997:2129:2160:2647:2687:2760:2767:2851:2921:2960:3032:9:31:172:230:235:414:421:493:508:509:519:526:546:566:569:707:875:920:1063:1086:1123:1131:1162:1193:1390:1515:1531:1559:1588:1612:1625:1677:1709:1715:1738:1810:1840:1923:2067:2069:2192:2204:2208:2258:2315:2456:2569:2584:2612:2627:2634:2728:2739:2762:2839:2931:3029:17:37:48:67:74:93:114:166:256:268:288:349:390:418:423:440:454:499:630:665:674:695:733:743:759:788:813:888:916:934:943:956:1016:1042:1094:1220:1249:1269:1347:1364:1384:1410:1578:1605:1631:1666:1716:1828:1829:1855:1911:1913:1922:1961:1994:2050:2080:2111:2162:2183:2244:2448:2489:2571:2614:2779:2788:2863:2894:2938:3008:3036:58:70:101:128:137:191:192:204:293:365:366:439:490:527:554:574:578:586:613:642:662:664:696:725:766:833:872:891:903:923:1002:1040:1051:1201:1239:1262:1331:1355:1389:1398:1407:1478:1487:1504:1555:1579:1583:1593:1604:1637:1696:1707:1717:1749:1835:1839:1999:2003:2097:2107:2110:2163:2202:2224:2256:2325:2385:2408:2506:2523:2664:2677:2717:2825:2884:2928:2966:2971:2973:19:25:56:122:169:170:198:207:225:302:407:409:428:448:516:670:694:703:728:747:760:779:804:811:814:837:878:927:960:1060:1065:1184:1216:1343:1399:1465:1524:1532:1590:1595:1642:1727:1756:1789:1793:1798:1799:1851:1890:1910:1977:1988:2025:2077:2103:2123:2138:2149:2236:2297:2321:2336:2386:2462:2475:2476:2497:2532:2543:2547:2613:2628:2629:2729:2775:2789:2912:2943:2956:2957:2965:2999:40:51:55:87:126:195:232:283:312:315:338:376:395:419:435:438:449:471:484:514:560:571:698:758:770:789:912:931:974:1074:1145:1161:1218:1267:1268:1280:1282:1286:1303:1337:1350:1372:1414:1420:1440:1467:1472:1480:1513:1538:1584:1668:1672:1697:1713:1775:1792:1823:1863:1869:1879:1904:1949:2039:2059:2078:2116:2124:2182:2194:2198:2218:2219:2239:2277:2287:2295:2310:2347:2351:2420:2511:2611:2657:2659:2685:2690:2693:2785:2794:2803:2810:2829:2843:2850:2876:2897:2904:2983:3011:3012:4:38:117:162:175:215:222:244:246:314:329:342:462:469:501:511:557:568:579:611:741:772:777:785:796:953:983:1021:1023:1106:1204:1206:1227:1228:1256:1317:1320:1326:1344:1370:1381:1394:1457:1534:1560:1600:1615:1618:1624:1722:1747:1812:1813:1860:1868:1916:1955:1965:1981:2002:2015:2023:2046:2086:2099:2147:2154:2177:2232:2243:2257:2307:2316:2328:2340:2546:2552:2556:2557:2609:2642:2650:2718:2801:2889:2930:2948:2953:2962:3028:108:124:127:142:155:199:239:241:267:298:308:331:334:354:382:392:427:505:559:589:618:666:677:734:828:851:866:889:896:925:936:971:988:998:1041:1046:1097:1112:1159:1177:1183:1200:1240:1250:1271:1314:1391:1492:1501:1545:1566:1569:1573:1574:1654:1690:1698:1710:1720:1750:1772:1780:1801:1825:1832:1850:1877:1915:1943:1966:1993:1995:2028:2044:2068:2094:2130:2143:2264:2281:2334:2390:2391:2426:2494:2605:2638:2656:2663:2725:2750:2757:2770:2848:2869:2879:2907:2908:2909:3038:18:42:64:75:79:100:118:154:171:184:194:240:292:348:379:396:441:447:478:543:607:649:651:667:684:730:806:840:846:886:895:909:930:1008:1033:1038:1039:1104:1169:1171:1172:1186:1232:1235:1260:1274:1304:1319:1376:1382:1430:1458:1469:1488:1602:1613:1636:1651:1662:1804:1816:1817:1899:1921:1936:2008:2035:2037:2048:2055:2118:2155:2195:2209:2227:2248:2265:2267:2275:2345:2354:2356:2394:2418:2431:2434:2461:2466:2512:2527:2534:2561:2562:2705:2753:2766:2834:2852:2888:2898:2940:2954:2978:3002:3009:3015:3030:3042:0:30:111:125:139:238:265:310:325:327:413:416:430:451:575:622:625:634:641:643:657:672:680:685:692:699:701:704:715:736:737:748:749:750:761:776:782:798:893:938:944:948:950:1020:1043:1099:1129:1134:1153:1167:1195:1244:1263:1283:1287:1293:1307:1348:1353:1366:1369:1383:1405:1415:1432:1433:1473:1503:1535:1561:1628:1633:1646:1661:1682:1729:1732:1745:1757:1802:1814:1845:1857:1886:2047:2058:2060:2109:2168:2188:2205:2217:2266:2298:2348:2349:2357:2384:2393:2401:2404:2416:2433:2450:2491:2505:2535:2550:2567:2588:2590:2608:2618:2620:2623:2632:2644:2731:2745:2768:2809:2828:2871:2872:2880:2881:2890:2899:2972:2982:3001:3003:3005:3016:3017:3023:3026:26:28:47:63:83:96:112:130:144:153:177:209:216:226:247:257:271:277:278:284:318:343:368:373:404:446:461:466:467:474:507:528:603:604:619:652:659:661:773:774:795:812:825:832:852:859:869:877:919:937:963:967:999:1022:1036:1058:1075:1091:1133:1143:1146:1150:1157:1175:1180:1191:1217:1276:1313:1318:1322:1325:1385:1386:1404:1459:1495:1500:1522:1533:1552:1556:1564:1576:1638:1674:1724:1787:1806:1807:1811:1821:1880:1900:1933:1940:1950:1980:1983:1998:2013:2014:2033:2066:2070:2079:2120:2148:2159:2206:2213:2231:2274:2289:2293:2323:2327:2366:2370:2374:2375:2392:2405:2407:2417:2455:2483:2585:2643:2670:2676:2678:2682:2694:2702:2709:2733:2815:2844:2847:2874:2926:2958:2964:2985:1:35:46:105:134:136:173:206:210:227:229:234:279:280:291:328:374:410:429:432:443:465:468:482:485:513:529:532:536:541:563:576:580:600:605:628:646:668:679:711:731:763:809:815:845:874:882:897:901:975:976:989:1001:1005:1026:1029:1068:1069:1083:1221:1279:1285:1309:1345:1388:1395:1434:1435:1441:1461:1479:1483:1506:1507:1516:1530:1568:1581:1582:1587:1609:1648:1653:1657:1704:1734:1746:1752:1854:1875:1887:1947:1953:1954:1967:1992:2000:2011:2026:2076:2092:2095:2104:2112:2113:2133:2173:2176:2189:2251:2252:2304:2305:2306:2362:2367:2371:2373:2387:2403:2429:2435:2465:2479:2495:2520:2538:2586:2602:2621:2637:2640:2645:2654:2672:2715:2716:2723:2749:2761:2765:2799:2808:2823:2824:2833:2849:2853:2857:2990:2993:2994:3013:3024:29:41:57:71:76:91:95:104:110:132:196:203:223:233:236:275:281:290:299:399:433:442:455:457:488:496:504:515:522:537:545:616:645:713:717:739:752:790:793:802:821:841:847:850:935:946:947:962:993:1006:1027:1032:1044:1047:1049:1050:1059:1084:1089:1101:1114:1149:1163:1209:1236:1261:1275:1290:1291:1327:1341:1349:1352:1356:1417:1418:1431:1444:1453:1508:1511:1520:1521:1598:1635:1703:1742:1763:1768:1769:1781:1783:1796:1818:1834:1858:1861:1862:1874:1878:1907:1909:1914:1948:1956:2007:2020:2022:2036:2054:2064:2137:2142:2151:2229:2249:2278:2300:2303:2379:2380:2383:2388:2419:2442:2472:2474:2517:2544:2560:2591:2610:2703:2720:2743:2791:2797:2800:2819:2860:2868:2885:2929:2951:2967:2968:2976:2998:23:39:59:106:107:119:151:161:186:259:264:287:289:316:323:358:361:383:394:452:521:591:597:629:637:640:697:716:742:744:753:771:786:805:820:826:836:848:870:879:887:898:915:958:1000:1007:1013:1017:1067:1081:1088:1147:1165:1199:1202:1213:1266:1330:1334:1373:1403:1445:1448:1454:1489:1514:1517:1519:1542:1546:1554:1594:1611:1616:1632:1634:1647:1655:1664:1669:1671:1673:1688:1706:1739:1856:1859:1865:1866:1889:1893:1898:1917:1920:1928:1931:1937:1945:1968:2006:2009:2019:2021:2040:2052:2083:2106:2153:2167:2170:2185:2221:2245:2272:2280:2284:2308:2343:2395:2412:2425:2443:2444:2449:2471:2490:2507:2530:2574:2649:2652:2655:2665:2689:2695:2707:2754:2783:2796:2818:2873:2878:2895:2932:2941:2946:2947:2987:2:8:27:50:69:88:89:152:242:249:254:296:297:330:337:346:355:378:400:424:431:512:525:531:549:553:572:582:602:633:635:653:671:673:735:780:818:830:873:926:942:945:954:979:986:1055:1080:1107:1109:1118:1121:1130:1135:1181:1188:1192:1198:1238:1253:1255:1294:1312:1316:1339:1360:1375:1380:1422:1428:1484:1496:1505:1518:1558:1571:1577:1610:1621:1658:1659:1692:1700:1714:1730:1735:1766:1777:1784:1785:1808:1824:1831:1847:1849:1873:1881:1927:1939:1964:1976:2016:2049:2053:2061:2073:2075:2081:2084:2085:2100:2108:2115:2141:2175:2197:2200:2203:2207:2240:2247:2282:2326:2389:2422:2440:2470:2473:2477:2485:2549:2601:2607:2616:2713:2714:2746:2756:2777:2780:2811:2813:2816:2841:2842:2862:2916:2939:2945:2950:2977:13:32:43:52:99:120:147:157:174:179:181:185:197:219:250:255:295:300:306:363:386:405:406:444:450:458:464:517:533:548:585:593:595:598:614:644:663:675:688:691:721:729:754:765:783:792:797:816:824:900:966:1012:1019:1037:1077:1136:1166:1278:1292:1310:1416:1421:1425:1455:1471:1481:1528:1541:1543:1570:1589:1608:1640:1675:1755:1758:1786:1803:1833:1852:1926:1958:1959:1975:2018:2062:2072:2096:2121:2125:2145:2150:2253:2261:2292:2309:2341:2413:2457:2464:2468:2469:2484:2488:2496:2502:2510:2513:2516:2578:2622:2633:2646:2671:2701:2748:2784:2807:2820:2944:2955:2959:2969:3000:3025:5:20:53:60:84:98:146:202:220:224:273:313:320:333:350:384:422:459:492:500:547:587:588:596:617:620:627:631:655:683:689:705:719:723:724:781:799:801:843:860:864:894:899:913:921:957:968:970:995:1018:1031:1034:1070:1071:1090:1100:1124:1168:1231:1241:1270:1272:1284:1298:1300:1308:1354:1402:1409:1423:1437:1470:1475:1485:1498:1510:1523:1547:1650:1680:1691:1701:1718:1726:1748:1754:1805:1822:1826:1827:1894:1925:1960:1972:1989:1990:1991:2012:2041:2051:2169:2172:2180:2190:2299:2329:2359:2360:2361:2368:2376:2399:2402:2406:2415:2421:2447:2498:2533:2551:2565:2566:2593:2597:2668:2669:2698:2711:2722:2732:2735:2736:2740:2781:2806:2831:2836:2846:2922:2925:2934:2961:2979:3006:3022:7:16:45:72:78:113:115:260:272:301:303:307:311:319:367:375:381:388:475:486:489:494:495:497:530:551:564:567:581:612:639:647:708:726:757:791:831:838:839:876:881:906:978:980:992:1035:1056:1061:1115:1194:1197:1205:1207:1208:1211:1214:1273:1297:1305:1311:1315:1323:1346:1359:1367:1374:1436:1477:1486:1525:1551:1565:1567:1617:1639:1649:1667:1684:1699:1723:1741:1743:1773:1778:1841:1853:1871:1872:1883:1892:1934:1952:1971:1987:2001:2043:2082:2102:2132:2152:2161:2174:2191:2215:2234:2235:2317:2396:2460:2463:2499:2508:2515:2521:2537:2572:2577:2587:2604:2636:2648:2680:2684:2708:2727:2737:2744:2764:2771:2870:2903:2935:2963:2984:2991:3027:3:10:14:24:49:68:97:109:131:140:150:167:178:180:201:212:231:261:269:294:332:389:393:398:425:599:606:686:690:702:710:738:756:767:856:880:884:892:911:959:996:1003:1011:1028:1066:1072:1079:1092:1093:1128:1148:1152:1164:1178:1189:1223:1234:1251:1277:1387:1392:1396:1447:1450:1452:1482:1512:1562:1663:1678:1702:1740:1767:1776:1864:1867:1876:1946:1957:1963:2057:2101:2128:2146:2199:2230:2294:2314:2320:2330:2344:2355:2369:2397:2400:2452:2467:2478:2500:2554:2563:2575:2582:2619:2635:2673:2674:2675:2688:2697:2700:2704:2712:2763:2786:2787:2795:2802:2822:2832:2838:2858:2892:2896:2915:2936:3018:3020:34:54:73:135:138:148:176:182:183:189:193:208:252:305:322:324:335:340:351:364:370:377:403:460:481:487:632:693:700:709:745:755:768:829:861:862:865:904:918:929:955:961:965:987:997:1004:1015:1030:1076:1085:1125:1127:1141:1158:1187:1219:1225:1230:1264:1301:1324:1329:1338:1365:1393:1408:1411:1449:1456:1539:1550:1592:1599:1627:1644:1652:1681:1683:1687:1708:1725:1736:1760:1782:1795:1837:1844:1941:1970:1978:2005:2027:2030:2031:2042:2056:2071:2139:2171:2201:2223:2226:2228:2241:2254:2270:2350:2377:2398:2414:2441:2445:2451:2459:2503:2504:2518:2536:2541:2555:2615:2631:2681:2752:2891:2937:3004:3007:33:86:123:205:217:276:282:285:347:352:362:369:402:411:506:550:552:565:714:732:764:817:819:823:835:842:868:908:922:941:973:981:1087:1108:1111:1116:1210:1243:1321:1406:1462:1463:1493:1529:1563:1586:1597:1620:1685:1686:1694:1721:1764:1885:1908:1929:1985:2088:2089:2091:2098:2119:2134:2157:2178:2181:2184:2212:2222:2225:2242:2250:2255:2296:2322:2378:2410:2424:2427:2430:2436:2437:2481:2501:2525:2568:2580:2583:2641:2653:2658:2721:2734:2782:2845:2865:2866:2882:2883:2902:2913:2919:2927:2995:3010:3019:3021:11:12:15:21:80:81:121:129:165:187:190:248:253:270:385:387:415:456:542:608:624:769:827:844:867:871:885:928:1078:1105:1110:1265:1361:1371:1379:1401:1426:1474:1491:1537:1540:1549:1572:1643:1712:1759:1762:1779:1794:1809:1815:1819:1891:1951:1962:1982:2032:2045:2065:2074:2105:2122:2127:2131:2246:2260:2268:2288:2290:2302:2311:2318:2324:2332:2352:2381:2423:2454:2492:2514:2528:2540:2542:2558:2603:2651:2679:2696:2719:2724:2776:2859:2917:66:228:286:321:356:359:360:476:510:520:583:590:610:656:660:676:678:740:746:787:951:952:1048:1102:1120:1126:1132:1170:1173:1176:1212:1222:1258:1288:1302:1333:1476:1580:1585:1670:1711:1733:1771:1774:1836:1848:1942:1969:1996:2087:2090:2093:2156:2187:2193:2211:2220:2269:2337:2353:2364:2382:2439:2493:2545:2559:2625:2630:2639:2661:2683:2747:2759:2792:2821:2826:2840:2854:2877:2887:163:221:336:357:621:626:722:784:807:857:914:1009:1025:1062:1113:1137:1156:1160:1179:1226:1237:1248:1259:1296:1357:1362:1363:1412:1466:1468:1502:1536:1622:1645:1728:1731:1753:2117:2179:2214:2233:2271:2276:2283:2285:2346:2524:2529:2531:2539:2579:2599:2667:2691:2710:2778:2835:2837:2886:2905:2910:2975:77:82:158:159:218:243:263:326:534:562:577:594:636:654:681:778:822:858:932:1010:1057:1140:1151:1182:1203:1242:1246:1295:1377:1427:1451:1606:1614:1630:1676:1705:1737:1751:1791:1905:1912:2237:2262:2263:2313:2338:2339:2358:2482:2486:2526:2570:2576:2581:2592:2596:2617:2692:2805:2864:2911:36:143:213:237:353:412:477:524:561:609:727:810:863:994:1098:1155:1281:1336:1342:1490:1499:1553:1619:1797:1918:2140:2186:2196:2279:2286:2411:2522:2573:2662:2755:2769:2790:2827:2861:2867:2923:2996:2997:6:44:141:408:463:473:623:658:669:775:794:902:905:1054:1119:1122:1138:1289:1439:1460:1527:1603:1744:1919:1935:1944:1984:2135:2342:2480:2626:2730:2742:2774:2812:2893:22:133:214:339:615:706:751:834:1053:1254:1623:1903:2164:2166:2259:2438:2453:2519:2595:2726:2773:2804:2830:2952:417:420:470:479:491:985:1073:1174:1332:2216:2458:2660:2817:2875:2933:2942:2949:2980:2981:116:341:1052:1185:1190:1252:1378:1413:1464:1497:1761:1930:2509:2564:2600:2606:2686:2699:2706:2758:2772 -1:2:5:6:3:1:0:4 -1:0:2:1 -1:1:2:0:3 -1:0 -1:0:2:6:3:1:4:5 [1:7] [1:12] [2011:2016] -1:26:15:6:24:23:29:1:25:5:12:27:9:2:11:19:17:4:8:18:28:3:20:13:10:0:21:16:7:14:22 -1:2:1:0:3 -1:3:0:1:2 -1:0:1 [0:1] [0:1] [0:1] [0.01000213623046875:30.984375] [0:257] [0:186] [0:248.125] [0:221.875] [-0.626953125:2.001953125]
tree_sizes=5167 4908 5457 5940 5784 6057 6247 5822 6197 5767 7215 5332 6802 5862 5622 5617 6126 6521 6338 6627 7464 6312 6432 6596 6755 7086 6926 6917 7231 6592 5972 6722 7073 6845 6476 6037 7445 6946 7118 6982 7406 7290 7359 6706 6932 7552 7742 8503 8136 8052 7296 7212 7710 7439 8161 8650 8157 8548 8361 7894 8586 8566 8903 8803 8927 8293 8491 8527 9528 8863 8571 9092 7916 8603 9235 8547 8131 9142 8710 7495 8802 8242 7959 8873 9589 8521 8904 7821 8919 9521 9434 10877 10953 10314 10724 10339 11197 8933 10616 8816

Tree=0
num_leaves=31
num_cat=9
split_feature=20 20 20 20 17 20 20 6 0 6 6 0 6 0 19 20 0 0 19 19 6 19 19 16 0 0 19 0 16 0
split_gain=281385 29261.8 24732.7 3130.47 3014.87 2981.44 2934.77 1672.25 1527.23 1427.32 1310.37 1289.55 1162.56 682.517 655.435 645.857 617.611 498.095 459.884 455.195 425.431 401.473 370.121 362.997 357.151 349.265 321.001 259.515 244.572 241.126
threshold=5.5175781250000009 2.9824218750000004 9.5195312500000018 4.1250000000000009 10.500000000000002 1.8393554687500002 6.9824218750000009 2.5000000000000004 0 2.5000000000000004 2.5000000000000004 1 2.5000000000000004 2 4.6425781250000009 15.195312500000002 3 4 8.2148437500000018 2.9287109375000004 2.5000000000000004 7.2148437500000009 6.3574218750000009 0.76000976562500011 5 6 4.9277343750000009 7 0.76000976562500011 8
decision_type=2 2 2 2 2 2 2 2 9 2 2 9 2 9 2 2 9 9 2 2 2 2 2 10 9 9 2 9 10 9
left_child=1 5 6 12 13 8 9 -5 -1 -2 24 -6 -3 -4 20 23 -10 -12 29 25 -7 -19 -9 -13 -8 -18 -14 -27 -26 -15
right_child=2 3 4 7 11 14 10 22 16 -11 17 15 26 18 -16 -17 19 21 -20 -21 -22 -23 -24 -25 28 27 -28 -29 -30 -31
leaf_value=7 6.5499999999999998 6.25 6.9500000000000002 6.4000000000000004 8.5999999999999996 6.0499999999999998 6.7000000000000002 6.2000000000000002 6.3499999999999996 6.4000000000000004 6.5 7.3499999999999996 6.0999999999999996 8.8000000000000007 6.3499999999999996 9.1599422812461846 6.2000000000000002 6.5499999999999998 7.1500000000000004 6.1500000000000004 6 6.5999999999999996 6.4000000000000004 7.0499999999999998 7 6.0999999999999996 6.25 5.7999999999999998 6.75 6.9500000000000002
leaf_weight=27424 79403 201252 19053 129518 76572 431927 8920 282732 42003 198025 16743 13203 453097 4735 26458 96837 46902 62969 91761 53293 1075833 108262 39697 80958 12264 60364 48988 18451239 54186 24062
leaf_count=27424 79403 201252 19053 129518 76572 431927 8920 282732 42003 198025 16743 13203 453097 4735 26458 96837 46902 62969 91761 53293 1075833 108262 39697 80958 12264 60364 48988 18451239 54186 24062
internal_value=5.99955 5.99836 6.0262 6.0061 6.03551 5.99792 6.0192 6.00935 5.99775 6.01561 6.02298 6.03862 6.00402 6.02955 6.00004 6.03641 5.99773 6.02074 6.02815 5.99772 5.9999 6.01993 6.00742 6.03346 6.02855 5.9977 6.00273 5.99769 6.02727 6.02264
internal_weight=2.23187e+07 2.13707e+07 947953 1.15528e+06 407181 2.02154e+07 540772 451947 1.86812e+07 277428 263344 267570 703337 139611 1.53422e+06 190998 1.86538e+07 187974 120558 1.86118e+07 1.50776e+06 171231 322429 94161 75370 1.85585e+07 502085 1.85116e+07 66450 28797
internal_count=22318680 21370727 947953 1155284 407181 20215443 540772 451947 18681225 277428 263344 267570 703337 139611 1534218 190998 18653801 187974 120558 18611798 1507760 171231 322429 94161 75370 18558505 502085 18511603 66450 28797
cat_boundaries=0 46 123 202 274 352 431 504 583 662
cat_threshold=65536 0 524288 0 0 0 0 0 0 0 0 0 0 0 1024 0 0 0 0 0 0 1073741824 0 0 0 16384 16384 536870912 536872960 12 9 83886080 0 0 33587200 65536 2 32768 2147483648 0 8192 4195328 1180224 262145 512 2048 1024 0 0 0 0 0 0 1024 0 0 0 0 134217728 0 1024 0 0 131072 0 0 0 1048592 32896 0 0 0 0 1073741825 0 0 536870912 512 0 18432 8388608 0 32768 49152 8 0 0 8192 536870912 0 0 0 0 0 0 0 0 0 0 0 0 0 0 0 0 0 0 0 0 16 0 0 8 0 0 0 0 134217729 33554432 1024 0 2 34078848 1024 0 0 0 0 64 0 1024 0 0 0 0 134217728 0 1024 0 0 131072 0 0 0 1048576 128 2048 0 0 0 2049 0 0 536870912 512 0 0 0 0 1073774592 16384 0 0 536870913 0 2097184 0 32 0 0 0 0 0 0 0 0 0 0 0 0 0 0 0 0 0 0 0 0 268451844 0 0 0 0 0 134217728 0 0 0 2097154 33554816 2 8192 0 4096 0 0 1073741824 512 4194304 0 0 0 0 0 134217728 0 0 0 0 1073741824 0 33558528 8 0 0 512 0 2147483648 64 0 0 67108864 16384 0 3 264224 4194304 8 128 0 8 0 0 8 536870928 0 0 16 0 2147483648 0 0 1024 0 0 0 0 65536 0 0 0 0 0 0 0 0 0 0 0 16 0 0 0 67108864 0 0 0 0 0 64 0 0 0 0 0 0 0 0 0 0 0 0 0 0 0 1074790400 128 0 0 16384 256 1073743937 2097168 0 553648128 0 0 16384 0 0 32768 16384 0 33619968 1 8192 33554465 0 0 0 0 0 0 0 0 0 0 0 0 0 0 0 0 0 0 0 2097152 16777216 0 0 0 67108864 524288 16777216 0 0 0 0 0 2097408 0 4194304 0 0 0 0 0 0 0 0 0 0 0 0 0 0 0 0 0 131072 512 0 0 0 0 0 0 16384 256 2049 0 0 2 512 0 536870912 0 256 0 1 0 33554432 536879105 8192 0 0 0 0 0 0 0 0 0 0 0 0 0 0 0 0 0 0 0 0 0 69632 131072 285212672 8 67108880 528384 0 0 134217728 0 2147483648 0 2 0 4194304 9216 1073741824 2097152 1048578 0 0 0 0 0 0 0 0 0 2048 0 0 1024 131072 0 0 0 0 0 268500992 1 0 0 33562624 0 0 8397056 268435456 0 0 16384 0 256 0 4194560 0 0 0 2 0 4 0 268435456 0 0 0 0 0 0 2097152 134219778 4096 512 128 0 0 0 0 0 0 0 0 0 0 0 4096 0 0 0 262144 8 0 0 0 64 0 0 0 0 0 0 0 0 0 128 268435456 0 0 0 0 0 67108864 0 4096 0 0 2048 4194304 2 2 536871040 0 536870912 5 2 262144 1 0 0 0 536870912 0 4194304 65536 5120 0 1073741824 0 0 0 0 0 0 524288 524288 0 64 260 0 0 0 0 0 0 0 4 0 0 1 0 0 0 0 0 0 0 0 0 131072 8 512 0 2 0 0 0 0 0 0 0 0 2048 0 0 1024 134217728 0 0 0 0 1073741824 2097152 0 0 16384 0 1073741824 16 0 0 8388608 0 1073741856 4227072 256 0 0 0 268435456 8192 4194304 1 262144 4096 0 0 0 0 0 0 0 0 0 0 0 0 0 0 0 0 0 0 0 0 2147483648 8 67108880 524288 0 0 67108865 0 2147483648 0 0 0 0 1024
is_linear=0
shrinkage=1


Tree=1
num_leaves=31
num_cat=7
split_feature=20 20 20 20 20 6 6 20 0 0 20 20 0 6 19 20 17 16 0 6 17 0 16 0 16 0 19 19 16 19
split_gain=258735 24605.7 21595.8 4542.44 2939.7 2819.63 2271.86 1967.24 1443.21 1300.55 1164.11 1148.74 1133.97 938.8 861.779 830.251 498.804 485.32 1148.7 478.427 450.01 436.247 394.602 392.524 388.779 351.121 327.294 322.653 303.28 274.878
threshold=5.0527343750000009 8.5546875000000018 2.8750000000000004 13.980468750000002 1.3750000000000002 2.5000000000000004 2.5000000000000004 6.6972656250000009 0 1 3.9824218750000004 3.7675781250000004 2 2.5000000000000004 4.5000000000000009 6.4121093750000009 17.500000000000004 2.7001953125000004 3 2.5000000000000004 6.5000000000000009 4 0.76000976562500011 5 0.76000976562500011 6 6.2148437500000009 6.0722656250000009 1.7851562500000002 7.0722656250000009
decision_type=2 2 2 2 2 2 2 2 9 9 2 2 9 2 2 2 2 8 9 2 2 9 10 9 10 9 2 2 10 2
left_child=2 5 4 9 12 15 11 26 -5 -3 27 -4 -1 22 19 -2 -10 18 -14 -6 -15 -20 -11 -19 -17 -9 -7 -8 -21 -27
right_child=1 3 6 8 14 7 10 25 16 13 -12 -13 17 20 -16 24 -18 23 21 28 -22 -23 -24 -25 -26 29 -28 -29 -30 -31
leaf_value=1 0.47249999999999998 0.72000000000000008 0.1875 2.5700000000000003 0.047500000000000014 0.28999999999999998 0.095000000000000029 0.47500000000000003 1.4975000000000001 1.2324999999999999 0.19 0.33000000000000002 1.1599999999999999 0.72000000000000008 0.34250000000000003 0.87250000000000005 3.3920028859376909 0.14500000000000002 0.28250000000000003 0.050000000000000003 0.79749999999999999 -0.13999999999999999 1.0425000000000002 -0.19 0.62250000000000005 0.47249999999999998 0.38 0.4375 -0.050000000000000003 0.52000000000000002
leaf_weight=22639 88043 39843 179190 67479 752184 160132 511161 12219 66577 11876 281421 144172 13853 59353 31674 12786 77930 55169 24900 357591 108146 3511115 55408 13834109 66237 65009 93895 12526 1516491 85552
leaf_count=22639 88043 39843 179190 67479 752184 160132 511161 12219 66577 11876 281421 144172 13853 59353 31674 12786 77930 55169 24900 357591 108146 3511115 55408 13834109 66237 65009 93895 12526 1516491 85552
internal_value=-0.000389522 0.0235952 -0.00159787 0.0318988 -0.00197538 0.0166748 0.00513281 0.014475 0.0373972 0.0276545 0.00371103 0.00867277 -0.00221118 0.0262316 -0.000426271 0.022163 0.0345636 -0.0022257 -0.00170396 -0.000525144 0.0242288 -0.00176026 0.0312212 -0.00235905 0.0258835 0.0187661 0.0117253 0.00231729 -0.000952683 0.0180994
internal_weight=2.23187e+07 1.07048e+06 2.12482e+07 486612 2.01197e+07 583873 1.12847e+06 416807 211986 274626 805108 323362 1.74618e+07 234783 2.65794e+06 167066 144507 1.74391e+07 3.54987e+06 2.62627e+06 167499 3.53602e+06 67284 1.38893e+07 79023 162780 254027 523687 1.87408e+06 150561
internal_count=22318680 1070485 21248195 486612 20119725 583873 1128470 416807 211986 274626 805108 323362 17461785 234783 2657940 167066 144507 17439146 3549868 2626266 167499 3536015 67284 13889278 79023 162780 254027 523687 1874082 150561
cat_boundaries=0 77 156 204 283 360 445 523
cat_threshold=0 0 0 0 0 0 0 0 0 0 0 0 134217728 0 1024 0 0 131072 0 0 0 1048592 32896 0 0 0 0 1073743873 0 0 536870912 512 0 18432 8388608 0 32768 49152 8 0 0 8192 536870912 0 0 0 0 0 0 0 0 0 0 0 0 0 0 0 0 0 0 0 0 16 0 268435456 8 0 0 0 0 134217729 33554432 1024 0 2 34078848 1024 0 0 0 0 64 0 1024 0 0 0 0 0 0 1024 0 0 131072 0 0 0 1074790400 128 2048 0 0 0 2049 0 0 536870912 512 0 0 0 0 1073774592 16384 0 0 536870913 0 2097184 0 32 0 0 0 0 0 0 0 0 0 0 0 0 0 0 0 0 0 0 0 0 268435456 0 0 524288 0 0 134217728 0 2147483648 8388608 2097154 384 2 8192 65536 0 0 0 1073741824 512 0 0 0 0 0 0 0 0 0 0 0 0 0 4096 0 1073741824 0 0 0 16384 16384 536870912 536872960 12 8 83886080 0 32 33587200 0 2 32768 2147483648 0 8192 4195328 1180224 262144 512 2048 0 2147483648 8 512 0 2 0 0 0 128 0 0 0 0 0 1048576 128 0 0 131072 0 0 0 131072 0 0 0 0 33562624 1073741888 16 0 16384 8388608 2 2048 8388608 0 1073741824 0 8 0 0 0 32 0 4096 0 0 0 0 0 0 0 0 0 0 0 8388608 0 0 0 0 0 0 16 0 0 0 16 0 0 0 134217728 33554432 1024 0 1024 524416 0 8192 0 0 0 2048 2147483904 1048576 16 16777216 0 0 4194304 0 0 0 0 0 0 65536 0 33554432 8 67109888 65536 512 0 2147483648 64 0 0 0 268468225 0 0 263168 0 65536 67108864 0 0 0 0 0 16 4194305 0 16 0 1048576 0 0 0 0 0 0 0 2097152 32 0 0 0 0 0 0 0 0 0 0 0 0 0 0 67108864 0 0 0 0 33554432 0 2097152 0 0 0 0 2097152 0 0 0 0 0 134217728 0 1024 1024 0 0 0 0 4096 0 268435456 4097 0 0 2099200 0 0 8448 0 0 536870912 1 1 264 1 1048580 0 0 0 16777224 541327360 65536 0 0 0 0 1073741824 0 0 0 0 0 0 0 0 0 0 0 0 0 0 0 0 0 0 0 4096 0 268435456 0 0 0 0 0 0 0 2147483648 0 0 0 0 0 2097152 0 512 2097152 0 0 0 0 0 0 0 0 0 0 0 0 0 0 0 512 0 0 1074790400 128 0 0 16384 256 1073741889 2097168 0 822083584 0 0 16384 0 0 32768 16384 0 33554432 0 8192 33554465 0 512 0 0 0 0 0 0 0 0 0 0 0 0 0 0 0 0 0 2097152 4096 0 0 268435456 67108864 0 16777216 0 0 0 0 0 256 0 4194304
is_linear=0
shrinkage=0.05


Tree=2
num_leaves=31
num_cat=9
split_feature=20 20 20 20 19 20 20 6 0 6 6 17 0 0 19 6 0 0 16 20 6 16 0 20 0 19 19 0 20 0
split_gain=218969 25936.4 18846 3936.66 2730.27 2576.37 2296.69 1411.3 1306.67 1150.69 1106.62 936.605 916.946 734.966 603.523 576.94 544.77 507.295 492.65 488.114 435.752 418.007 830.215 366.391 354.709 324.162 315.069 299.101 273.931 270.409
threshold=4.7675781250000009 9.1601562500000018 2.4101562500000004 19.304687500000004 6.6425781250000009 3.5898437500000004 1.3393554687500002 2.5000000000000004 0 2.5000000000000004 2.5000000000000004 7.5000000000000009 1 2 4.2148437500000009 2.5000000000000004 3 4 0.71020507812500011 5.6621093750000009 2.5000000000000004 3.5498046875000004 5 6.9121093750000009 6 6.2148437500000009 6.5000000000000009 7 2.9824218750000004 8
decision_type=2 2 2 2 2 2 2 2 9 2 2 2 9 9 2 2 9 9 10 2 2 8 9 2 9 2 2 9 2 9
left_child=2 4 6 8 9 15 12 -7 -3 -2 23 -10 -1 -5 29 28 -12 -14 -13 -11 -20 22 -19 -6 -24 -9 -17 -26 -4 -8
right_child=1 3 5 13 10 7 14 25 11 19 16 18 17 -15 -16 26 -18 21 20 -21 -22 -23 24 -25 27 -27 -28 -29 -30 -31
leaf_value=1.05 0.44887499999999997 0.85650000000000004 0.095125000000000001 2.8915000000000002 0.5913750000000001 0.27100000000000002 0.74512500000000004 0.14025000000000004 0.86649999999999994 0.23049999999999998 0.55125000000000002 1.2709509824274003 0.37450000000000006 3.4224027416408065 0.31537500000000002 0.047500000000000014 0.46099999999999997 1.0327500000000001 1.145375 0.36549999999999999 0.8224027416408064 -0.18049999999999999 0.26837500000000003 0.68387500000000001 0.16700000000000001 0.41562500000000002 0.515625 -0.13300000000000001 0.17812500000000001 -0.037500000000000006
leaf_weight=18961 120158 52011 172195 40123 36130 147844 4092 345592 81287 147318 15402 22220 33298 76093 21809 728480 200492 11661 53155 152519 109724 11861815 21510 50636 31166 22659 6815 5365585 122943 2244987
leaf_count=18961 120158 52011 172195 40123 36130 147844 4092 345592 81287 147318 15402 22220 33298 76093 21809 728480 200492 11661 53155 152519 109724 11861815 21510 50636 31166 22659 6815 5365585 122943 2244987
internal_value=-0.0004453 0.0207326 -0.00160347 0.0303847 0.0149277 0.00371052 -0.00202245 0.00659416 0.0275097 0.0123187 0.018548 0.0260893 -0.00221822 0.0382612 -0.000527226 0.00226625 0.0166314 -0.00223025 0.028055 0.010662 0.0290077 -0.00224212 -0.00187878 0.0233171 -0.00190746 0.00493745 0.00151669 -0.00193301 0.00413368 -0.000607493
internal_weight=2.23187e+07 1.15727e+06 2.11614e+07 434613 722655 1.54653e+06 1.96149e+07 516095 318397 419995 302660 266386 1.7344e+07 116216 2.27089e+06 1.03043e+06 215894 1.7325e+07 185099 299837 162879 1.72917e+07 5.42992e+06 86766 5.41826e+06 368251 735295 5.39675e+06 295138 2.24908e+06
internal_count=22318680 1157268 21161412 434613 722655 1546528 19614884 516095 318397 419995 302660 266386 17343996 116216 2270888 1030433 215894 17325035 185099 299837 162879 17291737 5429922 86766 5418261 368251 735295 5396751 295138 2249079
cat_boundaries=0 78 150 227 305 384 463 542 620 699
cat_threshold=0 0 0 0 0 64 0 1024 0 0 0 0 134217728 0 0 0 0 131072 0 0 0 1074790400 32896 2048 0 0 0 2048 16 0 536870912 512 0 0 0 0 1073774592 16384 0 0 536870913 0 2099232 0 32 0 0 0 0 0 0 0 0 0 0 0 0 0 0 0 0 0 0 0 0 268451844 0 0 524288 0 0 0 0 2147483648 8388608 2097152 33554688 2 65536 0 0 0 1073741824 0 0 0 0 0 0 0 0 0 0 0 0 0 0 4096 0 1073741824 0 0 0 16384 16384 0 536872960 12 536870913 83886080 0 0 33587202 262144 2 32768 2147483648 0 8192 4194304 1179712 262145 512 2048 0 2147483648 0 0 0 0 0 0 0 0 0 0 0 0 0 0 0 0 0 0 0 0 0 0 0 67108864 0 0 0 0 0 0 0 0 0 0 0 0 134217728 0 1024 0 0 0 0 0 0 1048592 0 0 0 0 0 1073741825 0 0 0 512 0 2048 8388608 0 32768 49152 8 0 0 8192 0 0 0 0 0 0 0 0 0 0 0 0 0 0 0 0 0 0 0 0 0 0 0 268435456 8 0 0 0 0 1 33554432 1024 0 2 34078720 0 512 0 0 0 0 4194304 1024 0 0 0 0 0 0 0 0 0 0 0 0 0 1074790400 128 0 0 16384 256 1073741889 2097168 8 553648128 0 0 16384 0 0 32770 49152 2147483648 33554432 0 8192 33554465 0 512 0 0 0 0 0 0 0 0 0 0 0 0 0 0 0 0 0 0 0 0 0 0 0 0 16777216 0 0 0 0 0 256 256 4194304 0 0 0 0 0 512 0 0 0 0 0 0 134219776 0 1024 1024 0 0 0 33554432 8 0 2097152 512 0 2147483648 64 536870912 0 256 268451848 0 3 262176 4194304 65544 0 256 8 0 0 1032 536871440 0 0 0 0 0 0 0 0 0 0 0 0 0 0 0 0 0 0 0 0 0 0 4 0 0 0 0 0 0 0 0 0 0 0 0 131072 8 512 0 2 0 0 0 128 0 0 0 0 0 1048576 0 0 0 131072 0 0 0 0 0 0 0 0 33562624 1073741888 16 8192 0 8388608 0 2048 8388608 0 0 0 0 0 0 0 33554464 0 4096 0 0 0 1073741824 0 0 0 0 0 0 0 8388608 0 0 0 0 0 0 16 0 268435456 0 0 0 0 0 134217728 33554432 1024 0 2098178 524418 0 1024 0 0 0 0 2147483648 1048576 16 16777216 0 0 0 0 0 0 128 0 268435456 65536 0 0 0 67240960 66048 0 0 0 0 0 0 0 32768 0 0 0 0 0 1142947840 0 0 570425344 16384 0 0 4194304 1024 16 0 1048576 0 0 1024 0 0 134217730 0 2097152 32 0 0 0 0 0 0 0 0 16384 0 16 0 0 0 0 0 0 0 0 33554432 0 8192 0 0 2 2048 0 0 4194304 0 0 0 4194304 0 0 0 0 268435456 0 1073741824 0 0 0 134285312 0 128 0 0 65664 32 262144 67108864 0 524288 0 1024 0 4194560 0 2 0 0 1048576 0 0 0 0 32768 128 0 0 0 0 536870912 0 2048 0 65536 0 256 0 0 0 0 0 0 131072 256 0 512 0 0 0 0 0 0 0 64 0 2 65536 0 524288 2 0 0 4194304 1024 0 0 0 0 134217728 0 0 0 0 1073741824 0 0 0 1073741824 268435456 0 0 16384 16384 1610612736 16 12 0 0 0 0 8421376 0 0 0 0 0 8192 4194306 33554976 0 512 0 4096 0 0 0 0 0 0 0 0 65536 8388608 256 0 0 0 0 0 0 0 268435456 0 0 0 0 0 0 0 0 0 0 2 0 8192
is_linear=0
shrinkage=0.05


Tree=3
num_leaves=31
num_cat=11
split_feature=20 19 20 20 20 20 20 0 6 6 6 20 0 0 19 6 6 0 0 0 19 19 16 0 0 0 0 0 6 20
split_gain=178737 22377.7 17529 3721.91 3509.32 2160.47 2064.47 1330.75 1101.02 975.845 856.042 817.856 794.859 586.503 522.99 519.328 491.826 468.478 453.523 432.524 364.759 329.764 326.097 638.748 308.954 307.772 300.299 289.191 278.532 261.053
threshold=4.7675781250000009 9.9296875000000018 2.3750000000000004 6.7675781250000009 23.500000000000004 1.2319335937500002 3.4824218750000004 0 2.5000000000000004 2.5000000000000004 2.5000000000000004 10.730468750000002 1 2 3.7861328125000004 2.5000000000000004 2.5000000000000004 3 4 5 2.2138671875000004 7.9277343750000009 3.5498046875000004 6 7 8 9 10 2.5000000000000004 5.7324218750000009
decision_type=2 2 2 2 2 2 2 9 2 2 2 2 9 9 2 2 2 9 9 9 2 2 8 9 9 9 9 9 2 2
left_child=2 3 5 8 7 12 16 28 29 18 -8 25 -1 -6 -7 -13 -4 -11 -5 -14 22 -19 23 -21 -12 -9 -25 -17 -3 -2
right_child=1 4 6 9 13 14 10 11 -10 17 24 15 19 -15 -16 27 -18 21 -20 20 -22 -23 -24 26 -26 -27 -28 -29 -30 -31
leaf_value=0.99750000000000005 0.36930625 1.2743964409674797 0.11921875000000003 0.86529971991777421 3.146925 -0.040500000000000029 0.25745000000000001 0.81650486291795987 0.28334707664549347 0.58297500000000013 0.52348749999999999 1.28755 0.34965000000000002 4.0012826045587664 0.24937500000000001 0.90037986291795979 0.045124999999999998 0.48060000000000003 0.69718124999999997 1.0311125000000001 0.073649999999999993 0.51317500000000005 -0.17147499999999996 0.25608125000000004 0.13323750000000004 0.73795000000000011 -0.12635000000000002 0.94650486291795977 0.84692499999999993 0.46180625000000008
leaf_weight=19213 73061 16220 289971 9399 24990 2582337 166182 10519 315677 20347 8460 48354 30471 51845 35623 23091 722439 124184 81806 9953 49516 84128 11690217 18169 405716 82691 5133145 97085 40379 53492
leaf_count=19213 73061 16220 289971 9399 24990 2582337 166182 10519 315677 20347 8460 48354 30471 51845 35623 23091 722439 124184 81806 9953 49516 84128 11690217 18169 405716 82691 5133145 97085 40379 53492
internal_value=-0.000574656 0.018559 -0.00162103 0.0135523 0.0282144 -0.00203159 0.00342302 0.0258996 0.0105806 0.0176609 0.00580057 0.0243916 -0.00223806 0.0378052 -0.000694759 0.0264711 0.00206011 0.0159167 0.0220337 -0.00224959 -0.00226032 0.0152064 -0.00227291 -0.00194189 0.00458419 0.0206343 -0.00196635 0.0247105 0.0328632 0.0145209
internal_weight=2.23187e+07 1.15727e+06 2.11614e+07 762094 395174 1.95686e+07 1.59277e+06 318339 442230 319864 580358 261740 1.69507e+07 76835 2.61796e+06 168530 1.01241e+06 228659 91205 1.69315e+07 1.6901e+07 208312 1.68515e+07 5.16127e+06 414176 93210 5.15131e+06 120176 56599 126553
internal_count=22318680 1157268 21161412 762094 395174 19568644 1592768 318339 442230 319864 580358 261740 16950684 76835 2617960 168530 1012410 228659 91205 16931471 16901000 208312 16851484 5161267 414176 93210 5151314 120176 56599 126553
cat_boundaries=0 79 151 228 307 386 465 544 620 699 778 857
cat_threshold=0 0 0 0 0 0 0 1024 0 0 0 0 134219776 0 1024 0 0 131072 0 0 0 1074790400 268435584 2048 0 0 0 2049 16 0 16384 512 0 0 8388608 0 1073774592 49152 0 0 0 8192 2080 0 32 0 0 0 0 0 0 0 0 0 0 0 0 0 0 0 0 0 0 0 0 268451840 8 0 0 0 0 0 0 2147483648 8388608 2097152 0 2 8192 65536 0 0 0 1073741824 512 0 0 0 0 0 0 2048 0 1024 0 0 0 0 4096 0 1073741824 0 0 0 16384 16448 0 536872960 268 268435464 67108864 0 0 33587200 0 2 32768 2147483648 0 8192 4195336 1179712 0 512 0 0 0 0 0 0 0 0 0 0 0 0 0 0 0 0 0 0 0 0 0 0 0 0 0 0 67108864 0 0 0 0 0 0 0 0 0 0 0 0 0 0 0 0 0 0 0 0 0 1048592 0 67108864 0 0 0 1073741825 0 0 0 0 0 0 8388608 0 32768 49152 8 0 0 8192 0 0 0 0 0 0 0 0 0 0 0 0 0 0 0 0 0 0 0 0 0 0 0 0 0 0 0 0 0 0 33554432 1024 0 2 524288 1024 0 0 2 0 64 0 1024 0 0 0 0 0 0 0 0 0 0 0 0 0 1074790400 128 0 0 16384 256 1073743873 2097168 0 553648128 0 0 0 0 0 1073774592 16384 0 33554432 0 0 33554465 0 32 0 0 0 0 0 0 0 0 0 0 0 0 0 0 0 0 0 0 16777216 0 0 0 67108864 524288 0 0 0 0 0 0 2097152 4194560 4194304 4 0 0 0 0 0 0 0 0 0 0 0 0 0 0 0 0 0 131072 0 0 0 1073741824 0 2048 0 16384 256 2049 16 0 0 512 0 536870912 0 0 0 0 0 0 536870913 4202496 33554464 0 0 0 0 0 0 0 0 0 0 0 0 0 0 0 0 0 0 0 0 16842768 131072 285229056 8 67108880 528384 0 0 0 0 2147483648 0 0 256 0 9216 0 0 1048578 0 0 0 0 0 0 0 0 0 134217728 0 0 1024 131072 0 0 33554432 0 0 0 512 0 2147483648 384 536870912 0 8388608 16385 16777216 3 262176 0 65536 0 4194560 8 0 0 0 536871424 1 0 2048 0 2147483648 0 0 0 0 0 0 0 0 0 0 0 0 0 0 0 0 0 4 0 0 0 0 0 0 262144 0 0 0 0 0 2147614720 8 0 0 2 2147483648 0 0 128 0 0 0 0 0 1048576 0 0 0 131072 0 0 0 0 0 0 0 0 33562624 1073741888 16 8192 32768 0 0 2048 8388608 0 0 0 0 33554432 0 0 33554464 0 0 0 0 0 1073741824 0 0 0 0 0 0 0 8388608 0 0 0 0 0 0 16 0 268435456 0 0 0 0 0 134217728 33554432 1024 0 2098178 34078848 0 1024 1073807360 4608 524288 0 0 0 4194304 0 0 0 0 0 0 0 0 0 0 0 0 0 0 1209008128 268435456 0 0 16384 0 1073741824 0 8204 0 524288 0 16384 32768 0 2 32768 2147483648 1 16384 4194304 32 4194304 512 32768 0 0 0 0 0 0 0 134217730 0 0 0 0 0 0 0 0 0 0 0 0 2097152 0 0 0 0 0 0 0 0 8388608 0 512 0 0 0 0 4194304 16 0 0 0 0 0 0 0 0 0 0 512 0 0 0 0 0 0 16384 0 1073741824 536871168 12 536870914 0 0 1 0 8 0 0 0 0 536870913 0 33554432 262144 512 0 0 0 0 0 0 0 0 0 0 0 0 0 0 0 0 0 0 16793600 0 4 0 67108864 528384 16777224 268435456 0 0 0 0 256 0 4194304 132096 0 512 0 0 256 1048576 16 16777216 0 0 0 0 0 0 128 0 268435456 65536 0 0 0 67239936 66048 128 0 0 0 32 0 0 0 8388608 0 0 0 0 1073741824 0 0 536870912 16384 0 0 4194304 4096 16 0 1048576 0 0 0 0 0 134217728 0 2097152 32 0 0 0 0 0 0 0 0 16640 0 528 0 0 0 0 0 0 0 0 2 2 8192 1024 0 0 0 0 64 0 0 0 0 4194304 0 0 0 0 1024 268435456 0 0 0 0 16 32768 0 0 0 64 0 2048 8192 536870912 0 0 16384 33554432 0 0 1 0 0 0 0 538968064 0 512 0 0 0 0 0 0 0 0 0 0 0 0 0 0 0 0 0 0 16 0 2147483908 0 0 524288 8388608 268435456 1 33554432 1024 0 0 33554816 0 1028
is_linear=0
shrinkage=0.05


Tree=4
num_leaves=31
num_cat=10
split_feature=20 20 20 20 0 20 20 6 6 17 6 0 6 0 0 16 0 0 17 19 0 6 0 19 0 16 16 16 0 17
split_gain=148860 20097 13897.5 3537.09 3127.41 2443.84 1589.38 1253.89 1112.31 1059.01 800.666 664.427 657.715 527.535 487.317 479.442 416.997 380.298 373.891 372.913 344.7 343.311 320.941 303.239 299.645 291.805 283.94 282.482 548.967 247.465
threshold=4.5878906250000009 10.589843750000002 2.1250000000000004 6.6250000000000009 0 3.2675781250000004 1.1962890625000002 2.5000000000000004 2.5000000000000004 23.500000000000004 2.5000000000000004 1 2.5000000000000004 2 3 1.5097656250000002 4 5 8.5000000000000018 4.0722656250000009 6 2.5000000000000004 7 7.2148437500000009 8 1.7851562500000002 1.7851562500000002 3.5498046875000004 9 8.5000000000000018
decision_type=2 2 2 2 9 2 2 2 2 2 2 9 2 9 9 10 9 9 2 2 9 2 9 2 9 10 10 8 9 2
left_child=2 3 6 8 9 15 11 14 -2 -3 24 -1 -7 -12 -5 -4 -13 -18 -9 25 -19 -17 -15 -10 -6 -8 -14 28 -22 -16
right_child=1 4 5 7 10 12 19 18 23 -11 13 16 26 22 29 21 17 20 -20 -21 27 -23 -24 -25 -26 -27 -28 -29 -30 -31
leaf_value=1.047625 0.38707749999999996 1.1080336129179595 0.14286875000000002 0.64471873789787304 1.7512184743308277 0.21325781250000003 0.011399999999999988 0.41406999999999999 0.23305764616772531 3.9512184743308278 1.3012184743308275 0.30596750000000006 0.22657562500000006 0.96917961977206168 0.59907218750000002 0.077407812500000006 0.21496750000000003 0.12034875 0.53141625000000003 0.29762499999999997 0.87331281053334475 -0.0021312500000000068 0.90605015148804735 0.42378264616772532 1.3237287500000001 -0.043600000000000042 0.081213125000000025 -0.16290124999999997 -0.12003249999999999 0.70120875000000016
leaf_weight=17485 140834 58261 258057 12515 14607 189544 387424 178961 302004 45156 41771 31845 164554 34691 46633 279530 39011 50996 96404 17129 11473 697386 92671 48764 53234 1988760 308076 11615108 5044506 51290
leaf_count=17485 140834 58261 258057 12515 14607 189544 387424 178961 302004 45156 41771 31845 164554 34691 46633 279530 39011 50996 96404 17129 11473 697386 92671 48764 53234 1988760 308076 11615108 5044506 51290
internal_value=-0.000690422 0.0163072 -0.00167141 0.0123065 0.0266196 0.00241114 -0.00207472 0.0158901 0.00949415 0.033879 0.0234491 -0.00224636 0.00486189 0.0216094 0.0203911 0.00109708 -0.0022565 -0.00226736 0.0140849 -0.000869186 -0.00227887 0.000590746 0.020002 0.00798713 0.0280391 -0.000922177 0.00386396 -0.00229142 -0.00197947 0.0191957
internal_weight=2.23187e+07 1.2178e+06 2.11009e+07 877405 340391 1.89715e+06 1.92037e+07 385803 491602 103417 236974 1.68104e+07 662174 169133 110438 1.23497e+06 1.67929e+07 1.67611e+07 275365 2.39331e+06 1.67221e+07 976916 127362 350768 67841 2.37618e+06 472630 1.66711e+07 5.05598e+06 97923
internal_count=22318680 1217796 21100884 877405 340391 1897147 19203737 385803 491602 103417 236974 16810424 662174 169133 110438 1234973 16792939 16761094 275365 2393313 16722083 976916 127362 350768 67841 2376184 472630 16671087 5055979 97923
cat_boundaries=0 77 149 228 307 386 455 540 619 698 777
cat_threshold=0 0 0 0 0 0 0 1024 0 0 0 0 134217728 0 0 1024 0 131072 0 0 0 1074790416 268435584 0 0 16384 0 1073741825 16 0 0 512 0 0 8388608 0 1073774594 49152 0 0 0 8192 32 0 512 0 0 0 0 0 0 0 0 0 0 0 0 0 0 0 0 0 0 0 0 268435456 8 0 0 0 0 0 33554432 1024 8388608 2097152 34078848 65536 0 0 0 0 0 0 0 0 0 0 0 0 0 0 0 0 0 0 4096 0 1073741824 0 4096 0 16384 16448 536870912 536872960 268 805306368 83886080 0 0 33587202 262144 2 32768 2147483648 0 8192 4194304 131136 262144 512 0 0 2147483648 0 0 0 0 0 0 0 0 0 0 0 0 0 0 0 0 0 0 0 0 0 0 0 67108864 1024 0 0 0 0 64 0 0 0 0 0 0 2048 0 1024 0 268435456 1073741824 0 0 0 0 32768 0 0 0 0 0 2048 8200 16384 0 0 18432 33554432 0 0 0 2147483656 0 8192 0 538970176 0 32 0 0 0 0 0 0 0 0 0 0 0 0 0 0 0 0 0 0 16 0 16388 0 0 524288 0 0 1 0 2147483648 0 0 256 0 9220 0 0 0 0 0 0 0 0 0 0 0 0 0 0 0 0 0 131072 512 0 0 1073741824 0 2048 0 16384 256 1 16 0 0 512 0 536870912 0 256 0 0 0 0 536870913 4202496 0 0 0 0 0 0 0 0 0 0 0 0 0 0 0 0 0 0 0 0 0 16842752 131072 268451840 8 67108880 528384 8388608 0 0 0 2147483648 0 0 256 4194306 9216 0 0 2 0 1073741824 512 0 0 0 0 0 0 0 0 1024 0 0 0 0 33554432 8 0 2097152 513 0 2147483648 0 0 0 0 9 0 3 278528 0 65544 128 256 8 0 0 1024 537922064 1 0 2048 0 0 0 0 0 0 0 0 0 0 0 0 0 0 0 0 0 0 0 4 0 0 0 0 0 0 0 0 0 0 0 0 2147614720 0 2097152 0 0 64 0 4194304 0 0 0 0 0 134219776 0 0 1024 0 1073741824 0 0 0 0 268435456 0 0 0 2048 0 0 67108864 16512 0 0 0 4194305 256 0 4194304 0 0 0 0 4194305 65540 0 268435456 0 0 0 0 1024 0 2097152 134742018 4096 66048 128 4 0 0 0 0 0 0 0 0 0 0 1 1073741824 0 1048576 0 0 0 8388608 0 0 0 0 0 0 0 0 268435456 131072 0 0 0 4096 67108864 65536 16777216 0 0 128 4194304 2 8388610 0 0 536870912 2053 0 0 1 0 1024 0 16777216 16777216 0 0 0 16 1073741824 0 0 0 0 0 0 2048 524288 0 64 0 0 0 0 0 0 0 0 0 0 0 4096 0 268435456 0 262144 2147483648 0 0 0 0 0 0 0 0 0 0 2097152 0 0 0 0 0 0 0 4096 0 0 4194304 0 0 0 0 0 0 0 0 0 0 0 33554432 67110912 0 0 0 536872960 0 4 536870921 8388608 0 4 32768 0 0 1 0 0 536870912 4194304 1049088 0 4096 0 0 0 0 0 0 0 0 0 0 0 0 0 0 0 0 0 0 0 0 256 0 67108880 0 8388608 1024 201326592 1073741824 0 0 1026 0 2 2147483648 0 0 0 0 0 0 0 0 0 0 0 0 0 0 1024 0 0 0 0 0 0 0 0 2048 0 0 256 2048 2048 8192 16385 67108864 0 536872960 33554432 0 0 0 2147483656 268435456 536870913 0 572522496 0 32 0 0 0 0 0 0 0 0 0 0 0 0 0 0 0 0 0 0 0 0 16384 0 0 524288 8388608 0 67108865 0 2147483648 0 2 0 2 2147492864 8 0 0 0 2147483648 1048576 16 128 0 0 0 0 0 1048576 128 0 0 0 0 0 0 0 0 0 0 0 33562624 1073741824 16 8192 0 0 0 0 8388608 0 0 0 0 0 0 0 33554464 0 4096 0 0 0 1073741824 0 0 0 0 0 0 0 8388608 0 0 0 0 0 0 16 0 268435456 0 16 0 0 0 134217728 33554432 1024 0 2098178 34078850 0 1024
is_linear=0
shrinkage=0.05


Tree=5
num_leaves=31
num_cat=13
split_feature=20 19 20 19 20 20 18 20 0 6 6 0 5 6 19 6 0 16 0 0 0 0 0 0 16 19 5 0 17 0
split_gain=122848 18504 11292.7 4223.08 2245.91 2041.81 1361.71 978.518 875.335 709.761 673.438 605.333 570.529 554.033 437.75 405.765 398.109 380.645 636.614 362.376 358.875 334.892 332.284 308.685 307.625 262.857 260.193 254.945 219.737 214.023
threshold=4.2675781250000009 8.9296875000000018 1.8393554687500002 25.648437500000004 5.9824218750000009 2.9824218750000004 11.500000000000002 1.1962890625000002 0 2.5000000000000004 2.5000000000000004 1 2 2.5000000000000004 5.7851562500000009 2.5000000000000004 3 2.7001953125000004 4 5 6 7 8 9 1.7851562500000002 3.3564453125000004 10 11 37.500000000000007 12
decision_type=2 2 2 2 2 2 2 2 9 2 2 9 1 2 2 2 9 8 9 9 9 9 9 9 10 2 1 9 2 9
left_child=2 4 7 6 12 14 23 11 28 20 19 -1 -2 -7 15 -4 -12 18 -13 -8 -6 -11 -19 -3 -15 -9 -25 -20 -5 -29
right_child=1 3 5 8 9 13 10 25 -10 21 16 17 -14 24 -16 -17 -18 22 27 -21 -22 -23 -24 26 -26 -27 -28 29 -30 -31
leaf_value=0.89524374999999989 0.27140476385933904 0.73447362669688454 0.051204999999999945 1.8420178262834588 0.88717747569900751 0.18391460937499998 1.1493154197658029 -0.039170000000000017 1.9850320368308276 0.77026694555575403 0.79031195968861667 1.0551412344733329 0.18598434375 0.17847531250000004 0.55078742187500007 -0.0020246875000000221 0.8064181153236496 0.14980037500000001 0.24477537500000005 1.0493441808422246 0.53236857812499994 0.37140476385933907 -0.15475618749999998 0.71748168750000008 0.072514968750000061 0.19345499999999993 0.5642753004179597 0.19984412500000004 5.5036575506142862 -0.114030875
leaf_weight=19966 276034 21635 436778 20866 9453 218673 16054 1848355 26847 18587 29800 12954 206422 174896 9702 1087738 97802 48905 20420 55431 101494 258671 13451036 90228 370330 22446 87408 22064 22606 3235079
leaf_count=19966 276034 21635 436778 20866 9453 218673 16054 1848355 26847 18587 29800 12954 206422 174896 9702 1087738 97802 48905 20420 55431 101494 258671 13451036 90228 370330 22446 87408 22064 22606 3235079
internal_value=-0.000784642 0.0138969 -0.00172192 0.0219071 0.00958496 0.0015855 0.019913 -0.00212879 0.0332037 0.012416 0.0228377 -0.00224951 0.00730701 0.00369761 0.000533858 0.000466482 0.0206611 -0.00225986 -0.00177765 0.0267229 0.0157957 0.0110635 -0.00237739 0.016991 0.00284485 -0.00104405 0.0162999 -0.00182138 0.0375999 -0.0018563
internal_weight=2.23187e+07 1.33934e+06 2.09793e+07 468677 870661 2.29812e+06 398358 1.86812e+07 70319 388205 199087 1.68104e+07 482456 763899 1.53422e+06 1.52452e+06 127602 1.67905e+07 3.29052e+06 71485 110947 277258 1.34999e+07 199271 545226 1.8708e+06 177636 3.27756e+06 43472 3.25714e+06
internal_count=22318680 1339338 20979342 468677 870661 2298117 398358 18681225 70319 388205 199087 16810424 482456 763899 1534218 1524516 127602 16790458 3290517 71485 110947 277258 13499941 199271 545226 1870801 177636 3277563 43472 3257143
cat_boundaries=0 79 151 152 228 305 384 463 542 627 718 719 798 881
cat_threshold=0 0 0 0 0 0 0 0 0 0 4194304 0 134217728 0 1024 1024 0 1073741824 0 0 0 1073741840 268435456 67108864 0 0 0 1073741825 16 0 0 0 0 2048 8421376 0 32770 49152 2147483656 0 0 8192 536870976 0 512 0 0 0 0 0 0 0 0 0 0 0 0 0 0 0 0 0 0 0 0 268435456 0 0 0 0 0 0 33554432 1024 0 2 524288 0 1024 65536 0 0 0 1073741824 0 0 0 0 0 0 0 0 0 1024 0 0 0 0 4096 0 1073741824 0 0 0 16384 16384 536870912 536872960 12 8 67108864 0 262176 33587200 0 2 32768 2147483648 0 8192 4195328 1179712 0 512 2048 0 2147483648 0 0 0 0 0 0 0 0 0 0 0 0 0 0 0 0 0 4 0 0 0 0 0 67108864 15 1024 0 0 0 0 64 0 5120 0 0 4194304 0 134219776 0 0 0 0 131072 0 0 0 1074790416 32896 0 0 0 0 1 2064 0 0 0 0 16384 41943040 0 32768 49152 0 0 0 8192 2080 0 32 0 0 0 0 0 0 0 0 0 0 0 0 0 0 0 0 0 0 16 0 268435456 8 0 0 0 0 1 0 0 8388608 2097152 8 0 0 2 0 1048576 0 128 0 0 0 0 0 1048576 0 0 0 65536 0 0 0 131072 0 0 0 0 33562624 1073741888 16 0 16384 8388608 2 2048 8388608 0 0 0 8 0 0 0 32 4194304 0 0 0 1048576 0 0 0 0 0 0 0 2097152 8388608 0 0 0 0 0 0 16 0 0 0 16 0 0 0 134217728 33554432 1024 0 1024 34078848 0 0 0 0 0 0 0 0 0 0 0 0 134217728 0 0 0 0 131072 0 0 0 1048576 268435584 2048 0 16384 0 1 2064 8192 16384 67109376 0 0 142606336 0 1073774592 49152 0 0 536870912 8192 32 0 0 0 0 0 0 0 0 0 0 0 0 0 0 0 0 0 0 0 0 0 0 268451840 8 0 0 0 0 0 0 0 0 2097152 33554688 2 2147484672 0 0 0 0 0 0 0 0 0 0 0 0 0 0 0 0 0 131072 0 0 0 1073741824 0 0 0 16384 256 1 16 0 0 8389120 0 536870912 0 256 2 0 0 33554432 536879104 4202496 32 0 0 0 0 0 0 0 0 0 0 0 0 0 0 0 0 0 0 0 0 16842752 4 268451840 8 67108880 528384 8192 0 0 0 2147483648 0 0 256 0 9216 0 512 2097152 0 0 0 4194304 1024 0 0 0 0 134217728 0 0 0 0 0 0 0 0 1074790400 128 0 0 16384 0 1 16 0 16777216 0 0 1073741824 8421376 0 2 16384 2147483648 0 0 4194304 33554465 0 544 0 4096 0 0 0 0 0 0 0 0 0 0 0 0 0 0 0 0 0 0 0 0 67108864 0 16777224 0 0 0 0 0 0 4194560 4194304 4 0 2097152 0 0 0 0 2097152 0 0 0 0 0 134217728 0 0 1024 0 0 0 0 4096 0 268435456 4097 0 0 2048 0 0 8448 0 0 536870912 33554433 1 264 1 1048580 0 0 0 16777224 541327360 327680 0 0 0 0 0 0 0 0 0 0 0 0 0 0 0 0 0 0 0 0 0 0 0 0 4096 0 268435456 0 0 2147483648 0 0 0 0 2147483648 0 0 0 0 0 2097152 0 0 0 0 0 0 0 1024 0 0 0 0 0 0 0 1024 0 131072 0 0 0 1074790400 268435584 2048 0 0 0 0 16 8 0 0 0 0 0 8 1073741824 49152 2147483648 0 536870913 0 33556512 0 544 0 0 0 0 0 0 0 0 0 0 0 0 0 0 0 0 0 0 16384 0 268451840 0 67108864 524288 0 0 0 0 0 0 2097408 256 0 4 0 0 0 0 0 0 0 0 0 0 0 8388608 15 0 512 0 0 2147483648 0 0 16777216 0 0 0 0 0 0 128 0 512 131072 0 0 0 134218752 65536 640 0 0 0 0 0 0 268468225 16777216 0 0 0 65536 1140850688 67108865 0 0 0 0 0 1 5120 16 0 0 0 0 1024 0 0 134217730 0 0 32 0 0 0 0 0 0 0 0 0 0 0 0 0 0 0 0 0 0 64 0 2 139264 0 8 2 2048 0 0 4194320 0 0 0 4194304 0 2048 0 0 0 268435456 1073741824 0 33554432 0 67110912 0 0 0 2147483648 65536 2176 262144 0 0 0 1 1024 4194304 4456448 0 256 0 0 1048576 128 2048 0 0 32768 0 0 0 0 0 536870912 0 0 0 0 0 0 0 0 0 0 0 0 0 0 0 0 0 0 262144 131072 1073741824 0 0 0 0 0 0 0 0 0 4
is_linear=0
shrinkage=0.05


Tree=6
num_leaves=31
num_cat=13
split_feature=20 20 19 20 20 20 20 0 6 5 0 6 6 0 6 19 6 0 0 0 16 0 16 17 19 0 0 0 0 0
split_gain=101932 14073.2 11643.2 2594.49 2291.7 2077.35 1748.28 888.779 833.458 606.999 576.588 505.618 486.56 415.386 408.998 394.48 380.74 330.354 309.452 308.728 299.583 295.352 286.022 284.763 283.125 248.68 229.359 214.219 203.342 202.43
threshold=4.9824218750000009 2.2324218750000004 12.929687500000002 7.5527343750000009 32.125000000000007 3.4824218750000004 1.1250000000000002 0 2.5000000000000004 1 2 2.5000000000000004 2.5000000000000004 3 2.5000000000000004 3.2138671875000004 2.5000000000000004 4 5 6 1.1997070312500002 7 1.7851562500000002 8.5000000000000018 1.6425781250000002 8 9 10 11 12
decision_type=2 2 2 2 2 2 2 9 2 1 9 2 2 9 2 2 2 9 9 9 10 9 10 2 2 9 9 9 9 9
left_child=1 6 3 9 7 12 10 16 21 23 -1 -7 28 -6 27 22 -4 -12 -19 -10 -14 -5 -8 -2 26 -13 -20 -9 -3 -16
right_child=2 5 4 8 13 11 15 14 19 -11 17 25 20 -15 29 -17 -18 18 24 -21 -22 -23 -24 -25 -26 -27 -28 -29 -30 -31
leaf_value=0.95048156249999993 0.31575014921875005 0.87606887796225397 1.4168349487527445 0.84057479137612379 5.2284746730835723 0.22471887890624997 0.0099206687500000175 1.5323442625797317 0.71828988003743788 0.24329429667183905 0.24704474478859897 0.5368105781250001 0.13582654687500001 3.109680735590163 1.0327650655939937 0.13140099999999996 0.90966147136967113 0.18585160625000002 0.10248035624999999 0.47302092862607736 0.015366203125000056 0.67938607109375004 -0.043392203125000077 0.40283452566637212 -0.0037930656249999476 0.12352672031250003 -0.14701837812499993 1.0930693766592512 0.093399191406250026 0.85556785484332076
leaf_weight=19733 204312 2791 17525 10348 21388 185117 443310 15158 24320 210683 31004 10632 152417 16447 27255 68568 43637 36396 40030 220871 711324 87938 2347508 77228 159048 450444 16224850 29848 344075 84475
leaf_count=19733 204312 2791 17525 10348 21388 185117 443310 15158 24320 210683 31004 10632 152417 16447 27255 68568 43637 36396 40030 220871 711324 87938 2347508 77228 159048 450444 16224850 29848 344075 84475
internal_value=-0.000847685 -0.00161389 0.0140542 0.0111974 0.0233897 0.00254432 -0.00201248 0.0214174 0.0145324 0.00887015 -0.00221016 0.00483341 0.00132246 0.0347486 0.0194165 -0.000871032 0.0265374 -0.00222038 -0.00223009 0.012973 0.00068724 0.0184226 -0.000963086 0.0103895 -0.0022403 0.0039472 -0.00226083 0.0234421 0.00290425 0.0177967
internal_weight=2.23187e+07 2.12272e+07 1.09143e+06 835700 255733 1.8568e+06 1.93704e+07 217898 343477 492223 1.65111e+07 646193 1.21061e+06 37835 156736 2.85939e+06 61162 1.64913e+07 1.64603e+07 245191 863741 98286 2.79082e+06 281540 1.64239e+07 461076 1.62649e+07 45006 346866 111730
internal_count=22318680 21227247 1091433 835700 255733 1856800 19370447 217898 343477 492223 16511061 646193 1210607 37835 156736 2859386 61162 16491328 16460324 245191 863741 98286 2790818 281540 16423928 461076 16264880 45006 346866 111730
cat_boundaries=0 77 78 157 236 315 388 467 546 623 708 787 866 945
cat_threshold=0 0 0 0 0 0 0 5120 0 0 0 0 134219776 0 1024 0 134217728 131072 0 0 0 1074790416 268435584 0 0 0 0 1073741825 2048 8192 16384 512 0 16384 8388608 0 32768 49152 0 0 8192 8192 32 0 0 0 0 0 0 0 0 0 0 0 0 0 0 0 0 0 0 0 0 16 0 268435456 8 0 0 0 0 1 0 0 0 0 34078720 15 65536 0 0 0 1073741824 0 0 0 0 0 0 0 0 0 0 0 0 0 0 4096 0 1073741824 0 512 0 16384 16448 0 536872960 268 268435456 83886080 0 0 33587200 65536 2 32768 2147483656 0 8192 4194304 131648 0 512 0 0 2147483648 0 0 0 0 0 0 0 0 0 0 0 0 0 0 0 0 0 0 0 0 0 0 0 67108864 0 0 0 0 0 0 2147483648 0 0 0 0 0 0 0 0 0 0 0 0 0 0 0 1024 0 0 0 0 0 1073741824 268435456 67108864 0 16384 0 1073741825 0 0 0 0 0 0 0 0 32768 49152 8 0 0 8192 0 0 0 0 0 0 0 0 0 0 0 0 0 0 0 0 0 0 0 0 0 0 0 0 0 0 0 0 0 0 33554432 0 0 0 0 0 1024 0 0 0 0 0 512 4194304 0 0 0 0 0 134219776 0 1024 1024 0 1073741824 0 33554432 0 0 0 1 0 2147483648 0 536870912 0 67108864 9 0 1 16384 4194305 8 0 256 0 0 0 1024 537921537 262149 0 0 0 0 0 0 0 0 0 0 0 65536 0 0 0 0 0 0 0 0 0 4 0 0 1 0 0 0 0 0 0 0 0 0 131072 0 2097152 2 0 64 0 0 0 0 0 0 0 0 0 0 0 131072 0 0 0 0 0 268435456 0 0 0 0 0 2 8388608 16512 0 2 262148 2 256 192 4194304 0 65536 0 16777216 16 0 0 268437504 1073741824 0 0 0 1024 0 2097152 524290 4096 512 128 4 0 0 0 0 0 0 0 0 0 0 0 0 0 0 262144 1032 0 0 0 0 64 0 1024 0 0 0 0 0 0 0 1024 0 131072 0 0 0 1073741824 0 2048 0 0 0 1 16 0 0 8388608 0 0 0 0 1073741826 16384 2147483648 0 0 0 33554529 262144 544 0 0 0 0 0 0 0 0 0 0 0 0 0 0 0 0 0 0 0 0 268435456 0 67108864 524416 0 0 0 0 0 0 2097152 4194688 0 131076 0 0 0 0 0 0 0 0 0 0 0 0 0 0 0 1024 0 131072 0 0 0 1073741824 0 2048 0 16384 0 0 16 0 16777216 67109376 0 0 8388608 0 1073741824 0 0 0 536870912 0 33554464 0 32 0 0 0 0 0 0 0 0 0 0 0 0 0 0 0 0 0 0 65536 0 268451840 8 0 528384 8388608 268435456 0 0 0 8388608 2097152 256 4194306 2147623936 1073807360 2097152 524288 0 0 0 4194304 0 0 0 0 0 0 0 0 0 0 0 0 0 0 1073741824 268435456 0 0 16384 16384 1073741824 0 8204 0 0 0 0 32768 0 2 32768 2147483648 1 24576 4194304 32 4194304 512 32768 4096 0 0 0 0 0 64 2 0 512 64 256 0 0 0 0 0 0 0 0 0 0 0 0 0 0 0 0 0 0 4194304 1073741824 0 1048576 0 0 0 10485760 0 0 0 0 0 0 0 0 0 0 0 0 0 4104 0 66048 16777216 0 32768 2176 4194304 0 2 0 0 0 2048 0 262144 0 4 1024 0 0 8 4194304 0 8388608 16 0 0 0 0 0 0 0 134219776 524288 0 64 256 0 0 0 0 0 0 0 0 0 0 4096 33554432 268435456 0 0 2147483648 0 0 0 0 0 0 0 0 0 0 2097152 0 0 0 0 0 0 0 0 0 0 0 0 0 0 0 0 0 1073741824 0 0 0 0 0 67108864 0 16384 0 536870912 16 12 9 67108864 0 2048 167804928 0 2 0 2147483656 0 0 4194304 537920064 0 544 0 0 0 0 0 0 0 0 0 0 0 0 0 0 0 0 0 0 0 0 16384 0 0 1 0 0 67108864 33554432 0 0 0 128 2 2147484672 196608 0 0 0 1073741824 0 4194304 0 0 0 0 0 0 0 128 0 0 1073741824 0 0 0 1073741824 268435456 0 0 16384 0 1610612736 16 12 0 67108864 0 0 32768 256 2 0 2147483648 0 8192 4194304 33554464 0 512 0 0 0 0 0 0 0 0 0 0 66048 0 0 0 0 0 0 0 0 0 268435456 0 0 4096 0 0 0 0 0 32768 4194304 0 0 131072 1024 0 0 0 0 64 0 1048576 8192 0 4194304 0 0 0 0 0 268435456 1073741824 512 0 0 0 32768 0 0 0 0 0 16 12 0 0 0 0 33587200 8 0 0 2147483648 0 0 2 536872960 0 4640 0 0 0 0 0 0 0 0 0 0 0 0 0 0 0 0 0 0 0 0 260 0 16 0 0 0 0 33554432 1024 0 2097152 384 0 2147483652
is_linear=0
shrinkage=0.05


Tree=7
num_leaves=31
num_cat=11
split_feature=20 20 20 20 19 19 6 0 20 6 0 0 16 19 5 6 19 6 0 0 0 0 0 16 0 0 19 19 19 18
split_gain=83566.1 14691.4 7633.29 3092.19 2230.37 1096.36 897.9 828.294 692.613 681.588 559.708 478.224 475.806 456.888 433.513 426.35 359.69 346.093 334.818 321.448 292.414 274.562 273.32 271.273 622.676 295.545 242.935 231.742 219.513 211.84
threshold=3.8398437500000004 11.195312500000002 1.6606445312500002 6.4824218750000009 31.351562500000004 3.3564453125000004 2.5000000000000004 0 0.83911132812500011 2.5000000000000004 1 2 1.1997070312500002 7.0722656250000009 3 2.5000000000000004 2.9287109375000004 2.5000000000000004 4 5 6 7 8 3.5498046875000004 9 10 5.5000000000000009 5.6425781250000009 8.5000000000000018 48.500000000000007
decision_type=2 2 2 2 2 2 2 9 2 2 9 9 10 2 1 2 2 2 9 9 9 9 9 8 9 9 2 2 2 2
left_child=2 3 8 6 7 12 26 15 11 20 29 -1 -4 -7 -9 -3 -10 -14 -8 -13 -5 -20 -11 24 -21 -26 -2 -23 -24 -6
right_child=1 4 5 9 10 13 18 14 16 22 -12 19 17 -15 -16 -17 -18 -19 21 23 -22 27 28 -25 25 -27 -28 -29 -30 -31
leaf_value=0.95295748437499983 0.24291744286172057 1.3227016154832745 0.10043520093749994 0.79935818927500912 2.1054112150985662 0.097308236718749982 0.54066981083278021 0.96162120780132687 -0.063141889843749952 0.68290617972628154 2.3300980720482403 0.22995811901057009 0.037924399804687474 0.71175299210937504 0.71238784037228609 0.84142287520426129 0.14898719999999996 -0.018668746093749976 0.39066981083278018 1.1597350916559162 0.5236740175390624 0.13575026954140804 0.32368276579368893 -0.18966745921874995 0.27390587932259014 -0.14644214671874997 0.3667543168460955 0.21888154938305338 0.4286976225904815 7.2680714257951742
leaf_weight=15582 152071 20395 293290 11166 13056 442248 18005 110920 3204800 20067 20562 31822 504953 10748 82961 50929 36384 1258763 33043 10417 114883 366289 169872 10811102 14584 4148236 72871 143102 124539 11020
leaf_count=15582 152071 20395 293290 11166 13056 442248 18005 110920 3204800 20067 20562 31822 504953 10748 82961 50929 36384 1258763 33043 10417 114883 366289 169872 10811102 14584 4148236 72871 143102 124539 11020
internal_value=-0.000910005 0.010345 -0.00174169 0.00788638 0.0200724 0.000843782 0.00600568 0.018332 -0.00209683 0.0112393 0.0304125 -0.00223977 0.000353394 0.00307058 0.016633 0.0229447 -0.00143391 4.32944e-05 0.00493462 -0.00224886 0.0143458 0.00471167 0.0099942 -0.00225952 -0.00191711 -0.00194767 0.00867421 0.00442495 0.00960809 0.0356062
internal_weight=2.23187e+07 1.53575e+06 2.07829e+07 1.22591e+06 309843 2.51e+06 785381 265205 1.82729e+07 440527 44638 1.50317e+07 2.05701e+06 452996 193881 71324 3.24118e+06 1.76372e+06 560439 1.50162e+07 126049 542434 314478 1.49843e+07 4.17324e+06 4.16282e+06 224942 509391 294411 24076
internal_count=22318680 1535751 20782929 1225908 309843 2510002 785381 265205 18272927 440527 44638 15031743 2057006 452996 193881 71324 3241184 1763716 560439 15016161 126049 542434 314478 14984339 4173237 4162820 224942 509391 294411 24076
cat_boundaries=0 77 156 235 236 328 404 483 560 639 718 798
cat_threshold=0 0 0 0 0 0 0 1024 0 0 0 0 134217728 0 0 0 0 131072 0 0 0 1074790416 268435584 0 0 0 0 1 2064 8192 0 512 0 0 41943040 0 32768 49152 0 0 8192 8192 32 0 0 0 0 0 0 0 0 0 0 0 0 0 0 0 0 0 0 0 0 16 0 268451840 8 0 0 0 0 67108865 1073741824 0 0 1024 34078848 0 0 0 0 0 0 0 0 0 0 0 0 134217728 0 0 0 0 1073741824 0 0 0 1073741840 268435456 67108864 0 0 0 1073741825 0 0 16384 0 0 2048 0 0 32768 49152 2147483656 0 0 0 0 0 32 0 0 0 0 0 0 0 0 0 0 0 0 0 0 0 0 0 0 0 0 0 0 0 0 0 0 0 0 0 0 2 0 0 1024 65536 0 0 0 1073741824 0 4194304 0 0 0 0 0 0 0 0 0 0 0 0 4096 0 1073741824 0 0 0 16384 16384 0 536872960 12 0 67108864 0 262144 33587201 0 2 33024 2147483648 0 8192 4194304 131136 1 512 0 0 2147483648 0 0 0 0 0 0 0 0 0 0 0 0 0 0 0 0 0 0 0 0 1 0 0 67108864 0 2147483648 0 0 0 0 2147614720 15 1073741824 520 524288 0 1073741824 32 4194304 0 0 0 0 0 0 0 0 0 268435456 0 0 0 0 1073741824 0 0 0 16384 0 1073741825 0 8204 0 0 0 0 32768 0 2 32768 2147483648 1 16384 4194304 32 0 544 0 4096 0 0 0 1024 0 0 0 0 65536 192 0 0 0 0 0 0 0 0 0 0 0 0 16777216 0 0 0 0 0 0 0 0 0 0 0 0 0 0 0 0 0 0 0 0 0 512 0 2097152 0 0 64 512 0 0 0 0 0 0 134217728 0 1024 0 0 1073741824 0 0 0 0 0 513 0 2147483648 0 536870912 0 256 268435593 16777216 3 0 4194304 65544 0 4194304 0 0 0 1024 537921537 0 0 0 0 0 0 0 0 0 0 524288 0 65536 0 0 0 0 0 0 0 0 0 0 0 0 0 0 268435456 0 262144 0 0 2147483648 0 512 0 0 0 0 4194304 0 0 0 0 0 0 0 0 0 0 131072 0 0 0 1073741824 0 0 0 16384 0 1 16 12 0 512 0 0 0 256 2 0 0 0 536870912 4194304 33554464 0 512 0 0 0 0 0 0 0 0 0 0 0 0 0 0 0 0 0 0 16842752 0 268451840 8 67108864 528384 8388608 268436480 0 0 0 0 2097152 256 0 132096 196616 4096 0 2048 0 0 0 0 0 0 4194304 0 134217728 4 0 0 0 1073741824 0 0 0 0 0 0 0 0 16384 0 2048 0 268451840 524288 0 16384 0 0 0 0 0 0 8192 2 0 4194305 4096 32784 0 0 0 0 1048576 2147483648 0 134217730 0 512 8388640 256 0 0 0 0 0 0 0 0 0 0 0 0 0 0 524288 0 0 0 4194304 8 512 2097152 0 0 0 4194304 0 0 0 4194304 0 0 0 0 0 0 0 0 0 0 1073741824 268435456 0 1048576 0 0 1073741825 16 8 268435456 0 0 1073741824 8388608 0 2 16384 2147483648 0 0 0 33554465 262144 512 0 4096 0 0 0 0 0 0 0 0 0 0 0 0 0 0 0 0 0 0 0 0 67108864 0 16777216 1024 0 0 0 0 2097408 4194560 0 4 8 512 0 0 256 0 0 0 0 0 0 0 0 0 0 0 0 0 0 0 0 134217728 0 0 0 0 8192 1073741824 16 8192 16826368 0 0 2048 545259520 0 0 0 8 0 0 0 32 0 0 0 0 0 1073741824 0 0 0 0 0 0 0 8388608 0 0 0 0 0 0 16 0 268452096 0 0 0 0 262144 134217728 33554432 1024 0 1026 34078848 0 1024 0 0 0 2 2147483648 1048576 16 0 0 0 0 0 0 0 128 0 0 0 0 0 0 132096 512 8388736 0 0 33619968 33554624 0 0 0 8396800 0 0 0 0 1075838976 67108864 0 536870912 16384 0 33554432 4194304 4096 0 0 0 0 0 0 0 0 0 0 0 0 0 0 0 0 0 0 0 4 0 0 0 0 0 0 131073 1073741824 0 0 2097152 0 2 0 1
is_linear=0
shrinkage=0.05


Tree=8
num_leaves=31
num_cat=16
split_feature=20 20 19 20 18 20 20 0 16 0 5 5 0 19 16 16 0 0 17 5 0 0 0 6 0 6 5 0 0 0
split_gain=69317.5 9613.43 9172.8 2191.88 1747.69 1429.59 1208.75 613.055 567.202 704.452 563.244 528.07 520.959 421.383 386.088 317.732 301.012 297.325 292.739 275.946 253.898 252.239 244.223 244.012 237.748 219.324 191.395 190.933 189.224 184.176
threshold=4.5527343750000009 2.0898437500000004 13.500000000000002 7.8750000000000009 34.500000000000007 0.83911132812500011 3.2675781250000004 0 3.3906250000000004 1 2 3 4 3.3564453125000004 1.1000976562500002 1.7851562500000002 5 6 8.5000000000000018 7 8 9 10 2.5000000000000004 11 2.5000000000000004 12 13 14 15
decision_type=2 2 2 2 2 2 2 9 8 9 1 1 9 2 10 10 9 9 2 1 9 9 9 2 9 2 1 9 9 9
left_child=1 5 3 10 12 8 14 -6 9 -1 18 21 26 15 -3 -7 -11 -8 28 -19 -10 -5 -18 -14 -16 -26 -4 -12 -2 -24
right_child=2 6 4 11 7 13 17 -9 20 16 27 -13 23 -15 24 -17 22 19 -20 -21 -22 -23 29 -25 25 -27 -28 -29 -30 -31
leaf_value=1.3517483370731203 0.54282461605641108 0.13722692491406258 1.2502330593543689 0.88012558431422938 4.803647368139635 -0.0045865591093750433 0.54522658508886379 2.1146145265420015 0.11981591374218757 0.41993649557395579 0.53349285408896607 0.42600181578271246 1.0390911176699029 0.16596566515625005 0.41892880379423397 -0.053436045351562461 0.27562044021522175 0.14383706281785144 0.36545308473402999 0.083233777069804574 -0.18018408625781246 0.5504407713100431 0.24570706321645394 0.7738572540409745 0.048918140166015617 -0.0017583259765625138 0.92842498811278029 0.18449675436909435 0.25052894088085936 -0.13912003938281248
leaf_weight=12338 14412 201941 32113 21590 19815 563569 12508 22809 34004 14639 16118 138697 36133 45645 8350 3503714 15453 364114 98998 272725 11017578 163606 15349 98202 310245 773503 28987 270034 269109 3922382
leaf_count=12338 14412 201941 32113 21590 19815 563569 12508 22809 34004 14639 16118 138697 36133 45645 8350 3503714 15453 364114 98998 272725 11017578 163606 15349 98202 310245 773503 28987 270034 269109 3922382
internal_value=-0.00095581 -0.00162894 0.0105791 0.00846499 0.0193935 -0.00196907 0.00172175 0.028567 -0.00219508 -0.00168329 0.0068297 0.011841 0.0173928 -0.00114307 0.000838423 -0.00119669 -0.00172039 0.00348209 0.00808501 0.00333195 -0.0023794 0.0135892 -0.00174689 0.015646 0.000467041 0.000402239 0.0212273 0.00515117 0.00726788 -0.00177152
internal_weight=2.23187e+07 2.10881e+07 1.23062e+06 992564 238059 1.91447e+07 1.94339e+06 42624 1.50317e+07 3.98016e+06 668671 323893 195435 4.11293e+06 1.29404e+06 4.06728e+06 3.96782e+06 649347 382519 636839 1.10516e+07 185196 3.95318e+06 134335 1.0921e+06 1.08375e+06 61100 286152 283521 3.93773e+06
internal_count=22318680 21088057 1230623 992564 238059 19144671 1943386 42624 15031743 3980161 668671 323893 195435 4112928 1294039 4067283 3967823 649347 382519 636839 11051582 185196 3953184 134335 1092098 1083748 61100 286152 283521 3937731
cat_boundaries=0 42 119 120 121 198 276 352 353 438 517 591 660 661 737 816 895
cat_threshold=0 0 0 0 0 0 0 0 0 0 0 0 0 0 1024 0 0 0 0 0 0 1074790400 268435456 0 0 0 0 1073741825 0 0 16384 0 0 0 0 0 32770 49152 8 0 0 8192 8 512 0 0 0 0 0 0 0 0 0 0 0 0 0 1024 0 0 0 0 0 1073741824 0 0 0 0 8192 1073741824 2064 8200 16384 0 1048578 0 578813952 256 2 0 2147483656 0 8192 0 96 0 512 0 0 0 0 0 0 0 0 0 0 0 0 0 0 0 0 0 0 16 0 0 0 0 0 0 0 0 33554432 1024 0 1026 34078848 15 15 0 0 0 0 0 0 0 1053696 0 0 0 0 134217728 0 1024 0 0 1073741824 0 0 0 1074790416 268435456 0 0 0 0 1073741825 16 8204 0 0 0 0 8388608 0 32768 49152 2147483648 0 8192 8192 32 0 512 0 0 0 0 0 0 0 0 0 0 0 0 0 0 0 0 0 0 16 0 268435456 8 0 0 0 0 1 1073741824 0 0 0 34078720 65536 16777216 0 2048 0 1048576 524304 0 0 0 0 0 0 0 0 0 0 0 0 0 128 131072 0 128 0 0 278528 128 536870912 4 0 0 0 2048 32768 0 1073741824 67108864 0 536870912 0 0 570425344 4194304 5120 0 0 0 0 0 0 0 0 0 0 0 8388608 0 0 0 0 0 0 0 0 256 0 0 0 0 0 134348801 1073741824 0 0 2097152 0 2 65536 4096 0 0 0 0 4194304 0 0 0 0 0 0 0 0 0 0 0 0 0 0 1073741824 268435456 0 0 16384 0 1073741824 0 8204 16384 524288 0 278528 32768 0 2 32768 2147483648 0 24576 4202496 32 4194304 544 0 0 0 0 0 1048576 0 0 134217730 0 0 128 0 0 0 0 0 0 0 0 268435456 0 0 0 0 0 0 0 0 0 1024 15 0 2097152 0 32 0 0 2097152 134217728 0 0 0 0 0 0 1024 0 0 0 0 0 4096 0 268435456 4097 0 49152 2048 0 0 0 0 0 536870912 33554433 1 264 64 0 1073741824 65536 134217728 8 0 65536 8388608 0 0 0 0 0 0 0 0 0 0 0 0 0 0 0 0 0 0 0 0 0 0 0 0 0 268435456 0 0 2147483648 0 67108864 0 4194304 2147483648 0 0 0 0 0 2097152 0 0 0 0 0 0 4194304 1024 0 0 0 0 0 0 0 1024 0 131072 0 0 0 1073741824 0 2048 0 16384 0 0 16 8 1 75497984 0 0 0 0 2 0 2147483648 0 0 0 33554464 262144 4128 0 0 0 0 0 0 0 0 0 0 0 0 0 0 0 0 0 2097152 0 0 268451840 8 67108864 0 0 0 67108864 0 0 0 2097152 384 2 132096 0 2097152 65536 2 3221225472 0 0 0 0 2 0 0 2048 0 0 0 0 0 0 536875008 0 134218752 66048 0 0 0 33619968 33554432 0 0 32768 75497472 0 263168 0 0 270532608 0 0 33554432 0 0 131072 1048576 32768 0 0 2147483648 0 0 0 0 0 0 0 0 0 0 0 0 0 0 0 0 4194308 0 0 0 0 0 262144 0 0 524288 0 33554432 0 0 0 64 1 0 0 0 0 0 134217728 0 0 0 0 0 0 0 0 1073741840 268435456 2048 0 16384 0 1610612736 16 8196 16384 524288 0 1 8421376 256 32768 32768 0 0 0 4202496 570425904 65536 0 0 0 0 0 0 0 0 0 0 0 0 0 0 0 0 0 0 0 0 0 268435456 0 0 4096 15 1073872896 512 0 2048 1073741824 0 4194304 0 0 0 4194304 0 0 0 0 0 268435456 0 0 8192 0 1073741824 0 0 0 16384 0 1073741825 16 0 0 0 0 0 32768 0 2 2147483648 2147483648 0 0 4194304 32 0 268435968 16 0 0 0 0 1024 2147483648 0 0 0 66048 192 256 0 0 0 0 0 0 0 0 0 0 0 16777216 0 0 0 0 0 256 196608 512 0 2048 1073741824 0 4194304 0 0 0 0 0 0 0 0 0 0 0 0 0 0 1073741824 0 0 0 16384 0 0 0 12 0 0 0 1073741824 32768 256 2 0 2147483648 0 1056768 4194304 33554432 4194305 268435968 0 0 0 0 0 0 0 524288 0 0 0 128 0 0 0 0 0 0 0 0 0 0 16 0 16777216 1028 0 524288 0 0 0 524288 0 1024 524288 0 0 0 0 0 0 16777216 0 0 4194304 0 134217728 1048576 0 0 268435968 65536 0 0 0 67110912 0 0 0 0 0 64 262144 0 0 0 0 0 0 2048 0 33024 0 0 0 20971520 0 0 524288 0 0 1048576 1073741824 0 0 0 0 2 0 0 32 0 0 0 0 0 0 0 0 0 0 528 1 32768 0 67108864 512 0 0 64 2 0 139264
is_linear=0
shrinkage=0.05


Tree=9
num_leaves=31
num_cat=13
split_feature=20 20 20 20 19 20 16 6 0 16 6 0 6 0 16 19 0 17 0 16 1 20 0 0 5 17 0 5 0 0
split_gain=57617.2 8250.99 7958.14 1804.37 1588.15 1208.1 1062.24 714.247 666.914 468.104 452.614 416.538 386.511 349.847 348.034 328.066 312.483 273.381 268.896 242.242 314.172 233.396 218.74 218.182 208.85 206.528 194.15 178.656 175.561 219.757
threshold=4.2675781250000009 1.6962890625000002 11.875000000000002 43.078125000000007 7.3574218750000009 2.8398437500000004 3.5498046875000004 2.5000000000000004 0 1.5097656250000002 2.5000000000000004 1 2.5000000000000004 2 1.5097656250000002 2.2138671875000004 3 53.500000000000007 4 1.5097656250000002 5 0.76782226562500011 6 7 8 6.5000000000000009 9 10 11 12
decision_type=2 2 2 2 2 2 8 2 9 10 2 9 2 9 10 2 9 2 9 10 1 2 9 9 1 2 9 1 9 9
left_child=1 6 4 7 9 12 8 11 -1 27 26 -4 -3 -9 -7 19 -8 -5 -11 20 -10 -18 -12 -14 -20 -16 -6 -2 -21 -30
right_child=2 5 3 17 10 14 16 13 15 18 22 -13 23 -15 25 -17 21 -19 24 28 -22 -23 -24 -25 -26 -27 -28 -29 29 -31
leaf_value=1.1141609202194644 0.4217709029234451 0.040421842532714837 1.5190283191611567 2.7618866445580021 0.86220925888304389 0.19651761080441996 0.078537006916015575 0.94397407973393332 -0.13670030303867189 0.38188625638381057 0.70595141949473561 0.97289778783879943 0.65864449031750549 0.71854036661831122 0.05065561932004492 0.042225484416015618 -0.17117488194492184 7.2134649997326541 0.16300249383681625 0.20168055093775614 -0.026194302257421854 -0.071462993083984433 0.34709194949866995 -0.0066704096777343569 0.093986723769991218 0.13938344669729111 0.50067023969677671 0.30067848064272201 0.10104432651591261 -0.086700303038671891
leaf_weight=19311 122947 494191 23186 7990 8640 243081 58371 54264 346546 28569 16852 51930 4496 133126 575529 123940 10551209 9909 220980 15698 645699 1649966 238377 1226286 165059 74665 93872 163637 40698 4909656
leaf_count=19311 122947 494191 23186 7990 8640 243081 58371 54264 346546 28569 16852 51930 4496 133126 575529 123940 10551209 9909 220980 15698 645699 1649966 238377 1226286 165059 74665 93872 163637 40698 4909656
internal_value=-0.00101993 -0.00166182 0.00903462 0.0165244 0.00705131 0.000964033 -0.00203626 0.0154771 -0.00149719 0.00566823 0.00976222 0.0195965 0.000191143 0.0138258 0.00245654 -0.00152665 -0.00230456 0.0318846 0.00459417 -0.00157961 -0.000866382 -0.00232202 0.0086351 -0.000283117 0.00424739 0.00185308 0.0125685 0.00722211 -0.00172212 -0.00173886
internal_weight=2.23187e+07 2.09793e+07 1.33934e+06 280405 1.05893e+06 2.61825e+06 1.83611e+07 262506 6.10155e+06 701192 357741 75116 1.72497e+06 187390 893275 6.08224e+06 1.22595e+07 17899 414608 5.9583e+06 992245 1.22012e+07 255229 1.23078e+06 386039 650194 102512 286584 4.96605e+06 4.95035e+06
internal_count=22318680 20979342 1339338 280405 1058933 2618248 18361094 262506 6101548 701192 357741 75116 1724973 187390 893275 6082237 12259546 17899 414608 5958297 992245 12201175 255229 1230782 386039 650194 102512 286584 4966052 4950354
cat_boundaries=0 79 158 235 320 399 400 479 545 546 625 626 703 772
cat_threshold=65544 0 524288 0 0 0 0 0 0 0 0 0 0 0 0 0 0 0 0 0 0 1073741824 0 0 0 0 8192 1073741824 16 8204 16384 0 0 2048 8421376 0 2 0 2147483656 0 24576 4194304 570425440 0 512 0 0 0 0 0 0 0 0 0 0 0 8388608 0 0 0 0 0 0 0 0 268435456 0 0 0 0 0 0 33554432 0 0 2 524288 0 9216 0 0 0 0 0 0 0 0 0 0 0 0 134217728 0 0 0 0 0 0 0 0 1073741840 268435456 262144 0 16384 0 1073741825 2064 8196 16384 0 0 2048 8388608 0 32770 49152 0 0 8192 4202496 32 0 512 0 0 0 0 0 0 0 0 0 0 0 0 0 0 0 0 0 0 0 0 268435456 8 0 0 0 0 67108865 33554432 0 0 0 34078720 0 2147483648 1024 0 0 0 0 0 0 4096 0 0 0 0 134217728 0 0 0 268435456 1073741824 0 0 0 1073741840 268435584 0 0 0 0 1073741825 16 8192 0 0 0 0 8388608 0 32768 49152 2147483648 0 8192 8192 96 0 544 0 0 0 0 0 0 0 0 0 0 0 0 0 0 0 0 0 0 16 0 0 8 0 0 0 0 1 1073741824 1024 0 1024 34078720 1024 2097152 0 0 0 64 0 134217728 0 0 0 0 0 0 1024 0 0 0 262144 0 4096 0 268435456 4097 0 49152 3072 0 0 0 1048576 0 536870912 33554433 1 8 64 1048580 1073741824 65536 134217728 8 262144 65536 8388608 0 0 0 0 0 0 0 0 0 0 0 0 0 0 0 0 0 0 0 0 0 0 0 0 0 268435456 0 0 0 0 0 0 0 0 0 0 0 0 0 2097152 8 512 0 2080 0 512 2097152 0 0 0 0 0 0 1048576 0 0 0 131072 0 0 0 1073741824 0 0 0 16384 0 1073741825 0 8192 2 0 0 1073741824 32768 262144 0 16384 8 1 1064960 4202498 0 0 4096 0 0 0 0 0 0 0 0 0 0 0 0 0 0 0 0 0 0 0 0 0 0 0 0 16785416 0 0 524288 0 0 0 4194304 0 4 80 8 512 0 0 0 0 4194304 0 0 0 4194304 0 0 0 0 0 0 1073741824 0 0 0 1073741824 301989888 0 1048576 0 0 0 16 8 16384 0 0 262145 8388608 8 2 49152 2147483648 0 0 2 33554464 262144 4608 0 0 0 0 0 0 2147483648 0 0 0 0 0 0 0 0 0 0 0 0 0 0 0 67108864 0 16777216 0 0 0 0 0 256 2 0 4 65536 0 524288 2 0 0 4194304 0 0 0 0 0 0 0 0 0 0 1073741824 0 0 0 1073741824 268435456 0 0 16384 16384 1610612736 16 12 16384 0 0 1 32768 0 32770 32768 2147483648 0 8192 4194304 33554944 0 512 16 4096 0 0 0 0 0 0 0 0 65536 128 256 0 0 0 0 0 0 0 268435456 15 0 512 0 0 0 0 4194304 0 0 0 0 0 0 0 0 0 0 0 0 67108864 0 1073741824 268435456 0 0 0 8192 0 16 8 0 67109376 0 264193 8421376 8 2 32768 0 0 0 4194304 536871456 0 512 0 0 0 0 0 0 0 0 0 0 0 0 0 0 0 0 0 0 65536 0 268451840 8 0 4096 8388608 0 0 0 0 0 0 0 0 132100 13 0 512 0 2048 0 0 0 16777216 0 0 0 0 134219776 1048576 128 1024 0 196608 512 0 0 131072 0 0 1048576 0 33554432 32 536870912 0 32768 532992 0 16384 0 4194304 0 32768 0 1 0 0 528 262144 4096 0 0 0 1073741824 0 0 0 0 0 0 0 0 0 0 0 0 0 0 0 131072 16384 0 0 0 0 0 0 0 0 0 0 2 33554432 0 2 16 0 512 0 0 0 0 0 128 0 0 0 0 131584 0 0 0 0 8192 536870912 8388608 0 0 2097172 4194304 256 256 0 0 0 32 0 256 2228225 0 0 536870912 1048592 2 4194304 0 8388640 0 0 0 0 0 0 0 0 0 0 0 0 0 0 0 0 0 16777216 0 4 0 0 512 4096
is_linear=0
shrinkage=0.05


Tree=10
num_leaves=31
num_cat=16
split_feature=20 20 19 20 19 16 20 0 6 5 17 6 16 19 0 0 0 20 0 0 16 0 0 0 0 0 0 0 0 0
split_gain=48655.2 6921.3 6793.34 2098.73 1145.45 1044.78 1011.07 555.788 526.173 446.759 434.498 346.472 314.393 310.45 306.786 292.311 284.145 243.816 243.302 223.485 221.345 215.468 211.276 228.884 205.745 191.361 173.573 167.826 171.818 166.222
threshold=4.0878906250000009 1.6606445312500002 15.500000000000002 7.3378906250000009 53.062500000000007 3.5498046875000004 2.6962890625000004 0 2.5000000000000004 1 7.5000000000000009 2.5000000000000004 1.1000976562500002 1.6425781250000002 2 3 4 0.80346679687500011 5 6 1.9750976562500002 7 8 9 10 11 12 13 14 15
decision_type=2 2 2 2 2 8 2 9 2 1 2 2 10 2 9 9 9 2 9 9 10 9 9 9 9 9 9 9 9 9
left_child=1 5 3 10 8 7 15 -1 14 18 12 29 -2 21 -4 -3 -7 -18 -5 -10 -17 -9 -23 -24 -13 -25 -14 -27 -29 -8
right_child=2 6 4 9 -6 16 11 13 19 -11 -12 24 26 -15 -16 20 17 -19 -20 -21 -22 22 23 25 -26 27 -28 28 -30 -31
leaf_value=1.0890319084154649 0.31480971901439703 0.79042182170647945 1.6886571406575979 0.83070834932182036 6.4390392115342259 0.074898267709277419 0.70234804248002569 0.28547063533233541 1.1524616213792989 0.37327327005964483 0.27563672771193781 0.50296935329350489 0.3900601933080135 -0.0078529779320508208 1.0287483329412703 0.04171073240109862 -0.16261613784767573 -0.067889843429785213 0.47449552607824164 0.74531628227853863 -0.013839995682387541 0.26242774444423594 0.17258407634933737 0.11859589956898323 0.051153002641445025 0.10042119960804574 0.11403816418417825 0.081263604123027341 -0.085390587925800787 0.11668973810794898
leaf_weight=18813 192336 5032 20220 30599 12019 58395 3844 19411 41807 186851 188757 7581 19160 422397 29956 426127 10667296 1502767 219099 82925 1240975 24730 32256 31121 676028 32656 391950 38884 5424201 270487
leaf_count=18813 192336 5032 20220 30599 12019 58395 3844 19411 41807 186851 188757 7581 19160 422397 29956 426127 10667296 1502767 219099 82925 1240975 24730 32256 31121 676028 32656 391950 38884 5424201 270487
internal_value=-0.00108613 -0.00169368 0.00788449 0.00653356 0.0167647 -0.00203885 0.000704491 -0.0015011 0.0157387 0.00931723 0.00499959 0.00199971 0.00434469 -0.00152789 0.0200626 -3.75185e-05 -0.00230466 -0.00232136 0.0107015 0.0139994 -7.38739e-05 -0.00162643 -0.00164471 -0.00166522 0.00139733 -0.00168974 0.00356407 -0.00171188 -0.00173324 0.00350078
internal_weight=2.23187e+07 2.0903e+07 1.41568e+06 1.22875e+06 186927 1.82729e+07 2.63007e+06 6.04447e+06 174908 436549 792203 957940 603446 6.02566e+06 50176 1.67213e+06 1.22285e+07 1.21701e+07 249698 124732 1.6671e+06 5.60326e+06 5.58385e+06 5.55912e+06 683609 5.52686e+06 411110 5.49574e+06 5.46308e+06 274331
internal_count=22318680 20903001 1415679 1228752 186927 18272927 2630074 6044469 174908 436549 792203 957940 603446 6025656 50176 1672134 12228458 12170063 249698 124732 1667102 5603259 5583848 5559118 683609 5526862 411110 5495741 5463085 274331
cat_boundaries=0 79 80 159 236 321 400 477 554 633 710 805 863 955 1029 1107 1202
cat_threshold=8 0 524288 2 0 0 0 0 0 0 0 0 0 0 0 0 0 0 0 0 0 1073741824 0 0 0 0 8192 1073741824 2064 8204 16384 0 2 2048 41975808 0 2 0 2147483656 0 8192 0 536871008 0 512 0 0 0 0 0 0 0 0 0 0 0 8388608 0 0 0 0 0 0 0 0 268435456 0 0 0 0 0 0 33554432 0 0 2 524290 0 1024 15 0 0 0 0 0 0 0 0 0 0 0 0 134217728 0 0 0 0 0 0 0 0 1073741840 268435456 0 0 0 0 1073741825 16 8204 16384 0 0 2048 41943040 0 32770 49152 2147483656 0 8192 4202496 32 0 512 0 0 0 0 0 0 0 0 0 0 0 0 0 0 0 0 0 0 0 0 0 0 0 0 0 0 1 1107296256 1024 0 2 524288 0 2147483648 0 0 524288 2 1073741824 0 4194304 0 0 0 0 0 134217728 0 0 0 0 1073741824 0 0 0 1073741824 268435456 0 0 16384 0 1610612736 16 12 16384 0 0 0 32768 256 32768 0 8 0 8192 4194304 33554976 0 512 16 0 0 0 0 0 0 0 0 0 65536 128 256 0 0 0 0 0 0 0 268435456 0 0 4096 0 0 0 0 0 0 0 2 1024 2097152 0 0 0 64 0 134217728 0 0 0 0 0 0 1024 0 0 0 262144 0 4096 0 268435456 4097 0 16384 3072 0 65536 0 1048576 0 536870912 1 0 8 64 1048580 1073741824 65536 134217728 8 262144 65536 8388608 0 0 0 0 0 0 0 0 0 0 0 0 0 0 0 0 0 0 0 0 0 0 0 0 0 268435456 0 0 0 0 0 0 4194304 2147483648 0 0 0 0 0 2097152 0 0 0 0 0 0 4194304 0 0 0 0 0 0 0 0 0 0 131072 0 0 0 1073741824 268435456 67108864 0 16384 0 0 2064 8 0 75497472 0 0 8421376 0 2 0 2147483648 0 8192 4194304 32 0 4640 0 0 0 0 0 0 0 0 0 0 0 0 0 0 0 0 0 0 0 0 268451840 8 0 1 0 0 0 0 0 0 2153776128 256 0 2147614720 0 0 0 0 0 0 0 1052672 0 0 4194304 0 134217728 0 1024 0 0 1073741824 0 0 0 1073741840 268435456 0 0 0 16384 1073741825 16 12 0 0 0 2048 8388608 0 0 49152 2147483648 0 8192 4194304 0 0 544 0 0 0 0 0 0 2147483648 0 0 0 0 0 0 0 0 0 0 0 16 0 0 8 0 0 0 0 1 1073741824 1024 0 2 524288 0 512 0 0 0 0 16 16777216 0 0 0 0 0 0 0 0 0 131072 0 0 8 131072 65536 0 0 0 33570816 536871008 536870912 0 0 8396800 0 0 0 0 1140850688 0 0 1 16384 4195328 33685520 0 1024 2048 0 0 0 0 0 0 0 0 0 2097152 131072 0 0 0 0 0 0 16 0 16384 0 0 0 0 0 0 0 1024 0 0 128 65536 0 1048576 2048 0 0 0 0 0 0 0 0 0 0 128 0 0 1073807360 0 4096 0 1024 0 0 0 0 0 0 0 0 0 67633152 1 1024 4194304 0 0 32768 0 0 0 0 1049088 262144 0 32784 128 2147483648 0 0 1024 0 512 134219778 0 65536 0 0 0 0 0 0 0 0 131072 0 0 512 0 0 0 0 0 0 0 1088 0 0 8192 1073741824 0 0 16 0 0 4194304 0 0 0 4194304 0 134217728 0 0 0 0 0 0 33554432 0 67108864 0 8389120 0 2147483648 0 0 262400 67108864 32777 16777216 0 262144 0 4261888 0 256 0 536870912 0 0 4096 4 135168 0 0 1048576 1073741824 0 0 0 0 0 0 0 32 256 0 0 0 0 0 0 0 0 0 0 0 0 0 0 0 0 0 0 33554432 65536 0 0 0 0 4096 4194304 0 0 0 0 0 134217728 0 0 0 0 0 0 0 0 1074790400 268435456 0 0 16384 0 1073741824 0 8204 16384 524288 0 0 32768 0 2 32768 2147483648 0 16384 4202496 32 0 512 16 0 0 0 0 1048576 0 2097152 2 0 0 128 256 0 0 0 0 0 0 0 268435456 0 0 0 0 0 0 0 0 0 1024 0 0 0 0 0 0 0 0 0 0 0 0 0 0 0 0 0 0 8388608 524288 0 0 16384 0 0 0 128 0 0 0 0 0 1048580 0 268435456 268435968 0 0 536879104 0 67600 0 0 0 0 0 0 2 0 0 0 0 0 2 0 270532736 2151677954 0 33554432 0 0 0 1 524292 268435456 1073741824 0 0 0 2 0 0 0 4096 512 128 4 8 520 2 2080 0 544 2097152 0 0 0 0 0 0 1048576 0 0 0 0 0 0 0 1073741824 0 0 1048576 16384 0 1073741825 0 8196 0 0 0 1073741824 32768 0 32768 0 0 1 0 4202498 34603040 4194304 0 0 0 0 0 0 0 0 0 0 0 0 0 0 0 0 0 0 0 0 0 0 0 0 0 16777216 0 0 524288 0 0 0 4194304 0 0 0 0 0 0 0 0 0 0 0 0 0 0 512 0 4096 0 0 2155872320 512 524288 0 0 0 0 128 0 0 0 1024 131072 0 0 0 0 8192 2097664 128 0 0 144 0 0 0 0 0 0 0 0 0 0 0 0 0 1048576 0 4194304 4194304 8388896 67108864 0 0 0 0 0 536870912 2097152 2621440 0 0 0 0 0 0 0 0 0 0 0 4 0 16 4096 0 1024 67108864 0 524288 0 18874368 2 0 1073741824 1048576 8388608 4096 0 0 0 0 0 0 0 0 2 0 0 0 0 64 536870912 0 262144 0 4 0 0 8388866 16777216 0 0 0 0 0 131073 67108864 1024 0 16777232 2 0 1048576 0 0 0 0 0 0 0 0 0 0 524288 0 64 0 0 0 0 0 0 0 4 0 0 0 0 33554432 0 134217728 262144 0 32768 0 0 2 65536 0 0 0 0 0 4194304 0 0 0 0 0 0 0 0 0 0 131072 0 0 0 1140850688 268435456 0 0 16384 0 1073741824 2048 12 0 67108864 0 262144 33587200 256 2 32768 2147483648 0 8192 4202496 0 0 512 2048 0 0 0 0 0 0 0 0 0 0 128 0 0 0 0 0 0 16 0 0 0 0 0 0 0 0 1073741824 0 0 132096 33554432 0 131072 0 0 0 0 0 0 0 0 0 0 0 0 0 0 0 8388608
is_linear=0
shrinkage=0.05


Tree=11
num_leaves=31
num_cat=10
split_feature=20 19 20 20 19 16 20 6 0 6 0 6 6 6 19 19 0 20 19 16 1 16 0 0 16 0 0 19 0 0
split_gain=41426.3 7353.89 4536.1 1793.58 1477.95 1027.24 645.499 506.245 475.659 381.852 363.661 353.721 333.383 304.335 295.933 271.144 266.984 231.775 216.752 215.206 189.441 335.474 175.667 172.109 172.074 170.135 163.726 157.27 155.604 152.621
threshold=3.3037109375000004 10.500000000000002 1.6250000000000002 5.6621093750000009 22.648437500000004 3.5498046875000004 62.984375000000007 2.5000000000000004 0 2.5000000000000004 1 2.5000000000000004 2.5000000000000004 2.5000000000000004 1.3574218750000002 3.7861328125000004 2 0.76782226562500011 3.3564453125000004 1.1000976562500002 3 1.5097656250000002 4 5 1.1000976562500002 6 7 2.6435546875000004 8 9
decision_type=2 2 2 2 2 8 2 2 9 2 9 2 2 2 2 2 9 2 2 10 1 10 9 9 10 9 9 2 9 9
left_child=2 3 5 11 12 8 9 18 -1 -6 25 23 -3 -12 20 24 -7 -18 -4 -13 -10 -22 -14 -2 -9 -5 -21 -16 -15 -23
right_child=1 4 7 10 6 16 -8 15 14 -11 13 19 22 28 27 -17 17 -19 -20 26 21 29 -24 -25 -26 -27 -28 -29 -30 -31
leaf_value=1.0345803129946918 0.55160727149763478 0.73541092214428427 0.032253180463635948 6.5777892989086482 1.7310333863845717 0.071055086952547794 7.8652700889164509 0.055748018334925535 -0.12559575849044827 1.1325376701104817 0.36606026523728019 0.22206400910652119 0.75680096804278163 0.57051910411366025 -0.028616866480682648 0.094914126408912489 -0.15448533095529196 -0.064495351258295933 0.13564703990242846 0.28608563223650174 -0.031121058529510748 0.20620774478681564 0.46832318936577738 0.16830453273381832 -0.022661130003478337 0.61504048733594563 0.062073202989675141 0.10767218141798925 0.21931660808000042 -0.078095758490448253
leaf_weight=18869 7509 78080 574490 620 24039 57552 7065 196679 1125714 59844 146730 178572 30106 38467 670218 102167 10550311 1587944 79057 17707 536613 17653 164358 260381 1328436 42656 470949 43318 328204 3574372
leaf_count=18869 7509 78080 574490 620 24039 57552 7065 196679 1125714 59844 146730 178572 30106 38467 670218 102167 10550311 1587944 79057 17707 536613 17653 164358 260381 1328436 42656 470949 43318 328204 3574372
internal_value=-0.00113225 0.00602189 -0.00178087 0.00446801 0.0123991 -0.00204453 0.0179183 0.000320991 -0.00150813 0.0166958 0.00671504 0.00313036 0.0105573 0.00634355 -0.00153319 -0.000151084 -0.00230784 -0.00232394 0.00149642 0.00251418 -0.00166294 -0.00150616 0.00944925 0.00466507 -0.000318132 0.0111181 0.00197135 -0.000577743 0.00557359 -0.00168037
internal_weight=2.23187e+07 1.85529e+06 2.04634e+07 1.4918e+06 363492 1.81826e+07 90948 2.28083e+06 5.98676e+06 83883 556677 935118 272544 513401 5.96789e+06 1.62728e+06 1.21958e+07 1.21383e+07 653547 667228 5.25435e+06 4.12864e+06 194464 267890 1.52512e+06 43276 488656 713536 366671 3.59202e+06
internal_count=22318680 1855287 20463393 1491795 363492 18182564 90948 2280829 5986757 83883 556677 935118 272544 513401 5967888 1627282 12195807 12138255 653547 667228 5254352 4128638 194464 267890 1525115 43276 488656 713536 366671 3592025
cat_boundaries=0 79 158 243 244 323 402 424 501 578 650
cat_threshold=8 0 524288 2 0 0 0 0 0 0 0 0 0 0 0 0 0 0 0 0 0 1073741824 0 0 0 0 24576 1073741824 536872976 8204 16384 0 2 2048 41975808 0 2 0 2147483656 0 8192 4194304 96 0 512 0 0 0 0 0 0 0 0 0 0 2097152 8388608 0 0 0 0 0 0 0 0 0 0 0 0 0 0 0 33554432 0 0 2 0 0 1024 131080 512 0 2 0 0 4194304 0 0 0 0 0 0 0 0 0 0 0 0 0 0 1073741824 268435456 0 0 16384 0 1 16 12 0 8388608 0 0 8421376 0 2 16384 2147483648 0 0 4194304 33554464 4456448 4608 0 4096 0 0 0 0 0 524288 0 0 0 128 0 0 0 0 0 0 0 0 0 0 67108864 0 0 0 0 0 0 0 256 256 0 4 1024 2097152 0 0 0 64 0 134217728 0 0 0 0 0 0 1024 0 0 0 262144 0 4096 0 268435456 4097 0 49152 3072 0 65536 0 1048576 0 536870912 33554433 0 8 64 1048580 1073741824 65536 134217728 0 262144 65536 8388608 0 0 0 0 0 0 0 0 0 0 0 0 0 0 0 0 0 0 0 0 0 0 0 0 0 268435456 0 0 0 0 0 0 0 2147483648 0 0 0 0 0 2097152 80 1024 0 0 0 0 0 0 0 0 0 4194304 0 0 0 0 0 268435456 0 0 0 0 1073741824 268435584 0 0 0 0 0 16 8200 268451840 0 0 262145 32768 0 0 16384 2147483648 0 8192 2 96 0 512 0 0 0 0 0 0 0 0 0 0 0 128 0 0 0 0 0 0 16 0 0 8 0 0 0 0 67108865 0 0 0 4195328 33554690 0 4 65536 512 524288 32 524288 0 4194320 0 0 0 0 0 0 0 0 0 0 131072 0 0 0 0 0 0 0 16384 0 1073741825 0 4 0 0 0 0 32768 65536 2 32768 2147483648 0 8192 4202496 0 4194305 512 0 0 0 0 0 0 0 0 0 0 0 128 0 0 0 0 0 0 0 0 0 0 0 0 0 4 67108864 1074003968 0 0 64 33554432 0 2147614720 0 0 0 0 0 0 0 0 0 0 0 0 0 0 0 0 0 0 0 0 0 1073741824 0 2097664 0 2048 64 576 524288 0 0 0 0 0 0 0 0 0 0 0 0 0 0 1073741824 268435456 0 0 16384 0 1090519041 0 8196 32768 0 0 16384 32768 0 0 32768 0 1 16384 4202498 32 4194304 0 1024 0 0 0 2048 0 0 0 0 0 0 0 0 0 0 0 0 0 0 0 268435456 0 0 0 8 0 0 0 0 0 0 4456448 1024 0 2097152 2048 0 0 0 0 0 0 0 0 0 0 0 1024 268435456 0 0 0 8 67108864 0 67108864 1048576 0 16384 0 0 0 0 0 0 0 4202496 0 128 256 0 0 0 1026 0 0 32 32784 0 0 0 0 1049600 2147483776 0 2 0 66048 8388704 0 0 0 0 0 0 16777216 0 0 0 0 0 0 0 0 0 0 0 64 4194304 0 512 0 2064 0 0 0 0 0 0 0 0 134217728 0 128 0 512 196608 0 0 0 131072 0 8388608 1048576 0 33554448 32 256 0 0 532480 0 0 0 0 0 32768 0 570425344 16384 0 570425360 262144 4096 0 0 0 1073741824 0 0 0 0 0 0 0 0 0 0 0 0 0 16777216 0 131072 268451840 0 0 0 0 0 134217728
is_linear=0
shrinkage=0.05


Tree=12
num_leaves=31
num_cat=15
split_feature=20 19 20 17 20 20 20 18 18 16 0 0 19 16 6 0 0 6 6 0 0 0 0 0 0 0 0 0 0 3
split_gain=34696.4 6008.04 4021.16 1389.66 1298.69 871.221 430.748 428.456 411.539 345.175 403.289 340.103 325.644 298.669 260.659 223.403 208.465 207.011 199.277 199.163 222.322 191.854 189.942 180.476 171.361 163.246 157.588 152.415 152.188 149.556
threshold=3.2324218750000004 9.6406250000000018 1.6250000000000002 30.500000000000004 5.2675781250000009 0.58911132812500011 2.2675781250000004 18.500000000000004 60.500000000000007 3.3906250000000004 0 1 2.3564453125000004 1.2597656250000002 2.5000000000000004 2 3 2.5000000000000004 2.5000000000000004 4 5 6 7 8 9 10 11 12 13 14
decision_type=2 2 2 2 2 2 2 2 2 8 9 9 2 10 2 9 9 2 2 9 9 9 9 9 9 9 9 9 9 1
left_child=2 4 5 7 13 9 27 23 24 10 -1 -6 17 -2 -13 29 -8 -7 -18 -17 -21 -15 -11 -3 -5 -24 -16 -4 -22 -12
right_child=1 3 6 8 11 12 16 -9 -10 22 15 14 -14 21 26 19 18 -19 -20 20 28 -23 25 -25 -26 -27 -28 -29 -30 -31
leaf_value=1.0763828091129382 0.21747656208139055 0.81741481165614671 1.1980716727322531 1.584168824407663 0.70939854522280399 -0.030207657423347724 0.64158043986636626 0.78993097553756919 6.0875762847234869 0.10323893559247264 1.0022722631379835 0.31187233497097006 0.056936331304618906 0.30422276921399183 0.46246551872189817 0.35833931767817589 0.066023333940454218 -0.073646153070381096 0.012612696185757333 0.2394986460423239 0.17282675390165791 0.065741692359889067 0.0032389355924726361 0.42334254627543305 1.0748292585001176 -0.14676106440752737 0.18448363038718921 -0.015113003298778738 -0.11965470494092578 0.12843009466695285
leaf_weight=9796 246499 32839 2676 25419 44179 1373060 6346 96180 9565 21579 2052 158716 106124 19761 40677 12862 282415 3423807 702783 18998 15675 621300 45060 228252 25796 10002401 356114 1236599 3142744 8406
leaf_count=9796 246499 32839 2676 25419 44179 1373060 6346 96180 9565 21579 2052 158716 106124 19761 40677 12862 282415 3423807 702783 18998 15675 621300 45060 228252 25796 10002401 356114 1236599 3142744 8406
internal_value=-0.00111369 0.0053392 -0.00171598 0.010635 0.0038506 -0.00196178 0.000287496 0.00944597 0.0176242 -0.00217209 -0.00172064 0.0056481 -0.00139219 0.0026361 0.00531196 -0.00175165 0.00106424 -0.0014528 0.00100598 -0.00177558 -0.00180072 0.00206735 -0.00231603 0.00839505 0.0158462 -0.00232609 0.00462705 -0.000333976 -0.00183316 0.00554117
internal_weight=2.23187e+07 1.9053e+06 2.04134e+07 418051 1.48725e+06 1.81826e+07 2.23082e+06 357271 60780 1.32796e+07 3.21053e+06 599686 4.90299e+06 887560 555507 3.20074e+06 991544 4.79687e+06 985198 3.19028e+06 3.17742e+06 641061 1.0069e+07 261091 51215 1.00475e+07 396791 1.23928e+06 3.15842e+06 10458
internal_count=22318680 1905297 20413383 418051 1487246 18182564 2230819 357271 60780 13279573 3210533 599686 4902991 887560 555507 3200737 991544 4796867 985198 3190279 3177417 641061 10069040 261091 51215 10047461 396791 1239275 3158419 10458
cat_boundaries=0 78 155 235 301 381 473 550 629 708 787 863 942 1021 1096 1097
cat_threshold=8 0 0 0 0 0 0 0 0 0 0 0 0 0 0 1024 0 0 0 0 0 1207959552 0 128 0 0 262144 1107296256 16 0 16384 0 0 0 8388608 256 2 0 2147483656 536870912 8192 0 96 0 512 0 0 0 0 0 0 0 0 0 0 0 0 0 0 0 0 0 0 16 0 256 0 0 0 0 262144 0 1107296768 0 0 2147484672 34078848 2 1073741832 512 0 0 0 0 4194304 0 0 0 0 0 0 0 0 0 268435456 0 0 0 0 1140850688 268435456 0 0 16384 0 1073741825 16 12 0 0 0 0 8421376 0 2 16384 2147483648 0 0 4195328 32 262144 4608 2048 0 0 0 0 0 2147483648 524288 0 0 65536 128 0 0 0 0 0 0 0 0 0 0 67108864 0 0 0 0 0 0 0 0 4194304 0 18874880 0 0 3221225472 1048576 16 0 0 0 0 0 0 0 0 0 0 0 0 0 0 1024 537001984 0 0 0 73728 128 536870912 8 0 0 2 262144 536870912 0 0 67109120 0 0 0 0 0 2 0 0 0 2147483648 0 0 0 0 0 0 0 0 0 0 0 0 0 0 0 0 4194308 0 0 0 0 33554432 0 201457665 0 1024 0 2097152 0 0 0 1 1073872896 0 0 0 1073741824 0 4194304 0 0 0 0 0 0 0 0 0 0 1073741824 0 0 0 1073741824 268435456 67108864 0 16384 0 1073741824 0 12 16384 0 0 1 33587200 0 32770 0 2147483648 0 8192 4202496 33554976 0 512 16 0 0 0 0 0 0 0 2048 0 65536 128 256 0 0 0 0 0 0 0 268435456 0 0 0 0 0 0 0 0 0 2 0 0 0 0 0 0 0 0 0 4096 0 0 66048 0 0 0 33570816 64 0 8192 16777216 8388608 0 3072 33554432 0 1073741824 0 0 4 1081344 0 2048 4194304 37892 0 0 1048576 0 0 0 0 0 0 0 0 0 0 0 0 0 0 0 0 0 0 0 16 0 8421376 0 0 0 0 8192 66 0 0 131072 16 0 0 0 2048 0 1 0 0 0 0 0 0 0 0 0 0 0 0 0 570433664 0 67584 0 0 0 0 128 0 67373056 4 0 83886080 0 0 0 65536 0 2147483648 0 33554432 2097152 83886080 1179648 1048576 655360 0 0 0 0 0 0 0 0 0 0 0 8388640 0 0 0 0 0 16777216 0 0 4096 0 512 0 0 0 0 0 0 0 0 0 0 0 0 0 0 0 0 0 0 0 0 0 0 0 512 0 2097664 0 2048 64 4096 540672 1048576 0 0 0 0 0 0 0 0 0 0 0 0 0 1073741824 268435456 0 0 16384 0 3221225472 0 4 32768 8921088 0 16384 32768 0 0 32768 0 1 16384 4202496 96 4194304 0 0 0 0 0 0 0 0 0 0 0 0 0 0 0 0 0 0 0 0 0 268435456 0 0 0 0 4 0 0 8 0 0 262144 0 2097152 0 160 0 0 2097152 134217728 0 0 0 0 0 0 1024 0 0 0 0 0 0 0 276824064 1 0 49152 2048 0 1048576 0 0 0 0 0 1 8 64 0 1090519040 0 0 67108872 0 65536 0 0 0 0 0 0 0 0 0 0 0 0 0 0 0 0 0 0 0 4096 64 16 0 0 262144 0 268435456 0 0 2147483664 0 67108865 0 4194304 2147483648 0 0 0 0 0 0 0 0 0 0 4194304 0 0 0 0 0 268435456 0 0 0 0 1073741824 268435456 0 1 0 0 0 2064 8200 268451840 16777216 0 262145 37748736 0 2 0 2147483648 0 8192 2 32 262144 512 0 0 0 0 0 0 2147483648 0 0 0 0 0 0 0 0 0 0 0 0 0 0 8 0 0 0 0 67108864 1073741824 0 0 4195328 258 0 131072 0 0 0 0 0 0 0 0 0 0 0 0 134217728 0 1024 0 0 1073741824 0 0 0 1073741840 268435456 0 0 0 8192 1610612737 0 8204 16384 0 0 2048 8388608 8 0 49152 2147483656 0 8192 4202496 536870976 0 512 0 0 0 0 0 0 0 0 0 0 0 0 0 0 0 0 0 0 16 0 0 0 0 0 0 0 1 0 1024 0 2 0 0 1024 16 0 0 0 0 1082130432 0 0 0 0 0 0 0 0 0 0 0 0 262144 0 4096 524416 0 4096 0 0 16 32 16777216 0 1074790400 0 536870912 33554433 0 256 0 1048580 2048 0 134217728 0 262144 2097152 0 0 524288 0 0 0 0 0 2 0 0 32 0 0 0 0 0 0 0 20971520 0 0 0 0 0 2048 0 0 0 4 0 524292 655360 0 524288 2 0 0 0 4224 0 0 0 0 0 0 8388608 0 0 1073741824 0 0 8 0 0 0 0 0 16384 4194304 0 8192 0 8388608 1 0 4194304 65536 0 256 0 0 0 0 0 0 32 32784 4096 0 0 0 1024 0 69206016 2 0 512 8388640 256 0 0 0 0 0 0 0 0 0 0 0 8388608 0 0 0 0 0 256 0 0 4 66560 0 0 0 0 0 4194304 128 0 0 0 0 134217728 0 0 0 0 0 512 0 0 1073741824 268435456 0 0 16384 16384 1610612736 16 12 16384 0 0 0 41975808 0 0 32768 8 0 8192 4195328 33554464 0 512 0 0 0 0 0 0 0 0 0 0 65536 128 256 0 0 0 0 0 0 0 268435456 0 0 0 0 0 0 0 0 0 0 0 0 8192 0 256 0 2 256 0 540672 1024 0 0 64 128 0 0 0 0 268435456 0 0 0 128 131072 0 8388608 0 0 0 2147483648 0 0 128 0 0 0 8192 4194304 268435456 4227104 0 0 0 0 536875009 0 0 32784 0 0 0 0 0 536870912 0 0 0 0 131072 0 0 0 0 0 0 0 131072 4 0 0 0 65536 0 0 0 524288 32768 4
is_linear=0
shrinkage=0.05


Tree=13
num_leaves=31
num_cat=12
split_feature=20 20 20 19 19 20 16 0 17 16 6 19 1 16 6 17 16 0 19 0 0 6 6 0 5 0 0 0 0 0
split_gain=30373.7 4994.91 3427.87 1314.11 787.493 703.189 514.807 511.819 494.659 373.768 302.016 294.173 257.108 340.799 254.953 242.49 240.265 219.464 218.259 209.214 192.273 191.086 184.879 179.179 176.312 164.719 152.373 140.49 172.931 152.577
threshold=3.1250000000000004 8.1601562500000018 1.0537109375000002 18.929687500000004 5.6425781250000009 2.0898437500000004 5.6503906250000009 0 67.500000000000014 1.0297851562500002 2.5000000000000004 1.6425781250000002 1 1.5097656250000002 2.5000000000000004 13.500000000000002 1.7851562500000002 2 6.5000000000000009 3 4 2.5000000000000004 2.5000000000000004 5 6 7 8 9 10 11
decision_type=2 2 2 2 2 2 8 9 2 10 2 2 1 10 2 2 10 9 2 9 9 2 2 9 1 9 9 9 9 9
left_child=2 4 6 10 9 16 7 -1 14 -2 26 12 13 -9 -5 -6 -4 -11 21 -8 -17 -7 -18 -12 -19 -14 -3 -15 -29 -30
right_child=1 3 5 8 15 18 19 11 -10 17 23 -13 25 27 -16 20 22 24 -20 -21 -22 -23 -24 -25 -26 -27 -28 28 29 -31
leaf_value=1.1497452959181127 0.22887398044107565 1.017624376549729 0.0053130291364213546 1.2672655216077537 0.20339032139761326 0.055683991714548187 0.010576988812849009 0.001801216082394594 6.5331974704873126 0.3191523889915735 0.79864025065172706 0.022874888958137964 0.19735799822585262 0.29419181356653351 0.88286845657167889 1.2445264017224089 -0.012318277740070993 0.083691012859912123 0.56235392608004175 -0.139423011187151 0.4246553761142024 0.0083887822811576918 -0.052347178057895107 0.33871650561658523 0.035532506100761641 -0.11367196969387949 0.49743003623615789 0.13476436354961488 0.088942609441346451 -0.07442160983271924
leaf_weight=14573 264492 12926 457242 32869 381894 338505 69844 306714 8591 24150 33031 107963 19210 12915 86692 3173 716362 426185 6411 8380918 40694 843268 1785339 250701 319488 2981623 100939 24125 29255 4238588
leaf_count=14573 264492 12926 457242 32869 381894 338505 69844 306714 8591 24150 33031 107963 19210 12915 86692 3173 716362 426185 6411 8380918 40694 843268 1785339 250701 319488 2981623 100939 24125 29255 4238588
internal_value=-0.00116623 0.00473596 -0.00174267 0.00891486 0.00323121 -0.000460119 -0.00207129 -0.00177655 0.0133179 0.0024862 0.00749567 -0.00179422 -0.00183098 -0.00159656 0.0124852 0.00504108 -0.000872697 0.00192907 0.000567327 -0.00234107 0.00856185 0.000517415 -0.00106532 0.00662269 0.00177705 -0.00219121 0.00967099 -0.00171129 -0.00172696 -0.00175082
internal_weight=2.23187e+07 1.98582e+06 2.03329e+07 525749 1.46008e+06 4.14713e+06 1.61857e+07 7.73497e+06 128152 1.03432e+06 397597 7.72039e+06 7.61243e+06 4.6116e+06 119561 425761 2.95894e+06 769823 1.18818e+06 8.45076e+06 43867 1.18177e+06 2.5017e+06 283732 745673 3.00083e+06 113865 4.30488e+06 4.29197e+06 4.26784e+06
internal_count=22318680 1985825 20332855 525749 1460076 4147127 16185728 7734966 128152 1034315 397597 7720393 7612430 4611597 119561 425761 2958943 769823 1188184 8450762 43867 1181773 2501701 283732 745673 3000833 113865 4304883 4291968 4267843
cat_boundaries=0 79 80 154 233 325 404 405 500 579 657 737 814
cat_threshold=66568 0 2097152 0 0 64 0 0 0 0 0 0 0 0 0 0 0 0 0 0 0 1073741824 268435456 0 0 16384 8192 1073741824 16 8200 16384 0 2 0 8388608 64 2 0 2147483656 0 8192 0 96 0 512 0 0 0 0 0 0 0 0 0 0 0 0 0 0 0 0 0 0 16 0 0 0 0 0 0 4 0 33554432 1024 0 1024 524416 0 1024 39 0 2097152 0 2080 0 4608 524288 1048576 0 0 0 0 0 1048576 0 0 0 0 0 0 0 1073741824 268435456 0 0 16384 0 1073741825 16 4 0 524288 0 16384 32768 0 0 32768 0 0 16384 4202496 32 4194304 4096 1024 0 0 0 0 0 0 0 0 0 2097152 32 0 0 0 0 0 0 0 0 268435456 0 0 0 0 4 0 4096 8 0 0 0 0 0 8388608 0 1048576 34816 0 0 0 8192 0 1024 0 0 524288 0 0 0 524288 0 0 0 0 2048 0 0 0 1048576 0 536870912 33554433 1 8 64 1048580 0 0 0 0 0 0 0 0 0 0 0 2048 0 0 2 0 0 0 0 0 0 0 0 0 4194304 0 0 0 0 0 32 2048 268435456 0 0 16809984 0 524289 0 4194304 2147549184 1073741824 0 0 0 0 0 4194304 1024 0 0 0 0 0 0 0 0 0 0 0 536870912 0 1073741824 268435456 1 0 16384 0 1610612736 272 8196 16384 0 536870912 1 32769 8 2 32768 2147483648 0 8192 4194304 32 262144 512 0 0 0 0 0 0 0 0 0 0 0 0 0 0 0 0 0 0 0 0 0 0 0 4096 0 0 0 0 0 0 256 0 0 1024 0 0 0 0 0 0 0 0 0 0 0 0 512 1024 0 0 0 0 0 0 0 0 0 0 0 0 0 0 0 0 0 0 4096 0 1073742848 268435456 0 0 0 16384 0 16 8 268435456 0 0 262144 4194304 0 2 0 2147483648 0 0 1026 96 262148 512 1024 0 0 0 0 0 2147483648 0 0 0 0 128 0 0 0 0 0 0 0 0 0 0 67108864 1 0 0 1 0 0 0 4194304 33554690 0 131076 15 0 0 0 0 0 0 0 0 0 0 0 0 0 0 0 0 0 0 0 0 0 0 0 0 0 0 0 0 0 0 0 0 0 0 0 0 0 0 0 0 0 0 0 0 0 268470288 1073741952 2148532224 1073741824 131072 1026 536870912 2097664 136316930 4096 2163200 8519840 260 0 0 0 0 0 0 0 0 0 0 0 0 0 0 0 0 0 0 0 0 0 0 0 0 0 0 0 0 0 0 1024 0 0 512 0 0 8 0 0 0 0 0 0 0 0 0 0 0 0 0 0 0 1024 0 0 0 67108864 0 1073741824 268435456 0 0 0 33554432 0 2064 8200 1 67108864 0 0 8388608 0 0 0 2147483648 0 8192 0 32 0 512 2048 0 0 0 0 0 0 0 0 0 0 0 0 0 0 0 0 0 65536 0 268451840 8 0 4097 0 0 67108865 1074003968 0 0 1088 33554688 0 131072 0 512 2 0 2147483648 0 0 16777216 0 0 0 0 0 0 128 0 512 0 0 0 0 134217728 0 0 1048576 0 33554432 0 536870912 256 0 8192 0 18432 2 4456448 2097152 32768 0 1 0 4194304 536872976 0 0 0 0 0 0 0 0 0 0 0 0 0 0 0 0 0 0 0 0 0 131072 268451840 0 0 0 0 0 134217728 536870912 0 0 2097154 0 2 2097152 0 0 0 64 512 524288 0 0 2 0 0 0 0 0 0 0 196608 0 0 0 131136 32 0 0 0 2097152 0 8388864 0 32768 524288 0 0 32768 0 0 67108864 0 536870912 1064960 0 33554433 269746176 4352 0 0 0 0 0 0 0 0 0 0 0 0 0 0 0 0 0 0 0 4 256 0 0 0 8 0 131072 0 0 0 0 0 0 0 1 0 18874368 0 2048 0 4 8388608 0 536870912 4 0 0 2281701376 1048576 0 0 131072 0 512 128 0 8192 0 1 0 0 65536 4194304 0 0 0 262656 0 0 8192 0 131072 0 0 33554432 1024 0 4194816 0 32 0 0 0 0 0 0 0 0 0 0 0 0 0 0 0 0 0 16777216 0 0 0 0 0 4096 33619968 0 0 0 524288 0 0 2
is_linear=0
shrinkage=0.05


Tree=14
num_leaves=31
num_cat=13
split_feature=20 19 20 18 20 20 16 0 1 16 19 17 6 0 6 6 0 19 0 0 6 16 0 0 3 0 3 0 0 18
split_gain=26434.5 4229.04 3329.36 1094.24 797.957 587.472 516.768 459.554 406.856 407.95 351.732 283.531 274.223 251.104 241.717 237.344 204.113 201.052 187.787 187.384 176.219 166.855 166.198 163.645 154.377 217.401 143.263 141.984 134.478 131.851
threshold=2.9824218750000004 8.2148437500000018 1.0537109375000002 22.500000000000004 5.1250000000000009 1.8750000000000002 12.472656250000002 0 1 1.5097656250000002 90.781250000000014 15.500000000000002 2.5000000000000004 2 2.5000000000000004 2.5000000000000004 3 1.6425781250000002 4 5 2.5000000000000004 1.3002929687500002 6 7 8 9 10 11 12 1.0000000180025095e-35
decision_type=2 2 2 2 2 2 8 9 1 10 2 2 2 9 2 2 9 2 9 9 2 10 9 9 1 9 1 9 9 2
left_child=2 4 6 11 15 14 7 26 9 24 16 -3 -7 27 -4 -2 20 19 -10 -11 -5 -15 -21 -24 25 -9 -1 -6 -17 -13
right_child=1 3 5 10 13 12 -8 8 18 17 -12 29 -14 21 -16 28 -18 -19 -20 22 -22 -23 23 -25 -26 -27 -28 -29 -30 -31
leaf_value=2.1532347866629364 0.12401966637586082 0.34230420306051385 -0.011702363853067423 1.7386607431639558 6.1486405837230267 0.046346405084486758 -0.18245186062779345 0.79547126807697199 0.19322906577506027 0.2719731979645334 10.121532629511853 1.3462886105145748 -0.00056190683290013865 0.31611950316166776 -0.047970917138967284 0.38986482698804348 0.73581443852775053 0.017561934310286218 -0.10561337120918557 0.14076947563092013 1.1728308085320209 0.13420964983476111 0.086731251635881579 -0.075346398723923264 -0.036864445611057749 0.063827916871624923 0.51192476669185971 0.6245679376488088 0.059476609461154344 0.55945987287532162
leaf_weight=3216 297854 306316 735346 16684 608 418724 5233475 5329 21064 20438 2779 8600 1042808 190841 1832837 14502 57925 85560 5087225 25475 29365 297925 32289 5343762 194082 121571 12242 34018 727835 117985
leaf_count=3216 297854 306316 735346 16684 608 418724 5233475 5329 21064 20438 2779 8600 1042808 190841 1832837 14502 57925 85560 5087225 25475 29365 297925 32289 5343762 194082 121571 12242 34018 727835 117985
internal_value=-0.00119252 0.00414228 -0.00174756 0.00795865 0.00282511 -0.000461569 -0.00206773 -0.00187243 -0.00188461 -0.0015991 0.0124926 0.00684059 0.000338699 0.00441747 -0.000916994 0.00202388 0.0120233 -0.00170009 -0.00221037 -0.00173804 0.0145124 0.00412568 -0.00175611 -0.00177521 0.000133636 0.00148964 0.00674004 0.0085326 0.00154547 0.00883112
internal_weight=2.23187e+07 2.10324e+06 2.02154e+07 539654 1.56358e+06 4.02972e+06 1.61857e+07 1.09523e+07 1.09368e+07 5.82851e+06 106753 432901 1.46153e+06 523392 2.56818e+06 1.04019e+06 103974 5.50752e+06 5.10829e+06 5.42196e+06 46049 488766 5.40153e+06 5.37605e+06 320982 126900 15458 34626 742337 126585
internal_count=22318680 2103237 20215443 539654 1563583 4029715 16185728 10952253 10936795 5828506 106753 432901 1461532 523392 2568183 1040191 103974 5507524 5108289 5421964 46049 488766 5401526 5376051 320982 126900 15458 34626 742337 126585
cat_boundaries=0 77 78 155 229 318 397 474 552 553 628 629 651 746
cat_threshold=65544 0 0 0 0 0 0 0 0 0 0 0 0 0 0 0 0 524288 0 0 0 1073741824 268435456 1024 0 16384 8192 1073741824 16 8200 4210688 0 2 0 8388608 64 2 0 2147483656 0 8192 0 96 0 512 0 0 0 0 0 0 0 0 0 0 0 0 0 0 0 0 0 0 16 0 16793600 0 0 0 0 0 0 33554432 1024 0 1024 524416 39 1073741824 512 0 0 0 0 4194304 0 0 0 0 0 0 0 0 0 0 0 0 0 0 1073741824 268435456 0 0 16384 0 1073741824 16 8196 0 0 0 128 32784 0 2 16384 2147483648 0 8192 4194304 32 262144 268435968 34816 4096 0 0 0 0 2147483648 524288 0 0 65536 8388736 0 0 0 0 0 0 0 0 0 0 67108864 0 0 0 0 0 0 0 0 4194304 0 0 0 0 0 0 0 1048576 0 0 0 0 134217728 0 0 0 0 1073741824 0 0 0 1073741824 268435456 0 0 0 0 1610612737 16 8 0 0 0 2048 8421376 8 2 16384 2147483656 0 8192 4202496 2228288 4 544 0 0 0 0 0 0 2147483648 0 0 0 0 0 0 0 0 0 0 0 0 0 0 0 0 0 0 0 1 1107296256 1024 0 0 0 0 0 0 0 0 0 0 0 0 0 0 0 0 0 0 0 0 0 0 0 0 0 0 0 0 0 0 0 0 0 0 0 0 0 0 0 0 0 0 0 0 0 268470288 1073741952 2148532224 1073741824 2048 1026 536870912 2097664 136841218 4096 2163232 8519840 260 0 0 0 0 0 0 0 0 0 0 0 0 0 0 0 0 0 0 0 0 0 0 0 0 0 0 0 0 0 0 1024 0 512 0 0 2147483648 0 524288 0 0 2 0 128 0 0 128 0 0 0 0 0 0 0 0 0 1048576 0 33554432 0 545259520 0 0 532480 0 2048 0 8 0 32768 0 0 1064960 4194304 570427409 1310720 0 0 0 0 0 0 0 0 0 0 0 0 0 0 0 0 0 0 0 0 0 268435456 0 0 0 0 4 134217728 0 0 0 2097154 0 0 2147484672 0 16777216 2 0 0 512 0 16777216 0 0 0 0 134217728 0 0 0 512 196608 0 0 0 131136 32 0 0 0 2097152 0 0 256 0 0 536870912 33554433 32768 262144 0 0 16777216 536870913 1024 0 0 268435456 4352 0 0 0 0 0 0 0 0 0 0 0 0 0 0 0 0 0 0 0 4 256 0 0 0 8 0 131072 536870912 524288 0 0 2 0 2097152 0 2048 0 4 8388608 0 0 4 0 0 2147485696 1048576 1024 0 131072 0 512 128 0 8192 0 1 0 0 0 4194304 256 0 0 0 0 0 8194 256 131073 67108864 0 33554432 0 16777216 4194816 0 32 0 0 0 0 0 0 0 0 0 0 0 0 0 0 0 0 0 0 0 0 0 0 0 4096 33619968 0 65536 0 0 0 0 0 2 5 0 0 0 0 0 0 0 0 0 0 0 0 0 0 0 0 134217728 0 0 536875008 32768 67176448 2097152 2048 0 131072 0 192 2048 4 268435456 16777216 0 262144 33554432 65536 1073741952 256 0 0 0 0 131072 4194304 132096 0 0 0 0 0 0 0 0 0 0 0 0 0 0 0 0 0 0 0 0 0 0 16 0 8388608 262144 0 1073741824 0 32768 4 0 0 0 0 0 0 0 0 0 0 0 0 0 0 0 0 0 0 0 0 0 1073741824 1073807360 0 0 0 2147483648 4096 4194304 0 0 0 0 0 0 0 0 0 0 0 0 0 0 1073741824 268435456 0 0 16384 16384 1073741824 0 12 0 0 0 0 32768 0 2 32768 0 0 0 4202496 32 0 512 32784 4096 0 0 0 0 0 512 2050 0 512 192 0 0 0 0 0 0 0 0 0 0 0 0 0 0 0 0 8 0 8388608 4194304 0 0 0 0 0 0 0 0 0 0 0 0 0 0 0 0 0 8388608
is_linear=0
shrinkage=0.05


Tree=15
num_leaves=31
num_cat=14
split_feature=20 20 20 20 19 16 19 1 16 17 0 16 6 6 0 17 0 0 19 16 5 19 3 0 0 3 0 3 0 0
split_gain=23288.7 3810.56 2773.46 915.907 772.89 521.771 432.228 431.668 438.158 350.077 293.022 288.664 284.829 231.896 227.863 222.599 205.26 186.199 185.376 178.393 178.362 174.023 158.646 157.668 153.063 149.876 198.52 149.815 210.894 171.538
threshold=2.7675781250000004 7.9824218750000009 1.0537109375000002 18.234375000000004 4.9277343750000009 12.472656250000002 2.7861328125000004 0 1.5097656250000002 99.500000000000014 1 1.5097656250000002 2.5000000000000004 2.5000000000000004 2 11.500000000000002 3 4 4.9277343750000009 2.0400390625000004 5 1.6425781250000002 6 7 8 9 10 11 12 13
decision_type=2 2 2 2 2 8 2 1 10 2 9 10 2 2 9 2 9 9 2 10 1 2 1 9 9 1 9 1 9 9
left_child=2 4 5 14 11 7 12 8 25 13 22 -2 -4 -5 -3 -6 -12 -13 -8 -14 -16 27 -10 -9 -17 26 -1 -18 -29 -30
right_child=1 3 6 9 15 -7 18 23 10 -11 16 17 19 -15 20 24 21 -19 -20 -21 -22 -23 -24 -25 -26 -27 -28 28 29 -31
leaf_value=1.0568653916364137 0.16575828842782059 0.75666798827367443 -0.001559168744556816 1.2874424513559564 0.1563380521547727 -0.17332926759640377 0.037788576547500258 0.15307581766835376 1.2396754308867277 9.3154573570221597 0.16442748547390745 0.24332608823794377 -0.01556134789542938 0.85503002672182071 0.38412878240431064 0.9808754705107664 -0.081934610759318877 0.036770188348489975 0.32385825782429967 -0.045572371282018943 0.26680386421964664 0.013957405198996176 0.074849296241882482 -0.10033270264872628 0.31540610439782796 -0.032028433254294962 0.073136272996310092 0.21538046397799748 0.13930728568143719 -0.062475444989029905
leaf_weight=4416 342595 47381 991898 35759 513114 5233475 345570 21117 7976 3028 28854 25601 695829 91037 210295 4717 1776533 798976 18859 1778712 157374 83304 11187 5087172 72207 197015 125226 8508 15719 3585226
leaf_count=4416 342595 47381 991898 35759 513114 5233475 345570 21117 7976 3028 28854 25601 695829 91037 210295 4717 1776533 798976 18859 1778712 157374 83304 11187 5087172 72207 197015 125226 8508 15719 3585226
internal_value=-0.00123075 0.00353184 -0.00177849 0.00718499 0.00239907 -0.00206482 -0.000568715 -0.00186858 -0.00157509 0.0108504 -0.00168043 0.0016535 -0.000740919 0.0104491 0.00603849 0.00387391 -0.00170195 0.00114666 0.00106928 -0.00102787 0.00561734 -0.00172414 0.0044903 -0.00220433 0.00638214 0.000204212 0.00152443 -0.00175922 -0.00157419 -0.00159278
internal_weight=2.23187e+07 2.30208e+06 2.00166e+07 544874 1.75721e+06 1.61857e+07 3.83087e+06 1.09523e+07 5.84396e+06 129824 5.51731e+06 1.16717e+06 3.46644e+06 126796 415050 590038 5.49814e+06 824577 364429 2.47454e+06 367669 5.46929e+06 19163 5.10829e+06 76924 326657 129642 5.38599e+06 3.60945e+06 3.60094e+06
internal_count=22318680 2302084 20016596 544874 1757210 16185728 3830868 10952253 5843964 129824 5517307 1167172 3466439 126796 415050 590038 5498144 824577 364429 2474541 367669 5469290 19163 5108289 76924 326657 129642 5385986 3609453 3600945
cat_boundaries=0 1 80 159 238 333 334 335 424 503 504 581 582 660 740
cat_threshold=39 8 512 0 0 0 0 0 0 0 0 0 0 0 0 0 0 0 655360 0 0 0 1073741824 268435456 0 1048576 16384 33562624 1073741824 536870912 8192 49152 0 0 2048 8388608 72 0 32768 8 0 16384 4194304 536873024 0 0 0 0 0 0 0 0 0 0 0 0 0 0 0 0 0 0 0 0 0 0 285229056 0 0 0 0 0 134217728 0 0 0 2 0 0 1024 8 0 0 0 0 0 4194304 0 0 0 0 0 0 0 0 1024 0 0 0 4096 0 1073742848 268435456 0 0 0 0 0 16 8 16384 0 0 1 4194304 0 2 0 2147483648 0 8192 1026 32 262149 512 0 0 0 0 0 0 2147483648 0 2048 0 0 0 0 0 0 0 0 0 0 0 0 0 0 0 0 0 67108864 1073741824 0 0 4195328 33554434 0 131076 0 16777216 1048578 0 2147483712 512 524288 0 0 0 0 0 0 0 0 0 0 0 512 0 0 131136 32 0 0 0 0 0 0 0 0 524288 536870912 1 0 0 0 0 0 536936449 1048576 0 33554448 1048576 528640 0 0 0 0 0 0 0 0 0 0 0 0 0 0 0 0 0 0 0 4 256 0 0 0 8 4 0 536870912 0 0 2097152 2 0 2147483648 0 16777216 0 2048 2148008000 4608 540672 1048576 0 0 0 0 134217728 1048576 0 0 0 131072 0 0 0 1073741824 268435456 0 0 16384 0 1073741825 0 0 32768 524288 0 16384 8421376 0 0 32768 0 0 16384 4202496 16 0 0 0 0 0 0 0 0 0 0 0 0 0 0 0 0 0 0 0 0 0 0 268435456 0 0 67108864 0 0 0 0 0 0 0 4194304 0 0 0 0 0 0 0 0 0 0 0 0 0 0 0 0 0 8388608 15 5 0 0 0 0 0 0 0 0 0 0 0 0 0 0 0 0 0 0 0 0 0 0 0 0 0 0 0 0 0 0 0 0 0 0 0 0 0 0 0 0 0 0 0 0 0 268470288 1073741952 2148532224 1073741824 2048 1026 536870912 2097664 134744066 4096 2163200 8519904 256 0 0 0 0 0 0 0 0 0 0 0 0 0 0 0 0 0 0 0 0 0 0 131072 0 0 0 2097152 0 0 0 1024 1073741824 0 0 0 0 0 0 0 0 0 0 0 0 0 0 0 0 0 0 536870912 0 1140850688 301989888 0 0 16384 10240 1610612736 16 8204 16384 0 536870912 1 8421376 8 2 32768 2147483648 0 8192 4194304 32 0 512 0 0 0 0 0 0 0 0 0 0 0 0 0 0 0 0 0 0 0 0 16384 0 0 4096 0 0 0 0 0 0 256 0 0 1024 5 0 0 0 0 0 0 0 0 0 0 0 0 0 0 0 0 134217728 0 0 536875008 32768 67174400 2097152 2048 0 0 0 192 16 0 0 16777216 0 262144 0 65536 1073741954 256 2147483648 0 8192 0 32 0 131584 0 0 0 0 0 0 0 0 0 0 0 0 0 0 0 0 0 0 16 0 0 0 16 0 8388608 262144 0 1107296256 0 32768 0 524416 8 0 2097152 0 0 0 0 16384 16 0 4 0 16384 0 0 0 0 0 0 0 0 160 134217728 536870912 0 0 0 65536 33554432 0 0 16777216 8192 0 32768 1 0 0 0 0 0 2129920 0 1 0 0 0 0 0 0 0 0 0 0 0 0 0 0 0 0 0 0 0 0 16777216 8388674 0 0 4194304 16384 0 0 131072 524288 2281701376 8192 67108864 0 2 33554432 0 0 0 0 0 0 17825792 8192 0 0 0 0 0 128 0 0 65536 0 128 0 0 0 4096 0 8192 0 2147483648 1048832 256 1048576 0 0 0 0 0 131072 0 0 33554432 0 0 0 268435458 32 0 0 0 0 0 0 0 0 0 0 0 0 0 0 0 0 0 16777216 4096 0 16 0 0 131072 98304 268435456 65536 512 0 2048 524288 0 0 0 17
is_linear=0
shrinkage=0.05


Tree=16
num_leaves=31
num_cat=13
split_feature=20 20 20 19 19 19 16 0 0 16 16 18 19 0 6 1 16 0 19 0 0 3 6 0 0 17 0 0 16 0
split_gain=20726.2 3870.8 2047.65 1063.72 561.117 454.095 407.884 327.058 308.564 283.41 273.824 261.689 260.493 217.149 215.414 210.4 295.64 200.366 200.339 183.783 182.983 166.918 156.7 149.83 146.798 145.756 142.412 138.409 136.176 132.611
threshold=2.3398437500000004 6.1250000000000009 0.69653320312500011 16.929687500000004 4.5000000000000009 2.5000000000000004 5.6503906250000009 0 1 1.7851562500000002 1.1000976562500002 14.500000000000002 135.68750000000003 2 2.5000000000000004 3 1.5097656250000002 4 9.5000000000000018 5 6 7 2.5000000000000004 8 9 8.5000000000000018 10 11 1.1000976562500002 12
decision_type=2 2 2 2 2 2 8 9 9 10 10 2 2 9 2 1 10 9 2 9 9 1 2 9 9 2 9 9 10 9
left_child=2 4 6 11 10 9 8 12 -1 26 -2 17 21 -12 -11 16 -10 -3 22 -8 -18 -5 -6 -20 -22 -7 -4 -15 -19 -26
right_child=1 3 5 7 18 25 19 -9 15 14 13 -13 -14 27 -16 -17 20 28 23 -21 24 -23 -24 -25 29 -27 -28 -29 -30 -31
leaf_value=1.2470797383168648 0.14513940942650541 0.6464707216417569 0.42020927026245758 1.639770773858392 0.18325190526615442 0.019618823750908287 0.016939231557854217 0.59621386501271434 0.017368072802765023 -0.016787820070768334 0.25492106943653331 0.45671198181798123 11.939686119954134 0.14557214210756816 -0.052695391164608911 -0.10222733314128991 0.22717664491206643 0.356404599646164 1.2110946557899385 -0.12215455693489785 0.13549051568398679 0.57310829100182281 0.10125698081925434 0.54256481810428292 0.096940202983404111 0.3010412620621592 -0.010343509068679868 0.017074818923853253 0.15852493637368231 -0.078810838509867365
leaf_weight=9983 297333 47998 6455 45597 137203 322845 57540 98355 232223 1268122 25789 116546 1107 38493 3162073 2663614 14540 180243 1461 7874989 17901 13425 340973 12778 20275 16394 652973 1127576 312668 3201208
leaf_count=9983 297333 47998 6455 45597 137203 322845 57540 98355 232223 1268122 25789 116546 1107 38493 3162073 2663614 14540 180243 1461 7874989 17901 13425 340973 12778 20275 16394 652973 1127576 312668 3201208
internal_value=-0.00124083 0.00278411 -0.00181764 0.00568254 0.00159067 -0.000992585 -0.00213548 0.00935956 -0.00183022 -0.00111064 0.00110686 0.00479616 0.0122662 0.000768216 -0.00125459 -0.00184448 -0.00158882 0.00433313 0.00305385 -0.00237252 -0.00171183 0.0118175 0.00287982 0.00889827 -0.00173695 0.000778661 -0.000143564 0.000667817 0.00403254 -0.00176204
internal_weight=2.23187e+07 2.79754e+06 1.95211e+07 815939 1.98161e+06 5.42886e+06 1.40923e+07 158484 6.15974e+06 5.08962e+06 1.48919e+06 657455 60129 1.19186e+06 4.4302e+06 6.14976e+06 3.48615e+06 540909 492415 7.93253e+06 3.25392e+06 59022 478176 14239 3.23938e+06 339239 659428 1.16607e+06 492911 3.22148e+06
internal_count=22318680 2797545 19521135 815939 1981606 5428862 14092273 158484 6159744 5089623 1489191 657455 60129 1191858 4430195 6149761 3486147 540909 492415 7932529 3253924 59022 478176 14239 3239384 339239 659428 1166069 492911 3221483
cat_boundaries=0 77 156 251 252 329 408 488 489 560 639 697 784 858
cat_threshold=0 0 0 0 0 0 0 1052672 0 0 4194304 0 0 0 0 0 0 1073741824 0 12288 0 1073741824 268435456 0 0 0 16384 1610612737 16 12 0 0 0 0 12582912 0 130 16384 2147483656 0 8192 4195328 0 0 512 32784 0 0 0 0 0 2147483648 0 0 0 0 0 0 0 0 0 0 0 0 0 0 0 0 0 0 0 1 1073741824 0 0 0 524288 1032 0 0 0 0 1048576 16 0 0 0 0 0 0 0 0 0 0 0 0 0 0 1073741824 268435456 0 0 16384 0 1073741824 536870928 0 16384 262144 2 0 8388608 64 2 0 2147483656 0 8192 0 96 0 512 0 0 2147483648 0 0 0 0 0 0 0 0 0 0 0 0 0 0 0 16 0 0 0 0 0 0 0 0 33554432 2147484672 0 1024 34078848 0 1024 0 16777216 0 2048 2148007936 69632 540672 0 0 0 0 0 134217728 1048576 0 0 0 0 0 0 0 1073741840 268435456 0 0 16384 0 1073741824 272 4 32768 524288 0 0 32768 0 0 32768 0 0 16384 4202498 32 4194304 0 0 0 0 0 0 0 0 0 0 0 0 0 0 0 0 0 0 0 0 0 268435456 0 0 67112960 0 0 0 0 0 0 0 0 0 0 0 0 0 0 0 0 0 0 0 0 0 0 0 0 0 8388608 39 8 512 0 0 0 0 4194304 0 0 0 0 0 32 0 0 0 0 0 0 0 0 1073741824 268435456 0 0 0 16384 0 16 8 0 0 1 1074003968 4194304 65536 130 256 2147483648 0 0 1024 32 1310721 512 0 0 0 0 0 0 2147483648 524288 2050 0 0 0 0 0 0 0 0 0 0 0 0 0 67108864 0 0 0 0 0 0 0 320 2 0 0 0 0 0 8388608 0 1048576 34816 0 0 0 8192 0 1024 0 0 0 0 0 0 524288 0 1 0 0 2048 0 0 0 1048576 0 536870912 33554433 1 8 64 1048580 0 0 0 0 0 0 0 0 524288 256 0 0 0 0 2 0 0 0 0 0 0 0 0 0 4194304 0 0 0 0 0 32 2048 268435456 0 0 16810048 0 524289 0 4194304 2147483648 0 16777728 2097152 0 0 64 0 0 0 0 0 0 0 0 0 0 0 0 0 0 0 0 536870912 0 8192 32768 8320 33554432 1048576 8192 0 0 0 0 0 0 4194304 0 0 536870912 1048576 0 0 1048578 4096 0 0 0 0 0 0 0 0 0 0 0 0 0 0 0 0 0 0 16777216 4194308 256 0 0 0 65544 4 0 537395200 0 8192 2097154 0 2 0 16 5 0 0 0 0 0 0 0 1024 0 0 0 0 134217728 0 192 1024 0 1073872896 0 0 0 1140850688 0 0 0 16384 8192 1073741824 536870912 8456 16384 0 536870912 1 0 8 0 32768 0 0 8192 4194304 1048640 262144 8388608 0 0 0 0 0 0 0 0 0 0 0 0 0 0 0 0 0 0 0 4 268451840 0 0 0 0 268435456 2097152 0 0 0 0 0 2621440 16777216 536870912 6 0 16384 2048 0 0 0 0 0 0 0 0 0 32 2 0 0 33619968 0 0 0 0 524288 0 2048 0 4194304 0 32768 0 0 2129920 4194304 33556480 0 256 0 0 0 0 0 0 0 0 0 0 0 0 0 0 0 0 0 0 0 131072 268451840 0 0 0 33554432 0 134217728 512 524288 0 67108864 0 0 64 1073741824 0 1572864 0 0 4 0 0 0 0 4194304 0 0 0 0 0 0 1073741824 0 0 67108872 1073741840 0 0 0 0 0 536870912 536870912 67108868 0 0 0 1073774592 4227072 0 0 0 0 0 8192 4195328 48 0 4096 0 4096 0 0 0 1024 0 2621440 0 0 65536 8388672 256 33554432 2097152 2 0 64 512 1 128 0 0 0 0 0 0 0 1024 256 131072 0 0 0 0 0 2048 0 0 0 0 0 0 0 8192 536870912 16384 8388608 0 32832 0 0 32768 536870912 0 35652160 65536 4096 1 0 0 0 0 0 0 0 0 0 0 0 0 0 0 0 0 2097152 0 0 0 0 0 0 0 0 0 0 8 0 0 4194306 0 2147483648 0 0 0 0 0 0 0 268435456 0 2097152 2 0 2147483648 512 8404992 0 0 0 0 0 2147483648 0 0 0 0 131072 0 128 33554560 134348864 0 0 0 0 0 2147483648 25165824 0 16777216 8192 0 0 40960 0 0 67108864 0 1 16384 16777216 536870928 268435456 0 0 0 0 0 0 0 0 0 0 0 0 0 0 0 0 0 0 16777216 0 64 0 0 0 0 0 0 256 0 16
is_linear=0
shrinkage=0.05


Tree=17
num_leaves=31
num_cat=17
split_feature=20 20 20 18 16 19 0 0 18 16 16 2 16 0 0 17 0 0 19 0 0 0 3 0 5 0 0 0 20 0
split_gain=18356.6 3236.85 2045.83 873.631 617.795 495.064 317.54 311.341 264.037 259.143 257.344 254.714 266.352 205.589 194.236 184.002 172.238 170.626 163.958 163.546 137.271 197.478 136.784 152.403 136.032 133.811 133.752 129.844 128.738 127.358
threshold=2.3037109375000004 6.1250000000000009 0.98217773437500011 23.500000000000004 5.4511718750000009 4.5000000000000009 0 1 104.00000000000001 2.0400390625000004 1.1000976562500002 2 1.5097656250000002 3 4 12.500000000000002 5 6 8.2148437500000018 7 8 9 10 11 12 13 14 15 0.41064453125000006 16
decision_type=2 2 2 2 8 2 9 9 2 10 10 1 10 9 9 2 9 9 2 9 9 9 1 9 1 9 9 9 2 9
left_child=2 5 4 6 7 10 22 -1 26 17 -2 12 -9 -6 -14 -8 -12 -4 -7 -11 -16 -22 23 -3 -18 -13 -5 -20 -15 -27
right_child=1 3 9 8 13 18 15 11 -10 19 16 25 14 28 20 -17 24 -19 27 -21 21 -23 -24 -25 -26 29 -28 -29 -30 -31
leaf_value=0.95250262676213426 0.13579982530728316 8.0189236920299916 0.45946304126968607 1.2556231214495541 0.016092269979961518 0.11491622807647711 0.20386546605224801 0.014346124021537274 8.4527021382056944 0.38822994805433558 0.24949229868639555 0.22513877032693613 0.11850757571984705 -0.11848008230688643 0.094847278954608788 0.35730421747150398 0.039760161115446696 -0.0042319233071530958 1.0772587856320064 -0.032764968082196956 0.078715989899787439 -0.059735665277381014 0.41750943714429245 0.89335407894753127 -0.00060948504267632764 0.14897228228510537 0.62462669891302036 0.37399439845801902 -0.062210821936696026 -0.089171180542145442
leaf_weight=12897 303756 457 7056 44498 68353 463360 451707 259747 2775 8962 24168 13697 26430 7282762 24598 170670 691724 982013 1992 2638877 43076 2970700 36637 51281 517644 19318 57914 27854 1249824 3863933
leaf_count=12897 303756 457 7056 44498 68353 463360 451707 259747 2775 8962 24168 13697 26430 7282762 24598 170670 691724 982013 1992 2638877 43076 2970700 36637 51281 517644 19318 57914 27854 1249824 3863933
internal_value=-0.00124633 0.00250417 -0.00179458 0.00516399 -0.00204019 0.00143534 0.00453459 -0.00169966 0.00941687 -0.000725169 0.000993122 -0.00171353 -0.00139203 -0.00232661 -0.00152232 0.0041361 0.0006721 -3.46013e-05 0.0028137 -0.000983122 -0.00155944 -0.00158981 0.00733962 0.00899658 0.00058855 -0.0019878 0.00900451 0.00640572 -0.00234849 -0.0020052
internal_weight=2.23187e+07 2.84644e+06 1.94722e+07 815939 1.58353e+07 2.0305e+06 710752 7.2344e+06 105187 3.63691e+06 1.53729e+06 7.2215e+06 3.32455e+06 8.60094e+06 3.0648e+06 622377 1.23354e+06 989069 493206 2.64784e+06 3.03837e+06 3.01378e+06 88375 51738 1.20937e+06 3.89695e+06 102412 29846 8.53259e+06 3.88325e+06
internal_count=22318680 2846437 19472243 815939 15835335 2030498 710752 7234396 105187 3636908 1537292 7221499 3324551 8600939 3064804 622377 1233536 989069 493206 2647839 3038374 3013776 88375 51738 1209368 3896948 102412 29846 8532586 3883251
cat_boundaries=0 79 156 157 236 280 375 452 529 574 619 620 642 643 738 815 894 986
cat_threshold=0 0 0 0 0 0 4194304 0 0 0 0 0 0 0 0 0 0 0 0 4096 0 1073742848 268435456 0 0 0 16384 536870912 16 8204 268435456 0 1 0 12615680 0 130 256 2147483648 0 8192 1026 32 0 544 0 0 0 0 0 0 2147483648 0 2048 0 65536 128 0 0 0 0 0 0 0 0 0 0 0 0 0 0 0 0 0 0 0 256 0 4 2163720 0 0 0 0 64 0 0 0 0 0 0 2147483648 0 0 0 0 0 0 0 0 1073741824 268435456 1 0 16384 2048 1073741824 536870928 8 16384 0 0 2048 8388608 64 2097154 0 2147483656 0 8192 0 262240 0 512 0 0 0 0 0 0 0 0 0 0 0 0 0 0 0 0 0 0 16 0 0 0 0 0 0 0 0 33554432 0 0 0 524416 1 0 0 0 0 0 8388608 0 1048576 34816 0 0 0 8192 0 1024 0 0 0 0 0 0 524288 0 1 0 0 2048 0 0 0 1048576 0 536870912 33554433 1 8 64 1048580 0 0 0 0 262144 65536 0 0 0 0 0 0 0 0 2 0 0 0 0 0 0 0 0 0 4194304 4096 0 0 0 0 32 2048 268435456 0 0 16809984 0 524289 0 4194304 2147483648 0 16777728 2 0 2147483648 512 0 32 536870912 6 0 36864 1 0 0 0 0 131072 0 0 0 0 32 0 1048576 0 33562624 4194304 256 8192 0 0 138412032 0 0 262272 0 32768 16777216 536870913 0 4194304 536870928 65536 0 16777216 0 2048 2147483648 69632 540673 0 0 0 0 0 134217728 1048576 0 0 0 131072 0 0 0 1073741840 268435456 0 0 16384 0 1073741824 272 4 0 524288 0 0 32768 0 32768 32768 0 0 16384 4202498 32 4194304 0 0 0 0 0 0 0 0 0 0 0 0 0 0 0 0 0 0 0 0 0 268435456 0 0 4096 0 0 0 0 0 0 0 0 0 0 0 0 0 0 0 0 0 0 0 0 0 0 0 0 0 8388608 1073741824 0 524288 16384 0 0 0 128 0 0 0 0 16 0 0 0 134217728 1073741824 0 0 67108864 1073741824 0 67108864 0 0 0 536870912 0 12 32768 0 0 2048 32768 0 0 0 0 0 8192 4195328 560 0 512 16 4096 0 0 0 1024 0 0 0 0 66048 8388736 256 0 0 0 0 0 0 0 0 0 0 0 0 0 0 0 0 0 0 4194304 1024 0 0 0 0 0 0 1024 0 0 0 0 134217728 1048576 128 0 0 0 0 0 0 131072 268468256 0 0 16384 0 1073741824 0 8192 16384 0 536870912 1 8388608 264 1 32768 8 1 16384 2 574619648 262144 0 0 0 0 0 0 0 0 0 0 0 0 0 0 0 0 0 0 0 0 0 268435456 0 0 4096 0 0 0 0 0 0 2 2 0 0 0 2048 0 0 524288 16777216 4194304 0 0 0 134217728 0 128 0 139776 0 0 4 0 139264 0 0 0 0 2097280 33554432 8388608 0 32768 532480 0 0 32768 0 131072 67108864 0 33554432 1024 0 33556480 269746176 528416 33554432 2097152 131072 0 64 4 8388608 134217728 0 0 0 0 0 1048576 64 0 0 65536 0 0 16512 64 0 2 8192 0 65536 32 16777216 256 16777216 512 0 0 536870912 256 1 0 1073741824 0 3145744 16777216 4194816 0 8388608 5 0 0 0 0 0 0 0 0 0 0 0 0 0 0 0 0 0 0 0 0 0 1073741824 15 0 0 0 0 0 0 0 0 0 0 0 0 0 0 0 0 0 0 0 0 0 0 0 0 0 0 0 0 0 0 0 0 0 0 0 0 0 0 0 0 0 0 0 0 0 16 128 2147483648 1073741824 131072 1024 0 0 134219778 0 0 8388640 0 0 0 0 0 0 0 0 268435712 0 512 524289 0 4 67108865 1610874880 1024 0 2098242 33554432 0 139264 0 0 0 524288 0 0 0 0 0 0 0 0 0 0 0 8 0 0 0 0 0 0 0 0 0 0 0 0 134217728 0 0 1024 0 1073741824 0 0 0 1073741824 268435456 0 0 0 33554432 1610612737 16 8 0 0 0 2048 12582912 0 2 16384 2147483656 0 8192 4195328 131104 4 512 0 0 0 0 0 0 2147483648 0 0 0 0 0 0 0 0 0 0 0 16 0 0 8 0 0 0 0 0 1107296256 1024 0 0 33554432 0 0 0 0 0 0 0 1024 0 0 0 0 134217728 0 0 1024 0 1073872896 0 0 0 1073741824 0 0 0 16384 8192 1073741824 0 8192 16384 0 536870912 1 8388608 8 2 32768 8 0 8192 4194304 0 262144 8389120 0 0 0 0 0 0 0 0 0 0 0 0 0 0 0 0 0 0 0 4 268451840 0 0 0 0 0 134217728 0 0 0 2 0 4194304 1024 0 0 0 0 0 0 0 0 0 0 0 0 0 0 0 0 0 0 0 0 0 0 0 0 0 0 0 0 0 0 0 0 0 0 0 0 0 0 0 0 0 0 0 0 0 32768 1073741824 1048576 0 0 0 536870912 512 0 4096 2163232 131200 260 0 0 0 0 0 0 131076 16388 0 16 4096 0 1024 134348800 0 2148007936 0 536870912 258 2 1024 0 131072 0 0 0 0 0 0 0 0 0 0 512
is_linear=0
shrinkage=0.05


Tree=18
num_leaves=31
num_cat=15
split_feature=20 20 20 17 16 17 19 16 0 19 0 6 1 16 0 18 0 0 18 0 17 0 16 0 3 0 0 0 0 3
split_gain=16250.4 2818.03 2079 773.28 611.762 457.977 372.08 288.937 282.854 255.947 219.319 216.397 191.418 192.337 188.927 175.701 162.918 183.393 153.879 149.78 147.196 139.205 126.037 122.984 121.161 121.14 119.318 116.364 108.817 126.595
threshold=2.2324218750000004 5.8750000000000009 0.66088867187500011 20.500000000000004 3.5498046875000004 7.5000000000000009 2.0712890625000004 1.0297851562500002 0 108.78125000000001 1 2.5000000000000004 2 1.5097656250000002 3 11.500000000000002 4 5 5.5000000000000009 6 7.5000000000000009 7 1.7851562500000002 8 9 10 11 12 13 14
decision_type=2 2 2 2 8 2 2 10 9 2 9 2 1 10 9 2 9 9 2 9 2 9 10 9 1 9 9 9 9 1
left_child=2 5 4 8 10 7 11 23 24 19 -1 -4 13 -12 -9 -10 -6 -18 -16 -5 -8 -7 -13 -2 -3 -15 -14 -25 29 -27
right_child=1 3 6 9 16 21 20 14 15 -11 12 22 26 25 18 -17 17 -19 -20 -21 -22 -23 -24 27 -26 28 -28 -29 -30 -31
leaf_value=0.7371006200629151 0.36456719873594617 1.0962015926044053 -0.014310180663120065 1.2239241718158509 0.07591193620311576 0.74018413552162032 0.00025803271048978614 0.23679631230194659 0.17525532339929353 9.5650686847282564 0.015343048294955787 -0.020713982089439 0.16349796912755959 0.21863508179269503 0.012135992161548438 0.30784511086329336 0.02061648667949505 -0.11012282497280863 0.059009838169695517 0.56623680187907022 0.19697690079367502 0.15116483260700717 -0.049709925276932146 0.25592431896856915 0.52734363736916334 0.56089261319006423 -0.092657407457118146 0.089568244020870852 -0.066103258134968298 0.028227471915533917
leaf_weight=10760 32253 26426 1398413 46515 23550 4976 622094 36403 450002 1831 223181 425860 19344 11827 1220484 195289 57512 10110265 256735 85347 26585 188453 3062237 60633 61796 2661 1378521 281090 1984066 13571
leaf_count=10760 32253 26426 1398413 46515 23550 4976 622094 36403 450002 1831 223181 425860 19344 11827 1220484 195289 57512 10110265 256735 85347 26585 188453 3062237 60633 61796 2661 1378521 281090 1984066 13571
internal_value=-0.00125123 0.00220702 -0.00177759 0.00460166 -0.00210523 0.00120913 -0.000958644 0.000971687 0.00396423 0.00809891 -0.0015492 -0.00110801 -0.00157031 -0.00128329 0.000664198 0.00360099 -0.00230404 -0.00231366 0.000576486 0.00784111 0.000166495 0.00352624 -0.00131868 0.00221621 0.00661999 -0.00143777 -0.00202927 0.00193745 -0.0014676 0.00260867
internal_weight=2.23187e+07 2.94823e+06 1.93704e+07 867206 1.38353e+07 2.08103e+06 5.53519e+06 1.8876e+06 733513 133693 3.64393e+06 4.88651e+06 3.63317e+06 2.23531e+06 1.51362e+06 645291 1.01913e+07 1.01678e+07 1.47722e+06 131862 648679 193429 3.4881e+06 373976 88222 2.01212e+06 1.39786e+06 341723 2.0003e+06 16232
internal_count=22318680 2948233 19370447 867206 13835258 2081027 5535189 1887598 733513 133693 3643931 4886510 3633171 2235306 1513622 645291 10191327 10167777 1477219 131862 648679 193429 3488097 373976 88222 2012125 1397865 341723 2000298 16232
cat_boundaries=0 79 159 160 255 340 416 493 570 627 628 708 800 876 948 949
cat_threshold=0 0 0 0 0 0 4194304 0 0 0 0 0 0 0 0 0 0 0 0 0 0 1073742848 268435456 0 0 0 16384 0 16 4 268435456 0 0 1024 46137344 0 130 256 2147483648 0 8192 1024 131104 262145 512 2048 0 0 0 0 0 2147483648 524288 2050 0 65536 128 0 0 0 0 0 0 0 0 0 0 0 0 0 0 0 0 0 0 256 0 0 131072 8 512 0 0 1073741824 1048576 0 0 0 0 0 0 0 0 0 0 0 0 0 0 0 1073741824 131584 0 0 0 0 1107296256 16 0 16384 0 0 1024 8388608 0 2 0 2147483648 536870912 8192 0 96 0 33280 0 0 2147483648 0 0 0 0 0 0 0 0 0 0 0 0 0 0 0 268435472 4194304 0 0 0 0 0 0 1 33554432 2147483648 0 1024 34078720 0 0 16 39 0 18874880 0 2048 0 70144 540673 1048576 0 0 0 0 0 0 0 0 0 0 0 0 0 1073741824 268435456 0 0 16384 0 1073741824 0 4 0 532480 0 0 32768 256 0 32768 0 0 16384 4202498 608 0 32 0 0 0 0 0 0 0 0 0 0 0 8388640 0 0 0 0 0 0 0 0 0 0 0 0 0 0 0 0 0 0 0 0 0 0 0 0 0 0 0 0 0 0 0 0 0 0 0 0 0 8388608 0 2097152 0 0 0 0 0 134217728 0 0 0 0 0 0 1024 0 0 0 0 0 0 0 276824064 4097 0 49152 0 32 1048576 0 0 0 0 0 1 8 64 0 1073741824 0 134217728 67108872 0 65536 8388608 0 0 0 0 0 0 0 0 0 0 32 0 0 0 0 0 0 0 4096 64 16 0 0 262144 0 268435456 0 0 16 0 67108865 0 4194304 2147483648 0 0 0 0 0 2097152 0 0 0 0 0 1082130432 0 1048576 2048 0 0 0 0 0 0 0 0 0 262144 0 4096 524416 0 0 0 0 2064 0 16842752 16384 1074790400 0 536870912 33554433 0 0 0 1048580 16779264 0 0 0 262144 2097152 0 0 524288 0 0 2048 0 0 2 0 0 0 0 0 0 0 0 0 0 0 0 0 0 0 0 2048 0 0 0 32772 0 524292 0 0 0 0 0 0 0 1048576 0 0 0 0 0 0 0 0 0 1073741824 0 67108864 0 1073741824 268435456 262144 0 0 33570816 1610612737 0 8 16386 0 0 2048 8388608 0 2 16388 2147483656 0 8192 4194304 536870944 4 512 0 0 0 0 0 0 2147483648 0 0 0 0 0 0 0 0 0 0 0 0 0 0 0 0 0 0 0 67108865 33554432 0 0 0 4194304 1073741832 0 0 0 0 0 4194304 0 0 0 0 0 0 0 0 0 16 0 0 0 0 1140850688 268435456 2048 0 16384 8192 1073741825 0 8204 16384 0 0 0 32768 0 2 32768 2147483656 0 0 4202496 33554432 0 4608 0 0 0 0 0 0 0 0 0 0 0 128 0 0 0 0 0 0 0 4 16384 2097152 0 0 0 0 0 0 0 0 64 2 1073741824 0 524288 4194304 1073741824 0 4194304 128 0 0 0 0 0 0 0 0 0 0 0 0 8 16 2097152 0 0 2147483648 16384 4194304 0 8 0 0 8388608 0 0 0 67108866 0 2147483648 0 8192 0 16 0 512 32784 4096 0 0 0 1024 2147483648 0 2050 0 66048 8388800 4 0 18874368 1048576 16 0 524288 0 0 8192 0 0 0 0 0 0 0 0 0 512 0 0 0 0 8388608 0 0 8192 0 536870912 8192 0 0 0 0 0 0 0 0 8 0 1081344 0 0 2 4096 0 0 0 0 0 0 0 0 0 0 0 0 0 0 0 0 0 0 0 4 256 0 0 8388608 49160 0 32 512 524288 8192 2097154 0 67108866 1024 1 0 0 0 0 0 0 0 0 0 0 0 0 0 0 0 0 0 0 0 0 0 0 0 0 0 0 0 0 0 0 0 0 0 0 0 0 0 0 0 0 0 0 0 0 0 335577104 128 1049600 1073741824 0 1026 536870912 2105856 136841218 528384 2163200 8519840 4100 0 0 0 0 0 0 0 0 0 0 0 0 0 0 0 0 0 0 0 0 0 0 0 0 524288 0 0 0 0 0 0 0 0 512 65536 4096 0 0 0 0 16 0 0 0 0 0 0 4 0 0 0 1073741824 0 4096 0 67108864 16384 0 0 0 0 0 2 0 268435456 16777224 0 0 4194304 65536 128 0 0 0 0 0 131072 5 0 6144 1073741824 0 0 0 1048576 0 69730816 134217728 0 0 131104 256 0 0 0 0 0 0 0 0 0 0 0 0 0 67108864 0 0 0 64 0 0 2 0 2147483648 0 20480 16777216 0 2 0 16384 0 0 0 0 0 131072 0 0 0 134348800 536870912 0 0 0 33619968 2147483648 0 0 16777216 8192 0 18432 40960 0 0 32768 0 0 2097152 0 2048 1049088 0 0 0 0 0 0 0 0 0 0 0 0 0 0 0 0 0 0 0 0 0 268451840 0 0 0 33619968 0 134742272 4
is_linear=0
shrinkage=0.05


Tree=19
num_leaves=31
num_cat=18
split_feature=20 19 20 16 17 20 19 1 3 0 0 0 20 17 0 0 0 5 0 0 0 0 5 19 0 0 6 3 0 16
split_gain=14506.2 2326.6 2052.51 790.196 591.309 562.409 370.827 342.204 261.239 319.486 253.802 227.033 217.57 183.912 176.623 191.601 177.026 161.447 160.779 159.683 160.371 150.488 148.468 147.427 145.529 140.912 138.169 133.982 118.559 113.325
threshold=2.2324218750000004 6.7851562500000009 0.62500000000000011 3.5498046875000004 30.500000000000004 3.7675781250000004 1.9287109375000002 0 1 2 3 4 1.2319335937500002 138.50000000000003 5 6 7 8 9 10 11 12 13 3.6435546875000004 14 15 2.5000000000000004 16 17 24.453125000000004
decision_type=2 2 2 8 2 2 2 1 1 9 9 9 2 2 9 9 9 1 9 9 9 9 1 2 9 9 2 1 9 8
left_child=2 5 3 7 11 24 12 8 9 -1 -7 27 21 -6 -11 -16 -17 28 -18 -5 -21 -4 -12 -8 -2 -20 -26 -3 -13 -22
right_child=1 4 6 19 13 10 23 -9 -10 14 22 17 -14 -15 15 16 18 -19 25 20 29 -23 -24 -25 26 -27 -28 -29 -30 -31
leaf_value=0.79564344817196797 0.40788488014305724 1.0628766530368112 0.97376721826180557 0.072765806476406694 1.0561582087847237 0.55724016716645564 -0.0041242477700681682 -0.090324964677789457 -0.091854350631970588 0.49448619775185193 0.12027186089105997 0.51124842261714287 -0.02910526980947652 9.7050263463894098 0.62281443840969919 0.70718797279749723 0.28611956260577814 0.18802883951151289 0.20263642545451488 0.021057438108758531 -0.064905596308626273 -0.044464584245697061 0.061529192553471029 0.15411503111999514 0.051472520826490877 -0.047363574545485121 0.0088459907707095116 0.47503288746834926 0.24316087885684673 -0.14712493100585394
leaf_weight=3244 12142 26991 2813 24022 60881 41409 801260 1367991 1231723 3626 469044 47133 1673467 1344 6183 7453 8908 255935 9526 46302 5216091 3293923 350941 37800 387106 883849 964784 46594 283929 4752266
leaf_count=3244 12142 26991 2813 24022 60881 41409 801260 1367991 1231723 3626 469044 47133 1673467 1344 6183 7453 8908 255935 9526 46302 5216091 3293923 350941 37800 387106 883849 964784 46594 283929 4752266
internal_value=-0.0012387 0.0020287 -0.001736 -0.00207287 0.00449329 0.00122821 -0.000949623 -0.00142855 -0.00103584 -0.000399733 0.00222844 0.00405437 -0.00111376 0.00915287 -0.000455071 -0.000498726 -0.000558387 0.00372595 -0.000621814 -0.00229895 -0.00230872 -0.00134945 0.00203548 2.26438e-05 0.000596554 -0.000688492 0.000547581 0.00667284 0.00445521 -0.00232236
internal_weight=2.23187e+07 2.94823e+06 1.93704e+07 1.35612e+07 722807 2.22543e+06 5.80926e+06 3.5225e+06 2.15451e+06 922789 861394 660582 4.9702e+06 62225 919545 915919 909736 586997 902283 1.00387e+07 1.00147e+07 3.29674e+06 819985 839060 1.36403e+06 893375 1.35189e+06 73585 331062 9.96836e+06
internal_count=22318680 2948233 19370447 13561184 722807 2225426 5809263 3522503 2154512 922789 861394 660582 4970203 62225 919545 915919 909736 586997 902283 10038681 10014659 3296736 819985 839060 1364032 893375 1351890 73585 331062 9968357
cat_boundaries=0 1 2 79 171 248 326 405 482 483 563 648 725 794 795 871 948 949 1028
cat_threshold=39 5 0 0 0 0 0 0 0 1024 0 0 0 0 0 0 0 0 134217728 0 0 4096 32 67108864 0 2304 0 8192 0 1073741824 0 0 16384 524288 0 1073774592 0 0 128 192 0 0 1089600 0 64 33280 0 0 0 0 0 0 0 0 0 0 0 0 0 0 0 0 0 0 0 16 2 536870912 0 4194304 0 0 0 0 33554432 2147483904 0 0 524288 1073741832 520 0 0 0 0 4194304 0 0 0 0 0 0 0 0 0 0 0 0 0 0 1073741824 0 0 0 2147500032 16384 1073741824 16 4 0 8388608 0 0 32768 0 2 0 2147483648 0 8192 4194304 32 4194304 268435968 2064 0 0 0 0 1024 0 67108864 2048 0 65536 8388768 0 0 0 0 0 0 0 0 0 0 0 0 0 0 0 0 0 0 0 0 0 0 0 0 0 0 0 0 0 0 0 0 0 0 512 0 0 0 0 0 32 0 0 0 0 0 0 0 0 0 0 0 0 0 4096 0 1073742848 268435456 0 0 0 16384 0 16 8 268435456 16777216 1048577 262144 12615680 65536 2 256 2147483648 0 0 1026 131104 1 512 0 0 0 0 0 0 2147483648 0 0 0 0 0 0 0 0 0 0 0 0 0 0 0 0 0 0 0 67108864 1074003968 0 0 0 524290 0 16777216 0 0 0 0 0 0 0 0 1024 0 0 0 0 0 8388608 536870912 4096 0 128 2048 0 16384 0 0 0 128 16 268435456 0 16785408 1048576 262160 8390656 4259842 1073741824 134217728 0 0 16384 0 32 68157440 0 0 0 0 0 0 0 0 0 0 0 0 0 0 0 0 0 0 0 0 0 0 0 0 0 2147500032 0 0 0 0 8192 2 0 2 0 2048 0 0 0 0 0 0 0 0 0 0 0 0 0 0 0 0 0 536870912 16384 134217728 536870944 0 65536 0 8192 33554432 536870912 73984 0 0 0 65536 67108864 131072 0 256 1024 0 0 0 133121 4194304 131584 0 0 0 0 0 0 0 0 0 0 0 0 0 0 0 0 0 0 0 0 0 128 0 33554432 0 0 67108864 0 0 2048 1024 32768 0 132096 8 256 0 0 0 0 16384 0 0 0 64 0 0 0 0 0 0 0 0 0 0 1073807360 131072 0 0 0 128 0 2048 64 16777217 67108864 4194304 3072 33554432 0 2 32768 2147483656 536870912 0 0 0 134217730 0 0 0 0 0 0 0 0 0 0 0 0 0 0 0 0 0 0 0 268435456 0 0 0 64 0 64 262144 134217728 1073741824 524288 0 0 4194304 15 0 0 0 0 0 131073 4096 134217728 0 0 0 0 0 0 128 131072 0 0 0 0 0 1024 0 268435456 0 0 33636352 2147483712 0 4 0 0 0 0 0 2176 0 0 5 0 0 553648128 0 0 4100 0 0 0 0 0 0 0 0 0 0 0 0 0 0 0 0 0 0 0 4194308 256 0 0 0 32768 0 256 262144 0 0 64 33554560 0 0 16 0 2097152 0 0 0 1073741824 0 134217728 0 0 0 0 0 0 1024 0 0 0 0 0 0 0 276824064 1 0 49152 2048 32 1048576 0 0 0 0 33554432 1 8 64 0 1073741824 0 134217728 67108872 0 65536 8388608 0 0 0 0 0 0 0 0 0 0 0 0 0 0 0 0 0 0 0 64 16 0 0 262144 0 268435456 0 0 16 0 67108865 0 4194304 2147483648 0 0 0 0 0 2097152 0 0 0 0 0 8388608 0 0 0 0 0 0 0 0 0 0 0 0 262144 0 4096 524416 0 4096 0 0 16 0 16842752 16384 1074790400 0 536870912 1 0 0 0 1048580 16779264 65536 0 0 262144 2097152 0 0 524288 0 0 0 0 0 2 0 0 32 0 0 0 0 0 0 0 4198400 16 0 0 0 0 2048 0 0 0 4 0 524292 536870912 1073741824 0 0 0 0 0 0 5120 0 0 4194304 0 134217728 0 0 1024 0 0 0 0 0 1073741840 2097152 0 0 16384 0 536870912 0 67108868 16384 0 0 2049 32768 0 0 32768 8 0 0 4194304 541065760 0 0 0 0 0 1073741824 0 0 1073741952 524288 134217728 0 0 64 256 0 0 0 0 0 0 0 0 0 0 4096 15 65536 0 0 0 1073741824 4096 4210688 0 0 0 0 0 0 0 0 0 0 1073741824 0 0 0 1073741824 268435456 2048 0 16384 0 1073741824 16 12 0 67108864 0 0 32768 0 67108866 32768 0 0 8192 4202496 32 0 512 16 4096 0 0 0 0 2147483648 0 2048 0 512 128 0 0 0 0 0 0 0 0 0 0 0 0 0 0 0 0 0 32768 4194304 0 0 0 2097152 0 0 32 0 0 0 8 0 0 0 0 0 268435456 0 16384 0 0 0 516 16777856 33554432 0 0 0 0 0 0 64 2 0 0 0 131072 4194304 0 33554432 2097152 32 1048576 33816593 256 0 0 0 0 0 0 0 0 0 0 0 0 0 0 0 0 0 16777216 0 0 0 0 0 0 128 0 0 512 0 32768 2149580800 256 4 0 0 0 0 0 0 4194304 4096 0 0 0 0 0 0 0 0 0 0 0 67108864 0 0 0 0 0 0 33554432 1073741825 2048 8196 16384 67108864 0 0 33554432 0 0 32772 8 0 8192 4202496 570425344 0 32 2048 0 0 0 0 0 0 0 2048 0 0 0 0 0 0 0 0 0 65536 0 0 8 0 0 16777216 0 1 33554432 0 0 1088 33554432 0 131072
is_linear=0
shrinkage=0.05


Tree=20
num_leaves=31
num_cat=19
split_feature=20 20 20 16 20 16 1 0 0 3 0 19 6 0 19 0 6 0 0 0 0 0 0 0 6 5 0 0 0 0
split_gain=13104.1 2879.27 1474.35 791.704 512.186 449.376 339.785 317.889 277.211 241.283 227.54 219.787 204.856 191.528 182.119 162.453 155.361 151.152 160.718 149.645 163.559 147.361 135.377 159.541 129.2 128.442 126.347 126.58 120.037 114.656
threshold=2.7675781250000004 0.62500000000000011 10.019531250000002 3.5498046875000004 1.4819335937500002 1.0297851562500002 0 1 2 3 4 2.5000000000000004 2.5000000000000004 5 135.68750000000003 6 2.5000000000000004 7 8 9 10 11 12 13 2.5000000000000004 14 15 16 17 18
decision_type=2 2 2 8 2 10 1 9 9 1 9 2 2 9 2 9 2 9 9 9 9 9 9 9 2 1 9 9 9 9
left_child=1 3 5 6 11 21 9 14 -7 -1 -11 16 -6 -10 -4 -15 -3 -5 -19 -12 -21 -2 -22 -24 -9 -17 -25 -28 -23 -29
right_child=2 4 7 17 12 8 -8 24 13 10 19 -13 -14 15 -16 25 -18 18 -20 20 22 28 23 26 -26 -27 27 29 -30 -31
leaf_value=-0.087261633100372049 0.46560952462021388 -0.015440402029239887 1.0488440994078485 0.071375073002525768 0.021989703401113975 0.32286681599988087 -0.085808716443899979 0.4923464352251003 0.18599154139616422 0.86101407462436441 0.59787698177338899 0.084486253790648003 -0.01262728204487802 0.13541105168604686 10.043860736244238 0.048127929161654495 -0.046467814638213013 0.020004566203320608 -0.10137140390873688 0.26848836013429089 0.20315916634885536 0.29681022492590164 0.19808202142293074 0.17702998330475384 0.3048654377929646 0.010102968033979431 0.12354575416865882 0.10722914298611341 0.1445658892495035 -0.044995395818210861
leaf_weight=713364 66242 1195711 76235 22975 636795 59947 1367991 84850 79078 6157 7781 55249 1586702 89125 1101 666861 2980955 47505 9968201 11815 12424 114034 17058 15320 211676 498594 17991 18317 354341 1334285
leaf_count=713364 66242 1195711 76235 22975 636795 59947 1367991 84850 79078 6157 7781 55249 1586702 89125 1101 666861 2980955 47505 9968201 11815 12424 114034 17058 15320 211676 498594 17991 18317 354341 1334285
internal_value=-0.00124799 -0.00165886 0.00232452 -0.0020726 -0.000789691 0.00176735 -0.00142767 0.00519816 0.00129458 -0.00103635 -0.000664064 -0.00111252 -0.000175262 0.00114504 0.00805355 0.000994587 -0.00115396 -0.0022989 -0.00230819 -0.000705246 -0.000742966 0.00299973 -0.000791885 -0.000837915 0.00445303 0.00083723 -0.00089708 -0.000947563 0.00268735 -0.00100299
internal_weight=2.23187e+07 2.00166e+07 2.30208e+06 1.35612e+07 6.45541e+06 1.92822e+06 3.5225e+06 373862 1.3936e+06 2.15451e+06 1.44115e+06 4.23192e+06 2.2235e+06 1.33366e+06 77336 1.25458e+06 4.17667e+06 1.00387e+07 1.00157e+07 1.43499e+06 1.42721e+06 534617 1.4154e+06 1.40297e+06 296526 1.16546e+06 1.38591e+06 1.37059e+06 468375 1.3526e+06
internal_count=22318680 20016596 2302084 13561184 6455412 1928222 3522503 373862 1393605 2154512 1441148 4231915 2223497 1333658 77336 1254580 4176666 10038681 10015706 1434991 1427210 534617 1415395 1402971 296526 1165455 1385913 1370593 468375 1352602
cat_boundaries=0 1 78 173 174 253 327 419 504 580 659 734 810 888 965 966 1046 1116 1189 1268
cat_threshold=39 0 0 0 0 0 0 0 0 0 0 0 0 134217728 0 0 1024 0 0 0 12288 0 1073741840 268566528 0 0 0 33570816 1610612736 16 0 268435456 0 0 0 4194304 0 2 0 2147483648 0 8192 1024 131104 4 512 0 0 0 0 0 0 2147483648 0 2048 0 65536 0 0 0 0 0 0 0 0 0 0 8 0 0 0 0 67108864 1073741824 0 0 4195328 33554432 8 2097664 2 2048 2147483712 512 0 1048576 0 0 0 0 0 0 0 0 0 0 0 0 0 1073741824 268435456 0 0 16384 0 1073741825 16 8196 16384 0 0 1073741824 8421376 0 0 32768 8 0 0 4202496 33554464 0 4096 0 0 0 0 0 0 0 0 0 0 0 8388640 0 0 0 0 0 0 0 0 0 0 0 0 0 0 0 0 0 0 0 4194304 0 0 0 0 0 0 0 0 0 0 0 0 0 0 0 0 0 8388608 8 0 16777216 0 0 0 1 20480 0 0 0 0 16384 0 0 0 0 0 0 0 4096 32 1073741824 131072 0 0 0 0 1073741824 0 0 268451840 0 1048576 294912 0 0 2 0 0 0 40960 0 64 0 0 0 0 0 0 0 0 0 0 0 0 0 0 0 0 0 0 0 0 16 6 536870912 0 4194304 0 8388608 0 0 33554432 2147483648 32768 1024 34078720 0 131072 131072 16777216 0 32 8388608 32 2637824 0 0 0 0 0 0 1048576 0 0 256 131072 0 0 0 0 0 0 0 2147483648 0 0 0 256 32768 8388608 4 16777217 0 256 0 16384 0 0 16384 2 536871488 4194304 32 0 0 1048576 0 0 0 0 0 0 0 2097152 0 0 0 0 0 0 2097152 0 0 16384 0 0 0 0 0 0 0 524288 0 0 4194304 0 524288 4096 0 128 0 0 0 0 0 0 0 1024 0 0 0 0 67108864 0 0 1 0 0 2048 0 0 0 8 532480 0 0 1 262152 66 4 0 1 135266304 0 17 65536 0 1056 0 0 1073741824 0 0 0 0 0 0 0 0 0 0 0 0 0 0 0 0 268435456 0 0 67112960 0 0 0 0 8 0 256 0 0 0 0 0 0 0 0 0 0 0 0 0 0 0 512 0 2097152 0 0 0 1073741824 0 134217728 0 0 0 0 0 0 1024 0 0 0 0 0 0 0 276824064 4097 0 49152 2048 32 1048576 0 0 0 0 33554432 1 8 64 0 1073741824 0 134217728 67108872 0 65536 8388608 0 0 0 0 0 0 0 0 0 0 0 0 0 0 0 0 0 0 0 64 0 0 0 262144 0 268435456 0 0 16 0 67108865 0 4194304 2147483648 0 0 0 0 0 2097152 0 0 0 0 0 8388608 0 0 0 0 0 0 0 0 0 0 0 0 262144 0 4096 524416 0 0 0 0 16 0 16842752 16384 1074790400 0 536870912 1 0 0 0 1048580 16779264 65536 0 0 262144 2097152 0 0 524288 0 0 0 0 0 2 0 0 32 0 0 0 0 0 0 0 20975616 16 16 0 0 0 2048 0 0 0 4 0 524292 8 512 0 0 0 0 0 32 0 0 0 4096 0 0 0 0 0 0 0 0 0 1024 536870912 128 0 0 16384 33554432 16 8200 0 16777216 0 0 8388608 65536 0 0 2147483656 0 0 0 33 512 512 0 0 0 0 0 0 0 0 0 0 0 0 0 0 0 0 0 0 0 0 0 0 4 16385 0 0 201326592 1073741824 0 8192 2147483650 128 0 1024 0 0 0 18 2147483648 1048576 2097168 0 0 0 0 32768 0 4 0 0 276824064 0 536870912 0 128 0 0 0 0 8192 8192 2147483648 536870912 0 0 0 134217728 0 33556480 2 0 64 0 0 3145728 0 0 5242881 0 0 0 0 0 0 0 0 0 0 0 0 0 0 0 0 0 0 0 0 0 268435712 0 0 0 0 262144 0 262144 1024 2048 0 0 0 0 0 0 4194304 128 0 0 0 0 0 0 0 0 134217728 0 0 0 8 67108864 2097152 0 0 2147483648 16384 541065216 2 12 0 8 0 0 32768 0 2 0 2147483648 0 8192 4194304 16 0 512 38912 4096 0 0 0 1024 2147483648 0 2048 0 512 8388672 0 0 0 0 0 0 0 0 0 0 0 0 0 0 0 0 0 0 64 0 136314880 8 0 0 0 0 0 0 4 0 128 0 0 0 0 0 0 524288 0 16384 0 2097152 0 0 0 33554432 0 67110912 524288 0 67633152 2 2064 0 0 0 0 1024 536870912 64 536870912 0 100663296 1028 0 0 0 0 0 0 0 0 0 0 0 0 0 0 0 0 0 0 0 0 16384 0 67108864 0 0 0 131073 512 0 0 0 4194304 2 0 256 0 32 0 0 0 16777216 8192 256 0 0 1 0 64 0 8192 0 0 128 0 0 0 268435712 0 0 0 0 0 4 0 8192 0 1024 4194304 32768 0 67109120 0 4 0 0 538050560 134217728 0 0 0 0 0 0 0 0 0 0 0 0 0 0 0 0 0 0 0 0 4194304 4 268443648 0 131072 65536 0 0 1024 0 0 2097152 256 15 0 0 2 0 0 131072 1 0 0 0 64 0 0 0 0 0 0 1073741824 0 8196 0 134348800 65536 16777216 0 0 65536 128 262144 0 1 0 4194304 0 536870912 0 2097152 134219776 0 33554432 16384 33555456 2048 0 0 0 0 0 0 0 0 0 0 0 0 0 0 0 0 0 0 0 16777216 0 0 0 0 0 0 50331648 0 0 0 256 0 64 32 0 0 16 33554432 4 2147614720 8192 256 4 8388608 0 0 0 0 0 0 0 0 268435456 0 0 0 603979776 0 0 0 8389120 0 2147483648 2097152 134217792 0 8388672 16777216 8388608 2048 0 67108864 128 0 32768 0 1 0 16777280 0 268468226 0 0 0 0 0 0 0 0 0 0 0 0 0 0 0 0 0 0 0 0 0 0 0 0 0 16384 1073938432 4096 524288 4194304 1073741824 0 0 0 0 0 0 0 0 0 0 0 268435456 1073741824 0 4096 0 16 0 0 0 0 0 0 0 0 268435456 16777216 8388608 262144 0 65536 67108992 4194560 0 0 0 0 0 5 0 16 1073741824 0 0 0 1048576 0 2621440 2 0 65536 128 256 0 0 0 0 0 0 0 0 0 0 0 0 0 0 262144 0 2048 65792 0 0 0 524288 32768 5242880 128 0 0 536870912 0 0 0 0 65536 0 0 0 2112 0 32 0 0 128 536870912 64 131072 8 0 1 1073741828 32768 0 128 0 0 0 0 67108864 32768 0 32768 0 0 0 0 0 0 0 0 0 0 0 0 0 0 0 0 0 0 0 0 2147483648 0 16 0 32768 2 0 0 0 0 131072 0 0 8192
is_linear=0
shrinkage=0.05


Tree=21
num_leaves=31
num_cat=15
split_feature=20 20 20 16 19 1 19 17 3 0 16 16 16 6 0 18 17 0 0 0 0 19 3 0 0 19 0 0 0 0
split_gain=11756.4 1951.06 1778.29 645.422 539.006 446.936 336.157 308.059 276.96 253.341 215.295 213.399 198.247 192.679 164.962 163.814 158.298 150.667 143.521 140.66 136.388 134.117 124.59 160.463 123.883 118.587 117.79 170.455 124.004 112.712
threshold=2.1250000000000004 0.51782226562500011 5.4472656250000009 19.710937500000004 21.648437500000004 0 1.6425781250000002 6.5000000000000009 1 2 1.5097656250000002 0.80981445312500011 1.5097656250000002 2.5000000000000004 3 133.50000000000003 6.5000000000000009 4 5 6 7 1.0712890625000002 8 9 10 8.5000000000000018 11 12 13 14
decision_type=2 2 2 8 2 1 2 2 1 9 10 10 10 2 9 2 2 9 9 9 9 2 1 9 9 2 9 9 9 9
left_child=1 3 7 5 10 8 13 11 -1 -10 22 -2 -11 -3 -14 -6 -8 -13 -16 -12 -19 26 23 -4 -7 -9 -20 -28 -29 -15
right_child=2 6 4 -5 15 24 16 25 9 12 19 17 14 29 18 -17 -18 20 21 -21 -22 -23 -24 -25 -26 -27 27 28 -30 -31
leaf_value=-0.082898551445353463 0.20252882601391647 -0.014668381927777885 0.80425152480765894 -0.13470011426012438 0.82761067295393309 0.14129914302272453 -0.010542470371317015 0.098643293719431147 0.84728009569371887 0.063411836006275077 0.33944988116677921 0.29618577441748095 0.29803018723587843 0.8128625533552214 0.30519216874437538 8.5293700571267621 0.12362443038515997 0.15942685870985202 0.13296261187807953 0.096830724516090608 0.013173932664636512 0.047477491760942542 0.20064393184922685 0.31612539887600433 -0.09162454401349529 0.54992481588055275 0.16109973910620706 0.14461459539786134 -0.055126301209521049 -0.045226227946198599
leaf_weight=1209952 121978 1510120 39996 4807315 98024 15565 1200230 244030 5760 135468 58773 25339 7965 3530 10086 1409 46261 53104 10709 379389 1694571 35155 146433 241354 4223294 10543 18702 16422 2186061 3761142
leaf_count=1209952 121978 1510120 39996 4807315 98024 15565 1200230 244030 5760 135468 58773 25339 7965 3530 10086 1409 46261 53104 10709 379389 1694571 35155 146433 241354 4223294 10543 18702 16422 2186061 3761142
internal_value=-0.00121525 -0.00167742 0.00163407 -0.00203881 0.00341675 -0.00176013 -0.000974595 0.000833465 -0.00135343 -0.00104527 0.0030164 0.000614076 -0.00107021 -0.0011491 -0.00118039 0.00690332 -0.000236125 0.000474905 -0.00120552 0.0022374 0.00041939 -0.001232 0.0038143 0.00443 -0.00210901 0.00246655 -0.00128027 -0.0013055 -0.00134587 -0.0013405
internal_weight=2.23187e+07 1.92037e+07 3.11494e+06 1.26825e+07 965378 7.87514e+06 6.52128e+06 2.14956e+06 3.63628e+06 2.42633e+06 865945 1.89499e+06 2.42057e+06 5.27479e+06 2.2851e+06 99433 1.24649e+06 1.77301e+06 2.27714e+06 438162 1.74768e+06 2.26705e+06 427783 281350 4.23886e+06 254573 2.23189e+06 2.22118e+06 2.20248e+06 3.76467e+06
internal_count=22318680 19203737 3114943 12682454 965378 7875139 6521283 2149565 3636280 2426328 865945 1894992 2420568 5274792 2285100 99433 1246491 1773014 2277135 438162 1747675 2267049 427783 281350 4238859 254573 2231894 2221185 2202483 3764672
cat_boundaries=0 1 2 81 160 217 296 375 452 453 532 624 704 782 862 920
cat_threshold=39 8 0 512 0 0 0 1 0 0 0 512 0 0 0 0 65536 0 0 0 0 4096 0 1073741824 131072 0 0 0 0 1073741824 0 0 16384 0 0 294912 0 64 0 0 0 0 8192 0 64 512 0 0 0 0 0 0 0 0 0 0 0 0 0 0 0 0 0 0 0 16777232 2 536870912 0 4194304 0 8388608 0 32768 570949632 2147483648 0 67109888 589824 131072 131072 8 16777216 0 0 0 1073741824 20480 0 0 0 0 16384 0 0 0 0 8388608 0 0 0 32 0 536870912 1024 0 0 0 33554432 0 8192 0 0 0 0 8388608 0 4194304 0 8 0 1048640 0 1 1048576 0 0 0 0 0 0 0 0 0 0 0 0 0 0 0 0 0 0 0 0 8388612 16777216 0 0 16384 8 36 65536 0 134217728 0 2 536870912 0 1088 1073807360 50331648 524288 0 0 4096 4194304 0 0 0 0 0 0 0 0 0 0 0 0 0 0 1073741840 268451840 0 0 2147500032 0 1073741825 2048 12 268435456 0 0 0 33587200 0 67108864 32768 2147483648 0 24576 4202496 32 0 512 0 0 0 0 0 0 0 0 0 0 0 8388640 0 0 0 0 0 0 0 0 0 0 0 0 0 0 0 0 0 524288 0 0 132 0 268435456 262146 8192 0 33562624 2147483648 536870912 0 5242880 0 0 2048 2049 134217730 0 64 0 536870912 32768 536870912 0 0 0 0 0 0 0 0 0 0 0 0 0 0 0 0 0 0 0 0 0 16384 0 268452096 0 0 0 0 0 134348800 512 0 10240 0 0 0 2147483648 8 512 2 0 64 544 32 1024 0 0 0 0 0 0 0 0 0 0 0 0 0 1073741824 268435456 67108864 0 16384 0 1073741825 0 8192 0 0 0 1073741824 8192 0 0 4 0 0 1048576 4202498 33554496 262176 4128 0 0 0 0 0 0 0 0 0 0 0 0 0 0 0 0 0 0 0 0 0 0 0 0 16777216 0 0 524288 0 0 256 0 0 4 33554432 4096 0 2048 3230138368 576 16400 0 0 0 0 0 0 0 0 0 256 1073741824 0 0 0 0 0 0 0 0 0 0 256 0 32768 83886080 0 262144 0 0 2 2 0 1 0 2 576 65536 0 1 0 1048576 0 0 0 0 0 0 0 2097152 0 0 0 0 0 0 0 0 0 0 0 0 0 0 0 0 0 8 32768 1024 2 5 8 16777216 0 2048 0 0 0 0 0 0 0 0 0 0 0 0 0 0 0 0 0 1073741824 0 0 0 0 16384 129 536872976 12 268435456 8388608 0 262272 33587200 0 2 0 2147483648 0 8192 4202496 131168 0 512 0 0 0 0 0 0 2147483648 0 0 0 65536 128 0 0 0 0 0 0 0 0 0 0 0 0 0 0 0 0 0 0 4194304 0 0 131072 0 0 0 0 0 0 0 0 0 0 0 0 0 0 0 0 0 0 0 0 0 0 0 0 0 0 0 0 0 0 0 0 0 0 0 0 0 0 0 0 0 0 0 0 0 32784 1073741824 2148532224 0 661504 1024 536870912 512 2623490 528384 2162688 8519840 4356 0 0 0 0 0 0 0 0 0 0 0 0 0 0 0 0 0 0 0 0 0 0 131072 0 524288 0 0 256 0 0 1024 0 0 512 0 2048 0 0 2147483648 8912896 2097152 16777216 8192 0 0 0 0 0 0 1 0 536870912 0 0 33570816 0 0 268435712 0 16384 65536 64 0 0 0 8192 0 16 8192 0 2097152 0 0 65536 2097152 0 2048 134217728 0 0 0 0 0 0 0 0 0 0 0 0 0 0 0 0 0 0 0 0 0 0 0 0 131072 65536 0 0 0 258 0 2097152 4227072 0 0 1 0 2097216 2 0 0 0 8388608 1048576 0 268435456 0 0 0 0 64 0 0 65536 0 0 0 134217728 4 0 0 16 0 134217728 0 64 16777216 524288 0 524288 67108864 8 64 67108864 0 0 0 16777216 536870912 32768 0 0 0 0 0 0 0 0 0 0 0 0 0 0 0 0 0 0 16777216 0 1073742336 0 0 0 0 33587200 268435456 0 0 268435472 0 0 0 2 33554432 134217728 0 32 0 4 524288 0 0 0 0 268439552 0 0 0 0 0 4096 0 0 0 131072 0 0 0 0 0 0 0 0 0 0 541067264 0 32768 128 0 32768 1 33554433 16384 0 0 335544320 0 0 0 0 0 0 0 0 0 0 0 0 0 0 0 0 0 0 0 0 0 1048576 0 512 0 16384 2 1073741824 0 4 0 524544 0 67108864 0 8 1073741824 0 0 0 0 512 0 1024 0 0 4194304 0 134217728 0 0 134217728 0 0 0 0 0 1073741824 268435456 0 0 16384 0 536870912 0 4 16384 0 0 1 32768 0 0 32768 8 0 8192 4195330 574620192 262144 512 2048 0 0 0 0 1024 0 0 0 0 0 64 256
is_linear=0
shrinkage=0.05


Tree=22
num_leaves=31
num_cat=16
split_feature=20 20 20 16 18 1 19 19 3 0 6 16 17 0 16 0 0 16 0 0 0 6 19 0 0 3 0 0 0 0
split_gain=10418.4 1996.07 1678 622.614 547.571 391.681 332.013 257.062 248.697 260.389 202.771 200.047 195.15 188.644 168.69 163.432 158.717 152.903 150.911 130.87 129.684 127.021 125.795 125.321 118.39 112.902 108.738 107.604 103.994 102.821
threshold=2.0175781250000004 0.41064453125000006 4.6250000000000009 19.710937500000004 15.500000000000002 0 1.6425781250000002 4.0722656250000009 1 2 2.5000000000000004 1.1000976562500002 48.500000000000007 3 1.5097656250000002 4 5 1.7851562500000002 6 7 8 2.5000000000000004 8.0703125000000018 9 10 11 12 13 14 15
decision_type=2 2 2 8 2 1 2 2 1 9 2 10 2 9 10 9 9 10 9 9 9 2 2 9 9 1 9 9 9 9
left_child=1 3 7 5 11 8 10 17 9 -1 25 -4 -6 20 -11 -16 -8 -2 -17 -19 -13 -18 -9 -20 -25 -3 -27 -12 -7 -30
right_child=2 6 4 -5 12 28 16 22 -10 14 27 13 -14 -15 15 18 21 19 23 -21 -22 -23 -24 24 -26 26 -28 -29 29 -31
leaf_value=1.2734761596159521 0.059679174916330929 -0.044535069531134799 0.27919284705344122 -0.12796510854711815 0.43898103286899198 0.10827839348737474 0.67886723154789907 0.071813529736127535 -0.078753623873085779 0.1185739538084027 0.73737603500828497 5.1240055209871365 2.001132751873699 0.075021940734851578 0.28564330415500067 0.30881558816007981 0.019800170258856567 0.15724390681641942 0.40239946209295951 -0.00015489129881385288 0.32076247750454467 -0.019582401919224692 0.51694010115377587 0.1774636522712098 -0.046952730160071891 0.94260249758167081 -0.011373022169707215 -0.044535069531134799 0.032274639797496944 -0.091721606512625273
leaf_weight=2963 441278 450345 367593 4802362 205794 13395 3323 341678 1742467 76972 4020 1013 18165 552424 4363 5676 321447 31803 6540 1264921 60372 798600 11152 7818 1239434 1257 1329664 4435568 23772 3752501
leaf_count=2963 441278 450345 367593 4802362 205794 13395 3323 341678 1742467 76972 4020 1013 18165 552424 4363 5676 321447 31803 6540 1264921 60372 798600 11152 7818 1239434 1257 1329664 4435568 23772 3752501
internal_value=-0.00120327 -0.00165296 0.00139188 -0.00205913 0.00287768 -0.00175402 -0.00100709 0.000535322 -0.00133583 -0.000824703 -0.00114995 0.0023686 0.00510853 0.00181616 -0.000857471 -0.000995883 -0.00021598 0.000285526 -0.00102937 1.19449e-05 0.0044456 -0.000248396 0.00176579 -0.00106622 -0.00110244 -0.000699287 -0.00046772 -0.00133077 -0.00209458 -0.00211018
internal_weight=2.23187e+07 1.90225e+07 3.29619e+06 1.16783e+07 1.20536e+06 6.8759e+06 7.34422e+06 2.09083e+06 3.08623e+06 1.34377e+06 6.22085e+06 981402 223959 613809 1.3408e+06 1.26383e+06 1.12337e+06 1.738e+06 1.25947e+06 1.29672e+06 61385 1.12005e+06 352830 1.25379e+06 1.24725e+06 1.78127e+06 1.33092e+06 4.43959e+06 3.78967e+06 3.77627e+06
internal_count=22318680 19022487 3296193 11678263 1205361 6875901 7344224 2090832 3086233 1343766 6220854 981402 223959 613809 1340803 1263831 1123370 1738002 1259468 1296724 61385 1120047 352830 1253792 1247252 1781266 1330921 4439588 3789668 3776273
cat_boundaries=0 1 2 80 159 238 307 386 455 477 556 633 634 713 770 865 960
cat_threshold=39 5 0 0 0 0 0 0 0 1024 0 0 0 0 0 0 0 0 142606336 524288 0 4096 0 67108864 268435456 2048 0 0 0 1073741824 65536 0 16384 532480 0 1073741824 0 64 192 192 0 0 134225920 0 97 0 0 0 0 0 0 0 0 0 0 0 0 0 0 0 0 0 0 0 0 16 0 0 0 0 0 16384 0 0 570425344 0 0 67108864 557056 4194304 8 2097672 2 2048 64 544 0 0 0 0 0 0 0 0 0 0 0 0 0 0 0 1073741824 268435456 16777216 0 16384 0 1073741824 16 8192 8 8388608 0 1073741824 16 0 0 0 0 0 1048576 2 544 4456448 4128 0 0 0 0 0 0 0 0 0 0 0 0 0 0 0 0 0 0 0 0 0 0 0 0 16777216 0 0 524288 0 0 256 0 0 4 0 0 0 0 0 0 0 0 0 134217728 16392 0 0 0 0 0 0 536870912 0 268435456 0 128 0 258 0 1064960 0 0 0 81920 1073741824 0 131072 32768 8388608 0 0 0 0 0 16640 0 0 1049088 0 0 0 0 0 0 0 0 0 0 0 0 0 0 0 0 0 0 0 0 0 536870912 0 4194304 0 8 0 32800 0 2147483648 10240 258 0 0 2147484672 131072 0 0 0 0 0 0 128 0 0 4194304 0 0 0 0 0 134217728 0 0 0 0 1073741840 268435456 67108864 0 16384 0 1610612736 0 8196 16384 0 536870912 1 32768 264 0 0 0 0 8192 4194304 541065248 0 0 16 0 0 0 0 1024 0 2097152 2 0 66048 128 0 0 0 0 0 0 0 0 0 0 0 4096 0 0 0 0 0 0 0 0 0 0 1088 0 0 0 65536 0 0 0 0 0 128 0 0 1024 4202496 512 128 0 536870912 8448 0 0 0 524288 0 128 0 1048576 2056 536870912 1081344 0 2048 32768 0 0 0 0 0 0 0 0 0 0 0 0 0 0 0 0 0 0 0 8192 8388608 256 0 0 0 0 4 65536 524288 256 0 0 4194816 0 64 0 0 131072 0 524288 70144 541697 0 0 0 0 0 0 1048576 0 0 256 0 0 0 0 131072 268435456 0 0 16384 0 1073741824 256 0 32768 524288 536870912 16384 8388609 0 0 32768 8 0 16400 2 33554944 65536 32 0 0 0 0 0 0 0 0 0 0 0 0 0 0 0 0 0 0 0 0 0 0 0 4096 0 0 0 0 0 0 0 0 0 0 0 0 0 0 0 0 0 0 0 0 0 1073741824 0 17825792 0 0 0 0 0 0 8192 0 0 0 0 0 128 0 0 65536 0 0 16416 134217728 536870912 16384 33554432 0 33562624 0 0 0 0 0 536870912 0 8192 0 0 32768 0 0 0 0 2129920 0 0 0 0 0 0 0 0 0 0 0 0 0 0 0 0 0 0 0 0 0 4194304 16777216 167772160 0 0 536903680 0 134217728 512 134742016 0 2097152 0 16386 128 0 2052 0 0 0 1073741824 1024 0 0 512 0 0 0 0 0 0 536870912 0 0 0 33554432 0 0 4096 2097152 0 2097152 0 0 268435456 16777216 0 0 2048 67108864 131082 0 134217728 0 33554432 64 83886080 0 0 0 0 0 0 0 0 0 0 0 0 0 0 0 0 0 0 0 0 16777216 268435456 0 0 0 0 0 0 268435456 131328 0 66048 268435456 0 65536 8 0 0 0 0 2147483648 0 0 1040 0 0 0 0 0 0 128 1024 0 0 0 0 0 1140850688 0 0 0 2147500032 8192 0 32768 4 16384 0 0 2049 4227072 65536 0 0 0 0 0 4194304 33554448 4194304 1536 0 0 0 0 0 0 0 0 0 0 2097152 0 0 0 0 0 0 0 16777216 2 16777216 0 0 0 0 0 131072 536870912 0 32768 0 0 0 8192 0 0 0 0 0 0 0 1024 0 0 4194304 0 134217728 0 1024 0 0 0 0 0 67108864 1073741824 268435456 0 0 16384 8192 536870912 8388608 4 16384 0 536870912 2049 32768 0 0 32768 8 0 8192 4195328 536870944 0 512 2048 4096 1048576 0 0 1024 2147483648 0 0 0 65536 64 0 0 0 0 0 0 0 0 0 0 0 0 0 0 0 0 0 0 0 0 0 0 0 0 0 0 0 0 0 0 0 0 0 0 0 0 0 0 0 0 0 0 0 0 0 335577105 128 2148532496 0 526336 1026 536870912 512 2623490 0 2097152 8519712 0 0 0 0 0 0 0 0 0 0 0 0 0 0 0 0 0 0 0 0 0 0 0 0 0 524288 131072 0 256 0 0 268435456 1048576 0 512 0 0 8404992 0 0 0 0 0 0 0 0 0 0 0 0 0 0 0 0 0 0 0 0 0 0 0 0 0 0 0 0 0 0 0 0 0 0 0 0 0 0 0 0 0 0 0 0 0 33554432 1208483840 525312 1074790400 135168 0 0 2097154 134217728 528384 66144 192 1048832 0 0 0 0 1024 0 0 0 0 0 0 0 0 0 0 0 0 0 0 0 0 0 0 0 16777216 0 2097152 33554432 524292 0 1024 0 0 0 0 0 130
is_linear=0
shrinkage=0.05


Tree=23
num_leaves=31
num_cat=18
split_feature=20 20 19 16 1 0 20 19 3 3 16 6 6 0 0 0 17 0 16 3 0 0 0 0 0 0 0 0 0 20
split_gain=9580.24 2042.91 1423.19 658.775 443.794 392.784 344.844 308.229 223.358 200.561 189.752 175.583 164.307 163.57 158.6 152.704 152.39 128.634 125.22 123.066 125.315 120.126 114.121 110.075 148.309 151.301 124.627 106.242 103.694 100.173
threshold=2.0175781250000004 0.41064453125000006 5.7851562500000009 15.472656250000002 0 1 3.6250000000000004 1.5000000000000002 2 3 1.5097656250000002 2.5000000000000004 2.5000000000000004 4 5 6 5.5000000000000009 7 2.0400390625000004 8 9 10 11 12 13 14 15 16 17 12.980468750000002
decision_type=2 2 2 8 1 9 2 2 1 1 10 2 2 9 9 9 2 9 10 1 9 9 9 9 9 9 9 9 9 2
left_child=1 3 6 4 9 8 18 11 15 -1 -11 -3 21 -12 29 -4 -9 -14 -2 20 -19 -7 -15 -24 -25 -26 -27 -28 -20 -8
right_child=2 7 5 -5 -6 12 14 16 -10 10 13 -13 17 22 -16 -17 -18 19 28 -21 -22 -23 23 24 25 26 27 -29 -30 -31
leaf_value=-0.079352208304431529 0.0389667313946441 -0.018547620472903592 6.9778440285675316 -0.12156685311976226 -0.087135526186994008 0.5384858965982956 0.36906901700917366 -0.01430407055651668 0.28533966566203284 0.062645256117982578 0.44910949414252288 -0.042754756331114856 0.44152853967194156 0.24475705382548374 0.067733551830736163 0.98856598998743539 0.080530452656312757 0.5140075208493301 0.14681552032657172 0.071565382973132446 0.13396236596208086 0.21677820566473505 0.17297367363367366 0.13247056990447745 0.15237128071081021 0.10495174827001029 0.099858325541179349 -0.051369525806865983 -0.0021656290417793045 2.722182443545285
leaf_weight=1002464 626232 1690083 2899 4873062 3744093 24614 28593 1366106 45950 124220 6859 4211203 64996 8361 735119 64745 76832 27585 22079 263064 210299 202979 10567 16873 19884 18613 17575 1835692 975239 1800
leaf_count=1002464 626232 1690083 2899 4873062 3744093 24614 28593 1366106 45950 124220 6859 4211203 64996 8361 735119 64745 76832 27585 22079 263064 210299 202979 10567 16873 19884 18613 17575 1835692 975239 1800
internal_value=-0.00120459 -0.00163581 0.00128399 -0.00204672 -0.00172894 0.00297005 0.000643786 -0.000982413 0.00572 -0.00128237 -0.000999931 -0.00114258 0.00257629 -0.00112158 0.00151862 0.00754782 -0.00032735 0.00212007 0.000231298 0.00184842 0.00267258 0.00371087 -0.00114902 -0.00117442 -0.0012026 -0.00124423 -0.00129033 -0.00133122 -0.000116658 0.00505764
internal_weight=2.23187e+07 1.90225e+07 3.29619e+06 1.16783e+07 6.8052e+06 907131 2.38906e+06 7.34422e+06 113594 3.06111e+06 2.05864e+06 5.90129e+06 793537 1.93442e+06 765512 67644 1.44294e+06 565944 1.62355e+06 500948 237884 227593 1.92756e+06 1.9192e+06 1.90864e+06 1.89176e+06 1.87188e+06 1.85327e+06 997318 30393
internal_count=22318680 19022487 3296193 11678263 6805201 907131 2389062 7344224 113594 3061108 2058644 5901286 793537 1934424 765512 67644 1442938 565944 1623550 500948 237884 227593 1927565 1919204 1908637 1891764 1871880 1853267 997318 30393
cat_boundaries=0 1 58 59 60 139 231 253 324 325 404 483 562 635 715 792 871 949 1026
cat_threshold=39 8192 0 0 0 0 32 0 0 0 0 0 0 0 0 0 0 0 1077936128 0 0 0 1073742848 268435456 0 0 0 16384 1610612737 16 8204 16384 0 1048576 0 8388608 65536 130 33024 2147483656 0 8192 4195328 0 0 512 0 0 0 0 0 0 2147483648 0 2048 0 0 8388608 5 8 8 0 0 0 0 0 0 0 0 0 0 16384 0 0 0 0 0 0 0 0 0 1073741824 0 262144 0 0 0 1107296256 0 8192 16384 0 0 0 8388608 64 0 0 8 0 0 0 65 1049088 0 0 0 0 0 0 0 0 0 0 0 0 0 0 0 0 0 0 0 16777216 8388612 671088640 0 4194304 16384 8 4 65536 0 2147483664 0 67109122 0 0 1088 1073741832 512 0 0 8388608 0 4194304 0 0 0 0 0 134217728 0 0 1024 0 0 0 4096 0 1073741824 0 0 0 16384 16384 1073743872 16 4 0 0 0 1073741824 32768 0 0 0 2147483648 1 8192 4194304 32 0 4096 16 0 0 0 0 0 0 0 2048 0 0 32 0 0 0 0 0 0 0 0 268435456 0 0 0 0 0 0 0 0 0 64 262144 0 1024 0 0 0 0 0 0 0 0 0 16777216 0 0 512 0 0 0 0 0 0 0 0 0 0 0 0 0 0 0 0 0 0 0 0 0 1073741824 524288 0 2097152 0 0 0 0 4096 0 0 4194304 0 0 0 0 0 0 0 0 4096 0 4194304 0 67108864 1 0 0 0 0 0 268435456 0 1 1024 4227072 0 0 0 0 0 0 2 131136 0 131104 268468240 4096 0 0 0 1024 0 0 2 0 2163200 192 260 0 0 0 0 0 0 0 0 0 0 0 0 8192 4 0 512 0 2048 0 512 0 0 0 0 0 0 0 0 0 0 0 0 0 0 0 67108864 131072 0 0 16384 16 0 0 0 0 0 0 264192 33554432 0 0 0 0 0 0 0 536870944 4194309 4096 0 0 0 0 0 0 0 524288 0 0 0 0 0 0 0 0 0 0 16 4 268435456 8 16 4096 0 0 67108864 1107296256 1024 0 4195328 524290 0 131072 0 0 0 0 0 0 6815744 0 0 0 64 0 0 0 0 0 0 0 0 67108864 0 64 0 0 0 0 33562624 0 0 0 0 67108864 0 2048 33554432 8 0 4210688 0 0 0 8192 570425376 4194305 0 2048 0 0 0 0 0 0 0 0 0 0 0 0 0 0 0 0 0 65536 0 0 0 0 16781312 0 0 67108864 1107558400 524288 0 64 524288 0 131072 0 16777728 0 2097152 0 8388608 20480 0 0 0 0 0 0 0 0 0 0 536870912 0 0 128 0 268435456 258 0 0 0 0 536870912 0 4194304 0 0 32768 2049 32770 0 0 0 536870912 0 0 0 0 0 0 0 0 0 0 0 0 0 0 0 0 0 0 0 0 0 0 0 0 0 268435712 8192 0 131072 0 0 134348800 537395712 0 10240 0 65536 0 2147483648 0 64 0 0 2147483648 1073741824 2097153 0 8192 4 0 0 0 0 0 0 0 0 0 0 34078752 0 536870916 268436480 0 0 33554432 2147483648 0 0 0 8192 0 0 0 0 0 201326592 4 0 1048576 0 536870912 0 0 0 0 0 0 0 0 0 0 0 0 0 0 0 0 0 0 0 0 16384 1073741826 16795680 0 0 0 33619968 0 0 1024 0 2097152 8 8192 0 524288 8912896 1048576 5242880 0 16384 0 0 0 64 0 0 0 0 67108864 0 0 0 0 0 0 65536 0 0 0 32 0 0 0 0 0 2097216 64 0 0 32768 33554432 33554432 2 0 0 0 0 0 0 0 0 0 0 0 0 0 0 0 0 0 0 0 4096 131072 0 268435456 0 32768 128 1073741856 32768 0 524288 0 0 32 0 0 8 4194304 134219776 131328 32 0 4 0 16777216 0 0 0 268435456 0 0 0 0 0 0 536870912 0 16384 0 0 32 0 16384 8192 0 16777216 0 0 524288 536870912 2048 0 136 0 32 1 0 2113536 0 16 268435456 524288 0 0 0 0 0 0 0 0 0 0 0 0 0 0 0 0 0 0 32768 0 0 0 512 0 0 0 0 0 134217728 0 524288 4194304 16 0 2 16 64 0 0 32768 0 128 512 4096 4096 0 0 0 0 0 0 0 0 131072 0 0 0 64 0 0 8388608 65536 1074790400 0 0 65536 8192 0 0 32768 1073741824 0 0 2147483648 2048 0 0 0 0 0 0 0 0 0 0 0 0 0 0 0 0 0 0 0 0 0 64 16 0 0 0 0 268435456 1073742080 0 4 268435456 1 134217728 64 2 100663296 4 0 2048 0 0 32 0 64 256 0 1 0 0 0 0 545259520 0 64 0 0 134225920 0 0 0 1048576 128 0 0 393216 16777216 64 0 0 536870912 256 1 0 0 0 0 536870912 32768 67108864 0 0 0 0 0 0 0 0 0 0 0 0 0 0 0 0 0 0 0 0 16 0 0 0 0 536870976 0 0 0 8 0 131080 0 131072 1024 33554432 0 0 524288 69632 1024 0 0 0 0 0 134217728 1048576 128 0 256 0 0 0 0 0 268435488 0 0 16384 2099200 1073741824 256 0 0 532480 0 0 0 0 0 32768 8 0 536870912 2 35651584 65536 0 0 0 0 0 4194304 0 0 0 0 0 0 0 0 0 0 0 0 0 0 0 268435456 0 0 4096 0 0 8192 0 8 0 0 4194304
is_linear=0
shrinkage=0.05


Tree=24
num_leaves=31
num_cat=16
split_feature=20 16 20 1 20 20 3 16 0 17 6 0 6 5 16 0 17 0 0 0 0 16 0 0 0 19 0 0 16 0
split_gain=8945.94 1782.55 1671.71 713.723 477.84 411.463 350.687 293.715 236.126 228.813 216.42 181.768 177.719 168.365 141.078 139.543 132.908 127.225 121.364 117.334 113.752 113.654 111.071 104.387 113.134 102.905 102.746 114.743 99.35 97.9762
threshold=1.5893554687500002 19.710937500000004 4.0175781250000009 0 11.875000000000002 0.41064453125000006 1 1.5097656250000002 2 5.5000000000000009 2.5000000000000004 3 2.5000000000000004 4 0.76000976562500011 5 163.50000000000003 6 7 8 9 1.1997070312500002 10 11 12 6.3574218750000009 13 14 0.76000976562500011 15
decision_type=2 8 2 1 2 2 1 10 9 2 2 9 2 1 10 9 2 9 9 9 9 10 9 9 9 2 9 9 10 9
left_child=1 3 9 6 12 23 22 17 -9 13 18 16 19 21 -14 -12 -6 -8 -10 -4 -20 -2 -1 -5 -25 -11 -19 -28 -7 -17
right_child=2 -3 4 5 11 28 7 8 10 25 15 -13 14 -15 -16 29 -18 26 20 -21 -22 -23 -24 24 -26 -27 27 -29 -30 -31
leaf_value=0.24958840968576204 0.083062582178912506 -0.11548851046377413 0.52317630267628301 0.10246184884140466 1.0452295989288232 0.055851383530281143 0.73387450681668032 0.5229678419178686 0.22173038514726612 0.053833592451949963 0.22563036904117753 0.32898148703869418 0.33276056702153145 -0.015161875053479434 0.061916685852590483 0.097450864304180179 8.8864520435040166 0.38195224195925526 0.20087568976864933 0.1472585299248432 -0.011439328056868359 0.0046466081191120613 -0.049401239926234686 0.052704676297317191 -0.082778749877644317 0.38723840933062698 0.2279760074276331 -0.0038041132218876064 -0.040170578238022309 -0.042036617361724996
leaf_weight=6057 208831 4814885 19255 12382 52622 48589 8227 12431 5619 256029 20750 226937 114114 1107831 719253 19225 846 15359 9249 315090 1361798 1194480 2316678 23910 3753376 13180 28400 249943 1999243 3384091
leaf_count=6057 208831 4814885 19255 12382 52622 48589 8227 12431 5619 256029 20750 226937 114114 1107831 719253 19225 846 15359 9249 315090 1361798 1194480 2316678 23910 3753376 13180 28400 249943 1999243 3384091
internal_value=-0.00118575 -0.00166972 0.000884771 -0.00137081 0.00226232 -0.00178464 -0.00104601 -0.000814653 -0.00090955 0.000167289 -0.000927374 0.00411579 0.00181725 1.87737e-05 0.00142654 -0.00114024 0.00673885 0.000698102 -0.000397929 0.00279109 -0.000428004 0.000382537 -0.0015555 -0.00209322 -0.00210825 0.00155261 0.000526178 0.000306418 -0.00121359 -0.00116517
internal_weight=2.23187e+07 1.80902e+07 4.22847e+06 1.32753e+07 1.44812e+06 5.8375e+06 7.43783e+06 5.11509e+06 4.81316e+06 2.78035e+06 4.80073e+06 280405 1.16771e+06 2.51114e+06 833367 3.42407e+06 53468 301929 1.37667e+06 334345 1.37105e+06 1.40331e+06 2.32274e+06 3.78967e+06 3.77729e+06 269209 293702 278343 2.04783e+06 3.40332e+06
internal_count=22318680 18090212 4228468 13275327 1448117 5837500 7437827 5115092 4813163 2780351 4800732 280405 1167712 2511142 833367 3424066 53468 301929 1376666 334345 1371047 1403311 2322735 3789668 3777286 269209 293702 278343 2047832 3403316
cat_boundaries=0 1 2 78 154 155 231 310 390 482 558 633 728 823 902 978 1057
cat_threshold=39 8 33554432 16777728 0 0 2147483648 0 0 0 0 0 0 0 0 0 0 0 0 0 0 0 0 1073741824 0 0 0 16384 8192 1073741824 256 8192 49152 532992 0 2048 8421376 0 0 0 8 0 0 4194304 536870977 262144 0 0 0 0 0 0 0 0 0 0 0 0 0 0 0 0 0 0 0 16777216 4 16793600 0 0 0 0 0 134348800 524288 0 0 2 0 0 0 0 0 0 0 0 0 0 0 0 0 0 0 0 268435456 0 0 12288 0 1073742848 268435456 0 0 0 33570816 1073741824 0 0 0 0 0 1024 4194304 0 2 258 2147483648 0 8192 2 131072 1 1536 16 4096 0 0 0 0 2147483648 0 2048 0 66048 0 0 0 0 0 0 0 16 0 0 0 0 0 0 0 1 1073741824 1024 0 1024 15 0 2097152 2 0 64 0 2097152 1048576 0 0 0 128 0 0 64 0 0 0 0 0 0 131072 805306368 0 0 0 33554432 37748736 536870912 0 16777216 0 536870912 1 0 262216 2097152 0 0 1 16400 0 33554944 0 528384 0 0 0 0 0 0 0 0 0 0 0 0 0 0 0 0 0 0 0 0 268435456 0 0 4096 0 0 0 536870912 0 0 2097152 0 0 0 2097154 0 0 4210688 0 0 0 0 0 0 4 0 0 0 0 0 4096 0 1073741824 2097152 0 0 0 16384 128 32784 0 0 0 0 0 4194304 65536 2 0 2147483648 0 8192 0 32 4194304 1536 0 0 0 0 0 0 0 0 0 0 0 0 0 0 0 0 0 0 16 0 0 0 0 0 8388608 262144 0 1107296256 0 32768 1024 34078848 0 131072 8 0 0 0 0 4 8388608 0 0 0 0 128 2048 0 0 0 0 65536 0 0 0 64 536870912 1024 0 0 33554432 0 0 256 16777216 0 0 16384 1 64 0 0 0 0 0 0 16 0 0 0 0 0 0 0 0 0 0 0 0 0 0 0 0 0 0 0 16777216 4096 2 256 0 0 131072 33554432 268435460 0 512 128 10240 2097152 0 67108864 2147483648 1 1073741824 512 0 0 0 32 4194320 0 0 0 0 0 0 0 0 0 0 0 0 67108864 0 1073741824 268435456 0 0 0 0 1073741824 16 8 0 0 0 1073741824 32768 65536 66 32768 2147483648 0 0 4194304 0 4194304 268435968 2048 0 0 0 0 0 0 0 2048 0 0 0 0 0 0 0 0 0 0 0 0 8 0 4097 0 0 67108864 33816576 0 0 0 0 0 131072 0 0 0 0 0 0 0 0 0 0 0 0 512 0 136314880 0 0 0 512 2097184 16777216 8192 4 0 0 0 0 128 0 2 0 0 128 0 0 268435488 268435456 0 0 0 0 0 0 4194304 0 0 32 0 264 1 4 1073741824 65537 32768 32 33554944 0 8388608 0 0 0 0 0 0 0 0 0 0 0 0 0 0 0 0 0 0 0 0 16 0 0 16384 0 0 0 0 134217728 0 1 1073741824 0 589824 16384 1073741824 0 0 1024 0 2 0 0 134217728 1048576 0 0 134217728 524288 2097152 0 0 1073741840 268435456 1048576 0 16384 0 1073741824 0 1073741824 0 0 0 0 32768 2048 369098752 2147483650 0 0 0 8 4128 65536 4096 0 0 0 0 0 0 0 0 0 0 0 0 0 0 0 0 0 0 0 0 0 0 0 0 0 0 0 0 0 8388608 0 0 0 0 0 0 0 0 0 0 0 0 0 0 0 0 0 0 0 0 0 0 0 0 0 0 0 0 0 0 0 0 0 0 0 0 0 0 0 0 0 0 0 0 0 32785 1073741952 2148532496 1073741824 526336 1024 536870912 512 526338 524288 2097152 8519712 0 0 0 0 0 0 0 0 0 0 0 0 0 0 0 0 0 0 0 0 0 0 0 131072 0 524288 131072 0 256 0 0 268436480 1048576 0 512 0 0 16384 0 0 0 0 0 0 0 0 0 0 0 0 0 0 0 0 0 0 0 0 0 0 0 0 0 0 0 0 0 0 0 0 0 0 0 0 0 0 0 0 0 0 0 0 0 369098752 134742016 525312 1048576 135168 2 0 2097154 136314880 4096 66112 192 4356 0 0 0 0 1024 0 0 0 0 0 0 0 0 0 0 0 0 0 0 0 0 0 0 0 16777216 0 2097152 33554432 524292 0 0 0 0 0 0 0 8388736 0 0 1048576 0 0 1048576 16 0 0 0 0 0 0 0 0 0 268435456 0 0 0 0 67175424 65536 0 0 0 0 0 537135104 12 268435457 92274688 1 262144 33554432 0 67108864 0 0 0 0 4194304 131072 0 32772 0 0 0 0 0 0 0 0 0 0 0 0 0 0 0 0 0 0 0 0 0 0 0 1 0 0 67108864 262144 1024 0 2147483648 0 0 8192 0 4096 0 0 8388608 0 0 4224 0 0 20971520 0 0 0 0 268435456 0 1073741824 0 0 8 0 0 16777216 0 2147483648 0 536870976 0 75497472 0 0 2 1028 32768 0 1073741824 4194560 0 0 0 1024 1048592 33554437 0 0 0 0 0 0 0 0 0 0 0 0 0 0 0 0 0 0 0 0 0 0 0 67108880 0 0 0 1 0 0 0 64 8 0 1048576 2080 0 1073742336 8388608 16 8192 512 0 16384 0 0 128 0 131584 0 0 0 0 134225920 0 262144 0 0 0 32 8388608 0 0 0 0 1073741856 536870912 32768 131072 32768 0 65536 0 0 4194304 0 32 0 0 0 0 0 0 0 0 0 0 0 0 0 0 0 0 0 16777216 0 0 256 0 0 0 0 0 0 0 0 2048 0 0 0 2147483648
is_linear=0
shrinkage=0.05


Tree=25
num_leaves=31
num_cat=21
split_feature=20 16 20 1 20 3 0 6 19 3 18 16 0 3 0 0 0 0 0 0 0 0 5 0 17 0 0 0 0 0
split_gain=8333.55 1888.56 1430.8 807.958 436.316 377.402 375.878 262.985 246.526 231.584 179.905 161.964 156.096 149.361 222.631 170.78 143.667 138.097 130.672 130.214 116.722 118.594 116.597 116.154 106.683 103.419 101.537 101.307 97.5741 97.2322
threshold=1.5893554687500002 19.710937500000004 4.4472656250000009 0 0.41064453125000006 1 2 2.5000000000000004 3.6435546875000004 3 11.500000000000002 0.80981445312500011 4 5 6 7 8 9 10 11 12 13 14 15 11.500000000000002 16 17 18 19 20
decision_type=2 8 2 1 2 1 9 2 2 1 2 10 9 1 9 9 9 9 9 9 9 9 1 9 2 9 9 9 9 9
left_child=1 3 8 5 29 26 9 17 11 12 25 -2 -4 14 -9 -16 -13 -7 -18 -17 -21 -22 -20 -19 -10 -8 -1 -25 -23 -5
right_child=2 -3 6 4 -6 7 10 13 24 -11 -12 16 -14 -15 15 19 18 23 22 20 21 28 -24 27 -26 -27 -28 -29 -30 -31
leaf_value=0.22574672403592941 0.15217107606825711 -0.10971408494058543 6.3162010252674374 0.10205879915256655 -0.038162049326121196 1.0948363060924446 0.31597156331007392 1.3771579797494928 0.047349323411428834 0.24043365144761708 0.24292217316777076 0.34764846080895317 0.86685108402500544 -0.043299871017382689 0.86462044677996541 0.46182150112964948 0.14418741161336732 0.71700994736277135 0.0049845432546991482 0.44649617519711371 0.45030419540593575 0.39812435620802905 -0.019956981402480256 0.27476810468618929 0.30818991788768274 0.079950762172428344 -0.046971745634804711 -0.0069915465518733738 -0.032720977340504741 -0.078639812383762109
leaf_weight=6306 91428 4814885 3191 13540 2047832 2801 70551 1379 470671 61539 281759 15694 78287 2547552 2366 2529 38376 4782 1326739 3167 4121 4348 993289 6334 22569 774375 2316429 1453009 1082704 3776128
leaf_count=6306 91428 4814885 3191 13540 2047832 2801 70551 1379 470671 61539 281759 15694 78287 2547552 2366 2529 38376 4782 1326739 3167 4121 4348 993289 6334 22569 774375 2316429 1453009 1082704 3776128
internal_value=-0.00117835 -0.00164546 0.000820043 -0.00133779 -0.0017781 -0.00099222 0.00222406 -0.00075221 0.000217534 0.00463869 0.0019175 1.33982e-05 0.0063875 -0.000979552 -0.000492798 -0.000518072 -6.61289e-05 -0.00018683 -9.78672e-05 -0.000547073 -0.000573309 -0.000601167 -0.00014574 -0.000208084 0.00123794 0.00155266 -0.00152076 -0.000233602 -0.000633295 -0.00209586
internal_weight=2.23187e+07 1.80902e+07 4.22847e+06 1.32753e+07 5.8375e+06 7.43783e+06 1.2697e+06 5.11509e+06 2.95877e+06 143017 1.12668e+06 2.46553e+06 81478 3.64817e+06 1.10061e+06 1.09924e+06 2.3741e+06 1.46693e+06 2.3584e+06 1.09687e+06 1.09434e+06 1.09117e+06 2.32003e+06 1.46412e+06 493240 844926 2.32274e+06 1.45934e+06 1.08705e+06 3.78967e+06
internal_count=22318680 18090212 4228468 13275327 5837500 7437827 1269702 5115092 2958766 143017 1126685 2465526 81478 3648166 1100614 1099235 2374098 1466926 2358404 1096869 1094340 1091173 2320028 1464125 493240 844926 2322735 1459343 1087052 3789668
cat_boundaries=0 1 2 59 60 82 83 162 240 309 388 465 544 623 700 701 780 856 931 1007 1087 1182
cat_threshold=39 8 0 0 0 0 0 32 0 0 0 0 0 0 0 0 0 0 0 0 0 0 0 1073741824 268435456 0 0 0 16384 1610612736 16 12 0 0 0 0 32784 0 130 49408 2147483656 0 8192 4195328 131104 262144 268435968 0 0 0 0 0 2 2147483648 0 2048 0 65536 8388736 5 0 0 0 0 0 0 0 0 0 0 0 0 0 0 0 0 0 0 0 0 0 1073741824 4 0 0 0 0 0 0 0 1024 0 0 0 0 0 0 1024 0 0 0 0 4096 0 67108864 0 2176 0 8192 0 0 32784 0 16384 25174016 1 1073741824 8388608 0 0 32768 0 0 0 0 133120 0 512 0 0 0 0 0 0 0 0 0 0 0 0 0 0 0 0 0 0 16 0 260 0 0 0 25165824 0 0 34078720 1024 0 67108864 34078720 0 131072 0 0 0 0 0 0 0 0 0 0 0 67108864 0 0 0 0 134217728 0 0 0 0 134217744 0 0 2099200 0 8192 1073741952 0 0 0 524288 0 3072 0 65536 1073741954 0 2147483656 0 16384 0 32 134217728 4 0 0 0 0 0 0 0 0 0 0 0 0 0 0 0 0 0 0 16384 0 0 0 0 0 0 0 134217729 0 516 8192 2 0 4194304 0 4096 524288 2 0 4096 4194304 0 0 0 0 0 0 0 0 0 256 1073741824 0 0 0 1074790400 268435456 0 0 16384 0 1610612736 16 12 0 0 0 16384 32768 0 0 32768 0 0 24576 4202496 33554976 0 512 0 0 1048576 0 0 536870912 0 0 0 0 2097152 8388608 0 0 0 0 0 0 0 0 0 0 0 4096 0 512 0 0 0 0 0 0 0 0 0 0 0 0 0 0 0 0 0 4096 0 0 0 0 0 16384 16384 1073741824 2064 8 16384 0 0 0 8388608 0 2 0 8 0 8192 0 32 4194304 512 0 0 0 0 0 0 0 0 0 0 0 0 0 0 0 0 0 0 16 0 16384 0 0 131072 8388608 262148 67108865 1107558400 0 32768 2147483648 524288 0 2147491840 1073807360 16777216 0 2048 1073741824 66048 16385 1152 0 0 0 0 0 1048576 0 0 0 0 0 0 0 67239952 16384 0 0 2147483648 0 0 32768 0 32769 512 536870912 0 0 0 67108866 6 8 0 0 0 16 65536 4096 0 0 0 0 0 0 0 0 0 0 0 32 0 0 0 0 0 0 0 0 0 0 0 0 0 0 0 0 0 0 0 2 0 0 0 0 0 0 0 0 0 0 0 0 0 0 0 0 268435456 0 0 268435456 67108864 0 537919488 0 0 16 0 2147483712 536870912 0 1073741824 0 0 0 8192 0 0 2048 0 33554436 0 1024 0 38797312 131072 0 0 0 0 0 0 0 0 0 0 0 0 0 0 0 0 0 0 8 4 0 0 512 8388608 16384 262144 32832 0 134217736 2048 0 128 0 8388608 0 134217728 2 0 0 0 0 0 0 134217728 0 0 0 4 0 0 0 524288 0 0 0 1024 0 0 0 0 0 0 256 1073758212 4194304 0 0 0 0 0 2048 67108864 1 0 2097152 0 536870912 262144 1024 0 0 0 0 0 0 0 0 0 0 0 0 0 0 0 0 0 0 285212672 8388608 0 0 16 0 2 2 0 0 64 0 1344 4194304 2 2147483648 0 16777728 0 0 0 1049088 0 0 0 4 0 0 0 0 0 0 0 0 67108864 128 32 0 268435968 0 0 0 0 0 0 8192 16777216 0 536870914 0 0 0 71303232 0 0 0 134217728 0 512 0 32 0 0 0 0 0 0 0 0 0 0 0 0 0 0 0 0 0 0 0 4194832 18448 32768 0 1 64 4 0 0 0 0 524288 2 15 8 0 0 0 0 0 8388608 0 0 0 0 0 0 0 0 0 0 0 0 0 0 1073807360 536870912 512 0 0 33562624 0 0 8196 268435457 8388608 0 2048 37748737 65536 0 0 2147483648 33554432 0 4194304 64 0 0 0 0 0 0 0 0 0 0 0 0 0 0 0 0 0 0 0 0 16777216 4 0 0 0 1 33554432 0 134217728 0 0 0 1026 33554560 0 131072 536870920 520 2 2048 0 1048576 4718592 0 0 0 0 0 0 0 0 0 268435456 0 0 0 0 0 0 0 0 16384 0 4194304 0 256 0 0 1 0 0 0 0 2151677952 0 0 0 0 33554432 1 0 34832 1073741824 0 0 0 1024 1073741824 2097152 2 0 2097664 0 4 0 0 0 0 0 0 0 0 0 0 0 16777216 0 0 0 0 0 320 1073741824 0 1638400 16384 1073741824 0 0 1152 0 2 0 0 134217760 1048576 0 0 134217728 524288 2097152 0 0 1073741840 268435456 0 0 16384 0 1073741824 0 0 0 0 67108864 0 0 2048 335544448 2147483650 0 0 0 8 4128 65536 0 0 0 0 0 0 0 0 0 0 0 0 0 0 0 0 0 0 0 0 0 0 0 0 0 0 0 0 0 0 8388608 0 16777216 0 0 2147483648 4 0 0 0 0 0 0 0 0 0 268435456 0 0 0 0 0 1024 0 268436480 0 2147483648 0 0 295168 67109120 16777216 67108864 1 16384 0 64 0 0 0 0 0 0 536870913 0 1024 0 0 0 0 0 0 0 0 0 0 0 0 0 0 0 0 0 0 0 2 16777472 0 0 0 0 268435456 0 524288 1024 10240 2097216 0 0 0 0 0 0 0 128 0 0 64 2 0 0 128 0 0 0 0 33554432 16384 0 0 16777216 0 131072 0 134217728 8388608 0 0 67108864 0 1 0 2048 0 4194624 0 536870912 32768 4194304 0 1 0 0 0 0 0 0 0 0 0 0 0 0 0 0 0 0 0 0 0 4096 0 32 0 0 0 0 1342177312 256 294912 0 0 0 0 0 1048576 17 0 0 0 0 0 0 0 0 0 0 0 0 0 0 0 0 0 0 0 0 0 0 0 0 0 0 0 0 0 0 0 0 0 0 0 0 0 0 0 0 0 0 0 0 0 67141648 128 2149056512 0 4096 1026 536870912 2097664 2623490 0 2097152 8519712 4 0 0 0 0 0 0 0 0 0 0 0 0 0 0 0 0 0 0 0 0 0 0 131072 0 524288 131072 2097152 256 0 0 0 1048576 0 512 0 0 8405120
is_linear=0
shrinkage=0.05


Tree=26
num_leaves=31
num_cat=18
split_feature=20 20 19 16 1 17 20 3 17 0 0 0 6 16 0 0 0 17 0 0 0 0 6 0 0 2 0 0 16 0
split_gain=7792.95 1963.22 1277.38 698.218 541.648 341.632 304.063 247.924 214.417 181.117 167.69 160.453 158.54 156.352 149.546 120.457 130.463 116.695 114.269 110.562 103.582 98.1683 95.9245 95.9082 95.4041 94.1671 93.0957 91.1289 87.8174 87.5987
threshold=1.5537109375000002 0.37500000000000006 4.9277343750000009 15.472656250000002 0 16.500000000000004 2.8750000000000004 1 3.5000000000000004 2 3 4 2.5000000000000004 1.1000976562500002 5 6 7 45.500000000000007 8 9 10 11 2.5000000000000004 12 13 14 15 16 0.76000976562500011 17
decision_type=2 2 2 8 1 2 2 1 2 9 9 9 2 10 9 9 9 2 9 9 9 9 2 9 9 1 9 9 10 9
left_child=1 3 6 4 7 13 19 9 11 -1 -8 -3 -13 -4 -11 -16 -17 -7 -12 -2 -21 -6 -22 -23 -18 -14 -9 -15 -20 -26
right_child=2 8 5 -5 21 17 10 26 -10 14 18 12 25 27 15 16 24 -19 28 20 22 23 -24 -25 29 -27 -28 -29 -30 -31
leaf_value=1.1329681670924809 0.41861999611082096 0.85240804298796435 0.23306426211237527 -0.10422838069355617 0.10127074701852253 0.36314310153870927 2.834074416483789 0.30155183357652171 0.014974466209980509 0.50291598845028229 0.35070590812042107 -0.016698695718821367 -0.033835837611878229 0.29560499373557775 0.4193773841281333 0.414375331200727 0.20987936219053857 1.463820901043188 0.2203534330190855 0.20646405880892404 0.017223475513965171 0.034278175296293976 -0.012609331365068322 -0.074707821764574009 0.19955313540348749 -0.038573862663179949 -0.070565948611157975 0.05714624606886564 0.027306147263310706 -0.03829873762661351
leaf_weight=3303 7769 5602 337748 4866285 12836 179411 1391 4168 240191 5803 31508 1811371 2165423 40716 5847 8289 7003 24775 80963 19653 595143 23458 1483315 3531120 7170 2456316 1620965 549508 972177 1219453
leaf_count=3303 7769 5602 337748 4866285 12836 179411 1391 4168 240191 5803 31508 1811371 2165423 40716 5847 8289 7003 24775 80963 19653 595143 23458 1483315 3531120 7170 2456316 1620965 549508 972177 1219453
internal_value=-0.00117951 -0.00163751 0.000726434 -0.00203874 -0.00169758 0.0021694 0.00021462 -0.00118777 -0.000957726 -0.000660423 0.000894168 -0.00101244 -0.00101981 0.00176198 -0.000691274 -0.000728543 -0.000762275 0.00402101 0.000871823 -0.000135835 -0.000157893 -0.00210943 -0.000192063 -0.0021252 -0.000804302 -0.00117521 -0.0015956 0.00127103 0.000783031 -0.000837543
internal_weight=2.23187e+07 1.79946e+07 4.32408e+06 1.13157e+07 6.44942e+06 1.13216e+06 3.19192e+06 2.882e+06 6.6789e+06 1.25687e+06 1.08604e+06 6.43871e+06 6.43311e+06 927972 1.25356e+06 1.24776e+06 1.24192e+06 204186 1.08465e+06 2.10588e+06 2.09811e+06 3.56741e+06 2.07846e+06 3.55458e+06 1.23363e+06 4.62174e+06 1.62513e+06 590224 1.05314e+06 1.22662e+06
internal_count=22318680 17994603 4324077 11315700 6449415 1132158 3191919 2882001 6678903 1256868 1086039 6438712 6433110 927972 1253565 1247762 1241915 204186 1084648 2105880 2098111 3567414 2078458 3554578 1233626 4621739 1625133 590224 1053140 1226623
cat_boundaries=0 1 2 81 109 167 246 324 401 496 573 631 726 821 893 894 973 1049 1128
cat_threshold=39 5 0 0 0 0 0 0 0 1024 0 0 0 0 0 256 0 0 134217728 536870912 0 4096 0 67110912 268435456 2304 0 0 0 1073741824 0 0 16384 16785408 0 0 8388608 64 128 192 0 0 8192 0 96 512 16384 0 0 0 0 0 0 0 0 0 0 0 0 0 0 0 0 0 0 16 0 0 0 0 512 0 0 0 33554432 2147483648 0 1024 524288 4194304 2147483648 0 0 0 0 0 0 0 0 0 0 0 0 0 0 0 0 0 0 0 0 0 1073741824 0 0 0 16384 0 1073741824 1073741824 0 0 0 0 0 0 1024 0 0 0 0 134217728 0 0 0 0 0 0 0 0 1073741840 268435456 0 0 16384 8192 1610612736 8388608 67108868 16384 0 536870912 2049 32768 0 0 0 8 0 8192 4194304 574619680 4 512 0 0 0 1073741824 0 1024 0 0 0 0 66048 0 256 0 0 0 0 0 0 0 0 0 0 1024 0 0 0 0 0 0 0 0 536870912 128 1073741952 134217792 2 0 1048576 0 0 536870928 81920 0 524288 4194304 524288 33554432 0 64 1048576 2048 536870912 134250496 128 131072 1048576 131072 0 0 0 0 0 0 0 0 0 0 0 0 0 0 0 0 0 0 0 0 536870912 0 0 8388608 0 0 0 0 0 0 0 512 0 132096 0 0 0 0 0 0 134217728 0 0 0 0 0 0 0 0 0 0 0 0 0 32 0 0 16512 0 16896 16384 0 0 8192 0 67108864 2 262144 0 67111040 1073743872 33024 8 0 1064960 64 0 32800 256 0 0 0 0 0 0 0 0 0 0 0 0 0 0 0 0 0 0 0 0 0 65536 4194304 0 0 0 0 0 0 10240 2 128 512 0 0 0 0 0 1 0 128 0 0 8 0 0 0 128 0 8388608 65536 0 0 0 0 16 4096 0 0 128 0 2048 268435712 1073741825 0 536870912 3072 0 8 2 4194304 0 0 64 0 2048 33554456 0 0 0 0 0 0 0 0 0 0 0 0 0 0 0 0 0 0 0 0 0 0 0 67108864 0 0 0 134283264 0 536870912 0 256 37748736 0 16777216 0 0 0 4096 4194304 1049600 0 0 0 0 134217728 0 0 1024 0 8388608 0 4096 0 0 268435456 0 0 0 16384 0 16 4 0 8388608 0 262144 32768 0 0 0 0 1 8192 4202496 32 0 512 4096 0 0 0 0 0 2147483648 0 2050 0 0 8388768 0 0 0 0 0 0 0 0 268451840 0 0 0 0 0 0 0 0 0 0 0 0 0 0 0 0 0 0 0 0 0 0 0 0 0 0 0 0 8388608 131072 4096 524288 2 0 0 4194304 0 0 0 0 0 0 0 0 0 0 1073741824 0 0 0 1073741824 268435456 0 0 16384 16384 1610612736 0 12 0 0 0 0 32768 0 2 0 0 0 8192 4195328 33686016 0 512 2064 4096 0 0 0 1024 0 67108864 0 0 0 8388736 0 0 0 0 0 0 0 0 268435456 0 0 0 0 0 0 0 0 0 0 2 1073807360 0 0 18432 0 512 0 1152 0 0 0 0 0 0 128 0 0 0 0 0 0 0 0 0 0 0 0 0 0 0 1 0 1 1 0 0 128 32768 8 0 0 10 2097200 0 4096 0 0 2148532224 0 0 1048576 2147483648 524800 2050 0 2097664 0 260 0 0 0 0 0 0 0 0 0 0 0 0 0 0 0 0 0 0 0 0 0 0 0 0 0 0 0 0 0 0 0 0 0 0 0 0 0 0 0 0 0 0 0 0 0 335577105 1207959680 2149057536 1073741824 137216 1024 536870912 512 526338 0 2097152 8388640 0 0 0 0 0 0 0 0 0 0 0 0 0 0 0 0 0 0 0 0 0 0 0 0 0 524288 0 2097152 256 0 0 268436480 0 0 0 0 0 8404992 0 0 0 0 0 0 0 0 0 0 0 0 0 0 0 0 0 0 0 0 0 0 0 0 0 0 0 0 0 0 0 0 0 0 0 0 0 0 0 0 0 0 0 0 0 33554432 524288 16 1048576 16416 2 4 2097154 136314880 528384 66144 192 1052928 0 0 0 0 1024 0 0 0 0 0 0 0 0 0 0 0 0 0 0 0 0 0 0 0 16777216 131072 32 33554432 524292 0 0 0 1 0 0 0 2 0 0 0 0 0 1073741824 0 0 0 134217728 0 0 0 0 0 0 268435456 1073741824 16384 33554432 33554432 0 0 512 0 0 33554432 17301504 64 0 2 4096 0 32784 67108864 33554434 0 134348800 2164260864 0 0 16777216 68157440 0 0 0 0 0 0 0 0 0 0 0 0 0 0 0 0 0 0 0 0 268435456 512 0 0 0 0 16384 268435456 32768 1 0 0 65536 0 1073741824 1048576 524304 0 0 2 0 0 32 0 0 0 0 4096 524288 0 0 1073741840 131072 0 0 0 0 0 0 8 32 8388608 64 0 0 32864 0 16777216 0 536870912 0 128 0 33554432 0 0 0 0 0 0 0 0 0 0 0 0 0 0 0 0 0 0 0 16 0 0 0 0 0 41943040 0 0 33554432 16 0 67108864 589824 0 64 8200 2097664 0 0 64 544 2621440 0 0 0 0 0 0 0 0 0 16 0 0 33554432 0 1073741824 268435456 67108864 1048576 0 0 0 16 0 8 0 1048576 1073741824 16 0 0 32768 2 0 0 2 1048608 32 4128 1024 0 0 0 0 0 0 0 0 0 0 0 0 0 0 0 0 0 0 0 0 0 0 0 16777216 0 0 524288 0 0 256 0 0 0 2097154 0 0 0 134217728 0 0 0 0 0 0 0 0 0 0 0 41120 16777216 1024 536870916 16778240 0 0 0 0 0 2 0 8388608 2048 65536 0 536936448 0 0 0 0 0 0 0 67108865 4096 0 0 0 0 0 0 0 0 0 0 0 0 0 0 0 0 0 0 0 1073741826 256 33554432 16 0 65536 0 0 512 524288 0 0 256 0 64
is_linear=0
shrinkage=0.05


Tree=27
num_leaves=31
num_cat=17
split_feature=20 16 20 20 1 19 3 19 16 19 16 0 6 0 0 0 0 0 6 0 0 0 0 17 0 5 0 0 6 0
split_gain=7318.94 1964.63 1144.61 735.269 492.044 337.233 262.167 185.88 183.356 157.742 143.979 139.011 134.272 133.88 131.809 125.308 117.13 116.545 112.659 106.522 99.4236 98.7184 95.8535 92.6878 91.1701 90.6098 86.6061 100.962 83.628 80.6647
threshold=1.5180664062500002 1.0000000180025095e-35 3.9101562500000004 0.48217773437500006 0 11.929687500000002 1 2.0712890625000004 1.7851562500000002 0.92846679687500011 1.5097656250000002 2 2.5000000000000004 3 4 5 6 7 2.5000000000000004 8 9 10 11 163.50000000000003 12 13 14 15 2.5000000000000004 16
decision_type=2 10 2 2 1 2 1 2 10 2 10 9 2 9 9 9 9 9 2 9 9 9 9 2 9 1 9 9 2 9
left_child=1 -1 8 4 6 10 29 12 17 11 28 -8 -5 -10 -15 23 -16 -2 -13 -6 -21 -22 -12 -7 -20 -18 -19 -28 -4 -3
right_child=2 3 5 7 19 15 9 -9 13 -11 22 18 -14 14 16 -17 25 26 24 20 21 -23 -24 -25 -26 -27 27 -29 -30 -31
leaf_value=-0.099016961658878355 0.43327093161173758 0.29392792129778417 0.24356750523265941 -0.01286867328511021 0.10099898351378794 0.97333005651257176 0.92161420401015182 0.029899582297871152 0.16851877830550938 0.048356127821404131 0.22523564636430768 -0.027700451931709537 -0.034325253726656138 0.08538998324443306 0.065675383100952514 0.28387929691681146 -0.0013084559413060416 0.21406078989860711 0.21631186423514867 0.045898454433338558 0.0030238156337768943 -0.070972430676345316 0.035494975014688103 8.0606283468014226 -0.043668370096053226 -0.026408341226025513 0.1678201671296084 0.01930877654622944 0.13504777011289593 -0.065565875417361849
leaf_weight=4726430 14507 2570 146246 1536450 16400 42319 6187 160517 29578 52306 54655 649545 3828660 56603 65800 250732 1208012 35401 8943 24985 45353 4089070 640003 845 1603739 903575 54818 554749 364655 1145027
leaf_count=4726430 14507 2570 146246 1536450 16400 42319 6187 160517 29578 52306 54655 649545 3828660 56603 65800 250732 1208012 35401 8943 24985 45353 4089070 640003 845 1603739 903575 54818 554749 364655 1145027
internal_value=-0.00117541 -0.00162552 0.000645993 -0.00131168 -0.00162931 0.00176908 -0.00118913 -0.000872258 6.98726e-05 -0.00088343 0.00139885 -0.000946029 -0.000922419 -0.000143875 -0.000188127 0.00328776 -0.000250055 0.000803536 -0.000966507 -0.00199491 -0.00201077 -0.00202977 0.000930249 0.00577639 -0.00119044 -0.000314794 0.000703791 0.000564132 0.00203601 -0.00180732
internal_weight=2.23187e+07 1.78962e+07 4.4225e+06 1.31698e+07 7.64412e+06 1.49946e+06 3.46832e+06 5.52563e+06 2.92304e+06 2.32072e+06 1.20556e+06 2.26841e+06 5.36511e+06 2.26357e+06 2.23399e+06 293896 2.17739e+06 659475 2.26223e+06 4.17581e+06 4.15941e+06 4.13442e+06 694658 43164 1.61268e+06 2.11159e+06 644968 609567 510901 1.1476e+06
internal_count=22318680 17896182 4422498 13169752 7644125 1499455 3468317 5525627 2923043 2320720 1205559 2268414 5365110 2263568 2233990 293896 2177387 659475 2262227 4175808 4159408 4134423 694658 43164 1612682 2111587 644968 609567 510901 1147597
cat_boundaries=0 1 2 81 150 232 309 386 443 537 632 727 819 896 897 973 1048 1125
cat_threshold=39 8 8 0 0 0 0 1048577 0 0 0 0 0 0 0 0 0 0 268435456 0 0 4096 0 1073741824 2228224 128 0 0 16384 1073741824 0 8 16384 0 0 0 8388608 64 2 0 8 0 8192 0 96 1 0 0 0 0 0 0 0 0 0 0 0 0 0 0 0 0 0 0 0 16 0 536870912 0 0 0 8388608 0 0 33554432 0 32768 67109888 524416 0 132096 1024 0 536870912 0 0 512 17408 0 0 0 0 0 134217728 1048576 0 0 256 0 0 0 0 131584 268435456 0 0 16384 2097152 1073741824 0 8192 49152 532480 0 1 8388608 256 0 32768 8 0 16384 0 572523008 0 32 0 0 0 0 0 0 0 0 0 0 0 0 0 0 0 0 0 0 0 0 268435456 0 0 4096 0 33554432 4194304 2048 524354 4096 1 1048576 0 2 0 0 0 0 0 0 0 0 0 0 0 0 0 67108865 0 0 33556480 0 0 131072 1048576 0 536870912 16384 1 0 64 4 0 0 16 2 4194304 537198592 4096 0 0 0 0 0 0 0 0 0 0 0 0 0 0 0 0 0 2097152 0 0 0 0 0 0 0 0 0 0 0 0 256 4194304 0 0 0 0 4194304 524288 0 0 0 0 0 0 1048576 8192 0 0 0 0 0 0 0 0 1073741824 0 8192 0 1073742848 268566528 0 0 0 16384 536870912 0 0 0 0 1 265216 4194304 0 128 256 2147483648 65536 0 2 131072 4 8520192 268435472 0 0 0 0 0 2147483648 0 2099200 0 0 0 0 0 0 0 0 0 0 0 0 0 0 0 0 0 0 0 0 0 0 2 0 18874368 2097154 128 0 65536 524288 0 8192 0 0 16384 32 0 1152 0 2 0 512 0 67112960 0 536870912 0 0 0 0 0 256 0 0 0 0 2048 32 67371016 0 0 0 98304 671088640 0 0 32 0 1 0 0 1073741824 0 0 0 0 0 0 0 0 0 0 0 0 0 0 0 0 0 0 0 0 0 0 0 0 0 0 2 2 33619968 150999040 0 0 2147483648 0 12582912 0 0 0 1024 0 0 0 0 0 0 0 0 0 0 1073741824 0 0 0 0 16384 536870912 536870912 12 0 67108864 0 1073741824 32768 0 2 0 2147483648 0 1056768 4202496 32 0 4608 16 0 0 0 0 0 2147483648 0 2 0 0 192 0 0 0 0 0 0 0 0 0 0 0 0 0 0 0 0 0 0 0 0 0 0 0 0 0 0 0 0 0 0 0 0 0 0 0 0 0 0 0 0 0 0 0 0 0 67141648 128 2148532480 0 659456 1024 536870912 640 526338 528384 6356992 8388768 256 0 0 0 0 0 0 0 0 0 0 0 0 0 0 0 0 0 0 0 0 0 0 131072 32768 524288 0 0 0 0 0 0 1073741824 0 512 0 67108864 0 0 0 0 0 0 0 0 0 0 0 0 0 0 0 0 0 0 0 0 0 0 0 0 0 0 0 0 0 0 0 0 0 0 0 0 0 0 0 0 0 0 0 0 0 301989889 1208483840 1040 1073741824 2048 2 1073741824 2105344 136314880 0 608 64 4100 0 0 0 0 1024 0 0 0 0 0 0 0 0 0 0 0 0 0 0 0 0 0 0 0 16777216 0 0 0 524324 0 1024 1048576 0 0 0 0 8405120 0 0 0 0 0 0 0 0 0 0 0 0 0 0 0 0 0 0 0 0 0 0 0 0 0 0 0 0 0 0 0 0 0 0 0 0 0 0 0 0 0 0 0 0 0 2048 0 0 1048576 16384 0 2147483668 66 0 0 0 131080 3145728 0 8388608 128 536870912 0 0 0 0 0 0 0 0 0 0 0 0 0 0 0 0 0 0 0 256 0 131072 538968064 33554432 0 16 268435488 268435456 10485763 0 2048 8388640 2 8 2097672 2 2080 2147483712 544 2621440 1024 0 0 0 0 0 1048576 0 1024 0 0 0 0 0 1073741824 268435456 0 0 16384 0 1073741824 0 0 0 0 0 1073741824 16 262144 0 16384 0 0 0 4194304 33554432 0 4096 0 0 0 0 16384 0 0 0 0 0 0 0 0 0 0 0 0 0 0 0 0 0 0 0 16777216 0 0 0 0 0 0 4194306 0 0 0 0 0 0 0 0 0 0 0 0 0 0 512 0 0 0 0 16384 524288 0 0 0 0 0 32768 2049 0 0 1 0 0 0 0 0 17408 268435456 32 0 0 0 0 603979776 8192 0 25165824 134217730 0 0 2 0 0 2147483648 537001988 0 1024 131072 1048576 0 0 0 0 0 0 0 0 0 0 0 0 0 0 0 0 0 0 0 0 4 0 0 71303168 1 0 0 65536 0 1024 0 0 65536 15 1073872904 0 524288 2048 1073741824 0 0 0 0 0 0 0 0 0 0 0 0 1073741824 0 4096 67108864 67108864 0 0 0 2147483648 0 0 2064 0 0 16777216 1 32768 33554432 0 0 0 0 0 0 1024 131072 0 0 4096 4096 0 0 0 1024 0 67108864 134219776 0 2163200 8519712 0 0 0 0 0 0 0 0 0 0 0 0 0 0 0 0 0 0 4194304 0 0 1114112 16384 0 0 0 128 0 0 0 0 0 0 0 0 0 0 0 0 0 1040 16384 2048 0 0 0 0 0 0 268435456 0 0 1024 4194304 2048 67108992 258 0 0 0 0 16 1 0 34816 1073741824 2148532224 0 0 1048576 0 2621952 0 4096 0 0 260 0 0 0 0 0 0 0 0 0 0 0 0 0 0 0 524288 32768 0 0 65536 0 1073741824 0 0 0 0 0 1024 67108866 134225920 0 0 0 134217728 2147483648 2097152 0 0 1073807376 268435456 0 0 32768 0 8192 0 0 0 0 67108864 128 0 32832 335544320 2147483650 0 536870912 16 128 4096 0 0 0 0 0 0 0 0 0 0 0 0 0 0 0 0 0 0 0 0 0 0 0 0 0 0 0 1024 0 0 0 8388608 0 65536
is_linear=0
shrinkage=0.05


Tree=28
num_leaves=31
num_cat=21
split_feature=20 20 16 1 0 3 20 18 16 6 3 19 0 0 0 0 0 3 0 0 0 17 0 0 0 0 0 0 5 0
split_gain=6970.17 1768.63 1511.83 518.97 426.227 314.023 297.971 241.302 215.07 211.821 162.836 129.245 125.479 123.004 121.423 117.56 116.765 111.872 165.341 118.03 104.766 99.7947 96.7545 90.0787 88.5938 85.9842 85.7314 87.7414 85.0545 81.8009
threshold=0.91088867187500011 2.9101562500000004 1.0000000180025095e-35 0 1 2 0.37500000000000006 8.5000000000000018 2.0400390625000004 2.5000000000000004 3 1.5000000000000002 4 5 6 7 8 9 10 11 12 10.500000000000002 13 14 15 16 17 18 19 20
decision_type=2 2 10 1 9 1 2 2 10 2 1 2 9 9 9 9 9 1 9 9 9 2 9 9 9 9 9 9 1 9
left_child=2 8 -1 5 10 29 26 16 13 11 15 24 -10 -2 -14 -3 -6 18 -11 -20 -16 -18 -15 -22 -7 -21 -5 -28 -25 -4
right_child=1 4 3 6 7 9 -8 -9 12 17 -12 -13 14 22 20 -17 21 -19 19 25 23 -23 -24 28 -26 -27 27 -29 -30 -31
leaf_value=-0.094066113575934432 0.44965622262408544 7.346566609594233 0.17675831741074632 0.088316569907115561 0.25497345594263754 1.1188580409810127 -0.032608991040323332 0.15228224760356246 0.22021832944790962 1.3111615232976421 0.32929555364277818 0.10503902083592848 0.067259284962452773 0.20285858124030628 0.049276290969172368 0.91830973931855364 0.027253746246975654 -0.040554138633846451 0.69169946308377461 0.40248552259214998 0.036540161124773728 0.14611067270661701 0.0018222400882682789 -0.012225239620854689 -0.018292015698702025 -0.027629046220257927 0.0323056094348124 -0.067423809142528032 -0.034921647123965636 -0.046905992447642535
leaf_weight=4726430 9829 1607 4733 14462 83369 2103 1611443 482150 16345 1396 125464 20653 48575 22867 58335 45401 1312332 1820541 2179 2141 68931 116224 1289345 1819684 1018727 762046 23419 3638577 1360590 1808782
leaf_count=4726430 9829 1607 4733 14462 83369 2103 1611443 482150 16345 1396 125464 20653 48575 22867 58335 45401 1312332 1820541 2179 2141 68931 116224 1289345 1819684 1018727 762046 23419 3638577 1360590 1808782
internal_value=-0.00116623 0.000160045 -0.00175491 -0.00142675 0.00134173 -0.00108403 -0.00177953 0.00113546 -0.000385314 -0.000815588 0.0037263 -0.000213453 -0.000597206 0.000155212 -0.000618493 0.00623655 0.000824867 -0.00105788 -0.000551668 -0.000583089 -0.000654942 0.000718699 0.000113448 -0.000692649 -0.000292679 -0.000616291 -0.00202802 -0.00204319 -0.000731409 -0.00162131
internal_weight=2.23187e+07 6.86105e+06 1.54576e+07 1.07312e+07 2.16655e+06 5.4433e+06 5.2879e+06 1.99408e+06 4.6945e+06 3.62979e+06 172472 1.04148e+06 3.37246e+06 1.32204e+06 3.35612e+06 47008 1.51192e+06 2.5883e+06 767762 766366 3.30754e+06 1.42856e+06 1.31221e+06 3.2492e+06 1.02083e+06 764187 3.67646e+06 3.662e+06 3.18027e+06 1.81352e+06
internal_count=22318680 6861048 15457632 10731202 2166547 5443301 5287901 1994075 4694501 3629786 172472 1041483 3372460 1322041 3356115 47008 1511925 2588303 767762 766366 3307540 1428556 1312212 3249205 1020830 764187 3676458 3661996 3180274 1813515
cat_boundaries=0 1 73 74 75 152 229 321 343 438 439 518 596 681 739 828 908 987 1082 1177 1178 1253
cat_threshold=39 0 0 0 0 0 0 4194304 0 0 0 0 0 0 0 0 0 0 8388608 0 4096 0 1073741824 268435456 0 0 0 16384 1073741825 16 8204 268435456 0 0 0 32768 0 2 32768 2147483656 0 0 4195328 131104 0 544 0 0 0 0 0 0 2147483648 0 2050 0 65536 8388800 0 0 0 0 0 0 0 0 0 0 0 0 0 0 67108864 8 4 1024 0 0 0 0 0 0 1024 1048576 0 0 0 134217728 1048576 128 0 0 0 0 0 0 131072 268435488 0 0 16384 33554432 1073741824 0 8192 16384 8192 536870912 1 8388608 256 0 32772 8 0 16384 2 572522496 262144 0 0 0 0 0 0 0 0 0 0 0 0 0 0 0 0 0 0 0 0 0 268435456 0 0 4096 0 0 0 0 0 0 2 2 131072 0 524288 17408 0 0 4194304 0 0 0 0 0 16 0 0 0 0 1073741824 0 0 0 1073741824 0 67108864 0 0 16384 536870912 0 12 0 0 0 0 32768 0 0 0 8 0 8272 4194304 131616 0 512 2048 4096 0 0 0 0 0 0 0 0 66048 8388736 0 0 0 0 0 2097152 0 0 0 0 2097152 0 0 0 0 0 0 0 0 4194304 0 33554432 2097152 0 0 64 67109888 1048576 0 0 0 0 16777248 0 2097152 0 131072 0 131072 0 0 8192 536903680 67108864 0 0 2097152 0 0 268435456 1081344 524288 0 2048 0 8 0 0 0 65536 134217728 8 4456448 65568 0 1048576 0 0 0 0 0 0 0 0 0 0 0 0 0 0 0 0 0 0 0 0 0 0 0 0 0 0 0 0 0 0 0 0 0 0 0 0 0 0 0 0 0 0 0 0 262144 32768 0 0 0 0 0 0 0 0 0 0 0 0 0 0 0 0 0 0 0 0 0 1073741824 1073741832 18874880 0 0 2155872256 512 0 1048576 16384 0 0 0 0 0 0 0 0 0 0 0 0 0 0 0 0 2147500032 0 0 0 0 0 8388608 0 1024 0 0 128 16640 0 0 0 0 0 0 0 268439568 1073741824 0 0 16384 1024 1073741824 2097152 0 0 2097664 0 4 0 0 0 0 2097152 0 0 0 0 0 0 0 0 0 262144 0 0 64 0 0 0 0 0 0 0 0 0 0 0 0 0 0 0 0 0 0 8388608 4 0 131072 0 0 0 0 0 0 0 134217728 0 0 0 0 0 0 134348800 0 0 268439552 67108896 16 0 2048 0 0 0 1073741824 32784 0 16384 25174016 0 1073741824 8388608 0 0 32768 2147483648 0 0 0 131072 0 512 0 0 0 0 0 0 0 0 0 0 0 0 0 0 0 0 0 0 16 0 256 0 0 0 0 0 32768 33554432 1032 0 2 524288 0 131072 0 0 0 0 0 0 0 0 0 0 0 0 0 0 1024 0 0 0 0 0 0 67108864 537919488 256 2097152 16 8192 0 536870912 0 0 0 0 3072 0 0 2 2048 1 4 0 0 2048 38797312 131072 0 0 0 0 0 0 0 0 0 0 0 0 0 0 0 0 0 0 16384 4 0 0 512 0 16777216 0 1 524288 134218240 0 0 536870912 67108864 8192 2097152 541065216 0 0 8454144 512 0 8192 2 0 0 0 0 0 134218752 514 0 0 0 0 524864 0 0 128 0 2048 0 256 256 0 0 0 0 33 0 1 0 0 33 16 0 0 536870912 0 0 0 0 1073741824 0 0 0 0 0 0 0 0 0 0 0 0 0 0 0 1 0 0 0 0 0 0 0 0 0 0 256 4194304 0 0 0 0 0 0 0 2097152 1073741824 4096 0 2 0 0 0 128 0 0 67108864 0 32 0 64 0 0 0 0 4096 67108872 0 0 0 0 0 0 0 16 0 0 67108864 1 0 33554432 2048 67108866 0 0 0 0 1024 16 1048576 4096 32784 0 0 0 0 1049600 2147483648 524288 2050 0 2097152 64 256 2097168 0 32768 65568 67633152 128 3145728 0 0 0 0 2 0 0 1024 0 256 0 67108864 128 4096 0 0 262145 0 32768 8192 0 2162688 262144 16777216 0 16777216 0 0 0 64 32 0 0 0 0 0 0 0 0 0 0 0 0 0 0 0 0 0 0 0 0 0 0 0 0 0 0 0 16384 0 0 0 16777216 0 0 0 0 0 536870912 0 0 0 0 0 4194304 0 0 0 0 0 0 16777216 0 512 0 0 0 0 0 0 0 0 0 16384 0 0 0 0 0 0 0 4096 16384 0 0 4096 0 16384 16384 1073741824 1050640 8 268451840 0 0 262144 33554433 64 2 0 8 0 8192 0 0 0 512 0 0 0 0 0 0 0 0 0 0 0 0 0 0 0 0 0 0 16 64 0 0 0 262145 0 0 0 33554944 134217730 0 0 524288 0 0 1 0 134217728 0 0 0 512 0 0 0 0 0 2 8192 4 0 0 512 0 0 128 0 1024 0 128 0 1048576 0 2147483776 256 0 0 0 0 0 0 0 64 0 1032 0 16384 1024 32 0 0 0 0 0 0 0 0 0 0 0 0 0 0 0 0 0 0 0 0 0 12582912 0 0 0 0 0 2 134217984 0 68 0 67109888 32896 0 32768 0 0 0 0 0 0 0 0 0 0 0 0 0 0 0 0 0 0 0 0 0 0 0 0 0 0 0 0 0 0 0 0 0 0 0 0 0 0 0 0 0 0 0 0 0 335577104 134742144 2149057536 1073741824 659456 1024 536870912 512 526338 4096 6291456 8388640 0 0 0 0 0 0 0 0 0 0 0 0 0 0 0 0 0 0 0 0 0 0 0 0 0 524288 0 0 256 4 0 0 0 0 0 0 0 8405120 0 0 0 0 0 0 0 0 0 0 0 0 0 0 0 0 0 0 0 0 0 0 0 0 0 0 0 0 0 0 0 0 0 0 0 0 0 0 0 0 0 0 0 0 0 33554433 1073741824 0 1048576 16384 2 4 2097154 136314880 524288 66144 192 1052928 0 0 0 0 1024 0 0 0 0 0 0 0 0 0 0 0 0 0 0 0 0 0 0 0 16779264 131072 32 33554432 524288 0 1024 0 1 0 2048 0 2 15 524288 4096 65536 16384 1073741824 0 0 0 0 0 1024 2 0 1048576 0 131072 134217728 537395200 67125248 0 0 1073741840 268435456 0 0 1064960 0 8192 2 0 0 0 67108864 0 0 4194304 335544448 2 0 0 0 128 0 65536 0 0 0 0 0 0 0 0 0 0 0 0 0 0 0 0 0 0 0 0 0 0 0 0 524288 0 1024 0 0 0 8388608
is_linear=0
shrinkage=0.05


Tree=29
num_leaves=31
num_cat=19
split_feature=20 20 16 1 17 17 3 16 0 17 6 5 5 17 0 0 20 0 17 0 0 0 3 0 3 0 0 0 0 0
split_gain=6802.39 2166.5 1049.87 470.955 376.645 288.308 277.111 204.824 174.07 173.034 140.938 132.349 127.327 113.367 103.995 114.258 104.073 96.5561 92.355 90.4987 87.5793 87.0785 85.3434 120.439 85.0262 84.561 84.3864 83.4328 82.1114 75.0697
threshold=0.55346679687500011 2.8750000000000004 1.0000000180025095e-35 0 11.500000000000002 4.5000000000000009 1 1.7851562500000002 2 2.5000000000000004 2.5000000000000004 3 4 31.500000000000004 5 6 0.26782226562500006 7 11.500000000000002 8 9 10 11 12 13 14 15 16 17 18
decision_type=2 2 10 1 2 2 1 10 9 2 2 1 1 2 9 9 2 9 2 9 9 9 1 9 1 9 9 9 9 9
left_child=2 5 -1 6 8 7 28 27 -3 10 21 17 26 -6 -5 -16 -17 -9 -7 -19 -20 -8 23 -12 -21 -25 -10 -2 -4 -23
right_child=1 4 3 14 13 18 9 11 12 -11 22 -13 -14 -15 15 16 -18 19 20 24 -22 29 -24 25 -26 -27 -28 -29 -30 -31
leaf_value=-0.089362807897137714 0.4567904453911858 0.36902499552884022 0.21703207421367729 0.10113209124450168 0.20294965401990372 0.028163339841254964 0.70318697992665269 0.18790929201573722 0.25265243305033247 0.063979164966764923 1.2140127095212119 -0.032566195968810163 0.018532121069758479 0.78816022535808228 0.032247568999092251 -0.064052618685401644 -0.03191443682237867 0.071086472535559525 1.2551058784117131 -0.031609811764237675 0.25029868298305974 0.42339387406299844 -0.040772973971363508 0.60140305281059947 -0.011006170372282487 -0.032818929929467291 0.053573178772821931 0.0010507377405572838 -0.058099379043728396 -0.02540082855018895
leaf_weight=4726430 7251 93587 3526 16884 315015 321616 2363 13268 53184 38889 1000 2562931 767229 58239 32401 2975888 1412969 32500 700 701091 12146 3451 1255449 1724 2601081 531632 911701 882561 1271959 710015
leaf_count=4726430 7251 93587 3526 16884 315015 321616 2363 13268 53184 38889 1000 2562931 767229 58239 32401 2975888 1412969 32500 700 701091 12146 3451 1255449 1724 2601081 531632 911701 882561 1271959 710015
internal_value=-0.00116561 -0.000136072 -0.00190571 -0.00156558 0.00123609 -0.000558954 -0.00115857 -0.000629438 0.000940212 -0.000857057 -0.000908427 -0.000735904 0.00082671 0.00268333 -0.00191589 -0.00193085 -0.00195269 -0.000528891 0.000874224 -0.000545834 0.00503153 -0.00031547 -0.00114558 -0.00061632 -0.000571677 -0.000648973 0.00120898 7.77911e-05 -0.00176007 -0.000347265
internal_weight=2.23187e+07 9.3341e+06 1.29846e+07 8.25815e+06 2.19896e+06 7.13514e+06 3.82001e+06 6.80068e+06 1.8257e+06 2.54452e+06 2.50563e+06 5.91087e+06 1.73211e+06 373254 4.43814e+06 4.42126e+06 4.38886e+06 3.34794e+06 334462 3.33467e+06 12846 715829 1.7898e+06 534356 3.30217e+06 533356 964885 889812 1.27548e+06 713466
internal_count=22318680 9334100 12984580 8258150 2198955 7135145 3820008 6800683 1825701 2544523 2505634 5910871 1732114 373254 4438142 4421258 4388857 3347940 334462 3334672 12846 715829 1789805 534356 3302172 533356 964885 889812 1275485 713466
cat_boundaries=0 1 2 78 79 80 169 264 340 429 502 581 582 661 662 739 815 898 973 1050
cat_threshold=39 8 0 2097664 0 0 0 4096 4194304 0 0 0 0 0 0 0 0 0 0 0 0 4096 0 1073741824 268435456 0 0 16384 16384 1073741824 16 0 0 0 0 0 32768 0 2 49152 2147483648 0 0 0 32 0 512 4112 4096 0 0 0 1024 2147483648 524288 2048 0 66048 8388832 0 0 0 0 0 0 0 0 0 0 0 0 0 0 0 0 0 0 64 15 15 0 0 0 0 0 0 0 0 0 0 0 0 0 0 0 0 0 0 0 0 0 0 0 0 0 0 0 0 0 0 0 0 0 0 0 0 0 0 0 0 0 0 0 0 0 268468240 128 2148532496 1073741824 4096 1024 536870912 576 134744066 4096 73465856 8519840 4 0 0 0 0 0 0 0 0 0 0 0 0 0 0 0 0 0 0 0 0 0 0 131072 0 524288 0 2097152 0 0 0 268435456 0 0 0 0 0 0 0 0 0 0 0 0 0 0 0 0 0 0 0 0 0 0 0 0 0 0 0 0 0 0 0 0 0 0 0 0 0 0 0 0 0 0 0 0 0 100663296 1073741824 0 0 657408 2 1073741824 2105346 2097152 524288 608 64 4352 0 8388608 0 0 1024 0 0 0 0 0 0 0 0 0 0 0 0 0 0 0 0 0 0 0 16777216 0 0 33554432 524324 0 1024 1074790400 2097152 0 0 0 16386 0 512 0 0 0 512 0 1024 0 0 0 0 134217760 0 128 0 2 0 512 0 0 8192 268435456 67108864 0 16384 33554432 1073741824 0 0 16384 0 536870912 2049 0 0 0 32772 8 0 0 42 574620160 262144 32 0 0 0 0 0 0 0 0 0 0 0 0 0 0 0 0 0 0 0 0 0 0 0 4096 0 0 0 0 0 0 536870912 0 0 5242880 2048 64 0 1024 0 0 0 0 0 0 0 0 0 131584 0 0 0 0 131136 32768 0 0 0 2097152 32768 256 1073872896 1081344 8192 0 16384 0 262144 0 0 0 65536 17424 0 0 65568 4352 1048576 0 0 0 0 0 0 0 0 0 0 0 0 0 0 0 0 0 0 0 0 0 0 0 0 0 0 0 0 0 2 2 0 0 0 0 0 0 0 0 0 0 0 128 8 0 0 0 0 0 2097152 1024 0 0 0 0 0 0 0 1024 0 0 262144 0 0 1073741824 0 0 0 0 8192 1073741824 536870912 8192 16385 67108864 536870912 262145 0 264 2 32768 0 0 8192 4194304 536870944 262144 0 0 0 0 0 0 0 0 0 0 0 65536 0 0 0 0 0 0 0 0 0 0 0 0 0 8 268435456 0 262144 8 512 0 0 0 1073741824 4096 0 0 512 0 32768 0 0 0 0 8192 0 0 4096 0 0 131072 262144 0 16384 0 1207959552 0 8 16384 0 0 0 8388608 0 2 67108864 8 0 8192 0 96 0 0 0 0 0 0 0 0 0 0 0 0 0 0 0 0 0 0 0 0 16 16 32 0 0 0 0 0 134217728 33554432 64 0 2147484672 524288 0 131072 4 4194304 0 0 0 0 0 0 0 0 0 0 0 0 0 0 0 0 0 4194304 4096 524288 0 0 2048 0 0 0 0 0 0 16384 25174016 0 1024 8388608 2 4194304 32896 2147483648 4 0 0 133120 512 0 0 0 0 0 0 0 0 0 0 0 0 0 0 0 0 0 0 0 16 0 0 0 0 32768 0 0 67108864 33554432 1088 0 1024 524288 0 132096 8 0 0 0 0 0 0 0 0 0 0 1 0 0 0 0 0 402653184 0 0 0 32 1040 0 290 1048576 0 0 2147483776 537002000 0 0 0 524288 0 0 0 2 0 1024 536870912 16384 2147484672 32 0 131072 0 0 0 0 0 0 0 0 0 0 0 0 0 0 0 0 0 0 16384 512 0 0 0 0 64 4096 134217729 0 8 0 0 128 1073807360 0 4194304 0 524288 0 16 0 0 0 0 536870912 0 0 0 0 0 0 0 0 0 0 0 0 0 2147483648 0 0 2048 4 268435456 8388608 1 263168 8388608 65536 64 256 0 0 0 4195328 131072 4194305 4096 2048 0 0 0 0 0 1073741824 0 0 0 0 0 0 0 0 0 0 0 0 0 16384 0 0 0 0 0 67108864 262144 540672 0 1024 0 134217728 0 0 0 20 12582944 0 0 0 4194304 0 0 0 0 0 0 1073741824 0 0 67108864 1073741824 0 0 0 0 0 536870912 536870928 4 0 0 0 1073741824 32768 0 0 0 0 0 1056768 4195328 131104 0 4608 2048 4096 0 0 0 0 2147483648 0 0 0 66048 8388608 256 0 0 0 0 0 0 0 0 0 0 0 0 0 0 0 0 0 0 0 0 0 0 0 0 4 524288 4096 65536 0 1073741824 0 0 0 0 0 1024 2 0 0 0 0 134217728 2147483648 67108864 0 0 1073807376 268435456 0 0 1081344 0 8192 0 0 160 0 336068672 0 0 32832 335544448 0 0 536870912 16 0 0 65536 0 0 0 0 0 0 0 0 0 0 0 0 0 0 0 0 0 0 0 0 0 0 0 0 0 0 1024 0 0 0 8388608 0 0 256 2048 0 0 16384 0 1048576 0 0 0 0 0 0 0 0 4096 0 0 33554432 1073741824 0 268435968 0 0 24576 0 2048 524288 0 0 0 0 33554432 65600 0 256 0 0 0 0 0 1048576 0 0 0 0 0 0 0 0 0 0 0 0 0 0 0 0 0 0 0 4 131074 0 0 131072 32768 0 4 67174400 262144 0 40960 131072 128
is_linear=0
shrinkage=0.05


Tree=30
num_leaves=31
num_cat=17
split_feature=20 20 16 1 0 3 19 18 19 6 3 6 16 2 20 0 17 0 0 6 3 0 0 0 16 0 3 0 0 0
split_gain=6732.45 1923.64 1061.09 470.359 348.071 276.553 260.128 186.536 174.542 169.855 167.399 145.77 111.982 98.6984 98.0922 96.2523 94.8579 90.1538 88.0001 84.7381 82.4856 108.619 79.5391 88.2917 79.1883 78.3028 78.0019 91.4423 77.4817 74.2756
threshold=0.55346679687500011 2.8398437500000004 1.0000000180025095e-35 0 1 2 2.2138671875000004 10.500000000000002 1.0712890625000002 2.5000000000000004 3 2.5000000000000004 0.76000976562500011 4 0.30358886718750006 5 8.5000000000000018 6 7 3.5000000000000004 8 9 10 11 0.76000976562500011 12 13 14 15 16
decision_type=2 2 10 1 9 1 2 2 2 2 1 2 10 1 2 9 2 9 9 2 1 9 9 9 10 9 1 9 9 9
left_child=2 6 -1 5 10 25 9 12 11 26 17 -7 -6 -11 22 -14 -8 -3 -17 -20 21 -13 -5 -24 -15 -4 -2 -28 -23 -25
right_child=1 4 3 14 7 8 16 -9 -10 13 -12 20 15 24 -16 18 -18 -19 19 -21 -22 28 23 29 -26 -27 27 -29 -30 -31
leaf_value=-0.084894667502280821 -0.029066475896840461 6.9398302678466184 0.2010621478419708 0.055081704202994963 0.22076393265498076 -0.02323910870847741 0.0045913118447391986 0.16429253754713008 0.054192608471027998 -0.022955300545471902 0.27854942511939951 1.2649910747936643 0.18012344905729885 0.067836450710393154 -0.029382819647188231 0.14397764699631801 0.17094645044123596 0.92783569336209892 0.039656982683853453 0.0042226441345257553 -0.038734325272795328 0.50333929144164258 0.05623499293399073 0.01399960745172113 -0.032748148773057852 -0.055535931873081174 1.045421861861398 -0.0016994265531539378 -0.031177983432993918 -0.060849987751131554
leaf_weight=4726430 406283 1607 3722 10584 146078 716766 926480 343384 49152 2323889 131349 1217 78923 40851 1182600 85112 31006 47301 575095 823764 1247089 1809 19944 25055 2020743 1271763 1417 1350818 528490 3199959
leaf_count=4726430 406283 1607 3722 10584 146078 716766 926480 343384 49152 2323889 131349 1217 78923 40851 1182600 85112 31006 47301 575095 823764 1247089 1809 19944 25055 2020743 1271763 1417 1350818 528490 3199959
internal_value=-0.00116626 -0.000142023 -0.00190254 -0.0015606 0.00113814 -0.00115385 -0.000544488 0.000953099 -0.000852635 -0.000663949 0.00324467 -0.000910758 0.000739432 -0.000830424 -0.00191068 0.000615694 0.000222076 0.00574185 0.00052519 0.000430206 -0.00115336 -0.000631748 -0.00205236 -0.00206648 -0.00108226 -0.00175474 -0.000248787 -6.62515e-05 -0.000666117 -0.00208699
internal_weight=2.23187e+07 9.3341e+06 1.29846e+07 8.25815e+06 2.23261e+06 3.82001e+06 7.10149e+06 2.05236e+06 2.54452e+06 6.144e+06 180257 2.49537e+06 1.70897e+06 4.38548e+06 4.43814e+06 1.56289e+06 957486 48908 1.48397e+06 1.39886e+06 1.7786e+06 531516 3.25554e+06 3.24496e+06 2.06159e+06 1.27548e+06 1.75852e+06 1.35224e+06 530299 3.22501e+06
internal_count=22318680 9334100 12984580 8258150 2232613 3820008 7101487 2052356 2544523 6144001 180257 2495371 1708972 4385483 4438142 1562894 957486 48908 1483971 1398859 1778605 531516 3255542 3244958 2061594 1275485 1758518 1352235 530299 3225014
cat_boundaries=0 1 58 59 60 61 156 178 254 255 334 429 521 592 593 672 749 844
cat_threshold=39 0 0 0 0 0 0 4194304 0 0 0 0 0 0 0 0 0 0 1073741824 0 4096 0 1073741824 268435456 0 0 0 16384 1610612736 16 8204 268435456 0 0 262144 33587200 0 2 32768 2147483656 0 8192 4194306 131104 0 512 2048 1073741824 0 0 0 0 2147483648 0 2048 0 0 192 8 4 1 1073741832 512 2 2048 2147483648 1049088 524288 0 0 0 0 0 0 0 0 0 0 0 0 0 0 67108864 0 0 0 16384 0 4194304 0 0 0 16777216 0 0 0 262144 67108864 4210688 0 32768 16384 0 33554432 1 268439552 0 0 1048576 0 0 0 0 0 0 0 2097152 8388608 0 0 0 0 0 2097152 0 0 0 2097152 0 0 0 0 67108864 0 0 0 8388672 0 0 0 0 0 0 0 0 0 0 0 0 0 0 0 0 0 0 8388608 0 0 0 0 0 0 0 0 0 0 0 0 0 0 0 0 0 0 0 0 0 1073741824 65536 18874368 4325376 0 8392768 0 2113552 0 0 0 0 0 0 0 0 0 268435456 0 0 537395200 8 16 0 0 0 2147483648 0 0 0 256 32768 8388608 0 16777216 0 65536 0 0 0 0 0 0 64 4456448 0 1024 0 0 0 2048 0 0 0 0 0 0 32 0 0 0 0 0 0 0 0 0 0 0 67108864 0 0 0 262144 0 0 2151677952 4 0 0 0 0 0 0 0 0 0 0 0 0 0 0 0 0 268435456 0 0 4096 0 1024 0 2336 0 0 0 0 536870928 0 16384 25165824 0 1024 8390656 0 2 32896 2147483648 0 0 0 131072 0 0 0 0 0 0 0 0 0 0 0 0 0 0 0 0 0 0 0 0 16 0 0 8192 0 0 0 1073741826 0 33554432 1024 0 1024 524288 0 132096 0 0 0 0 0 0 0 0 0 0 0 0 0 0 0 0 0 0 0 0 0 0 0 0 0 0 0 0 0 0 0 0 0 0 0 0 0 0 0 0 0 0 0 0 0 67108881 134744192 2148532224 1048576 0 0 536887300 0 526338 0 2097216 8388640 269484032 0 0 0 0 0 0 0 0 0 0 0 0 0 0 0 0 0 0 0 0 0 0 0 32768 524288 0 32 256 0 0 1024 1048576 0 512 0 67108864 8404992 0 0 0 0 0 0 0 0 0 0 0 0 0 0 0 0 0 0 0 0 0 0 0 0 0 0 0 0 0 0 0 0 0 0 0 0 0 0 0 0 0 0 0 0 0 302022656 1074790400 525312 1141112832 4104 1026 0 512 136314880 528384 5308416 128 134218000 0 0 0 0 1024 0 0 0 0 0 0 0 0 0 0 0 0 0 0 0 0 0 0 0 16777216 131072 0 0 32 0 0 0 1 536870912 524288 256 65536 0 1073741824 0 0 1184 0 0 0 2 8192 0 0 0 134217728 0 67108864 0 0 1073741840 268435456 1024 0 32768 0 8192 0 0 4194432 0 335544384 0 0 64 71303296 2 0 536870912 16 128 0 65536 0 0 0 0 0 0 0 0 0 0 0 0 0 0 0 0 0 0 0 0 0 0 0 0 0 0 1024 8 0 512 0 0 2147483648 0 0 0 0 0 0 0 134217728 4 0 1024 0 0 0 0 0 1073741824 0 0 0 16384 0 536870912 32768 4 49152 8388608 0 1 32768 0 0 0 8 0 8192 4194304 33554432 4456448 512 0 0 0 0 0 0 0 0 0 0 0 0 0 0 0 0 0 0 0 0 16384 0 0 1 8388608 0 67108864 1073741824 0 0 1024 524288 0 2147491840 33554432 0 0 0 0 1073741824 0 0 0 0 524288 0 0 0 0 0 0 0 71303168 0 32 16 536870912 128 1048576 0 8192 0 67108864 0 0 8256 0 0 0 0 0 0 1028 536870912 16384 1024 2080 512 131072 0 0 0 0 0 0 0 0 0 0 0 0 0 0 0 0 0 0 0 0 0 0 4194304 0 0 0 67108864 0 256 0 66 32896 0 0 0 0 0 0 0 0 0 0 0 0 0 0 0 0 0 0 0 0 0 0 0 0 0 0 0 0 0 0 0 0 0 0 0 0 0 0 0 0 0 0 0 0 0 3072 0 0 134250496 2147500032 0 1107296272 2105538 1024 0 544 64 2097156 0 8388608 128 0 0 0 0 0 0 0 0 0 0 0 0 0 0 0 0 0 0 0 0 8192 2048 0 0 33554432 524288 0 0 1073741824 2097154 0 2048 8388608 2
is_linear=0
shrinkage=0.05


Tree=31
num_leaves=31
num_cat=18
split_feature=20 20 16 1 20 3 17 6 5 0 16 5 20 16 0 0 3 0 0 19 17 0 0 0 6 0 0 0 0 0
split_gain=6689.79 1707.05 1088.22 466.711 350.665 261.294 212.232 159.315 154.731 131.754 126.448 111.562 102.78 97.193 89.9446 87.6183 85.766 92.372 87.2213 80.1546 75.1974 71.0798 77.6814 77.2671 70.1594 67.4725 72.6532 67.2381 66.7649 74.4797
threshold=0.55346679687500011 2.5537109375000004 1.0000000180025095e-35 0 8.3750000000000018 1 3.5000000000000004 2.5000000000000004 2 3 0.76000976562500011 4 0.26782226562500006 2.0400390625000004 5 6 7 8 9 1.2143554687500002 11.500000000000002 10 11 12 2.5000000000000004 13 14 15 16 17
decision_type=2 2 10 1 2 1 2 2 1 9 10 1 2 10 9 9 1 9 9 2 2 9 9 9 2 9 9 9 9 9
left_child=2 6 -1 5 10 27 8 19 13 -6 -3 14 21 -2 -12 -16 17 -9 -19 28 -8 -5 -23 -24 -11 -15 -27 -4 -7 -30
right_child=1 4 3 12 9 7 20 16 -10 24 11 -13 -14 25 15 -17 -18 18 -20 -21 -22 22 23 -25 -26 26 -28 -29 29 -31
leaf_value=-0.080649934127166784 0.001705689654294166 0.2004441047765497 0.20680047838015386 0.057617314191155233 0.7323003812682809 1.0320585101518405 0.010411544051222415 1.3022623374103719 -0.029313557075793906 0.27329286210156151 0.30078393266706105 0.0035631378167787723 -0.028849573998900313 0.24623604340438413 0.18583707778675049 0.03404406959176548 -0.036051091474988216 0.47896961497429724 -0.027256889963969466 0.10764864618931341 0.33412235265239665 0.061863103437450565 0.01329962707913508 -0.057807488363574966 0.13446223187935655 0.056418573415233181 -0.017786506732167508 -0.052759135279427133 0.2858187345972481 -0.022968831687255633
leaf_weight=4726430 794346 186074 3096 8952 65445 1873 535849 1166 2737245 125694 25640 787128 1424424 7638 51426 975500 1271113 2574 538892 8922 10102 16852 25039 2962875 313017 29095 2689901 1272389 3715 716268
leaf_count=4726430 794346 186074 3096 8952 65445 1873 535849 1166 2737245 125694 25640 787128 1424424 7638 51426 975500 1271113 2574 538892 8922 10102 16852 25039 2962875 313017 29095 2689901 1272389 3715 716268
internal_value=-0.00116101 -0.000140019 -0.00189495 -0.00154866 0.000968878 -0.0011435 -0.000552329 -0.00085071 -0.000634807 0.00214886 0.000675215 0.000549583 -0.00189739 -0.000415594 0.000886287 0.000813229 -0.00110184 -0.000575573 -0.000605965 -0.000227423 0.000393116 -0.00206282 -0.00207607 -0.00209516 0.00183653 -0.000557386 -0.000570573 -0.00172757 -0.000285639 -0.000310222
internal_weight=2.23187e+07 9.3341e+06 1.29846e+07 8.25815e+06 2.52992e+06 3.82001e+06 6.80418e+06 2.54452e+06 6.25822e+06 504156 2.02577e+06 1.83969e+06 4.43814e+06 3.52098e+06 1.05257e+06 1.02693e+06 1.81374e+06 542632 541466 730778 545951 3.01372e+06 3.00477e+06 2.98791e+06 438711 2.72663e+06 2.719e+06 1.27548e+06 721856 719983
internal_count=22318680 9334100 12984580 8258150 2529924 3820008 6804176 2544523 6258225 504156 2025768 1839694 4438142 3520980 1052566 1026926 1813745 542632 541466 730778 545951 3013718 3004766 2987914 438711 2726634 2718996 1275485 721856 719983
cat_boundaries=0 1 2 3 80 81 176 268 269 348 427 522 617 712 789 878 958 1037 1116
cat_threshold=39 8 15 524288 0 0 0 0 0 0 0 0 0 0 0 0 0 0 1024 0 0 0 8192 0 1073742848 268435456 0 0 0 33554432 0 0 0 0 0 0 263168 4194304 0 2 256 2147483648 0 0 1024 64 262148 512 268436480 0 0 0 0 2 2147483648 2097152 2048 0 66048 0 4 0 0 0 0 2097152 0 0 0 0 0 0 0 0 67108864 1073741824 0 0 4194304 2 15 1073741824 2101248 0 0 0 536870944 4194320 0 0 0 0 0 0 0 0 0 0 0 0 0 0 1140850688 268435456 0 262144 16384 0 1073741825 16 0 16384 0 0 0 32769 256 2 49152 2147483648 0 0 4194304 33554432 0 268435968 0 0 0 0 0 0 0 0 0 0 0 0 0 0 0 0 0 0 0 0 0 0 0 0 0 0 0 0 0 32768 4194368 0 0 0 0 0 0 0 0 0 0 268435456 0 0 0 0 0 0 0 8388608 196608 512 524288 32 64 0 524288 0 0 0 0 0 0 0 0 0 0 0 0 0 0 0 131072 1 0 0 2048 0 0 12 32768 17309696 0 1073741824 0 65536 67108928 0 0 0 8192 8192 512 0 0 0 0 0 0 0 0 0 0 0 0 0 8388608 0 0 0 0 0 0 0 0 16384 0 0 0 0 0 0 262144 0 0 2155873280 0 0 2147614720 0 0 0 0 0 0 0 0 0 0 0 0 512 4 0 0 0 0 0 0 0 0 0 0 0 0 0 0 0 0 0 0 0 4096 32 0 0 2048 0 0 0 1073741888 536870928 0 16384 25165824 0 1040 8388608 0 2 32896 0 0 0 1024 131104 512 0 0 0 0 0 0 0 0 0 0 0 0 0 0 0 0 0 0 0 16 0 4 0 0 0 0 0 67108864 33554432 1024 0 2098178 34078720 0 132096 0 0 0 0 0 0 0 0 0 0 524288 0 0 0 0 0 0 0 0 0 0 1024 536870912 0 0 0 8192 128 0 16448 0 524288 131072 0 536870912 0 0 0 2147484672 536870912 16448 0 0 139460608 131584 0 0 0 0 0 0 0 0 0 0 0 0 0 0 0 0 0 0 268451840 0 2097408 0 0 0 16777216 0 1 0 0 0 524352 0 0 8388672 0 0 0 0 0 0 0 0 0 0 0 0 0 0 0 0 0 0 0 0 0 0 0 0 0 0 0 0 0 0 0 0 0 0 0 0 0 0 0 0 0 0 0 0 0 67108881 527488 2148532224 1048576 657408 0 570441732 0 526338 0 69206080 8388640 269484032 0 0 0 0 0 0 0 0 0 0 0 0 0 0 0 0 0 0 0 0 0 0 0 0 524288 0 32 0 0 0 0 0 0 536870912 0 0 8388736 0 0 0 0 0 0 0 0 0 0 0 0 0 0 0 0 0 0 0 0 0 0 0 0 0 0 0 0 0 0 0 0 0 0 0 0 0 0 0 0 0 0 0 0 0 302023680 1207959552 0 1141112832 4096 3074 0 4608 136314880 528384 4259840 132224 134217984 0 0 0 0 1024 0 0 0 0 0 0 0 0 0 0 0 0 0 0 0 0 0 0 0 0 131072 0 0 4 0 1024 0 1 0 0 0 16384 0 0 0 0 0 0 0 0 0 0 0 0 0 0 0 0 0 0 0 0 0 0 0 0 0 0 0 0 0 0 0 0 0 0 0 0 0 0 0 0 0 0 0 0 0 2048 0 1024 134250496 2147500040 0 1073741840 2097154 0 0 1049088 64 2101252 0 0 128 0 0 0 0 0 0 0 0 0 0 0 0 0 0 0 0 0 0 0 4194304 8192 16779264 0 0 33554688 524288 0 0 1074790400 2097154 0 2048 8388608 2 0 0 0 0 0 0 0 1024 1048576 0 0 0 134217760 0 128 134217728 2 0 0 0 0 139264 268468256 0 0 16384 33554432 1073741824 0 268435456 1064960 0 536870912 2049 0 0 0 32768 8 524288 0 10 574619648 262144 0 0 0 0 0 0 0 0 0 0 0 0 0 0 0 0 0 0 0 0 0 0 0 0 4096 0 0 0 0 0 0 0 2 0 0 6291456 0 0 0 67109888 0 0 0 0 0 0 0 0 0 131072 0 67108864 128 4096 524352 0 8 0 0 2097152 2097152 256 256 0 8192 0 0 8388608 0 0 4 0 65536 134235152 0 2097152 32 8388608 1048576 0 0 0 0 0 0 0 0 0 0 0 0 0 0 0 0 0 0 0 0 0 0 0 0 0 0 2 0 0 536870912 0 0 0 0 0 0 0 0 2097152 0 0 0 1152 524288 0 0 0 1073741824 0 0 32 0 2 1024 0 134217728 0 0 0 134217728 0 67108864 128 0 1073741840 268435456 0 8192 32768 0 8192 0 16384 160 0 67108864 128 0 64 335544320 2 0 536870912 16 128 0 0 0 0 0 0 0 0 0 0 0 0 0 0 0 0 0 0 0 0 0 0 0 0 0 0 0 0 1024 0 0 0 8388608 0 0 0 0 8 0 512 0 0 0 0 4096 0 0 0 0 0 0 0 0 0 0 0 0 4096 0 0 131072 512 0 16384 0 1073741824 0 8 1064960 0 0 0 41943041 64 2 0 8 0 8192 0 96 0 0 0 0 0 0 0 0 0 0 0 0 0 0 0 0 0 0 0 0 16 0 0 0 131072 16896 0 4 67108864 33816576 0 0 1024 524288 0 131072 8 16779264 8 0 0 0 0 0 4194304 0 0 0 2048 0 0 0 0 0 0 0 0 1073741824 0 0 0 0 24576 2147483648 16 0 4194305 0 0 0 67108864 0 0 32 2147483648 0 0 536870912 1 68157440 33280 0 0 0 0 0 0 0 0 0 0 0 0 0 0 0 0 0 0 0 2 2147483680 268435456 16777216 0 0 0 0 0 268435458 0 0 160 0 1048576
is_linear=0
shrinkage=0.05


Tree=32
num_leaves=31
num_cat=19
split_feature=20 19 16 1 20 17 3 0 16 6 0 16 0 0 0 0 19 0 0 0 0 20 3 0 0 0 19 0 2 0
split_gain=6499.11 1570.62 1092.44 443.687 324.836 279.472 231.592 191.173 156.887 144.733 140.562 120.108 136.787 118.787 134.845 99.6248 99.0013 123.641 91.0656 84.7529 87.9823 85.3749 83.6811 139.613 82.8381 80.6251 79.8603 76.3298 74.9574 74.3117
threshold=0.51782226562500011 3.0712890625000004 1.0000000180025095e-35 0 1.6250000000000002 14.500000000000002 1 2 1.0297851562500002 2.5000000000000004 3 1.4853515625000002 4 5 6 7 0.49987792968750006 8 9 10 11 0.26782226562500006 12 13 14 15 0.92846679687500011 16 17 18
decision_type=2 2 10 1 2 2 1 9 10 2 9 10 9 9 9 9 2 9 9 9 9 2 1 9 9 9 2 9 1 9
left_child=2 4 -1 6 9 8 10 22 -3 -2 -4 -12 -13 -14 -15 -5 17 -9 -16 -17 -21 -22 23 -6 -7 -11 -20 -10 -27 -8
right_child=1 5 3 15 7 24 29 16 27 25 11 12 13 14 18 19 -18 -19 26 20 21 -23 -24 -25 -26 28 -28 -29 -30 -31
leaf_value=-0.076617437420808454 -0.0068226230332369079 0.13434006723305084 1.0859009291801225 0.079985169637241518 2.6597038180528827 0.96608822555835061 0.20353460772722354 0.44176854144501548 0.19951937475320788 0.63841013594488683 0.078262611167364868 0.51595861455035397 0.24429258565080564 0.15225681395071497 0.12602859899793756 0.037736853861919384 -0.0025400101573430423 0.071675556710693616 -0.032748512166196786 0.0067938317026166265 -0.054917113945396223 -0.026922754381743276 0.16772080965302083 0.46434242512519763 0.23334518003652663 -0.023311613597004156 0.023882809533492245 0.021407436380233548 -0.029502957534860388 -0.048558069852537966
leaf_weight=4726430 1566677 513704 3852 17087 1643 35965 4916 3284 46204 3807 79858 6939 8065 11027 8321 24751 1985239 75044 1427651 37700 2954265 1278208 12252 5864 223599 1964963 38901 1262273 1935708 2054483
leaf_count=4726430 1566677 513704 3852 17087 1643 35965 4916 3284 46204 3807 79858 6939 8065 11027 8321 24751 1985239 75044 1427651 37700 2954265 1278208 12252 5864 223599 1964963 38901 1262273 1935708 2054483
internal_value=-0.0011542 -0.000175361 -0.00189793 -0.00154026 -0.000510453 0.00104066 -0.00113407 2.08723e-05 0.000822007 -0.000712773 -0.000679648 -0.00070292 -0.000803456 -0.000836 -0.000868862 -0.00188351 -2.60076e-05 0.00171752 -0.000910061 -0.00189867 -0.00191558 -0.001937 0.00491439 0.00907044 0.00257563 -0.000875673 -0.000939668 0.00053131 -0.000882777 -0.00148373
internal_weight=2.23187e+07 9.63623e+06 1.26825e+07 7.95602e+06 7.55448e+06 2.08174e+06 3.64401e+06 2.08333e+06 1.82218e+06 5.47116e+06 1.58461e+06 1.58076e+06 1.5009e+06 1.49396e+06 1.4859e+06 4.31201e+06 2.06357e+06 78328 1.47487e+06 4.29492e+06 4.27017e+06 4.23247e+06 19759 7507 259564 3.90448e+06 1.46655e+06 1.30848e+06 3.90067e+06 2.0594e+06
internal_count=22318680 9636226 12682454 7956024 7554481 2081745 3644013 2083326 1822181 5471155 1584614 1580762 1500904 1493965 1485900 4312011 2063567 78328 1474873 4294924 4270173 4232473 19759 7507 259564 3904478 1466552 1308477 3900671 2059399
cat_boundaries=0 1 2 88 162 240 319 397 492 583 663 758 853 854 920 972 1041 1117 1118 1195
cat_threshold=39 5 0 4096 0 0 1073741824 0 4194304 1024 0 0 0 0 134217728 1048576 0 0 0 131072 0 0 0 1073741824 268435456 0 0 16384 16384 1610612736 32784 4 0 0 0 1 32768 0 0 256 0 0 8192 4202496 33554976 262144 32 0 0 0 0 0 0 2147483648 67108864 0 0 0 0 0 0 0 0 0 0 0 0 268435456 0 0 0 0 0 0 0 0 0 0 0 0 0 0 0 4194304 0 0 0 1 0 0 0 0 0 0 0 1024 0 0 0 0 2048 0 0 0 134217728 0 4096 268435456 0 1140850688 268435520 0 0 8192 0 1073741824 65552 256 16384 524288 0 1074266112 8388608 0 4194432 192 0 0 8448 0 64 0 0 0 0 0 0 0 0 0 0 0 0 0 0 0 0 0 0 0 0 16 0 32 0 0 0 2147483648 0 32 33554432 2147483648 0 0 0 0 0 0 0 2097152 0 0 1088 0 0 0 1024 0 0 0 0 0 4 0 0 16384 0 16384 0 0 536870912 24576 0 0 537001984 2048 0 64 1073741888 1048576 8 536870912 1048576 67108864 32 1081344 4096 0 0 0 0 0 0 0 0 0 0 0 0 0 0 0 0 0 0 0 0 0 0 4194304 0 49288 0 0 0 0 2048 0 0 4194304 0 0 0 0 0 0 0 0 0 268435456 16384 0 2147491840 0 65664 0 0 0 0 4 0 0 4 2 8192 16 10368 4194304 0 268435456 0 0 0 32768 0 4325384 131072 32768 134217732 0 134234176 0 0 0 0 0 0 0 0 0 0 0 0 0 0 0 0 0 0 0 0 0 0 0 0 2048 0 0 8388608 0 0 0 0 65536 0 0 0 0 2147484672 0 17825792 0 0 0 0 0 134217728 0 0 0 0 16777216 0 0 0 0 0 0 67108896 0 134217792 0 1024 0 1048576 35717120 0 8388608 0 2097152 64 2048 0 67108864 536871040 2048 134217728 0 0 0 16777216 0 268436000 0 0 0 0 0 0 0 0 0 0 0 0 0 0 0 0 0 0 0 0 0 0 0 0 0 0 268435456 81920 0 524288 268435456 0 0 2 0 0 0 0 0 0 0 0 0 0 0 0 0 0 0 0 0 0 0 0 0 0 0 0 0 0 0 0 0 0 0 0 0 0 0 0 0 0 0 0 0 0 0 0 0 335579152 16 2148532496 0 4096 1024 0 512 526338 528384 6356992 8388768 4096 0 0 0 0 0 0 0 0 0 0 0 0 0 0 0 0 0 0 0 0 0 0 131072 32768 524288 0 0 0 0 0 268435456 0 0 512 0 67108864 16384 0 0 0 0 2147483648 0 16384 0 0 0 0 0 0 0 0 1024 0 0 0 0 0 67108880 0 4096 0 0 0 32 0 256 1048576 8388608 2 0 0 0 64 0 0 0 0 67108872 0 4194304 0 1 0 0 0 0 0 0 0 0 0 0 8388608 0 0 0 0 0 0 16777232 0 16384 8 16 0 0 0 131072 34078720 0 0 1024 34078722 0 3072 0 0 0 0 0 0 0 0 0 0 0 4 0 0 0 0 4194304 524288 1056 0 0 134217728 0 0 1 1024 0 0 0 524288 16384 128 0 8192 0 1 0 2 0 0 0 65536 1090519040 8192 138412032 16 0 0 0 0 268435456 0 0 0 2097153 2 0 0 0 0 0 0 0 0 0 0 0 0 0 0 0 0 0 0 16777216 0 0 16384 0 0 0 0 32 0 0 0 2097152 2 4194336 0 0 16 0 0 0 0 0 0 0 0 0 0 0 0 0 0 0 0 0 0 0 0 0 0 0 0 0 0 0 0 0 0 0 0 0 0 0 0 0 0 0 0 0 0 0 0 0 1 1074790528 557056 1073741824 526336 2 1610612736 2105474 136314880 0 512 576 260 0 0 0 0 1024 0 0 0 0 0 0 0 0 0 0 0 0 0 0 0 0 0 0 0 16777216 0 2097152 33554432 524320 0 1024 0 0 0 0 0 2 0 0 0 0 0 0 0 0 0 0 0 0 0 0 0 0 0 0 0 0 0 0 0 0 0 0 0 0 0 0 0 0 0 0 0 0 0 0 0 0 0 0 0 0 0 0 134744064 1024 1310720 131144 0 2147500033 64 1024 65536 68157472 131072 270532608 0 8388608 128 0 0 0 0 0 0 0 0 0 0 0 0 0 0 0 0 0 0 0 0 0 2048 0 0 0 0 0 32 1342177280 2097153 0 2048 0 8388736 5 0 0 0 0 0 0 0 1024 0 0 0 0 134217728 0 0 0 0 131072 0 0 0 1073741824 268435456 0 0 16384 0 1073741824 16 0 0 0 0 0 0 0 0 0 0 0 8192 0 32 262144 0 0 0 0 0 0 0 0 0 0 0 0 0 0 0 0 0 0 0 0 0 268435456 524288 0 0 0 0 0 32 17825792 0 0 0 0 0 0 0 256 0 0 0 8192 32768 1073741888 301989888 32768 0 0 33636352 536870912 0 8 16384 0 1048576 2048 0 65536 0 0 2147483656 1 9216 2 0 4 512 0 1073741824 0 0 0 0 2147483648 0 0 0 16384 0 0 0 1024 0 0 4194304 0 134217728 0 0 1024 134217728 0 0 0 0 1073741840 0 0 0 16384 0 1610612736 0 8388612 16384 0 536870912 1 0 0 0 0 8 0 8192 4194304 541065760 4 512 0 0 0 0 0 1024 0 2621440 0 0 66048 0 256 0 0 0 0 0 0 0 0 0 0 4096 8200 52560384 2 0 8388672 512 524288 0 0 0 0 0 2097152 0 2 0 0 0 0 33554432 0 1073750528 268435456 67108864 0 0 0 0 0 0 8 0 0 0 0 0 0 32768 2 0 0 0 0 32 4096 1024 0 1048576 0 0 0 0 0 0 0 0 8388640 0 0 0 0 0 0 0 0 0 0 0 67108864 0 0 0 0 0 0 256 1 0 134217728 196608 0 1082130432 1048576 524304 0 0 2 0 0 32 0 0 0 0 0 524288 0 0 1073741840 131072 0 0 32768 0 0 67108864 0 0 8388608 64 0 0 32864 0 0 16777216 0 1024 0 0 0 0 0 0 0 0 0 0 0 0 0 0 0 0 0 0 0 0 0 0 16 0 0 0 0 524288 41943040 0 0 33554432 16 0 0 589824
is_linear=0
shrinkage=0.05


Tree=33
num_leaves=31
num_cat=17
split_feature=20 20 16 1 18 6 3 0 16 2 16 0 0 19 0 0 0 19 16 20 0 0 0 13 0 0 0 0 0 18
split_gain=6431.79 1423.58 1106.78 447.485 292.433 216.117 207.407 161.668 154.431 146.843 122.935 111.651 107.625 102.776 100.824 97.6049 96.7121 91.3103 89.4787 87.7738 87.0891 84.2751 105.772 79.0945 77.7636 76.9165 79.8876 98.0979 76.8581 76.471
threshold=0.51782226562500011 2.4824218750000004 1.0000000180025095e-35 0 13.500000000000002 2.5000000000000004 1 2 1.0297851562500002 3 1.5097656250000002 4 5 2.0712890625000004 6 7 8 0.92846679687500011 0.76000976562500011 0.26782226562500006 9 10 11 1.0000000180025095e-35 12 13 14 15 16 74.500000000000014
decision_type=2 2 10 1 2 2 1 9 10 1 10 9 9 2 9 9 9 2 10 2 9 9 9 2 9 9 9 9 9 2
left_child=2 5 -1 6 8 13 7 -4 -3 20 -8 -10 -9 -2 -14 -12 -13 -17 -11 -5 -7 -16 -23 -18 -22 -24 -27 -28 -20 -6
right_child=1 4 3 19 29 9 10 12 11 18 15 16 14 -15 21 17 23 -19 28 -21 24 22 25 -25 -26 26 27 -29 -30 -31
leaf_value=-0.07278656554976802 -0.0058743332237392483 0.1121941682689674 1.4695022554968074 -0.052171258248126406 0.23685728563461242 0.52145454771614186 0.0001972095447471567 0.41092225132407789 0.20532333535422836 0.06982947596414471 0.12095814604176258 0.10109733227137113 0.30674746730226143 0.030569794349466464 0.34312944384611638 -0.040037126153279083 -0.0013649543335203518 0.012277651854542691 0.041536721476131383 -0.02512506224579665 0.13393159671563157 0.64401324713569497 0.19626056887308219 0.031517150321022015 -0.01933021782346871 0.22507883481652186 0.21483735432249246 -0.026618814154835913 -0.028514418265415505 2.6116039977595835
leaf_weight=4726430 1760544 616062 1657 3013718 284574 7179 161469 1974 65988 50123 10413 101921 2599 250294 2574 2683976 1037387 59216 37775 1298293 20804 4085 3319 502135 2646298 4007 5547 703177 2248319 6823
leaf_count=4726430 1760544 616062 1657 3013718 284574 7179 161469 1974 65988 50123 10413 101921 2599 250294 2574 2683976 1037387 59216 37775 1298293 20804 4085 3319 502135 2646298 4007 5547 703177 2248319 6823
internal_value=-0.00115412 -0.000180368 -0.00189399 -0.00153398 0.000815473 -0.00055124 -0.00112606 -0.000371697 0.000628221 -0.000726973 -0.00131469 0.000383366 -0.00040734 -0.000113359 -0.000439146 -0.00139332 0.000302288 -0.00141166 -0.00101658 -0.0018787 -0.000473979 -0.000474559 -0.000506895 0.000203532 -0.00048879 -0.000552713 -0.000588121 -0.000627965 -0.0010624 0.00230856
internal_weight=2.23187e+07 9.63623e+06 1.26825e+07 7.95602e+06 2.61489e+06 7.02134e+06 3.64401e+06 728939 2.32349e+06 5.0105e+06 2.91507e+06 1.70743e+06 727282 2.01084e+06 725308 2.7536e+06 1.64144e+06 2.74319e+06 2.33622e+06 4.31201e+06 2.67428e+06 722709 720135 1.53952e+06 2.6671e+06 716050 712731 708724 2.28609e+06 291397
internal_count=22318680 9636226 12682454 7956024 2614890 7021336 3644013 728939 2323493 5010498 2915074 1707431 727282 2010838 725308 2753605 1641443 2743192 2336217 4312011 2674281 722709 720135 1539522 2667102 716050 712731 708724 2286094 291397
cat_boundaries=0 1 2 81 82 177 256 335 412 504 549 628 707 751 831 908 986 1081
cat_threshold=39 4 0 0 0 0 0 0 0 0 0 0 524288 0 0 0 0 0 131072 0 0 4096 524288 0 0 0 0 0 8192 0 536870928 0 16384 25165824 1 1024 8388608 0 1073741826 32768 0 0 0 0 67239968 0 512 0 0 0 0 0 0 0 0 0 0 0 0 0 0 0 0 0 0 24 0 0 32768 0 0 536870912 0 1 33554432 1024 0 0 524288 2 131200 1 8 18874880 0 2048 2214592576 536871424 540672 0 0 0 0 0 0 0 0 0 256 0 0 0 0 1073741824 268435456 0 262144 0 0 1073741824 16 8192 0 8912896 4 0 0 0 0 32768 0 32768 0 2 0 4194304 0 0 0 1048576 0 16384 0 0 0 0 0 0 8388640 0 0 0 0 0 0 0 0 0 0 0 0 0 0 0 0 0 0 0 4194304 0 0 0 0 0 0 0 0 0 0 0 0 0 0 0 0 0 8388608 33554432 134217728 0 0 0 524288 0 0 0 134217728 0 0 0 0 0 0 0 0 0 0 0 1024 536870912 2 0 0 0 2147483648 0 0 1073741824 0 0 0 8192 0 128 4196608 2147483648 0 2097152 0 0 134218240 0 0 0 0 0 0 0 0 0 0 0 0 0 0 0 0 0 0 0 8192 0 260 0 0 0 16777216 0 201326848 0 0 0 9474 128 0 1024 0 0 0 0 0 0 0 0 0 260 0 0 8192 0 1024 0 0 0 0 0 0 0 0 0 2097152 0 0 0 131072 0 16777216 0 0 2048 0 0 0 0 268435457 0 16384 0 2048 5242880 0 0 0 0 0 0 0 0 0 0 0 0 0 0 0 0 0 0 0 16384 268435456 0 0 0 8388608 66048 268701700 0 0 4 131072 8 33554432 8388608 3221225536 0 0 1048576 0 64 0 0 32 0 2 0 36864 0 0 0 0 0 528384 536870912 262144 0 1073741824 268435456 0 0 49152 0 1077936128 0 524288 0 0 64 0 0 32832 0 16777216 16777216 536870913 0 0 33554496 65538 0 0 0 0 0 0 0 0 0 0 0 0 0 0 0 0 0 0 0 0 131072 0 0 0 0 0 0 0 0 144 0 0 65536 2048 0 4325378 0 8912896 0 2097153 1048576 0 0 0 0 0 1048576 0 0 0 0 0 0 67108864 0 0 0 0 0 0 0 0 256 32768 0 0 16777216 0 262144 0 4 0 0 1064960 0 570425920 0 4128 1024 0 0 1073741824 2048 0 0 0 0 0 0 0 0 0 0 0 0 2097152 0 0 0 0 0 0 0 0 0 0 524296 0 8388608 0 0 0 0 0 0 0 0 0 0 0 0 0 0 0 512 1073742848 0 0 0 0 0 4194304 1152 0 0 4194304 0 134217728 0 0 0 134217728 131072 0 0 0 1073741824 268435456 0 0 16384 16384 1610612736 0 8196 16384 0 0 1 8421376 0 128 32768 8 0 8193 4194304 536871456 0 544 0 0 0 0 0 0 0 0 0 0 0 0 0 1048576 0 0 268435456 0 0 128 0 134217744 1048576 384 0 8388608 268435456 0 67108864 0 0 8192 0 0 0 0 2048 0 8 536870912 0 1024 0 0 0 0 0 0 0 0 0 0 0 0 0 0 0 0 0 0 0 0 0 0 4 0 0 4194304 0 258 0 64 1610645504 768 0 2148532288 4 0 8388608 4194304 0 0 0 0 512 0 0 0 0 0 0 0 128 0 1073872896 0 0 524288 0 0 0 268435456 268435456 4194304 0 65536 0 0 8192 1 67125248 536870914 0 0 2 0 0 0 33554432 16 0 0 1 131072 0 0 0 0 0 0 0 0 0 0 0 0 0 0 0 0 0 0 32768 4194304 0 0 0 0 32768 32 0 786432 0 2097152 0 536870912 4194816 16384 131072 4096 3670016 16384 0 512 0 4096 0 0 0 0 0 1048576 0 0 2 1073741824 0 4096 8 131072 0 67108864 0 2147483648 2097152 0 537133074 0 0 0 1 2048 4194304 256 67108866 0 2147483648 0 16384 1024 4194304 4 0 0 2 2097152 0 1073741824 32 0 0 0 0 0 0 0 0 0 0 0 4096 0 0 32 0 516 0 0 0 0 32768 66 0 0 0 1073741824 0 0 2147483648 0 0 0 0 33554432 0 0 4096 0 0 0 0 0 0 0 0 0 0 0 0 0 0 0 0 0 0 268435456 528 2147483648 0 0 0 0 0 4224 0 268435464 2048 0 514 16384 32768 20 0 0 67108872 65536 0 0 8388608 0 0 0 0 0 0 1024 0 0 0 0 12582912 0 32 67633152 4 0 0 0 32 1073741952 0 8 0 64 524288 4 33554432 128 0 0 1024 0 0 0 0 0 4 0 0 0 0 0 0 0 0 0 0 0 0 0 0 0 0 0 268435456 0 0 270548992 0 16 0 1024 0 0 0 0 8192 0 4194305 0 0 0 0 0 9437184 0 0 0 0 0 0 1 0 0 268435457 0 0 0 0 0 0 512 16793600 1075052544 0 33554432 0 8388608 0 4194304 0 8 16777216 134217728 0 1 0 4 0 64 2147483648 0 0 64 0 0 0 0 0 0 0 0 0 0 0 0 0 0 0 0 0 16777216 0 0 0 8388736 0 0 0 8194 0 0 16777216 0 1073741824 2097152 135168 0 0 0 0 0 0 0 0 0 0 0 0 0 0 0 0 0 0 0 0 0 0 0 0 0 0 0 0 0 0 0 0 0 0 0 0 0 0 0 0 0 0 0 0 0 67108864 0 1048576 1073741824 2064 0 1048576 0 0 524288 2097152 8388640 16 0 0 0 0 2097152 0 1 16400 0 1040 4097 0 1024 0 0 0 32768 536871170 2 0 8192 0 0 0 536870912 0 2097152 0 0 0 1024 0 8 32768 0 0 67108864
is_linear=0
shrinkage=0.05


Tree=34
num_leaves=31
num_cat=20
split_feature=20 16 19 19 20 17 2 0 3 0 0 6 5 3 0 3 16 0 0 0 19 0 18 0 0 0 0 0 0 0
split_gain=5608.1 1596.18 1238.16 250.857 243.127 232.438 213.167 154.277 136.333 154.459 135.394 126.457 125.403 117.916 112.839 112.934 108.935 103.366 113.554 84.4324 83.864 93.8855 83.6526 90.1431 81.1674 77.1981 111.747 75.6195 88.2077 72.8763
threshold=0.55346679687500011 1.0000000180025095e-35 2.9287109375000004 1.0712890625000002 1.6250000000000002 11.500000000000002 0 1 2 3 4 2.5000000000000004 5 6 7 8 1.0297851562500002 9 10 11 0.49987792968750006 12 1.0000000180025095e-35 13 14 15 16 17 18 19
decision_type=2 10 2 2 2 2 1 9 1 9 9 2 1 1 9 1 10 9 9 9 2 9 2 9 9 9 9 9 9 9
left_child=1 -1 4 6 12 16 10 13 -8 -10 -3 19 -2 29 -12 17 -4 -16 -19 -11 21 -9 23 -7 -21 -20 -27 -28 -29 -6
right_child=2 3 5 -5 7 22 8 20 9 11 14 -13 -14 -15 15 -17 -18 18 25 24 -22 -23 -24 -25 -26 26 27 28 -30 -31
leaf_value=-0.06914723727227963 -0.01244961229185302 0.29513313934027813 0.10994181014373371 0.034359738723627117 2.7542933780472008 1.2061037006406468 -0.049562695335720088 0.38502010382195018 0.17468435080434563 0.10167215572050126 -0.079680793005166728 -0.049451133612287014 -0.025715787650980572 0.14435896849662086 0.62604718531999648 -0.042763257784824329 0.019060128665781443 0.32208697144276743 0.18306215652419841 0.12176916355083769 -0.0030295866148083218 0.06587124401815718 0.18961826937660708 0.37486080764374213 -0.027227454068283776 0.16152205555199842 0.16289803656432561 0.13996846609581337 -0.025287873447094114 0.63614366348839368
leaf_weight=4726430 2952378 15406 486982 88301 1313 2625 1691549 3209 7676 3613 149637 2745429 2209623 11116 5733 1382335 1335316 9686 7872 5155 1873597 74883 354886 23944 1095466 13208 9715 13090 1014279 4228
leaf_count=4726430 2952378 15406 486982 88301 1313 2625 1691549 3209 7676 3613 149637 2745429 2209623 11116 5733 1382335 1335316 9686 7872 5155 1873597 74883 354886 23944 1095466 13208 9715 13090 1014279 4228
internal_value=-0.00109523 -0.00176722 -0.000160423 -0.00134783 -0.000480569 0.000875423 -0.00137648 -7.75584e-06 -0.00155201 -0.00138787 -0.00100486 -0.001402 -0.000660859 0.00478235 -0.0010325 -0.000951268 0.000640485 -0.000566516 -0.000602491 -0.000950148 -4.8662e-05 0.00155675 0.00199778 0.00470388 -0.000975216 -0.00065184 -0.000688831 -0.00074705 -0.000788583 0.0107364
internal_weight=2.23187e+07 1.29846e+07 9.3341e+06 8.25815e+06 7.13035e+06 2.20375e+06 8.16985e+06 1.96835e+06 5.54889e+06 3.85734e+06 2.62096e+06 3.84966e+06 5.162e+06 16657 2.60556e+06 2.45592e+06 1.8223e+06 1.07358e+06 1.06785e+06 1.10423e+06 1.95169e+06 78092 381455 26569 1.10062e+06 1.05816e+06 1.05029e+06 1.03708e+06 1.02737e+06 5541
internal_count=22318680 12984580 9334100 8258150 7130347 2203753 8169849 1968346 5548888 3857339 2620961 3849663 5162001 16657 2605555 2455918 1822298 1073583 1067850 1104234 1951689 78092 381455 26569 1100621 1058164 1050292 1037084 1027369 5541
cat_boundaries=0 1 83 84 180 224 225 226 271 272 317 362 454 533 612 707 749 794 839 882 923
cat_threshold=1 0 0 0 0 0 0 4194304 1024 0 0 0 0 134217728 0 0 1024 0 131072 0 0 8 1073741824 268435584 0 0 16384 16384 1610612736 16 4 0 0 0 1 32768 0 0 0 0 0 24576 4202496 33554976 262144 0 0 0 0 0 16 0 2147483648 524288 0 0 0 8388736 0 0 0 0 0 0 0 0 268435456 0 0 0 0 0 0 0 0 0 0 0 0 0 0 0 4194304 8 0 0 0 0 0 0 0 0 0 0 0 0 0 0 0 0 0 0 0 0 0 0 0 0 0 0 0 0 0 0 0 0 0 0 0 0 0 0 0 0 0 0 0 0 0 0 0 0 0 64 2147483648 1073741952 8192 0 0 0 8388608 0 0 0 0 0 0 16 1073741824 805306368 0 0 16384 8388608 0 0 33816576 1024 0 67109888 589952 0 0 0 1024 0 0 0 32 0 0 0 0 1048576 1 536871424 33554432 2097664 8388736 4 0 6144 131072 0 1073741824 524288 0 0 0 0 0 0 4096 1048576 0 0 0 0 536870912 0 0 1073742848 268566528 2 0 16384 0 1073741824 0 4 0 0 2 33555456 33554432 2112 2 256 0 537001984 8192 0 131168 33587200 15 5 0 0 272384 0 0 0 536870912 0 134217728 8388608 8519680 0 0 0 1048576 0 32768 384 1 138412032 0 0 0 0 16810496 4194304 1 16 1 0 0 131073 0 512 256 16 256 536870912 0 0 0 0 1032 0 1 5 0 0 0 0 0 0 0 1024 0 0 0 0 2147483648 0 1024 0 134217728 0 4096 536870912 0 67110912 0 0 33554432 1048576 0 0 536870928 268443648 16387 83886080 0 2048 8388608 196608 128 32768 134219776 0 1048576 0 0 1049088 131072 0 16777216 0 0 0 0 0 128 0 512 0 0 16777216 0 0 0 0 524288 0 33554464 0 65536 0 16384 0 0 18560 0 16779264 16384 2097152 524288 536870912 294928 0 67108872 64 5243008 8 0 134217728 0 1048576 32 2097152 0 0 0 0 0 0 0 0 0 0 0 0 0 0 0 0 0 0 0 0 0 0 0 0 0 0 0 0 0 0 0 0 0 0 0 0 0 0 0 0 0 0 0 0 0 0 1048576 0 1073741824 4096 0 33554432 0 0 0 67108864 0 0 0 0 0 0 0 32768 514 256 8192 0 0 33619968 0 201326720 1024 0 0 2147483649 536870912 67108866 2147614720 0 131072 163840 0 0 0 256 4 0 0 1073741824 0 2147483648 0 0 0 2 2147483648 0 16384 0 0 0 0 0 8192 0 0 0 0 524288 0 0 0 16 0 4096 0 0 0 0 32768 256 1048576 8388608 2 262144 0 0 64 64 0 1 0 0 0 4194304 0 1 0 0 0 0 0 0 0 0 0 0 0 0 0 0 0 0 0 16 0 16384 8 16 0 65536 0 131072 1107820544 0 0 1024 4718594 0 1024 0 0 0 0 0 0 2097152 1049600 0 0 0 0 134217728 1048576 0 1024 0 0 262144 536870912 0 1207959552 0 67108864 0 0 8192 1073741824 2 8192 16384 0 536870912 2049 8388609 8 2 32768 0 0 8192 0 537919552 262144 0 0 0 0 0 0 0 0 0 0 0 0 0 0 0 0 0 0 0 0 0 0 0 0 0 0 0 0 262144 0 0 2 0 0 1024 0 0 0 0 0 0 0 0 0 0 0 0 0 0 0 0 0 0 0 0 0 0 0 0 0 0 0 0 0 0 0 0 0 0 0 0 0 0 0 0 0 0 0 0 0 2 16 0 0 131072 0 8192 0 0 0 0 0 0 0 0 0 0 0 16777216 0 2147483652 0 0 131072 16793600 268435460 16777217 0 524294 34816 64 33554720 0 2 3 0 0 0 0 2097152 0 524288 0 0 0 136314880 0 0 0 2147484160 0 0 0 2097152 16384 0 0 0 0 268435456 0 0 2048 0 128 131072 8388608 1073741824 0 4096 8 134217792 0 257 0 2 32 0 8388608 65536 0 64 4194304 1074331648 4194304 128 1077936128 2147483712 0 65536 0 33792 0 0 0 16 0 0 0 134217728 524288 0 8 0 0 0 0 0 0 4096 16384 67108996 0 8192 4 16777728 0 0 35659776 536870912 0 262144 128 0 131072 0 131072 256 0 0 4 0 49152 32 2097152 262154 16384 0 4 0 8192 4194560 0 8389632 0 8256 134217728 0 4225 8192 0 0 0 0 0 0 0 0 131072 512 0 0 0 0 0 256 2 1073741832 0 0 0 34816 0 2048 0 2147484672 0 2097152 557842432 536870912 1 8388624 71303168 256 0 65536 0 0 32 0 0 0 512 0 0 0 0 0 536879104 0 0 0 0 16384 16 0 268500992 2147615232 65536 0 131072 655360 96 8 8 5 8192 37748736 131073 0 0 0 0 0 32769 0 0 0 0 0 0 0 1024 0 0 0 0 134217728 0 0 1024 0 0 0 0 0 1073741824 268435456 0 0 16384 0 1073741824 16 0 0 0 0 0 0 0 0 0 0 0 8192
is_linear=0
shrinkage=0.05


Tree=35
num_leaves=31
num_cat=20
split_feature=20 16 20 0 19 2 5 18 3 17 16 0 6 0 3 18 3 0 0 0 0 0 18 0 1 3 0 0 0 0
split_gain=5521.64 1632.23 1123.96 243.53 242.591 202.214 196.26 145.761 127.257 125.157 123.024 115.225 111.417 100.627 98.4976 92.5817 91.9699 119.793 87.1571 85.9402 77.3819 77.0572 75.5312 100.832 75.0834 74.8641 80.689 74.4784 74.1156 71.8782
threshold=0.55346679687500011 1.0000000180025095e-35 2.5898437500000004 0 0.92846679687500011 1 2 7.5000000000000009 3 4.5000000000000009 1.4853515625000002 4 2.5000000000000004 5 6 3.5000000000000004 7 8 9 10 11 12 1.0000000180025095e-35 13 14 15 16 17 18 19
decision_type=2 10 2 9 2 1 1 2 1 2 10 9 2 9 1 2 1 9 9 9 9 9 2 9 1 1 9 9 9 9
left_child=1 -1 6 14 5 10 9 22 -7 15 -3 -10 -13 -12 28 18 17 -15 -2 -19 -21 -22 23 -5 -8 -20 -27 -6 -4 -18
right_child=2 4 3 7 27 8 24 -9 11 -11 13 12 -14 16 -16 -17 29 19 25 20 21 -23 -24 -25 -26 26 -28 -29 -30 -31
leaf_value=-0.065689875408665652 0.56553320142172858 0.021113577014579079 3.4198018930618659 0.37694859145579729 0.36958124307035106 -0.047084560568934092 -0.019617778143170207 0.095254986469863634 0.21084718926450124 0.036184066952979453 -0.0756967533549084 -0.025573190424879513 -0.046978576931672671 0.59309527822034358 0.16479647905982811 0.013708418052924066 0.12462707293334628 0.46209561428740681 -0.025237658626527538 0.2025274059313171 0.198173874941903 -0.020339858660335521 0.012739219086324804 0.058766051694223678 -0.028036149595083406 0.37822493163586018 -0.0082242367619608236 0.013221933106529771 0.54342942728130106 -0.031903223837178939
leaf_weight=4726430 5200 159313 5868 10416 1212 1683752 1621375 611659 6886 193800 146628 1095897 2724853 2759 73252 332297 8272 4055 786636 4861 6038 440940 1475450 235730 1308983 3370 2594046 156214 76018 1816470
leaf_count=4726430 5200 159313 5868 10416 1212 1683752 1621375 611659 6886 193800 146628 1095897 2724853 2759 73252 332297 8272 4055 786636 4861 6038 440940 1475450 235730 1308983 3370 2594046 156214 76018 1816470
internal_value=-0.0010922 -0.00175899 -0.000164628 0.000745407 -0.00133489 -0.00137267 -0.000495423 0.000617851 -0.0015439 -0.000263814 -0.00100821 -0.00138453 -0.00139618 -0.00109645 0.00266362 -0.000328324 -0.0010149 -0.000381942 -0.000406412 -0.000444908 -0.000510011 -0.000578305 0.000382296 0.00119313 -0.000804881 -0.000416358 -0.000286935 0.000609079 0.00385532 -0.001174
internal_weight=2.23187e+07 1.29846e+07 9.3341e+06 2.48839e+06 8.25815e+06 8.10072e+06 6.84571e+06 2.33326e+06 5.51139e+06 3.91535e+06 2.58934e+06 3.82764e+06 3.82075e+06 2.43002e+06 155138 3.72155e+06 2.2834e+06 458653 3.38925e+06 455894 451839 446978 1.7216e+06 246146 2.93036e+06 3.38405e+06 2.59742e+06 157426 81886 1.82474e+06
internal_count=22318680 12984580 9334100 2488393 8258150 8100724 6845707 2333255 5511388 3915349 2589336 3827636 3820750 2430023 155138 3721549 2283395 458653 3389252 455894 451839 446978 1721596 246146 2930358 3384052 2597416 157426 81886 1824742
cat_boundaries=0 79 80 81 82 178 223 224 225 269 327 371 413 457 549 550 551 630 719 742 786
cat_threshold=0 0 0 0 0 536870912 4194304 0 0 0 0 0 0 0 0 0 256 0 0 0 0 1073741824 268435456 0 262144 0 16384 1610612736 16 8204 0 0 4 0 0 0 2 0 2147483648 0 0 4194304 131104 1 544 16 1073741824 0 0 0 0 2147483648 0 2050 0 65536 8388800 0 0 0 0 0 0 0 0 0 0 0 0 0 0 0 0 0 0 0 0 0 131072 1 15 8 0 0 0 0 0 0 0 0 0 0 0 0 0 0 0 0 0 0 0 0 0 0 0 0 0 0 0 0 0 0 0 0 0 0 0 0 0 0 0 0 0 0 0 0 0 2 0 2147483648 0 524352 0 1073741952 8192 0 0 0 8388608 0 0 0 0 0 0 16 8388608 536872960 0 67108864 16384 8388608 0 67108864 33554432 1024 0 67634176 589952 0 131072 0 131072 0 0 0 32 0 0 0 0 0 1 536870912 33554432 0 0 4 0 0 272384 0 0 0 536870912 0 134217728 8388608 8519680 0 0 0 1048576 0 32768 384 1 138412032 0 0 0 0 16810496 4194304 8388609 16 1 0 0 1 0 512 256 16 256 536870912 0 0 0 0 1024 2147483648 1 5 4 33554432 134348800 0 0 0 512 0 0 0 4 0 0 0 0 1024 0 131072 0 0 0 0 0 537919488 258 2097152 0 268443648 2147483648 536870928 0 1073758208 8388608 0 2048 8396800 0 1073741824 34816 1 536870912 2097152 0 2080 512 1073807360 0 0 0 0 0 0 0 0 0 0 0 134217728 0 0 0 0 0 0 0 8 1073741824 268435456 0 0 2147500032 0 1610612736 0 4 16384 0 0 2049 32768 0 0 32768 8 0 8192 4194304 570556976 4 512 0 4096 0 0 0 1024 1073741824 0 0 0 0 64 256 4194304 0 67108864 2099200 0 1074266112 8388608 0 0 134217728 0 0 8192 0 128 0 0 2147483648 0 128 0 134217760 268435456 4 1073741824 0 33554464 1073741952 0 8256 0 64 536870912 0 0 0 2147483648 0 8 0 16400 0 64 135266304 0 0 2 0 0 2048 540672 0 0 0 0 0 4097 0 64 0 0 0 8392704 0 0 524288 0 268451840 262144 0 0 0 8519680 0 1048640 548864 268566536 0 671088640 128 2065 0 33554432 33554432 0 2147483648 0 18874880 0 32 2147483648 4 33 16777216 8192 0 0 16 0 0 0 0 0 0 64 0 34078752 0 4 0 1056768 16 67584 32768 0 262144 0 0 0 1073807360 0 8 0 67108864 32 0 0 33554432 0 272629762 0 0 0 0 2147483648 0 0 1049600 0 0 0 0 134217728 0 0 1024 0 131072 0 0 0 67108864 0 0 0 16384 0 0 0 0 0 8388608 536870912 16777217 8388609 0 64 0 0 0 0 0 33554432 4456448 0 0 0 0 0 0 0 0 0 0 0 0 0 0 0 0 0 0 0 0 0 268451840 2097152 512 67108864 8 0 8192 262144 0 0 1026 2 0 2147484672 0 0 0 0 0 0 0 0 0 0 0 0 512 23 8 0 512 2 2048 2147483648 0 4194304 1024 0 0 0 0 0 4 0 1024 134217728 0 0 4096 0 67108864 0 0 0 0 33554688 0 33040 0 32768 8912896 1 0 4194304 0 128 0 0 0 0 0 0 4456448 0 0 0 0 0 0 0 0 0 0 0 0 0 0 0 0 0 0 0 0 0 16777216 8 0 0 8388608 0 67108864 1073741824 0 0 1024 0 0 2147491840 0 0 0 0 0 0 0 0 0 0 0 0 0 0 0 0 131072 1073741824 64 0 0 8388624 32768 0 0 2147483648 8192 0 8388608 67108864 0 0 536870913 1073741825 0 0 268435457 0 0 0 16777216 0 0 528 2 16 0 256 0 1077936192 0 0 2 0 0 0 64 0 0 0 0 0 0 65536 0 0 0 0 4096 0 0 0 0 0 0 0 0 0 0 0 0 0 0 0 0 0 0 1073741824 32 0 0 0 0 0 0 0 0 0 0 0 0 0 0 0 0 0 0 0 0 0 1073741824 268435456 0 0 1048576 0 0 0 0 32 0 0 0 4224 2048 0 0 131072 8192 131072 0 4 0 1073741824 278921216 0 0 49152 0 1077936128 0 65536 0 0 4194368 33554432 0 134250560 2097152 4 131072 536870912 0 4 33554496 65536
is_linear=0
shrinkage=0.05


Tree=36
num_leaves=31
num_cat=20
split_feature=20 16 19 20 19 3 17 6 6 16 0 0 0 0 0 0 1 0 16 0 0 0 0 0 0 0 5 3 5 0
split_gain=5248.06 1819.78 1016.99 238.246 217.36 177.679 174.079 159.781 133.046 118.83 114.521 86.3812 84.6038 80.5555 78.4582 76.6844 75.9053 75.4525 74.7237 72.9951 76.4005 75.1263 70.9047 69.6591 64.6259 64.3061 63.8817 63.6065 63.1183 62.8966
threshold=0.55346679687500011 1.0000000180025095e-35 3.3564453125000004 1.6250000000000002 0.92846679687500011 0 21.500000000000004 2.5000000000000004 2.5000000000000004 1.0297851562500002 1 2 3 4 5 6 7 8 5.2246093750000009 9 10 11 12 13 14 15 16 17 18 19
decision_type=2 10 2 2 2 1 2 2 2 10 9 9 9 9 9 9 1 9 10 9 9 9 9 9 9 9 1 1 1 9
left_child=1 -1 3 8 5 12 9 11 27 -4 -5 -7 -3 -12 -9 -15 -13 -16 -18 -19 -21 -22 -23 -17 -20 -10 -11 -2 -25 -29
right_child=2 4 6 10 -6 7 -8 14 25 26 13 16 -14 15 17 23 18 19 24 20 21 22 -24 28 -26 -27 -28 29 -30 -31
leaf_value=-0.062405381638232366 -0.026512242703622315 0.25737549780236874 0.12844029890509284 0.41010922414588963 0.014685376285889205 0.67356750045526792 0.39593022638315822 0.37017792956534057 0.47900222265370074 0.039365762395835849 0.16735271907023616 -0.016045425886143463 -0.044730332540487389 0.12433714152916547 0.12461429699484086 0.10404826809868971 -0.030306607795820908 0.16069786603747729 0.053077336888938079 0.096912273773828439 0.067422359728195533 0.10942933189615021 -0.042237614277677096 0.0023269728112604859 -0.011227964577684935 -0.021649335549056792 0.0032550332022911266 0.48428137412847755 -0.017627023826576906 -0.0012211211890772291
leaf_weight=4726430 359963 2912 529155 21182 157426 2501 129411 5465 4045 683375 38843 706994 2530493 44033 9105 47945 453714 9950 8889 11873 13108 13389 3907010 1222885 425321 3691794 523151 1552 915425 1121341
leaf_count=4726430 359963 2912 529155 21182 157426 2501 129411 5465 4045 683375 38843 706994 2530493 44033 9105 47945 453714 9950 8889 11873 13108 13389 3907010 1222885 425321 3691794 523151 1552 915425 1121341
internal_value=-0.00106751 -0.00171758 -0.000163214 -0.000424015 -0.00126977 -0.00130553 0.0008812 -0.00114756 -0.000611813 0.0007493 6.18315e-07 -0.000725294 -0.00165268 -3.35496e-05 -0.00131748 -7.28698e-05 -0.000739874 -0.00132573 -0.00104767 -0.0013362 -0.00134699 -0.00135908 -0.00137172 -0.000114482 -0.00057881 -0.000772341 0.000475319 -0.000211714 -0.000156747 -2.63007e-05
internal_weight=2.23187e+07 1.29846e+07 9.3341e+06 7.46901e+06 8.25815e+06 8.10072e+06 1.86509e+06 5.56732e+06 5.1787e+06 1.73568e+06 2.29031e+06 1.59742e+06 2.5334e+06 2.26913e+06 3.9699e+06 2.23029e+06 1.59492e+06 3.96444e+06 887924 3.95533e+06 3.94538e+06 3.93351e+06 3.9204e+06 2.18626e+06 434210 3.69584e+06 1.20653e+06 1.48286e+06 2.13831e+06 1.12289e+06
internal_count=22318680 12984580 9334100 7469008 8258150 8100724 1865092 5567319 5178695 1735681 2290313 1597419 2533405 2269131 3969900 2230288 1594918 3964435 887924 3955330 3945380 3933507 3920399 2186255 434210 3695839 1206526 1482856 2138310 1122893
cat_boundaries=0 1 83 179 253 330 426 503 504 598 690 782 874 951 1030 1125 1194 1195 1196 1197 1276
cat_threshold=8 0 0 0 0 0 512 4194304 1024 0 0 0 0 134217728 0 0 0 0 131072 0 0 0 1073741824 268435584 0 0 16384 16384 1610612736 16 4 0 0 0 1 32768 0 0 33024 0 0 8192 4202496 33554464 0 0 0 0 0 0 0 536870912 2147483648 67108864 0 0 65536 131232 0 0 0 0 0 0 0 0 268435456 0 0 0 0 0 0 0 0 0 0 0 0 0 0 0 4194304 0 512 0 0 0 0 0 0 0 0 0 0 0 0 0 0 0 0 0 0 0 1073741824 131072 262144 0 16384 0 1073741824 16 8 16384 0 0 0 536870912 0 2 0 8 0 8192 0 0 0 0 0 0 0 0 4096 0 1107296256 8192 0 0 0 0 0 0 0 0 0 0 16 0 0 0 0 0 0 0 67108864 33554432 0 0 132096 524288 0 0 0 0 0 0 0 32 0 4 0 0 0 1048577 536870912 0 2097152 0 4 0 0 0 0 1073741824 0 0 33554432 0 0 0 0 0 0 0 0 134217728 2148007936 2097152 0 0 1073741840 268435456 1024 8192 32768 0 8192 0 0 4194304 0 201326592 0 0 4194368 0 0 0 536870912 0 32 4096 0 0 32 0 0 0 16384 0 2147483648 64 524288 0 0 0 2097424 0 0 0 0 0 0 0 0 0 0 0 0 1024 0 0 524288 67584 4096 537395200 2 1073741824 65536 0 0 0 0 0 0 0 0 0 0 256 0 512 4096 0 67108864 0 0 0 0 0 0 0 0 0 0 536870913 0 0 0 2 0 0 0 0 0 131584 0 4096 38912 0 1048576 0 16384 1048576 0 2621440 2050 0 0 8388608 256 0 0 0 0 0 0 0 0 0 0 4096 0 0 0 0 0 0 0 4194304 0 0 0 0 0 1048577 1 0 0 0 0 16384 0 0 0 0 0 0 0 8192 0 1073741824 268566528 0 0 0 0 1107296256 0 0 0 0 2 0 0 64 0 0 16777216 0 0 536870912 0 0 0 0 0 0 0 0 0 128 8192 0 0 0 8388608 0 0 0 0 0 0 16 0 536872960 0 67108864 0 0 0 65536 33554432 1024 0 1024 589824 0 0 0 0 0 0 0 32 0 0 0 0 0 1 0 33554432 0 8388608 4 131080 16777728 0 0 2148008000 0 16385 1048576 0 0 0 0 0 0 0 0 0 0 0 0 0 0 16384 0 0 0 0 0 32768 131072 0 524800 0 17408 4194304 0 67108864 6 0 0 16384 0 0 537133056 32 268435456 1073741824 0 0 0 0 0 0 0 0 2097664 0 4 0 0 0 0 0 0 0 0 0 0 0 0 0 0 0 0 32768 0 2 39 0 18874368 2 8208 0 0 4096 0 0 0 0 0 1 0 65536 0 0 0 0 0 0 0 0 262144 0 0 0 0 603979776 0 0 0 0 0 33554432 134217728 0 0 2147483648 536870912 0 0 0 1 0 0 0 0 0 0 0 1073741824 0 0 0 0 0 0 0 0 0 0 0 16384 68 268435456 0 0 16384 0 4 0 0 0 0 0 128 64 1024 8 0 0 0 0 0 512 524288 0 131072 1073741824 0 0 0 67108864 0 134218240 0 65536 2147483904 0 2097152 1048576 0 0 0 0 0 0 64 1 0 0 0 0 0 0 0 0 0 0 16384 0 0 0 0 16777216 134217728 1040 0 67584 2 0 8 65536 1048576 1024 131072 33554432 0 0 0 0 0 2048 0 536870912 0 0 0 0 0 0 0 0 0 0 0 0 0 16777216 0 0 1 0 0 0 0 0 0 67108864 256 0 0 0 0 0 0 131072 0 0 268435456 0 0 0 0 536870912 0 4096 0 32 64 524288 0 16777216 0 0 4194304 0 2048 0 0 0 0 0 0 0 33554432 0 65536 128 0 0 0 128 0 532480 0 0 0 0 4194304 0 2097152 0 33554432 0 0 0 571473920 1048576 16 2 0 0 0 0 0 0 0 0 0 0 0 0 0 0 0 0 4194304 0 0 0 0 528 0 0 0 0 1074003968 16777216 0 0 0 0 0 0 0 0 0 524288 0 0 32 0 0 0 1048576 2147483648 0 0 2147483656 0 16384 0 0 0 0 0 0 268435456 16384 4 0 0 8396800 0 0 0 0 1024 32 0 0 0 0 0 2048 0 0 0 536870912 0 0 32768 0 256 0 0 0 32768 0 2 0 1 128 1048576 0 0 0 0 0 0 0 4194432 8 0 0 0 0 0 0 0 0 0 0 0 0 0 0 0 0 268435456 0 2147483648 37748736 0 1048576 0 0 163840 0 0 0 256 0 0 0 0 32 8388608 4194304 0 0 0 0 0 16384 4096 0 128 0 0 0 0 0 0 0 0 0 0 0 147456 0 2 0 0 33554432 536870912 8388608 8388676 0 67108864 0 32768 0 8 0 0 0 1 2097152 0 0 0 4096 0 16 16 0 0 0 0 128 0 0 67108864 131072 0 0 0 0 0 0 16777216 0 2147483648 0 4194304 135168 0 8 1073741824 0 0 0 0 32 0 33554432 0 2048 8390656 64 524288 128 0 0 0 0 0 0 0 1024 0 0 0 0 8 16908288 2097152 0 0 0 0 0 0 0 268435456 8396800 0 0 1 67108864 128 2048 0 1 0 1026 0 4259840 0 67108864 0 2147483648 0 0 2 0 512 136314880 0 0 0 0 0 0 0 0 0 0 0 16384 0 0 0 0 0 0 0 0 0 0 0 0 1024 0 0 0 0 0 0 0 0 0 0 0 0 0 0 0 0 0 0 0 0 0 0 0 0 0 0 0 0 0 0 0 0 0 0 0 0 0 0 0 0 0 0 0 0 0 0 524288 589824 0 0 2048 0 6144 8192 2097153 8192 1025 16777216 0 0 0 0 0 0 0 0 0 0 0 0 0 0 0 0 0 0 0 0 0 0 1024 0 0 0 131072 0 268435456 48 32 270008320 2097152 4194304 167788544 576 66050 0 0 1048576 0 8388608 0 0 1024 0 0 4194304 0 134217728 1048576 0 134218752 0 0 0 0 0 1073741840 0 0 0 16384 0 1610612736 0 4 16384 0 0 2081 0 0 67108864 0 8 0 0 4194304 541065248 4 512 0 0 0 0 0 1024 0 2621440 0 0 66048 0 0 0 0 0 0 0 0 0 0 0 0 4096 15 8 15 0 0 0 0 0 0 8388608 1024 0 0 0 0 16777216 0 128 0 0 0 4096 0 0 65536 0 0 0 2147500032 0 0 8421376 67108868 16385 524288 0 1 32768 0 0 0 8 0 0 4194336 536870912 0 0 4096 0 0 0 0 0 0 0 0 0 512 0 256 0 0 0 0 0 16777216 4 0 0 1073741824 0 8388608 1024 0 0 0 0 2147483648 0 0 2147483648
is_linear=0
shrinkage=0.05


Tree=37
num_leaves=31
num_cat=19
split_feature=16 20 20 18 6 16 3 0 6 3 0 0 18 0 0 19 0 6 19 0 0 1 0 1 2 0 0 0 0 0
split_gain=5072.26 2244.83 508.973 336.365 206.269 160.983 142.753 141.688 130.604 118.749 120.545 108.078 101.34 91.8733 85.9997 85.9517 80.0468 73.8827 73.1035 72.4022 78.5608 71.9538 71.4331 69.1331 66.3945 65.4197 65.2166 62.3069 61.5473 65.8765
threshold=1.0000000180025095e-35 1.6250000000000002 0.55346679687500011 7.5000000000000009 2.5000000000000004 0.76000976562500011 0 1 2.5000000000000004 2 3 4 25.500000000000004 5 6 0.92846679687500011 7 3.5000000000000004 2.3564453125000004 8 9 10 11 12 13 14 15 16 17 18
decision_type=10 2 2 2 2 10 1 9 2 1 9 9 2 9 9 2 9 2 2 9 9 1 9 1 1 9 9 9 9 9
left_child=-1 2 4 5 6 -3 -2 22 18 10 -6 -9 -5 -13 -15 23 -16 -18 -4 -12 -21 25 -7 -8 -10 -11 -25 -22 -28 -30
right_child=1 3 8 12 9 7 15 11 24 21 19 13 -14 14 16 -17 17 -19 -20 20 27 -23 -24 26 -26 -27 28 -29 29 -31
leaf_value=-0.05928511255632074 -0.040851831988739387 0.16677826798689679 -0.0051571390658384344 0.081283907005185063 0.69252127621113224 3.7828697557997417 -0.047938783720703065 0.10011518870871679 -0.017663581653545448 0.16877407530163335 0.3242626191048153 0.091335058920036877 0.4544552448193715 0.068700682870981855 0.059212821253935344 0.046654496508513214 0.0038443514312692887 -0.015280767495763216 0.080989982201398872 0.48773898929035919 0.21453518098306859 -0.042629329094638263 0.19964863643726494 0.9255132221407989 -0.02325475773002892 -0.038158469344122571 0.35379152338394543 -0.025646647111838002 0.28355500552260027 -0.019019364790004191
leaf_weight=4726430 736912 206878 1457511 635266 1424 1005 158427 98722 1897528 8383 2088 94268 91954 101404 102372 34848 1136932 1600982 30757 2923 2699 2372000 66333 2057 1812188 2285148 3330 1214306 4267 1429338
leaf_count=4726430 736912 206878 1457511 635266 1424 1005 158427 98722 1897528 8383 2088 94268 91954 101404 102372 34848 1136932 1600982 30757 2923 2699 2372000 66333 2057 1812188 2285148 3330 1214306 4267 1429338
internal_value=-0.00104578 -0.00065508 -0.00096822 0.000363664 -0.00121219 0.000155405 -0.000818215 6.80674e-05 -0.000580622 -0.00137069 -0.000932201 1.93155e-05 0.0013399 -3.36291e-05 -8.28693e-05 -0.000557423 -0.000133953 -0.000185281 -0.000184927 -0.000949195 -0.000965148 -0.00148566 0.00233719 -0.000611016 -0.000739367 -0.00128595 -0.000501862 -0.000984838 -0.000514625 -0.000530417
internal_weight=2.23187e+07 1.75922e+07 1.34561e+07 4.13612e+06 8.25815e+06 3.4089e+06 2.36918e+06 3.20202e+06 5.19798e+06 5.88897e+06 1.22344e+06 3.13468e+06 727220 3.03596e+06 2.94169e+06 1.63227e+06 2.84029e+06 2.73791e+06 1.48827e+06 1.22202e+06 1.21993e+06 4.66553e+06 67338 1.59742e+06 3.70972e+06 2.29353e+06 1.43899e+06 1.217e+06 1.43694e+06 1.4336e+06
internal_count=22318680 17592250 13456134 4136116 8258150 3408896 2369179 3202018 5197984 5888971 1223440 3134680 727220 3035958 2941690 1632267 2840286 2737914 1488268 1222016 1219928 4665531 67338 1597419 3709716 2293531 1438992 1217005 1436935 1433605
cat_boundaries=0 1 83 84 180 256 328 422 514 610 706 707 729 730 731 789 884 977 1073 1166
cat_threshold=8 1073741832 16777728 536870912 2048 0 0 4194304 1048576 0 0 0 0 0 0 0 0 0 0 0 0 0 1140850688 268435456 0 0 2147500032 0 1610612736 16 0 0 0 0 0 32768 0 67108866 49152 2147483648 0 0 4194304 512 0 268435968 0 0 1048576 0 0 0 0 0 0 0 2097152 8388640 0 0 0 0 0 0 0 0 0 0 0 0 0 0 0 0 0 0 0 4194304 0 0 0 0 4194304 4 0 0 0 0 0 0 0 0 0 0 0 0 0 0 0 0 0 0 0 0 0 0 0 0 0 0 0 0 536870912 0 0 16777216 0 1024 0 0 0 32768 0 0 0 0 131072 0 0 1 16 0 0 2048 2081 2181038080 8256 0 0 0 0 134217728 0 0 0 0 0 16 0 0 0 0 33554432 0 0 0 33554432 1024 0 1026 524288 0 131072 0 0 0 524288 0 0 2048 0 0 0 1073741824 262212 0 0 0 512 4 2048 4096 2 32 3221225472 66048 17409 0 0 0 0 0 0 1048576 0 0 0 0 0 0 0 16 0 0 0 0 2097152 0 0 4 268451840 16777216 0 0 0 262144 0 2 0 0 16384 0 96 0 4096 0 0 0 0 16384 0 0 0 0 0 0 0 16 0 0 0 0 2097152 0 0 0 0 0 0 0 0 0 262144 8 32768 320 33619968 2097152 524288 0 75497536 0 0 0 0 2 0 0 0 0 0 0 0 1073741824 0 0 8 0 16384 0 0 0 0 4194304 0 139520 32768 8396800 0 1 0 67584 0 0 0 0 134225920 2 536870928 542113792 65568 0 0 0 0 0 0 0 0 0 0 0 0 0 0 0 0 0 0 0 0 0 0 0 0 0 0 67108864 131072 0 4325376 4194432 2048 0 2621440 128 8192 0 0 0 134217728 0 0 0 0 0 0 0 0 0 0 1 1048576 0 0 2097152 0 0 0 0 0 262144 8388608 256 0 68 8 32768 1048576 0 35651584 327681 0 0 0 0 1073741824 0 0 0 0 0 0 0 0 0 0 0 0 0 0 0 0 0 0 0 1 0 0 0 0 0 0 2151677952 0 0 0 0 0 0 0 0 0 0 0 0 0 0 0 0 0 1 0 33554432 2097152 512 0 0 0 0 0 0 0 0 0 0 0 0 131328 0 0 33554432 67108864 64 2097152 67108864 0 0 33556480 0 536870912 0 0 524288 536870912 16793600 0 0 576 2151677952 1024 524289 16 0 262144 0 0 0 0 0 0 0 0 0 0 0 524288 0 0 0 0 0 0 0 0 128 0 0 0 0 33558528 0 0 0 0 0 0 0 0 0 131072 0 0 0 0 0 0 0 0 0 0 0 0 32768 0 0 0 0 0 0 0 0 0 0 0 0 0 0 0 0 0 0 0 0 0 128 0 0 0 0 8192 0 0 0 16384 8388608 0 1073741824 0 0 2 2048 2147484672 0 0 0 32 1048576 512 4 524290 0 0 0 0 0 536870912 0 1048576 0 0 0 0 0 128 0 0 0 0 0 0 0 0 256 0 67112960 0 0 0 8448 128 0 8389632 1 0 0 0 0 536870912 0 0 0 0 0 0 0 0 0 0 2 0 0 0 0 0 1048576 0 0 0 0 0 0 0 0 0 0 0 0 0 0 0 0 268435456 0 0 0 0 0 16 0 0 0 536870912 2048 0 65536 0 0 0 570425344 0 1024 0 512 0 0 0 0 0 0 0 4 0 0 0 4194304 0 0 0 0 0 0 0 16384 0 256 33554432 80 0 512 262144 134217984 0 0 0 64 514 8388608 1073741824 0 0 0 0 0 32 0 0 0 1056 134217728 0 0 0 524288 0 32 15 0 0 0 0 0 0 0 0 0 0 0 0 0 0 0 0 0 0 0 0 0 1073741824 16 1 524288 4096 0 8192 256 1 16 32 0 0 4194304 4096 2048 0 0 8192 0 0 0 262144 0 1073741824 268435456 0 0 0 0 1073741824 262144 524288 264 0 64 0 0 32864 67108864 2 0 0 16 0 4160 0 0 0 128 0 0 0 0 0 0 0 0 0 8388672 256 8 512 0 0 0 0 0 0 0 0 0 0 0 0 0 0 0 0 0 4096 0 1073741824 131072 0 0 16384 0 1073741824 0 8 16384 0 0 32768 0 64 2 0 8 0 8192 16777216 1 0 0 0 0 0 0 0 0 1073741824 8192 0 0 0 0 0 0 0 0 0 0 16 0 0 0 0 0 65536 0 67108864 33816576 0 0 0 524416 67108864 2147614720 0 0 0 0 0 0 0 0 0 268435456 0 1 0 0 0 8388736 0 0 2 0 0 0 0 0 0 0 0 0 0 0 0 335544320 0 0 0 0 0 0 0 128 2099200 0 0 33554560 67108864 8256 0 0 2048 16777216 0 0 0 4194560 0 0 0 0 0 0 131076 0 0 0 0 0 0 0 0 0 0 0 0 131072 0 0 0 0 0 8192 516 0 8388608 0 0 16778242 0 0 0 512 2048 2147483648 0 0 0 0 0 0 8388608 0 16 0 0 0 0 0 0 16777216 16384 0 0 0 0 0 0 0 0 0 0 0 0 0 0 0 0 0 4096 0 0 0 0 0 262144 0 0 16384 0 0 8196 0 67108864 0 65536 41943041 65536 0 256 3221225472 0 0 536870912 536870912 4194305 0 0 0 0 1073741824 0 0 0 0 0 0 0 0 0 0 0 0 0 0 0 0 0 0 0 0 33554432 0 134217856 1024 268435456 0 2147483648 0 2 0 2 0 0 0 0 0 2816 0 0 0 0 0 0 0 512 0 4 0 0 8 0 0 0 2097184 0 0 0 0 0 0 0 0 0 0 0 0 0 8 0 268435456 0 0 0 2048 0 2064 0 32 0 0 16 4202496 16777216 0 67108864 16777216 536870912 0 0 64 0 0 0 0 0 0 0 0 33554432 0 0 536870912 0 0 0 0 0 0 0 4194304 16777216 0 260 0 0 147456 0 0 1 0 0 0 1024 33619968 0 1048576 0 0 0 0 0 0 0 0 0 0 0 2097152 0 33554432
is_linear=0
shrinkage=0.05


Tree=38
num_leaves=31
num_cat=19
split_feature=16 20 19 19 3 6 17 0 6 0 6 2 0 20 0 20 3 0 1 0 0 16 0 0 0 0 0 0 0 0
split_gain=5148.1 2065.27 482.059 303.649 221.851 198.27 144.631 109.375 106.133 102.261 97.2877 93.375 83.2459 78.1823 75.8104 74.6418 73.4733 114.78 73.1366 72.4562 71.7272 70.7726 92.8014 66.2088 63.2504 63.0256 60.5474 59.8589 59.0794 58.1597
threshold=1.0000000180025095e-35 1.6250000000000002 0.64282226562500011 5.2148437500000009 0 2.5000000000000004 4.5000000000000009 1 2.5000000000000004 2 2.5000000000000004 3 4 0.66088867187500011 5 0.23211669921875003 6 7 8 9 10 1.1997070312500002 11 12 13 14 15 16 17 18
decision_type=10 2 2 2 1 2 2 9 2 9 2 1 9 2 9 2 1 9 1 9 9 10 9 9 9 9 9 9 9 9
left_child=-1 2 4 7 14 18 8 -3 -4 -5 25 -12 -7 -14 -2 19 17 -11 -6 -16 -19 -20 -23 -8 -13 -9 -24 -10 -15 -27
right_child=1 3 6 9 5 12 23 10 27 16 11 24 13 28 15 -17 -18 20 21 -21 -22 22 26 -25 -26 29 -28 -29 -30 -31
leaf_value=-0.056320856928504706 0.21594763831320296 0.23808990238376027 -0.0032221362575909351 0.520673952157088 -0.046248238960486493 0.29351135239776305 0.48759716837300743 0.19617273699694596 0.41554271135072157 0.40387405673322052 -0.026045951074208509 0.086407598797276317 -0.034016304686658928 0.29162879153085691 0.12336220185304336 -0.025022875917667477 0.02018137306623094 0.29688299418554925 0.075614541258415227 -0.040652143369685659 0.0549874709682193 0.42211093359374052 0.24532362770534372 0.037581133188401901 0.00017704650278878021 0.15537346722841514 -0.017051597854568445 -0.017353565838381168 -0.019002491829356673 0.017060477299177184
leaf_weight=4726430 3988 49074 1191386 67205 160731 5754 1381 18004 3530 78346 559582 54596 3990175 1903 1974 1192118 282404 64851 55462 1579868 554533 3763 4089 120013 1554878 23636 1593909 3027130 518960 829007
leaf_count=4726430 3988 49074 1191386 67205 160731 5754 1381 18004 3530 78346 559582 54596 3990175 1903 1974 1192118 282404 64851 55462 1579868 554533 3763 4089 120013 1554878 23636 1593909 3027130 518960 829007
internal_value=-0.00103495 -0.000641338 -0.000941693 0.000335812 -0.0011483 -0.000984926 -0.000508215 8.63467e-05 -0.000557139 0.00107153 4.85377e-05 -0.000130675 -0.00116239 -0.00117006 -0.00152086 -0.00153077 0.000942121 0.00121754 -0.000544011 -0.00175593 0.000989418 -0.000445235 -0.000506039 0.00119335 6.27621e-05 0.000495013 -0.000524526 -0.000714317 -0.000593933 0.000433168
internal_weight=2.23187e+07 1.75922e+07 1.34561e+07 4.13612e+06 9.11269e+06 6.33475e+06 4.34344e+06 3.08878e+06 4.22205e+06 1.04734e+06 3.0397e+06 2.16906e+06 4.51679e+06 4.51104e+06 2.77795e+06 2.77396e+06 980134 697730 1.81795e+06 1.58184e+06 619384 1.65722e+06 1.60176e+06 121394 1.60947e+06 870647 1.598e+06 3.03066e+06 520863 852643
internal_count=22318680 17592250 13456134 4136116 9112694 6334746 4343440 3088777 4222046 1047339 3039703 2169056 4516792 4511038 2777948 2773960 980134 697730 1817954 1581842 619384 1657223 1601761 121394 1609474 870647 1597998 3030660 520863 852643
cat_boundaries=0 1 83 173 174 251 328 329 405 406 478 554 631 721 779 858 937 994 1067 1146
cat_threshold=8 1073807360 16777216 536870912 0 0 0 4194304 0 0 0 0 0 0 0 0 0 0 0 0 0 0 1073741824 268435456 0 0 16384 0 1610612736 0 4 0 0 0 0 32768 0 2 32770 0 0 0 4202496 32 0 4096 4096 1073741824 1048576 0 16384 0 2147483648 0 2050 0 2097152 160 0 0 0 0 0 0 0 0 0 0 0 0 0 0 0 0 0 32768 0 4194304 0 0 0 0 4194304 532480 2097152 0 0 0 32 0 0 0 0 0 0 0 0 8192 131072 0 0 8388608 0 0 1073742848 268435456 0 0 0 0 4194304 0 8 0 0 1 3072 0 0 130 0 2147483650 0 0 0 0 0 131584 0 0 0 0 16384 1026 2147483648 0 2048 0 0 8388608 0 0 0 0 0 0 0 0 0 0 0 16777216 16777216 0 0 524288 0 0 0 0 1024 0 0 0 0 0 0 0 0 0 0 0 134217728 4 0 16777216 0 0 0 0 4194304 0 0 0 0 0 0 0 0 0 0 4096 0 0 0 1073741824 2097152 294912 0 8192 16 1073741824 1048576 0 0 0 0 0 4194306 64 0 0 8 0 0 0 0 0 525312 4096 128 0 0 0 0 128 8192 0 0 0 8388608 0 0 0 0 0 0 16777232 4 0 0 0 1 8388608 0 0 33554432 134217728 8192 1024 524288 65536 0 0 16384 1073741824 0 0 0 0 0 1024 0 134217728 0 0 0 134217728 524288 0 0 0 1074266128 276824064 4096 0 1064960 0 1073741824 0 65536 0 0 268435456 0 0 0 0 2147483648 0 0 1024 12 0 0 0 67108864 0 0 0 0 0 2147483648 0 0 524288 32 131072 2097408 0 0 0 0 0 0 0 0 0 0 0 0 1024 0 0 0 8388608 0 2 5 8 0 0 0 0 0 0 0 0 0 0 0 0 0 0 0 0 1073741824 0 0 8 0 0 0 0 16384 16384 1610612736 2048 8196 268451840 83886080 0 262144 33554432 65536 0 4227072 8 0 8192 4195328 536870912 1 32 268468224 0 0 0 0 0 0 0 0 0 66048 0 0 0 0 0 0 0 0 4 0 0 0 0 0 0 0 0 0 0 4194304 16 0 256 0 0 0 0 0 0 0 0 0 2 0 0 0 0 545259520 0 0 128 32 65568 0 32 8 128 0 0 0 0 160 0 0 0 0 64 0 128 2048 536870912 0 128 0 520 0 4194304 0 2162688 0 16384 0 0 0 4096 0 128 1073741832 16 0 0 0 0 0 0 0 0 0 0 0 0 0 256 0 0 0 0 0 0 0 0 0 0 0 0 0 0 0 0 0 0 0 4096 0 0 33685504 0 0 2147483648 33554432 1 0 0 0 0 1048576 0 142639104 0 0 16777472 0 0 0 2 33685616 1310720 0 16 1073745920 0 0 0 0 0 2621440 2 0 0 128 4 0 0 0 0 0 16777216 0 16777216 0 0 0 0 0 0 262144 0 0 2147483648 0 134217728 0 0 0 0 0 0 0 512 0 0 0 0 0 0 0 524288 0 0 136 1073743872 0 0 0 2147508224 0 1073741824 272 260 16384 0 8388608 2048 545259520 0 0 0 8 0 0 67108864 64 4194304 8912896 0 0 0 0 0 0 0 0 0 0 0 0 0 0 0 0 0 0 0 2 0 0 0 0 0 0 134217728 524288 128 8192 0 536870912 0 0 0 0 0 0 0 1024 0 0 0 0 0 0 64 1024 0 0 0 0 67108864 1073741824 268468224 67108864 0 0 0 1073743872 8388608 0 0 0 1 1 0 256 0 32768 0 1 16777216 0 536870912 0 1024 0 4096 0 0 0 1024 0 2097152 134217728 0 66048 128 0 0 0 0 0 0 0 0 0 1073741824 0 0 2048 0 0 0 0 2048 64 8 0 0 0 0 0 0 0 0 0 0 0 0 1073741824 2048 33554432 2097154 0 64 8389184 17408 0 0 2 0 0 0 0 0 0 256 32 0 4096 67108864 1048576 0 0 0 2147483648 2097152 0 2097152 131072 0 0 0 0 0 0 512 0 0 0 16 0 2097152 0 65536 32768 4096 0 1073741824 2048 1048576 0 0 0 0 128 64 4 0 20480 4259840 0 1074266128 4096 512 0 0 0 0 0 134217760 0 0 0 0 131072 0 0 0 0 0 0 0 0 0 0 0 0 268435458 0 0 1 1 65792 0 0 2147483648 0 8192 0 512 4194304 0 268437504 0 0 0 0 0 0 0 0 0 0 0 0 0 0 0 0 0 65536 0 0 0 67108864 4096 0 0 0 0 0 0 2151677952 0 0 2147614720 33554440 0 0 0 2147483648 0 0 0 0 0 0 0 2048 0 0 0 0 0 0 128 0 0 536870912 4096 0 0 0 0 0 8192 0 8388608 0 33554432 0 0 0 134217732 0 536870912 1024 4194304 570425377 1048576 0 1 0 0 1073741824 0 0 0 0 0 0 0 0 0 0 0 0 0 0 16781312 0 16 0 0 0 0 4 131328 536870912 4 0 1 0 0 2147483648 1073741824 0 0 0 8388608 0 0 4096 32768 0 0 0 134217728 0 0 0 131072 0 0 0 0 139280 0 0 0 0 33554432 536870912 2 8196 16384 0 536870912 1 32768 0 67108864 0 8 0 0 0 536870944 4 512 16 0 0 1073741824 0 0 0 2097664 2 0 65536 192 33554432 0 0 0 0 0 0 0 0 0 4194304 0 0 4 0 0 0 0 4096 128 0 67182592 0 0 0 16384 0 32 33024 256 16777216 532992 1 2049 0 17072128 0 0 0 0 16384 71303200 528 0 0 0 0 0 0 2048 0 0 0 0 0 0 0 0 0 0 0 0 0 0 0 0 0 0 0 0 0 0 524288 0 134217728 524288 16416 0 0 524288 128 0 0 0 0 0 0 0 0 0 0 0 0 0 67108880 131072 0 0 0 16384 0 32768 0 1 0 0 262144 0 67108864 67108992 2048 0 0 1048576 0 16 65536 544 67108865 0 0 0 0 0 0 0 0 0 0 0 0 0 0 0 0 0 0 0 0 0 0 1 1073741824 0 67108865 1074003968 0 0 131072 0 0 1024
is_linear=0
shrinkage=0.05


Tree=39
num_leaves=31
num_cat=17
split_feature=16 20 19 17 3 6 16 17 0 6 17 18 20 0 1 16 0 0 0 0 1 2 0 16 0 0 0 0 0 0
split_gain=5287.33 1855.05 419.094 274.255 203.553 159.181 139.685 129.595 100.758 92.8652 86.3741 84.531 79.9336 89.7868 73.4871 89.4725 81.2695 73.2091 77.0098 73.2291 69.7845 67.7776 67.6361 65.9478 76.7787 61.0427 60.3656 65.9886 72.9654 58.5835
threshold=1.0000000180025095e-35 1.6250000000000002 0.64282226562500011 6.5000000000000009 0 2.5000000000000004 0.76000976562500011 3.5000000000000004 1 2.5000000000000004 28.500000000000004 5.5000000000000009 0.23211669921875003 2 3 1.1997070312500002 4 5 6 7 8 9 10 1.1997070312500002 11 12 13 14 15 16
decision_type=10 2 2 2 1 2 10 2 9 2 2 2 2 9 1 10 9 9 9 9 1 1 9 10 9 9 9 9 9 9
left_child=-1 2 4 6 12 20 -3 9 -8 -4 -5 21 13 -2 -7 -16 -17 -18 -19 -20 -6 -10 -9 -22 -25 -26 -21 -28 -29 -27
right_child=1 3 7 10 5 14 8 22 11 -11 -12 -13 -14 -15 15 16 17 18 19 26 23 -23 -24 24 25 29 27 28 -30 -31
leaf_value=-0.053504814082079466 0.17079182863929854 0.15671780715802539 -0.0036726770251551185 0.066633982309159928 -0.04393582701246216 -0.043395539857294455 0.19120688178313289 0.41262504084951479 0.0013224067205740654 -0.016634400455734343 0.49336191882396457 0.029120832700082012 -0.023520334929935285 -0.038619536201201378 0.012338754793105556 0.29744974194577328 0.097783669332575207 0.10641781689422994 0.08177957938041068 0.086339787428608622 0.071833814195494491 -0.01774219743296624 0.016619972088080529 0.5934949926122175 0.26836731760523097 0.18889126566692399 0.054417592996519853 0.055640831515855728 -0.031305294687259143 -0.017192973696783898
leaf_weight=4726430 2262 196852 1131376 804991 160731 399694 58319 1914 1705681 2943934 72621 473907 1193859 1581827 137338 7677 11802 14664 16234 14962 55462 823745 266216 3676 4832 5435 18071 22202 3874148 1587818
leaf_count=4726430 2262 196852 1131376 804991 160731 399694 58319 1914 1705681 2943934 72621 473907 1193859 1581827 137338 7677 11802 14664 16234 14962 55462 823745 266216 3676 4832 5435 18071 22202 3874148 1587818
internal_value=-0.00101527 -0.000616373 -0.000901031 0.000309713 -0.00109368 -0.000937182 9.84157e-05 -0.000496853 1.54061e-05 -0.000566908 0.00109424 -2.45674e-05 -0.00145053 -0.00168338 -0.00109619 -0.00103335 -0.00107665 -0.00108658 -0.0010983 -0.00111175 -0.000542113 -0.000139386 0.000567914 -0.000445627 -0.000504322 -0.000520941 -0.0011256 -0.00113771 -0.0011517 -0.000537974
internal_weight=2.23187e+07 1.75922e+07 1.34561e+07 4.13612e+06 9.11269e+06 6.33475e+06 3.2585e+06 4.34344e+06 3.06165e+06 4.07531e+06 877612 3.00333e+06 2.77795e+06 1.58409e+06 4.51679e+06 4.1171e+06 3.97976e+06 3.97208e+06 3.96028e+06 3.94562e+06 1.81795e+06 2.52943e+06 268130 1.65722e+06 1.60176e+06 1.59808e+06 3.92938e+06 3.91442e+06 3.89635e+06 1.59325e+06
internal_count=22318680 17592250 13456134 4136116 9112694 6334746 3258504 4343440 3061652 4075310 877612 3003333 2777948 1584089 4516792 4117098 3979760 3972083 3960281 3945617 1817954 2529426 268130 1657223 1601761 1598085 3929383 3914421 3896350 1593253
cat_boundaries=0 1 58 137 138 213 308 403 498 499 500 589 668 753 845 935 1029 1124
cat_threshold=8 1073741824 16777216 0 0 64 0 4194305 0 0 0 0 0 134217728 0 0 0 0 131072 0 0 0 1073741824 268435456 0 0 2147500032 0 1073741824 16 8196 0 0 0 0 32768 0 2 2147532800 0 0 16384 4194304 32 536870912 268435488 0 0 1048576 262144 16384 0 0 0 0 0 2097152 8388640 0 0 0 0 0 0 0 0 0 0 0 0 0 0 0 8192 679485440 0 16384 0 0 1073807408 0 32 8 128 0 0 16777216 0 128 0 0 0 0 64 268435456 128 2048 536870912 0 128 0 512 0 4194304 0 2162688 0 16384 0 2147483648 0 0 0 128 0 16 0 0 0 0 0 0 0 0 0 0 0 0 0 32768 0 0 0 0 0 0 16384 16 33554432 16777216 0 0 0 0 0 0 0 514 0 16384 0 0 0 0 134217728 4096 0 0 8 1073741824 268435456 0 0 2147491840 0 1073741824 1048576 4 0 0 8388608 33556480 2 64 0 0 8 0 1024 0 33554433 0 0 0 0 0 0 0 0 0 0 0 0 0 0 0 0 0 0 0 0 16777216 1082130500 285212672 0 0 0 0 0 0 0 0 8192 0 512 0 0 64 524288 524288 17825792 8192 0 0 67108864 0 0 64 1 512 0 0 128 0 0 10485792 262144 0 0 0 0 0 0 0 0 0 0 0 50364448 0 0 0 1 0 0 32 1048576 557312 0 0 0 0 0 0 0 0 0 0 0 0 0 0 0 0 0 0 2147483648 0 0 0 512 0 512 0 0 524288 0 0 0 0 0 0 0 0 0 524288 0 0 0 0 0 0 0 0 0 0 0 128 0 0 67108864 32 2147483648 1082130432 2097153 0 0 0 0 0 0 0 0 0 0 65536 0 0 0 0 0 33792 8192 0 2097152 33554432 536871168 8192 4194304 8 64 0 0 0 2097152 4 0 0 1048576 0 536871424 0 32 0 0 0 0 2048 268435456 0 0 0 0 0 0 0 0 0 0 0 0 0 0 0 0 0 20480 0 0 0 0 0 0 0 0 0 0 1 0 0 0 0 0 0 0 0 0 1073741824 0 0 0 0 8388608 0 2097152 1048576 8192 0 0 0 0 0 0 0 268468224 0 0 0 0 0 0 0 67108864 0 0 0 0 0 0 16 32 262144 256 32768 0 536870912 1073741824 536870912 262144 0 0 0 0 0 16777216 4194384 262144 0 0 0 0 0 0 0 0 0 0 0 4194304 0 0 0 0 0 0 4194304 16384 0 0 0 0 0 0 0 1073741824 0 134217728 0 67108864 32 64 0 0 0 0 0 0 0 0 268435456 0 0 1048576 0 0 0 0 16384 16 1 0 0 0 0 0 0 8388608 1024 0 0 4194304 0 0 0 0 1024 0 0 0 0 4096 1073741840 268435456 67108864 0 0 0 1073741824 8388608 0 0 0 268435456 1 4194304 256 1 32768 0 0 0 0 541065216 4 0 16 0 0 0 0 1024 0 2097152 134217728 0 1073807872 128 0 0 0 0 0 0 65536 0 0 0 0 4096 0 0 0 0 0 0 0 8 0 0 0 0 0 0 0 0 0 0 0 32 8 134217728 0 0 0 0 0 0 0 0 0 0 0 0 0 0 0 0 0 0 8 1073741824 536870912 0 0 2147508224 0 1073741824 16 8452 16384 0 8388608 2048 536870912 0 0 0 8 0 0 67108864 570425441 5242880 0 0 0 0 0 0 0 0 0 0 0 0 0 0 0 0 0 0 16777216 4096 0 0 0 0 0 0 4 131072 524288 0 0 0 0 0 2147483648 33554432 2097156 0 0 0 0 524288 0 4194304 0 0 0 134217728 0 0 0 0 671088640 0 0 0 2048 268435456 1025 0 0 33562624 0 0 0 0 8388608 0 0 0 16777216 0 134217732 0 0 0 4194304 512 0 0 0 0 0 0 0 0 0 0 0 0 0 0 0 0 0 0 0 0 285212672 0 256 0 512 147456 0 268435456 0 0 128 8192 0 32 0 0 1 0 0 0 0 2097152 0 2048 2 16 0 0 16384 0 0 0 0 0 16384 1024 0 0 0 536870912 524288 0 0 8192 536870912 0 0 0 0 4227072 8388608 0 32 0 134217728 0 0 8 0 0 0 536870912 49152 0 0 2 4096 0 0 0 0 0 0 0 0 0 0 0 0 0 0 0 0 0 16777216 0 0 16384 128 0 0 0 32 0 536870912 16777216 0 0 65536 0 1024 0 0 0 0 0 0 256 0 0 0 0 0 512 0 4 0 0 0 131072 32 0 0 128 0 0 1 0 0 0 8192 0 0 0 128 0 0 67108864 0 32768 0 0 16 0 16384 524288 0 16384 1 256 0 32 0 65536 0 71303168 0 2097168 8388608 0 0 0 0 0 0 0 0 0 0 0 0 0 0 0 0 0 0 0 131072 536870912 0 4194304 0 0 0 65536 0 268959744 0 0 2 0 0 8 0 0 0 0 0 0 0 16 0 268435456 16 1048640 8 0 0 4 0 2097152 4194304 4 0 0 0 0 0 0 0 524288 0 0 33554432 0 0 0 0 0 33554432 0 16777216 1074003968 1048576 0 0 32769 32768 0 1 32768 2048 0 2097152 0 0 0 0 0 0 0 0 0 0 0 0 0 0 67108864 8 0 0 0 0 0 0 0 0 16 0 0 0 32768 0 0 0 16 2048 524290 0 0 0 0 0 0 0 0 2097152 0 0 0 0 0 0 0 0 32 0 0 131072 2048 2147483648 4 2101248 16777216 8192 0 0 0 0 0 0 0 2 0 0 0 0 0 0 0 8192 0 2048 0 536871168 0 0 0 0 0 8388608 32768 1 0 0 536870912 0 16777216 0 0 0 0 0 0 0 0 0 0 0 0 0 0 0 0 0 0 0 0 0 0 4 0 268435456 0 0 0 0 134217728 0 150994948 0 67239944 0 0 0 0 0 0 0 0 0 0 0 0 0 1073741824 1 0 0 0 16384
is_linear=0
shrinkage=0.05


Tree=40
num_leaves=31
num_cat=21
split_feature=16 20 19 16 1 3 6 17 0 3 0 0 0 5 0 16 13 20 0 0 0 0 0 0 0 0 0 0 0 0
split_gain=5410.3 1697.02 398.065 249.777 173.453 158.017 149.841 144.904 136.914 117.716 177.904 102.793 98.3675 89.0969 88.74 83.9832 75.0865 73.4692 72.5001 69.1849 72.7001 65.6615 65.3489 65.2054 63.4725 63.4641 60.3733 60.0694 55.4887 54.9466
threshold=1.0000000180025095e-35 1.6250000000000002 0.49987792968750006 1.5097656250000002 0 1 2.5000000000000004 2.5000000000000004 2 3 4 5 6 7 8 1.1997070312500002 1.0000000180025095e-35 0.23211669921875003 9 10 11 12 13 14 15 16 17 18 19 20
decision_type=10 2 2 10 1 1 2 2 9 1 9 9 9 1 9 10 2 2 9 9 9 9 9 9 9 9 9 9 9 9
left_child=-1 2 4 9 29 17 23 13 -5 10 27 -10 -12 21 -13 -8 -16 18 -6 -17 -21 -4 -14 -7 -9 -18 -22 -3 -24 -2
right_child=1 3 7 8 5 6 15 24 11 -11 12 14 22 -15 16 19 25 -19 -20 20 26 -23 28 -25 -26 -27 -28 -29 -30 -31
leaf_value=-0.050829573377975494 -0.036627270412708683 4.2701281934783877 0.5433984671481239 0.14112131422560587 0.19482120753325305 0.96076635738919447 0.014067635408762991 0.47784113302739917 0.083134394021080402 0.023563761921067503 0.29445102193100231 0.061325650685132328 0.20275963118236628 -0.018874617645707061 -0.012214077176693117 0.31329069757780298 0.10871444748283388 -0.023583453881290996 -0.036622308467712542 0.10339387565346647 -0.068620936085228235 -0.010912622260159523 0.14856104684325874 -0.014861549248706486 0.004156733888679787 0.0049397959002364551 -0.029740029952896187 0.52668858269737961 0.013274049770763059 -0.062631024102586461
leaf_weight=4726430 131631 3775 2904 120503 2238 2214 125702 2313 125501 520761 94615 123769 84249 2082651 1728316 7551 27265 903551 1396675 13469 82605 2637908 81786 1454800 637323 810758 3389584 71663 343155 583015
leaf_count=4726430 131631 3775 2904 120503 2238 2214 125702 2313 125501 520761 94615 123769 84249 2082651 1728316 7551 27265 903551 1396675 13469 82605 2637908 81786 1454800 637323 810758 3389584 71663 343155 583015
internal_value=-0.000998102 -0.000594593 -0.000866857 0.000291169 -0.00108824 -0.00101619 -0.000860347 -0.000532789 4.27668e-05 0.000898946 0.00133256 -2.7871e-05 0.00104649 -0.000628429 -9.31266e-05 -0.00103272 -0.000156194 -0.00135976 -0.00158676 -0.00107841 -0.00108877 -0.000435577 0.000771356 -0.00043221 0.000173473 0.000232204 -0.001103 0.00362177 0.000519112 -0.00183202
internal_weight=2.23187e+07 1.75922e+07 1.34561e+07 4.13612e+06 8.09304e+06 7.37839e+06 5.07592e+06 5.3631e+06 2.93611e+06 1.2e+06 679243 2.81561e+06 603805 4.72346e+06 2.69011e+06 3.61891e+06 2.56634e+06 2.30246e+06 1.39891e+06 3.49321e+06 3.48566e+06 2.64081e+06 509190 1.45701e+06 639636 838023 3.47219e+06 75438 424941 714646
internal_count=22318680 17592250 13456134 4136116 8093035 7378389 5075925 5363099 2936112 1200004 679243 2815609 603805 4723463 2690108 3618911 2566339 2302464 1398913 3493209 3485658 2640812 509190 1457014 639636 838023 3472189 75438 424941 714646
cat_boundaries=0 1 2 84 85 137 231 304 305 397 471 566 661 737 814 891 955 1047 1141 1170 1249 1312
cat_threshold=16 8 0 0 536870914 0 2147483712 512 524288 0 0 0 0 0 0 0 0 131072 0 0 0 0 0 1073741824 268435456 67108864 0 0 0 1073741825 0 8192 32768 0 0 1073741824 8388608 262144 0 32768 8 0 1048576 4202498 536870928 0 69664 0 0 0 0 16384 0 0 0 0 0 0 0 0 0 0 0 0 0 0 0 0 0 0 0 0 0 0 0 0 0 256 4194304 0 0 0 0 4194304 5 8 16777728 0 2099200 0 0 16384 0 0 0 0 0 0 0 0 0 0 1073741824 0 0 8 1140850688 0 0 0 2147483648 16384 536871040 536870912 12 268435456 25165824 1 0 33554432 65536 2 0 2147483648 0 8192 4195328 131072 0 512 32768 0 0 0 0 0 2147483648 8 18874880 0 2208 524288 0 2114561 1048576 0 0 0 0 0 1048576 0 0 0 32 0 0 0 0 0 262144 0 0 35653632 0 0 0 16384 532480 0 2048 0 0 0 4 0 1 134234112 0 0 1310720 0 0 0 0 0 0 0 0 0 0 0 0 0 0 0 0 0 0 2097152 0 0 0 0 0 0 0 0 0 0 8 0 0 0 0 0 0 0 0 0 0 0 0 0 0 0 0 0 0 0 1 0 0 1048576 0 0 0 0 0 0 0 0 0 0 0 0 0 0 0 0 4096 0 0 131072 0 0 0 0 4194305 2048 0 0 0 0 263168 4227072 0 128 4194560 0 0 0 8192 112 4194305 0 16 1073745920 0 0 0 1024 0 2621440 2 0 2163200 128 0 0 0 0 0 0 0 0 0 0 0 0 0 0 67108864 262144 15 0 0 4325376 0 67108864 65536 0 1024 0 2 0 0 0 0 0 0 131072 0 0 0 67108864 64 0 1 0 16384 0 2097152 256 131344 0 0 0 0 32768 256 64 64 0 0 0 0 262720 65536 0 0 0 0 1073741824 0 0 0 0 0 0 0 0 0 0 0 0 0 0 16777344 4 0 0 0 0 65536 0 0 0 524288 0 0 0 0 4 0 0 0 0 0 0 0 0 0 0 0 0 32768 0 0 0 0 0 0 0 0 0 0 0 0 8192 0 0 0 134217728 4096 0 0 32 1073807408 0 0 0 0 0 0 1024 0 0 0 71434304 0 131072 64 0 128 2048 536870912 0 128 0 8 524288 4194304 0 2099200 0 16384 0 2147483648 0 528384 0 0 8 2097168 0 0 0 0 0 0 0 0 0 0 0 0 0 0 0 524288 0 16777216 0 0 0 0 0 16777216 0 0 0 0 0 0 0 0 0 0 0 128 8 1073741824 278921216 262144 8192 2147491840 0 1107296256 1048576 4 0 0 0 33556480 0 0 0 0 8 0 1048576 0 33554464 1048576 32768 0 0 0 0 0 0 0 0 0 0 0 0 0 0 0 0 0 0 16777216 4 285212672 0 0 16384 0 0 0 0 0 0 0 0 0 0 5 0 0 0 0 0 0 0 0 0 0 0 0 0 0 8388608 33554432 0 0 0 2147483712 1074266112 524289 1048576 8192 2 0 67108864 0 0 64 0 0 536870912 0 0 0 0 0 0 0 0 0 0 537133056 8192 0 8 8388608 0 0 33816640 0 0 0 1 0 0 512 262144 0 0 0 0 0 2048 2048 0 0 0 0 0 0 134217728 0 0 0 0 0 0 0 0 0 512 4096 0 0 0 0 0 8192 0 0 0 0 0 1024 0 0 0 0 0 0 0 0 0 0 0 0 0 16384 1073741824 0 0 2 0 0 0 0 0 0 0 0 0 0 128 268435456 131072 0 0 0 8 8208 0 0 0 2147483648 33562624 0 8388610 67108868 16384 0 536870912 1 0 0 0 0 8 0 0 0 536870912 4 4608 16 0 0 0 0 0 1073741824 2097152 2097152 4096 65536 64 0 0 0 0 0 0 0 0 0 0 0 4096 0 0 0 0 0 0 536870912 0 0 0 0 8388608 0 16 0 0 0 4194304 0 0 0 0 0 134217728 0 0 33554432 0 1040 0 0 1048576 0 0 0 16 0 0 67108864 0 16777216 0 0 1073741824 0 0 0 0 0 0 4 131072 268435456 0 2147483648 0 0 1048578 1073741824 67108864 2048 0 0 0 4 0 0 0 0 0 0 0 0 8 0 1 0 0 1 1107296256 0 32768 2151678976 524288 65536 0 0 0 0 0 0 0 0 0 0 0 0 0 0 0 0 0 0 4096 0 1073807360 131072 0 0 16384 0 1073741824 16 264 268435456 0 0 264208 4194304 0 2 64 8 0 8192 0 0 0 516 0 0 0 0 0 0 128 8192 0 524288 0 32 0 0 0 0 0 0 16 0 0 0 67108864 1 0 0 0 33554432 0 0 0 34078848 0 0 0 0 0 0 0 1024 0 0 4194304 0 0 0 0 0 0 0 0 0 0 1073741840 268435456 67108864 0 0 0 1073741824 2 67117056 32768 0 805306369 1 0 256 1 32768 0 0 8192 0 536870912 0 0 16 0 0 0 0 1024 0 2621440 134217728 0 1073807872 128 4 0 0 0 0 0 65536 0 0 0 0 0 160 0 0 1056768 0 0 67117056 150994976 2048 1024 201327616 0 131088 67112960 16 131072 0 33554432 1073741824 0 524288 0 65536 0 0 0 0 4 1 0 136 0 0 0 0 0 1048576 0 0 0 0 0 0 0 0 0 0 0 0 0 0 0 0 0 0 0 0 0 0 1 0 0 0 0 1073741824 0 0 0 0 0 0 0 0 0 0 0 0 0 0 0 0 0 0 0 0 0 33554432 0 0 8192 0 0 0 0 0 134217728 0 0 0 0 0 1048576 0 0 128 0 4194304 0 16 0 0 32768 4194304 1 16 0 0 0 0 0 0 0 16 256 536870912 0 0 0 0 0 0 0 2147483776 327680 0 256 0 8192 32768 0 0 4 16 0 0 0 0 0 0 0 0 0 0 0 0 0 32 81920 8388608 0 0 0 0 0 0 0 0 0 0 0 0 0 16 8389632 0 33554432 0 0 0 8 1048576 8 16777728 0 2099200 0 0 0 0 0 0 0 0 0 0 0 0 0 0 0 0 0 1073741824 0 0 0 0 0 0 536870912 1073938432 0 0 0 0 0 0 4224 0 0 0 0 0 0 0 0 268435456 0 0 536870912 0 0 16384 0 0 0 0 0 0 0 0 0 0 4 0 0 67108864 16384 1024 0 0 0 1 0 4 67115008 128 1048576 0 0 0 0 512 136314880 0 0 8519776 2097424 0 0 0 0 0 16 0 0 0 0 0 0 0 0 0 0 0 64 0 0 131072 0 0 0 0 0 0 0 0 0 0 0 0 0 0 0 0 0 0 0 0 0 0 0 0 0 0 0 0 0 0 0 0 0 0 0 0 0 0 0 0 0 0 0 0 0 0 0 0 0 0 0 0 0 0 0 0 0 0 961806368 8781865 25330836 3037070336 1025
is_linear=0
shrinkage=0.05


Tree=41
num_leaves=31
num_cat=21
split_feature=16 20 19 19 6 16 20 2 3 6 0 3 0 20 0 0 0 0 0 1 0 0 0 5 0 3 0 0 0 0
split_gain=5454.31 1592.9 367.273 276.069 206.913 138.203 128.958 118.614 117.88 102.617 93.5269 83.6079 102.854 82.2581 80.6896 78.149 89.2245 84.5878 75.4136 74.9877 69.9912 66.3818 64.8287 62.7378 60.2648 58.6421 107.734 65.2996 58.3567 58.0792
threshold=1.0000000180025095e-35 1.0893554687500002 4.2148437500000009 1.2143554687500002 2.5000000000000004 2.0400390625000004 0.23211669921875003 0 1 2.5000000000000004 2 3 4 0.66088867187500011 5 6 7 8 9 10 11 12 13 14 15 16 17 18 19 20
decision_type=10 2 2 2 2 10 2 1 1 2 9 1 9 2 9 9 9 9 9 1 9 9 9 1 9 1 9 9 9 9
left_child=-1 3 5 4 8 23 7 14 -2 10 -4 12 -11 -5 -6 -7 -17 -18 -8 -10 -9 -19 -21 29 -24 26 -22 -28 -14 -3
right_child=1 2 9 13 6 15 18 20 19 11 -12 -13 28 -15 -16 16 17 21 -20 22 25 -23 24 -25 -26 -27 27 -29 -30 -31
leaf_value=-0.048288094709076718 -0.031567643727835451 0.38710881875273861 0.68395760111139914 0.037691171299941532 0.18947007788030593 0.10832083785852796 0.58250780279855774 0.056787465219875689 -0.037623758876859661 0.86254549767232147 0.092601655591071599 0.009378474929312295 0.37429326048727474 -0.0035090871481518789 -0.034992112099986518 0.049660688102825298 0.040851541190397446 0.035380764971136312 -0.018526240725054311 1.014841852940739 0.22529968402536188 -0.013456095771934696 -0.070379812131645528 -0.0012089310742802761 -0.0077718049966278404 -0.03574478117356563 0.16340608472729437 -0.036593915272705647 0.044224524971288925 0.025757929157094808
leaf_weight=4726430 952877 10651 22444 93225 7973 37783 2992 5858 173069 25135 376790 578636 28824 462807 1132621 76027 85443 81504 4352207 3096 1956 2782697 35173 860427 2009615 1899787 2124 490973 362125 637411
leaf_count=4726430 952877 10651 22444 93225 7973 37783 2992 5858 173069 25135 376790 578636 28824 462807 1132621 76027 85443 81504 4352207 3096 1956 2782697 35173 860427 2009615 1899787 2124 490973 362125 637411
internal_value=-0.000992006 -0.00058686 7.73235e-05 -0.000927676 -0.00098228 -0.000139297 -0.00111932 -0.0013434 -0.000641316 0.000787805 0.00146497 0.000516024 0.00105659 0.000159469 -0.000923585 -0.000332202 -0.000360424 -0.000404017 -0.000937121 -0.000441716 -0.00154286 -0.000450265 -0.000357251 0.000252456 -0.000368213 -0.00155621 -0.00107145 -0.001118 0.000857193 0.000623996
internal_weight=2.23187e+07 1.75922e+07 5.9659e+06 1.16264e+07 1.10703e+07 4.57194e+06 7.89649e+06 3.54129e+06 3.17383e+06 1.39395e+06 399234 994720 416084 556032 1.14059e+06 3.06345e+06 3.02567e+06 2.94964e+06 4.3552e+06 2.22095e+06 2.4007e+06 2.8642e+06 2.04788e+06 1.50849e+06 2.04479e+06 2.39484e+06 495053 493097 390949 648062
internal_count=22318680 17592250 5965897 11626353 11070321 4571943 7896491 3541292 3173830 1393954 399234 994720 416084 556032 1140594 3063454 3025671 2949644 4355199 2220953 2400698 2864201 2047884 1508489 2044788 2394840 495053 493097 390949 648062
cat_boundaries=0 1 2 94 95 172 216 311 407 499 556 557 651 730 825 826 920 921 1013 1108 1185 1242
cat_threshold=1 8 0 0 268435456 0 80 32 2097152 0 0 0 64 0 32 0 0 0 0 0 0 0 16777216 1073741824 268435456 262144 0 0 33562624 1073741825 16 8 16384 0 0 1048576 0 0 67108866 0 2147483648 0 0 0 0 0 268435968 2048 0 0 0 0 0 2147483648 0 0 0 0 0 0 0 0 0 0 0 0 0 0 0 0 16777216 0 4 0 262144 0 0 0 0 0 65536 0 0 0 0 0 0 0 0 0 0 0 8388608 32768 4 0 0 0 0 0 0 0 0 0 0 0 0 0 0 0 0 0 1073741824 0 536870912 0 1073743360 268435456 0 0 0 16400 536870912 0 8 0 0 0 2048 8388608 1073741888 2 0 2147483656 0 8192 4195328 537001984 4 268440096 0 0 0 0 0 0 2147483648 0 0 0 0 0 0 0 0 0 0 0 0 0 0 0 0 0 0 0 0 33554432 0 0 4195328 2 0 0 0 0 0 0 4096 32 512 268435456 0 0 0 0 65536 131073 8388608 134217728 0 8196 0 1073741824 268566528 256 0 0 0 1075838976 201326592 0 32 0 0 1024 67108864 134217792 2147483648 130 131072 536870912 8192 0 0 33554944 8192 33554432 0 0 0 65536 67109888 1024 0 0 0 0 134217728 0 0 0 0 131072 0 0 0 131072 805306400 0 128 16384 2097152 1073741824 0 8192 0 0 536870912 1 0 0 0 32772 8 1 16512 0 33554432 0 0 0 0 0 0 0 0 0 0 0 0 0 0 0 0 0 0 0 0 0 0 268451840 0 0 4096 0 0 0 0 0 0 0 0 0 0 0 0 4194304 0 0 0 0 0 0 0 0 0 32768 0 0 4194304 0 0 543162368 0 0 8388608 512 0 0 2 0 16384 0 1048576 0 1024 512 0 2097152 524288 0 0 0 0 0 0 0 0 256 268435456 1048576 532480 16777216 0 1 0 64 0 0 98304 134217744 0 2097152 536870912 0 0 0 0 0 2048 0 0 0 0 0 0 0 0 0 0 0 0 0 0 1 0 0 0 0 0 0 0 0 0 0 0 4194306 0 0 0 0 0 0 0 0 0 0 0 16777216 0 0 0 0 0 0 32 538968080 0 0 32 524288 128 1048576 1048576 8192 0 0 0 0 0 8192 0 131072 0 67108864 0 0 0 256 0 0 0 2048 0 2097152 256 32768 0 0 0 32 256 0 0 0 32 0 16777218 0 65568 65536 0 0 0 1073741824 0 268435456 0 0 0 0 0 0 0 0 0 0 0 2097152 0 0 1073741824 0 0 0 65536 0 0 0 0 0 256 0 0 0 0 0 0 0 0 0 0 0 0 0 0 0 524288 589824 0 0 0 0 0 0 0 0 0 0 0 134217728 1048576 0 1024 1049088 0 0 0 67112960 0 0 0 0 0 8192 2080 8390656 4 16385 0 0 2049 32768 0 0 8388608 8 0 0 0 536870912 0 512 32768 0 0 0 64 0 2147483648 0 134217728 0 4259840 128 16 0 0 0 0 0 0 0 0 0 0 0 0 0 0 0 0 0 0 0 0 0 0 0 0 0 0 0 0 0 0 0 0 0 0 0 0 0 0 0 0 0 0 0 0 0 1 128 0 0 32768 2415921152 33554432 0 0 131072 0 8389121 0 0 0 0 0 0 16 512 1048578 0 67109376 0 8388608 8 0 33554432 0 2097152 1040 589824 16384 4160 8 0 0 0 0 0 512 0 0 0 0 0 2147483648 0 67108864 2147484672 8192 268435456 16908800 131072 0 2097152 0 0 0 0 0 32 0 0 0 0 0 0 16 67112960 524352 128 8 0 0 0 0 65536 262144 2147483648 0 0 0 0 67108864 0 32 8192 0 536870912 0 537133056 262144 0 1 0 0 0 0 0 0 0 0 0 0 0 0 0 0 0 0 0 0 0 0 0 512 67108864 0 0 0 0 8 0 0 0 0 1024 0 0 0 0 0 0 0 0 1056768 0 0 0 0 0 0 0 0 0 0 4100 0 1073741824 0 0 0 16384 0 1073741824 0 268 16384 67108864 0 264192 4194304 0 2 0 2147483656 0 8192 0 536870912 0 512 0 0 0 0 0 0 1073741952 8192 0 0 0 0 0 0 0 0 0 0 16 0 0 0 0 0 0 0 67108864 33554432 0 0 0 524544 0 0 0 0 0 0 0 0 0 0 0 0 0 0 0 0 0 128 13 0 0 270336 0 0 0 0 0 0 8388608 8388608 0 0 0 0 0 0 0 0 138412032 0 0 0 0 32768 0 0 16 0 0 0 1 0 0 0 16 256 536870912 0 0 0 0 0 0 1 128 262144 0 0 1 8320 32768 0 0 4 0 0 0 0 0 0 0 0 1048576 0 4194304 2 0 0 0 134299712 1048576 0 0 0 0 0 0 0 0 0 0 0 0 0 0 41943040 0 33554432 0 0 0 0 1048576 4 0 0 0 0 0 0 0 0 0 0 0 0 0 0 0 0 0 0 0 0 0 0 0 0 0 0 0 0 0 0 0 0 0 0 0 0 0 0 0 0 0 0 0 0 0 0 2621442 0 32 2048 0 2147483652 8192 1048576 0 0 0 0 0 0 128 0 0 16384 67108868 256 0 4194304 0 0 1073741824 0 0 1024 0 0 0 512 2181170176 0 0 0 8650752 0 0 0 3221225472 0 0 1073741824 1048640 25165824 0 0 0 0 0 0 0 0 0 0 0 0 0 0 0 0 0 0 0 0 0 0 0 0 0 0 0 0 0 0 0 0 0 0 0 0 0 0 0 0 0 0 0 0 0 4 1048576 8 0 0 32 0 2048 0 0 0 0 1048576 0 0 0 0 0 134217728 2097152 0 0 2097152 4096 66816 4100 134217728 0 768 0 66 642 0 16384 0 0 0 524288 0 131072 0 0 0 1025 0 32 268435456 16384 0 512 0 0 0 0 0 512 0 0 0 0 64 0 0 0 0 1024 0 0 0 0 67108864 0 0 0 0 2147500032 0 1077936128 16 4 268451840 0 1 1074004993 138412032 65536 128 32768 0 0 128 0 0 5242880 0 0 0 0 0 0 0 1073741824 524288 0 0 2097664 0 0 0 0 0 0 0 16777216 0 0 8 0 0 0 0 0 0 0 0 0 524288 131072 32768 589824 0 0 0 12582912 131200 0 0 0 0 1048592 131072 0 0 0 147456 0 0 0 1073741824 0 67108864 536870912 0 0 536870912 16 4 0 0 0 0 32768 0 512 0 0 0 8192 4202496 1073742368 1048576 268435456 268435456 0 0 0 0 0 0 0 0 0 512 128
is_linear=0
shrinkage=0.05


Tree=42
num_leaves=31
num_cat=21
split_feature=16 20 18 20 19 2 16 2 6 3 0 0 0 0 0 0 0 0 3 0 18 0 0 0 16 0 0 0 0 0
split_gain=5516.07 1496.59 360.725 258.016 182.267 181.634 178.98 140.388 126.516 124.867 142.141 109.929 99.3895 97.4272 91.8027 88.8987 128.736 103.72 86.0742 85.7401 82.6357 80.5964 75.8924 72.9664 72.8609 76.0814 112.298 92.8395 106.884 69.1369
threshold=1.0000000180025095e-35 0.98217773437500011 5.5000000000000009 0.23211669921875003 1.3574218750000002 0 1.1997070312500002 1 2.5000000000000004 2 3 4 5 6 7 8 9 10 11 12 24.500000000000004 13 14 15 1.4853515625000002 16 17 18 19 20
decision_type=10 2 2 2 2 1 10 1 2 1 9 9 9 9 9 9 9 9 1 9 2 9 9 9 10 9 9 9 9 9
left_child=-1 3 6 5 8 11 -3 13 -5 -7 -11 -2 -12 18 -14 -16 -17 -18 -8 -13 -4 -9 -10 -15 -21 -26 -27 -28 -29 -19
right_child=1 2 20 4 -6 9 7 21 22 10 12 19 14 23 15 16 17 29 -20 24 -22 -23 -24 -25 25 26 27 28 -30 -31
leaf_value=-0.045873689973622886 0.24796066578509857 0.036768845668636328 0.043620139873264581 -0.0083659383330853664 0.018168612763042824 -0.0330781427257043 0.81538990209565765 0.039686271179716764 0.40323047217434449 0.096768503692869628 0.063805456313028516 -0.079206953258083607 0.065235780490929637 0.065104043966619188 0.057433599647156865 0.065235780490929637 0.050902193591030598 0.066042457885112649 0.074463786369146565 0.035868448175313497 0.35661631401176835 -0.018739442976794723 -0.017424254554460884 -0.0040091609650148531 0.096921628987053379 0.093696209902460859 0.083501858863583911 0.083579273050026132 -0.033242506494987188 -0.034181085102413133
leaf_weight=4726430 10092 769753 1035021 1690375 240772 1110689 8686 72918 3426 6079 6923 81040 7861 90518 10053 17356 15805 12602 40529 118005 99828 1609092 4207338 2757000 12703 23173 21936 28307 1304980 2179390
leaf_count=4726430 10092 769753 1035021 1690375 240772 1110689 8686 72918 3426 6079 6923 81040 7861 90518 10053 17356 15805 12602 40529 118005 99828 1609092 4207338 2757000 12703 23173 21936 28307 1304980 2179390
internal_value=-0.000983493 -0.00057606 2.76067e-05 -0.00092837 -0.000711673 -0.00119632 -0.000144189 -0.000262782 -0.000766691 -0.00140478 -0.0011911 -0.000757758 -0.00121175 -5.18115e-05 -0.00123022 -0.00124919 -0.00127039 -0.00130412 0.00215363 -0.000790779 0.000837272 -0.000626112 -0.000913376 -8.99365e-05 -0.000705686 -0.000806879 -0.000842379 -0.000901401 -0.00095449 -0.00133322
internal_weight=2.23187e+07 1.75922e+07 6.48334e+06 1.11089e+07 6.14191e+06 4.96699e+06 5.3485e+06 4.57874e+06 5.90114e+06 3.36676e+06 2.25607e+06 1.60024e+06 2.24999e+06 2.89673e+06 2.24307e+06 2.23521e+06 2.22515e+06 2.2078e+06 49215 1.59014e+06 1.13485e+06 1.68201e+06 4.21076e+06 2.84752e+06 1.5091e+06 1.3911e+06 1.3784e+06 1.35522e+06 1.33329e+06 2.19199e+06
internal_count=22318680 17592250 6483345 11108905 6141911 4966994 5348496 4578743 5901139 3366758 2256069 1600236 2249990 2896733 2243067 2235206 2225153 2207797 49215 1590144 1134849 1682010 4210764 2847518 1509104 1391099 1378396 1355223 1333287 2191992
cat_boundaries=0 1 2 3 98 142 236 281 377 473 568 663 664 709 805 874 919 964 1008 1052 1096 1191
cat_threshold=1 1 8 0 0 0 0 0 0 0 0 0 0 0 0 0 0 0 0 0 0 0 0 0 0 0 0 0 0 0 0 0 0 0 0 0 0 0 0 0 0 0 0 0 0 0 0 0 0 1024 32768 0 0 268437504 33554432 10240 0 2097152 0 8388609 0 0 0 0 0 0 16 0 2 0 0 0 8388608 0 0 33554432 2147483664 0 67109888 524288 16384 0 0 131072 131072 0 524288 0 2048 0 0 0 0 2 2147516416 16384 10485760 512 0 256 0 2 0 0 4096 0 0 0 8 49152 0 0 0 0 545259520 0 0 8320 32 1073742848 268566528 258 0 0 0 1073741824 67108864 131072 32 0 0 0 0 134217794 2097152 128 0 536870920 0 128 0 33554952 0 0 0 0 0 0 0 0 0 0 0 0 0 0 0 0 0 0 0 0 0 0 0 0 0 0 0 0 0 0 0 0 0 0 0 0 0 0 0 0 0 0 0 0 0 0 0 0 0 163840 32 1073741824 134217728 0 131072 128 8 16777216 0 0 0 0 0 57344 512 536870912 0 4194304 0 16777216 8 0 0 2 0 256 65536 512 64 0 0 32768 0 0 131072 256 1073741824 0 0 1048576 262144 545259520 512 512 33554432 512 536870912 2048 8388608 0 0 0 0 0 0 0 134217728 0 0 0 0 0 132096 33554432 0 1073741824 268435456 0 0 16384 0 1073741824 262160 8196 16512 0 536870912 1 32768 0 0 49152 8 0 0 4194304 35652128 32 4096 0 0 0 0 0 0 0 0 0 0 0 0 0 0 0 0 0 0 0 0 0 0 0 0 0 0 0 0 0 0 0 0 0 0 0 0 0 0 0 0 0 0 0 0 0 3 524304 0 0 268435456 0 0 0 8192 8388608 4 0 268435456 1048576 0 0 0 0 0 4 0 0 67108864 147457 0 0 0 0 525312 0 2147483656 33555072 0 4096 0 0 0 0 131072 0 8 268435488 16 1 0 0 0 0 0 65536 20 0 0 0 0 0 0 0 0 0 0 0 0 0 0 0 0 0 0 0 0 0 0 0 0 0 0 0 0 0 0 0 0 0 0 0 0 0 0 0 0 0 0 0 0 0 0 0 2214658048 0 524288 0 0 4 0 0 0 512 1179648 0 0 0 0 16777216 0 0 2416967680 128 0 32768 512 1073741824 1073807360 0 512 2097152 524288 0 64 1024 65544 256 0 262144 0 0 0 0 1024 0 1073741824 0 0 0 64 8388608 2 0 0 0 0 0 0 0 0 0 0 0 0 0 0 0 0 0 0 0 0 0 0 0 0 0 0 0 0 0 0 0 0 0 0 0 0 0 0 0 0 0 0 0 0 536870912 0 135266304 1048576 1048576 0 0 0 0 0 0 67108864 16777216 0 0 0 0 0 0 4096 1073741824 0 0 0 4096 0 268435456 32768 1073741824 16777216 268468224 80 4227104 131072 2 0 4195328 0 524288 0 0 0 524288 0 0 268435456 0 0 134217728 32 16512 0 0 0 0 0 0 0 0 0 0 0 0 0 0 0 0 0 0 0 0 0 0 0 0 0 0 0 0 0 0 0 0 0 0 0 0 0 0 0 0 0 0 0 0 0 0 0 0 0 0 1073741824 536870916 0 0 1024 2101248 288 0 0 0 0 0 0 4 131074 0 268443648 512 0 16448 0 128 0 268435712 2048 1073741824 4 32768 0 1 0 0 16777216 0 0 0 0 32 0 0 135266336 4194304 0 1024 2147483648 4 0 0 0 1 0 0 0 1073741824 0 8388608 1082261504 0 0 2214592513 0 16384 0 0 0 138412033 0 0 0 0 16809984 134217728 8388609 4112 1 35651584 0 0 0 0 256 0 262400 536870912 0 0 0 0 3080 0 33554433 0 0 0 0 0 0 0 0 0 0 0 0 0 0 0 0 0 0 0 0 0 0 0 0 0 0 0 0 0 0 0 0 0 0 0 0 0 0 0 0 0 0 0 0 0 1048576 0 0 1073741824 18432 268435456 0 0 0 0 0 0 0 0 0 0 0 2097152 0 16777217 1342193664 0 512 33558528 16777216 0 0 0 524296 0 258 4194304 0 1028 0 0 4194304 0 0 0 536870912 0 0 16777216 0 262144 557568 0 0 12582912 32 65536 0 0 0 0 512 0 0 0 0 0 0 134217728 1049600 0 0 1049090 0 0 0 4096 67108880 0 0 0 0 8192 2048 8390656 4 1 0 8388608 1073743873 32768 0 0 0 0 131072 0 0 536870912 0 512 32768 0 0 0 64 0 0 0 134217728 0 4259872 0 0 0 0 0 0 0 0 0 0 0 0 524288 8200 0 2 2097152 2147483648 66048 67125248 1049600 0 0 0 0 0 1048576 0 1024 0 0 2097152 0 0 0 536870912 0 1048576 67108864 2097152 32768 0 256 8 8912896 0 16384 0 0 0 0 0 257 1064976 0 536870976 0 32 0 4 1180672 0 0 0 524288 32 0 0 0 4096 4096 0 0 0 0 671088640 537395202 0 0 0 0 0 0 16 0 2097152 553648128 64 0 8388608 134217728 65552 67108864 128 4194304 0 8 0 0 0 32864 18 16384 8388608 64 8 0 0 1082130432 16384 0 4202496 268435456 0 0 1 0 64 0 131072 196608 0 67108864 4 0 0 0 0 128 0 4194432 0 65536 4194304 0 541065224 0 16 0 2147483648 512 1 65536 0 0 0 106496 67108864 134217728 0 0 0 526336 32 0 0 4 512 67109248 16 0 0 0 0 4096 0 0 33554560 0 0 268435456 0 0 128 0 134217728 0 0 4160 0 0 262144 16777224 65 67141632 4 1 192 0 262144 1048576 0 2097152 0 2097152 64 0 10485760 134217728 0 0 16 268435456 256 0 0 0 8192 0 0 0 0 8192 545259524 17408 65536 2 0 32768 8388608 524288 524288 0 16512 1 131072 256 1040 32 2048 0 0 0 0 2097152 0 0 0 0 0 0 0 0 0 0 0 0 0 0 0 0 0 0 0 0 0 0 0 0 0 0 0 0 0 0 0 0 0 0 0 0 0 0 0 0 0 0 0 0 0 32788 128 0 0 1073741824 0 0 0 0 0 64 0 134742016 0 0 128 0 0 0 8388608 16793856 1073741824 1310720 0 32768 4 150995008 537133056 0 0 3 134217728 0 131072 0 0 0 0 0 0 4096 0 0 3072 0 0 0 33554432 0 536870912
is_linear=0
shrinkage=0.05


Tree=43
num_leaves=31
num_cat=20
split_feature=16 20 16 20 1 2 19 19 3 0 0 6 6 13 0 3 0 0 0 0 3 6 0 0 0 0 0 0 0 0
split_gain=5565.59 1426.37 324.601 268.533 179.997 172.087 161.898 155.482 143.249 142.602 112.515 110.776 107.444 98.6587 93.706 85.3696 124.743 79.2732 76.3181 75.7154 70.1728 69.5535 66.4015 66.3956 65.5214 64.7128 63.0396 62.8191 61.5251 60.1538
threshold=1.0000000180025095e-35 0.98217773437500011 1.1997070312500002 0.26782226562500006 0 1 1.3574218750000002 0.64282226562500011 2 3 4 2.5000000000000004 2.5000000000000004 1.0000000180025095e-35 5 6 7 8 9 10 11 2.5000000000000004 12 13 14 15 16 17 18 19
decision_type=10 2 10 2 1 1 2 2 1 9 9 2 2 2 9 1 9 9 9 9 1 2 9 9 9 9 9 9 9 9
left_child=-1 3 10 4 -2 9 11 8 19 20 -3 28 26 18 -7 16 -15 -14 -11 -6 23 -12 -13 -4 -16 -18 -10 -23 -5 -9
right_child=1 2 5 6 7 14 -8 29 12 13 21 22 17 15 24 -17 25 -19 -20 -21 -22 27 -24 -25 -26 -27 -28 -29 -30 -31
leaf_value=-0.043580005474941744 -0.056003179583658191 0.33797402713618641 5.2923675495074791 0.71917139587615742 0.19341243992935481 0.042279584298525831 0.01726018212489069 0.19864022954007871 0.22336055150850331 0.07128578453827443 0.086445335400084866 0.40311700385128796 0.22536287891676665 0.24722272022501801 0.021939105320903818 -0.0056481938710766589 0.12419213077358751 -0.032248487859766695 -0.0086045593549889388 -0.031424235589419085 0.07578004105717441 0.14676605695488593 -0.016089915875929874 0.36995984199851728 -0.018359236888977958 0.017422856837184947 -0.018124457649168601 0.0090638909459153962 -0.0075373262057586128 0.022332450502690455
leaf_weight=4726430 599616 130892 1390 1639 2236 97033 240772 880 1972 91887 291993 3715 4172 27551 109550 428155 30086 2278883 2175367 1535969 102249 113318 3900582 34158 1623204 612257 917499 614255 1565132 55838
leaf_count=4726430 599616 130892 1390 1639 2236 97033 240772 880 1972 91887 291993 3715 4172 27551 109550 428155 30086 2278883 2175367 1535969 102249 113318 3900582 34158 1623204 612257 917499 614255 1565132 55838
internal_value=-0.0009767 -0.000567442 2.1892e-05 -0.000911388 -0.00116428 -0.000142431 -0.000672428 -0.00106219 -0.00109333 6.28437e-05 0.000783605 -0.000728272 -0.000902837 -1.71143e-06 -0.000535428 0.000387302 0.000739755 -0.00108663 -0.000190114 -0.00148992 0.0016393 0.000606413 -0.000870796 0.00355279 -0.000620099 0.000598413 -0.000446483 0.0003448 -0.00037311 0.00154016
internal_weight=2.23187e+07 1.75922e+07 6.48334e+06 1.11089e+07 5.39706e+06 5.33289e+06 5.71184e+06 4.79745e+06 4.74073e+06 3.5031e+06 1.15046e+06 5.47107e+06 3.20253e+06 3.3653e+06 1.82979e+06 1.09805e+06 669894 2.28306e+06 2.26725e+06 1.5382e+06 137797 1.01957e+06 3.9043e+06 35548 1.73275e+06 642343 919471 727573 1.56677e+06 56718
internal_count=22318680 17592250 6483345 11108905 5397065 5332887 5711840 4797449 4740731 3503100 1150458 5471068 3202526 3365303 1829787 1098049 669894 2283055 2267254 1538205 137797 1019566 3904297 35548 1732754 642343 919471 727573 1566771 56718
cat_boundaries=0 1 2 3 48 105 200 201 245 340 385 462 463 532 554 650 695 790 848 924 1019
cat_threshold=16 1 8 8 2097664 536870914 2048 8388608 512 34078720 0 0 0 0 0 0 0 0 0 0 0 132096 33554432 0 1073741824 268435456 0 0 0 0 1073741824 16 8192 32904 0 0 1073741824 8388608 0 0 32768 8 0 1048576 2 536870944 4456448 4096 0 0 0 0 0 0 4194304 0 0 0 0 0 0 0 0 0 0 0 0 4096 8 1140850688 0 0 0 2147483648 16384 541065216 0 4 0 8 8388608 0 32768 0 2 0 2147483648 0 8192 4195328 131088 4 512 268435456 1073741824 0 0 0 1024 2147483648 0 2048 0 2162688 8388800 0 0 0 0 0 0 0 0 0 0 0 0 0 0 0 0 0 0 0 0 0 0 0 0 0 0 0 0 0 0 0 0 0 0 0 0 0 0 0 0 0 0 0 0 0 1048609 0 0 1073741824 18432 268435456 0 0 0 0 0 0 0 0 0 0 0 2097152 0 16777217 1090535424 0 512 100667392 16777216 0 0 0 524296 0 258 4194306 0 4 0 0 4194304 0 0 0 0 0 0 16777216 0 0 557056 0 16 12582912 5 0 0 0 0 0 0 0 1049600 8192 2 0 0 150994944 1048576 1024 1024 134348800 131072 67108864 0 0 0 0 0 256 16384 33554432 0 0 0 16384 8921088 0 1 0 264 0 4 0 1 17408 0 33555008 1114112 4 0 0 0 0 1048576 0 0 0 0 16384 0 0 0 0 0 0 0 0 8192 0 1073741824 131072 0 0 0 0 0 0 0 0 0 0 0 0 0 0 0 33554432 0 0 0 0 33554432 0 0 1024 0 0 268435456 2147485728 0 10240 0 0 0 8388609 268435456 0 0 0 0 0 16 0 2 0 0 0 0 8 0 33554432 0 0 1024 524800 512 0 0 0 0 0 524288 0 2560 0 0 0 0 0 33280 0 0 512 10240 33554432 4227072 32 67633216 8454144 2114560 128 0 0 0 0 0 0 2097152 0 0 0 0 0 0 512 0 1 0 67108864 2097152 2097153 536870912 0 0 8388608 0 128 32768 262144 0 0 0 256 16 4194304 0 0 32 0 0 0 0 1073741824 0 0 33554432 0 0 0 2 16777216 0 0 0 134217728 2147487744 2097152 0 0 1073807376 0 0 8 0 0 0 0 65536 0 0 0 0 0 131136 0 128 0 536870912 0 32 0 8 0 0 0 2048 0 16384 0 2147483648 64 0 0 0 1073741824 2097168 0 0 0 0 0 0 0 0 0 0 0 0 0 16843040 0 134217728 0 0 65536 4 0 0 0 0 0 512 0 0 0 0 0 0 150994944 1048580 0 1024 0 0 0 0 67112960 67108864 0 67108864 0 0 8192 2048 8388864 8196 16384 0 8388608 1073741825 32768 0 0 0 2147483648 0 0 0 536870912 0 544 32768 0 0 0 64 0 2147483648 0 134217728 0 4259840 0 0 0 0 0 0 0 0 0 0 0 0 524288 0 0 0 0 0 0 0 0 0 0 0 0 0 0 0 0 0 0 0 0 0 1073741824 0 0 0 0 0 0 0 0 0 0 0 0 0 0 0 0 0 0 0 0 0 0 0 0 0 0 0 0 0 0 0 0 0 0 0 0 0 0 0 0 0 0 0 0 0 0 536870912 0 0 0 0 1 0 0 0 0 0 0 0 0 128 0 0 16842880 4 268435456 0 0 128 65536 4 0 537395200 20 8192 536870912 1073741824 0 2147484680 0 0 0 0 524288 2097152 536870912 2 0 132096 0 4 512 0 8 0 48 0 0 0 0 0 0 0 0 1048576 0 0 2 10240 0 0 134217728 0 0 512 0 67108872 524288 2097152 67125256 0 524288 128 32768 256 131328 0 0 0 526336 1 32768 64 0 0 524288 134217728 20979744 262144 0 8388608 8 0 0 0 0 0 524288 0 0 0 0 0 0 0 0 0 0 0 0 0 0 0 0 262400 0 0 0 1073741824 0 0 1048576 0 0 0 2048 33554432 0 131072 8 0 0 0 67108864 0 0 0 0 32768 0 0 0 0 8192 0 0 33562624 0 1179648 0 0 0 0 0 8208 0 0 0 0 0 0 0 16777216 33554432 524288 0 256 0 0 0 65536 4194304 0 0 524288 131072 0 268435456 0 0 0 262144 0 512 0 65536 131072 0 0 0 0 0 0 128 0 0 4194304 0 0 0 8388608 0 138412032 1073741824 0 0 0 1024 0 0 0 0 0 0 0 0 0 0 1 1024 4194304 2048 128 256 0 0 0 0 0 0 131072 36880 4096 1048576 0 0 1048576 1048576 2097152 134217730 4096 512 32 2097428 0 0 0 0 0 512 0 1024 0 0 0 0 16777216 0 0 0 1180160 0 0 0 4096 0 268435456 0 0 0 8192 0 8388608 24580 16384 0 65 1073743873 32768 0 0 0 2147483648 0 0 32 536872960 0 512 32768 0 0 0 64 0 0 0 134219776 0 66048 0 0 0 0 0 0 0 0 0 0 0 0 0 0 0 0 0 0 0 536870912 0 0 8 0 0 0 0 0 0 0 0 0 0 0 0 0 0 0 0 0 0 131072 0 0 0 0 2097152 0 0 0 0 262144 0 1 0 0 1 0 0 0 0 33554432 0 20 0 131073 0 268435712 0 288 0 2147483648 134217728 0 1 131080 1048576 0 0 0 0 0 0 0 0 0 0 8192 0 0 0 0 2 0 0 536870916 0 36864 0 0 0 0 0 0 0 0 0 1073741824 0 0 8396800 0 0 32 2147483648
is_linear=0
shrinkage=0.05


Tree=44
num_leaves=31
num_cat=19
split_feature=16 20 17 1 6 18 3 3 0 16 19 0 0 20 2 0 16 0 20 0 0 0 0 0 16 0 0 3 0 0
split_gain=5659.16 1327.62 299.935 250.522 221.747 140.534 136.463 117.028 105.018 99.1524 88.2418 82.3908 81.634 81.4441 94.6803 80.8914 70.4923 67.038 66.7386 64.5392 66.4207 63.2468 76.8252 70.3428 61.6304 60.2537 56.6764 56.2511 122.669 89.9247
threshold=1.0000000180025095e-35 0.98217773437500011 5.5000000000000009 0 2.5000000000000004 4.5000000000000009 1 2 3 3.6748046875000004 1.6425781250000002 4 5 0.26782226562500006 6 7 1.3002929687500002 8 48.453125000000007 9 10 11 12 13 0.76000976562500011 14 15 16 17 18
decision_type=10 2 2 1 2 2 1 1 9 10 2 9 9 2 1 9 10 9 2 9 9 9 9 9 10 9 9 1 9 9
left_child=-1 3 5 15 7 9 8 -5 -6 11 17 -3 -10 14 -8 -2 18 -9 -4 -19 -21 -14 -23 -24 -13 -11 -22 28 -26 -30
right_child=1 2 16 4 6 -7 13 10 12 25 -12 24 21 -15 -16 -17 -18 19 -20 20 26 22 23 -25 27 -27 -28 -29 29 -31
leaf_value=-0.041401005201194656 -0.010722377220725089 0.2147257046256216 0.12578281188685092 -0.026010171440240006 1.1211842251347786 0.023560321319310323 -0.036517376164868921 -0.064746431656313483 0.32372100734563913 0.039719415390281801 0.085891070052813226 0.09196627908917468 0.31340073056925677 -0.015550779200650689 -0.030636063466778364 -0.051574471226110211 0.026294270445924778 0.66278143840083947 3.0560036802304023 0.27398199670638534 0.20735372353103837 0.23617992755739339 0.30237381243534434 -0.013598238578355805 0.60017123179337961 -0.016231570599340949 -0.006588051519854244 -0.0092846393162220667 0.3243843629545124 0.003658715575718298
leaf_weight=4726430 111098 30584 397089 898542 1794 766965 970372 36629 2460 52470 22501 134364 2405 3084635 1750031 691535 728339 3880 4200 5677 5630 3667 3905 1531437 3503 1574454 1982707 2013878 6880 770619
leaf_count=4726430 111098 30584 397089 898542 1794 766965 970372 36629 2460 52470 22501 134364 2405 3084635 1750031 691535 728339 3880 4200 5677 5630 3667 3905 1531437 3503 1574454 1982707 2013878 6880 770619
internal_value=-0.000963949 -0.000551265 1.73034e-05 -0.000883091 -0.000816826 -0.000138912 -0.00096389 -0.00045107 -0.000546376 -0.000243665 -0.000243122 -7.13122e-05 -0.00056046 -0.00107506 -0.00127448 -0.00173394 0.000757665 -0.000277563 0.00128979 -0.000238693 -0.000251244 -0.000575011 -0.000587695 -0.000604979 -9.82714e-05 -0.000557224 -0.000266676 -0.000148558 0.000211641 0.000169518
internal_weight=2.23187e+07 1.75922e+07 6.48334e+06 1.11089e+07 1.03063e+07 5.35372e+06 7.35071e+06 2.95557e+06 1.54567e+06 4.58675e+06 2.05702e+06 2.95983e+06 1.54387e+06 5.80504e+06 2.7204e+06 802633 1.12963e+06 2.03452e+06 401289 1.99789e+06 1.99401e+06 1.54141e+06 1.53901e+06 1.53534e+06 2.92924e+06 1.62692e+06 1.98834e+06 2.79488e+06 781002 777499
internal_count=22318680 17592250 6483345 11108905 10306272 5353717 7350706 2955566 1545668 4586752 2057024 2959828 1543874 5805038 2720403 802633 1129628 2034523 401289 1997894 1994014 1541414 1539009 1535342 2929244 1626924 1988337 2794880 781002 777499
cat_boundaries=0 1 2 3 99 178 274 275 338 432 512 601 681 772 867 937 1014 1015 1092 1171
cat_threshold=16 4 8 0 0 0 0 0 0 0 0 0 0 0 0 0 0 0 0 0 0 0 0 0 0 0 0 0 0 8192 0 16 0 16384 25165824 0 1073743872 545259520 65536 2 32768 8 0 0 0 131072 0 512 0 0 0 0 0 0 2181038208 8192 0 0 0 0 0 0 0 0 0 0 16 0 0 0 0 0 16777216 0 0 34078720 1024 0 0 524288 0 32768 0 0 0 0 0 0 0 0 0 0 33554432 262148 0 0 0 0 4 131072 4096 0 0 0 0 4194304 0 0 0 0 0 134217728 0 0 0 0 1073741824 0 0 0 1073741840 16384 0 0 0 16 1610612768 16 0 0 0 1048576 0 32768 0 128 32768 2056 0 0 71303176 33554464 0 8388608 32768 0 0 1073741824 0 0 2147483648 0 0 0 0 64 0 0 0 0 0 0 0 0 268435456 0 0 0 0 0 0 0 0 0 0 0 8388608 1024 0 0 0 0 0 0 0 0 0 0 0 2 0 0 0 0 0 0 0 0 67108864 0 0 2048 0 0 0 134217792 536871168 0 524288 0 0 1024 0 0 128 0 2415919104 0 0 0 32 1048576 1024 0 0 0 0 0 0 0 0 0 0 4194304 0 0 0 0 0 0 0 0 0 256 0 0 262145 2 0 134222080 0 12 0 2 2 0 131072 0 0 0 0 0 32 0 0 0 0 1073741824 0 0 33554432 0 0 32 1 0 0 0 0 0 0 0 0 0 0 0 0 0 0 0 0 0 0 0 0 0 0 0 0 0 0 0 0 0 0 0 0 0 0 0 0 0 0 0 0 0 0 0 0 0 0 0 0 0 0 0 0 0 0 0 0 0 0 961544224 8519713 8421524 2969601024 1025 0 0 270336 0 0 0 0 0 0 8388608 8388608 0 0 0 1048576 0 0 128 0 4194304 0 0 0 0 33280 0 0 16 0 0 0 0 0 0 0 0 0 536870912 0 0 0 0 0 2147483648 1 2147483776 327680 0 0 1 8320 32768 0 0 4 0 0 0 0 0 0 0 0 0 0 0 0 0 0 0 134299712 1048576 0 0 0 0 0 1073741824 0 0 0 0 0 0 0 0 41943040 0 33554432 0 0 0 0 1048576 0 16777216 0 16 0 0 0 0 0 0 0 0 0 0 0 524288 0 0 0 0 0 1073741824 0 0 0 0 33562624 1073741824 2048 8192 16793600 67108864 0 264192 0 0 4194306 0 2147483656 0 8192 0 0 67108864 512 0 0 0 1073741824 0 0 128 0 0 0 0 0 0 0 0 0 0 0 16 0 0 8192 0 1 0 0 67109120 33554432 0 0 0 128 0 131072 1 0 2097668 0 0 0 512 32 0 8192 0 0 0 0 0 0 0 0 0 0 0 0 0 268435456 0 0 0 16384 0 16 131084 4194305 0 0 16384 33554432 32 0 4194304 0 0 2097152 0 536870912 4194305 0 0 0 0 0 0 0 0 8192 0 0 0 32 0 0 0 0 0 0 0 0 0 0 0 262144 0 0 1 0 268435456 0 0 524288 67108864 2 0 0 0 16777216 0 0 0 0 0 32 0 134217728 0 0 0 0 16384 0 0 0 0 0 8192 256 0 524288 0 0 0 4096 0 524288 268435968 0 2048 0 0 2097152 32768 0 0 0 0 0 0 0 0 2048 1024 0 0 1024 2147483648 4194304 0 0 0 0 0 0 2048 0 0 0 0 0 0 0 0 0 0 0 0 16793600 0 2048 0 0 0 0 0 32832 0 0 2048 9216 33554561 0 1048576 4 0 0 0 0 0 1048576 0 0 0 0 0 0 0 0 1024 0 0 0 0 65536 0 0 8388640 132 0 1048576 0 0 0 0 2097152 0 536870912 0 0 0 0 0 0 0 0 0 67108864 2097152 131072 1 0 0 0 2048 0 0 0 0 0 0 0 0 0 0 0 0 0 268435458 20 4 8192 16 0 16384 0 0 32768 512 131072 8388672 4259840 0 0 0 0 0 0 0 16 0 0 0 0 0 64 0 0 2 0 2147483648 512 0 128 0 4 0 0 0 4 0 0 131072 0 8388608 0 33554432 0 0 0 0 16 0 128 0 8256 4194305 0 0 1 0 128 0 0 0 0 0 0 536870912 33554432 0 0 1572864 0 0 0 0 0 0 0 0 0 0 0 0 0 0 0 268435456 4 0 0 0 0 0 8 0 1152 0 0 256 0 0 0 64 0 0 0 524288 0 0 0 0 0 1024 0 0 0 0 0 8388608 1024 33554432 2129920 0 0 8454336 1049088 1048576 0 0 0 0 0 0 2147483648 0 0 0 132096 0 0 524288 268435456 0 0 16384 0 0 0 0 1048576 0 536870912 1 0 0 64 524292 0 98304 134217728 0 0 0 0 1048576 0 0 0 2048 0 0 0 0 0 0 0 0 0 0 0 0 0 0 16777217 1073741824 0 0 0 16777216 8 0 131072 0 0 4 0 0 0 0 0 0 671105024 4 128 1 0 0 536870912 0 0 0 0 268435456 0 0 65536 0 1048576 8388608 0 8192 0 0 4194304 16777216 1 2048 0 0 0 0 0 1048576 256 0 0 0 0 64 0 0 0 0 0 0 0 0 0 0 0 0 0 4096 64 0 0 0 0 65536 268435456 0 512 1152 32768 0 33 4 0 512 0 0 0 0 0 1024 0 0 0 0 0 0 0 1024 0 0 0 0 8 0 32768 0 0 0 0 0 32768 4 0 8912896 2 262148 8388608 0 0 0 0 0 8192 0 536871424 4194304 4096 0 0 0 0 0 0 0 0 0 0 0 0 0 0 0 0 0 0 16 0 16384 8 67108880 1 0 0 67108864 1073741824 0 8192 2098178 130 0 0 0 2048 0 0 16384 0 0 0 0 0 0 1048576 0 0 131072 0 0 0 0 67108864 0 0 0 0 0 0 256 0 16384 0 0 1090535424 0 65536 2 0 0 1 1064960 0 2049 262148 512 0 0 0 0 0 0 0 0 0 0 0 0 0 0 0 0 0 0 0 4 0 0 512 4096 8 262144 131073 262144 0 32768 536871168 0 0 8192
is_linear=0
shrinkage=0.05


Tree=45
num_leaves=31
num_cat=21
split_feature=16 20 18 1 6 16 3 3 0 6 0 0 19 2 18 0 16 0 0 0 0 0 0 0 0 0 0 0 0 0
split_gain=5693.18 1265.99 275.366 254.093 216.867 127.462 122.872 106.99 90.4882 80.7895 80.5123 80.2991 78.0964 75.7831 68.6132 66.463 65.6769 65.8415 65.3862 65.8426 59.8991 58.814 58.4018 57.7056 57.203 56.3724 56.1167 56.0679 54.4758 54.4225
threshold=1.0000000180025095e-35 0.98217773437500011 5.5000000000000009 0 2.5000000000000004 2.0400390625000004 1 2 3 3.5000000000000004 4 5 1.5000000000000002 6 20.500000000000004 7 0.76000976562500011 8 9 10 11 12 13 14 15 16 17 18 19 20
decision_type=10 2 2 1 2 10 1 1 9 2 9 9 2 1 2 9 10 9 9 9 9 9 9 9 9 9 9 9 9 9
left_child=-1 3 5 10 7 16 8 -5 -6 21 -2 -8 15 25 -4 -9 -3 -18 -15 -20 -10 -7 -22 -11 -17 -13 -21 -24 -26 -29
right_child=1 2 14 4 6 9 11 12 20 23 -12 13 -14 18 -16 24 17 -19 19 26 22 -23 27 -25 28 -27 -28 29 -30 -31
leaf_value=-0.039330954941134921 -0.016546546317934396 0.11379367083106742 0.035054418047932273 -0.024709662868228 1.2055750137885708 0.18338341235490116 -0.057148791275972499 -0.061008222804668513 0.37968309697848973 0.065316837095296551 -0.050450939229483294 0.01930571129318891 0.063182211097935703 -0.061162051211431256 0.26575917697766127 -0.064458699198029407 2.8376963003141227 0.0036165891445740931 -0.053744064530388005 -0.040539528422125361 0.31774124764513906 -0.0016165522346066831 0.30134551271419618 -0.015981185862373227 0.95310738924896909 -0.028023488909027762 -0.016850379491629153 0.19713997744193146 -0.0051510499368143227 -0.012918326649438018
leaf_weight=4726430 136070 207174 993566 898542 1993 16839 101775 36867 2154 31307 666563 23626 34127 77190 141283 35113 1104 1600993 89900 84585 2861 1455451 3230 2035628 3674 2465360 2962602 3409 1947243 1532021
leaf_count=4726430 136070 207174 993566 898542 1993 16839 101775 36867 2154 31307 666563 23626 34127 77190 141283 35113 1104 1600993 89900 84585 2861 1455451 3230 2035628 3674 2465360 2962602 3409 1947243 1532021
internal_value=-0.000959338 -0.000545415 9.79951e-06 -0.000869448 -0.000802713 -0.0001403 -0.00094815 -0.000441004 -0.000551972 -0.000314819 -0.00172634 -0.00105363 -0.000242175 -0.00102879 0.000717212 -0.000282191 0.000201087 9.27575e-05 -0.000868405 -0.000833022 -0.000565749 -3.17708e-05 -0.000577415 -0.000516436 -0.000243135 -0.00123591 -0.00079367 -0.000590706 -0.000207129 -0.000604567
internal_weight=2.23187e+07 1.75922e+07 6.48334e+06 1.11089e+07 1.03063e+07 5.3485e+06 7.35071e+06 2.95557e+06 1.54567e+06 3.53922e+06 802633 5.80504e+06 2.05702e+06 5.70326e+06 1.13485e+06 2.0229e+06 1.80927e+06 1.6021e+06 3.21428e+06 3.13709e+06 1.54368e+06 1.47229e+06 1.54152e+06 2.06694e+06 1.98603e+06 2.48899e+06 3.04719e+06 1.53866e+06 1.95092e+06 1.53543e+06
internal_count=22318680 17592250 6483345 11108905 10306272 5348496 7350706 2955566 1545668 3539225 802633 5805038 2057024 5703263 1134849 2022897 1809271 1602097 3214277 3137087 1543675 1472290 1541521 2066935 1986030 2488986 3047187 1538660 1950917 1535430
cat_boundaries=0 1 2 3 94 157 251 252 346 368 426 483 574 662 758 853 949 1044 1099 1194 1273 1359
cat_threshold=16 4 8 0 0 0 0 0 0 0 0 0 0 0 0 0 0 0 0 0 0 0 0 0 0 0 0 0 0 8192 0 536871168 0 16384 16777216 0 1073744896 8388608 65536 130 32768 2147483656 0 0 0 131104 1048576 512 0 0 0 0 0 0 2147483776 8192 0 0 0 0 0 0 0 0 0 0 16 0 0 0 0 0 0 0 134217728 33554432 1032 0 2 2 0 0 0 0 0 0 0 0 0 0 0 0 0 4 0 0 0 0 0 0 0 0 0 0 0 0 0 0 0 0 0 0 0 0 0 0 0 0 0 0 0 0 0 0 0 0 0 0 0 0 0 0 0 0 0 0 0 0 0 0 0 0 0 0 0 0 0 0 0 0 0 0 961544224 8781857 8421524 2971042816 1025 0 0 0 0 0 0 0 0 0 0 0 0 0 0 0 0 0 0 0 4194304 0 0 0 0 0 0 1 16 0 0 0 0 0 0 0 0 0 0 0 0 0 0 0 0 1 2147483776 327680 4194304 256 0 8396800 32800 0 0 36 134217744 0 0 0 0 0 0 0 1048576 0 4194304 0 0 0 0 81920 0 0 0 0 0 0 0 0 0 32768 0 0 0 0 16 41944064 0 33554432 0 0 4096 8 1048580 4 0 0 270336 0 0 0 0 0 0 8388608 8388608 0 0 0 1048576 0 0 128 0 4194304 0 0 0 0 16810496 0 0 16 0 0 0 0 0 0 0 0 0 0 0 0 0 0 0 2147483648 1 2147483776 327680 0 0 1 8320 32768 0 0 4 0 0 0 0 0 0 0 0 0 0 0 0 0 0 0 134299712 1048576 0 0 0 0 0 1073741824 0 0 0 0 0 0 0 0 41943040 0 33554432 0 0 0 0 1048576 0 0 0 0 0 0 0 0 0 0 0 0 16 0 0 0 0 0 0 0 0 1073741824 0 0 0 0 0 0 0 0 0 8388608 131072 0 0 67108992 0 0 0 0 65536 134217728 0 0 0 0 16809984 0 0 0 1 0 0 0 0 0 2155872256 0 0 536870912 0 0 0 0 3080 0 0 512 33554436 0 512 1 128 134349824 0 2147483809 0 2147483648 0 97 0 0 2048 1 536870912 0 0 1073741824 0 0 0 0 0 1 134217728 0 0 384 0 0 0 0 0 33554432 512 0 0 0 0 4194304 0 0 2147483648 134217728 16777216 0 256 0 0 0 4 65536 8388608 16384 2147483648 16384 268435456 2 4 0 64 524288 16777216 393216 0 0 264194 0 0 0 0 0 1048576 16384 0 0 0 0 0 0 256 0 0 0 0 0 0 0 524288 268435456 128 2048 0 0 0 0 0 524288 8388608 0 0 0 0 0 2048 0 0 0 1024 0 0 1024 0 0 0 0 0 2048 0 0 0 0 4194304 0 0 0 0 0 0 0 16777216 0 33554432 0 0 1 16777218 0 320 524288 0 2048 1024 34078848 0 8519680 0 0 0 0 0 32 0 0 0 0 1073741824 262144 8192 0 0 32 0 0 0 0 0 0 0 8192 134217760 0 0 1024 0 131072 0 524288 0 0 805306368 1024 0 16384 2048 1073741824 256 268443648 16384 0 536870912 1 8388608 0 0 32768 8 1 0 0 33554432 536936448 0 1048576 16777216 0 0 0 0 0 0 0 0 0 0 0 0 0 0 0 0 0 0 268435456 0 0 0 0 0 0 0 0 0 0 0 0 0 0 0 0 0 0 0 128 0 8192 0 0 0 0 2147483648 0 0 0 0 0 0 0 8192 0 1024 0 131072 0 8388608 69632 67108864 0 8388640 4 0 0 0 2097152 16 0 0 0 536870912 0 536870912 0 0 0 0 0 0 0 536870912 33554432 131072 0 0 0 0 0 0 0 0 0 0 0 0 0 0 0 0 0 0 16388 0 4 0 16 0 0 0 1024 0 512 131072 0 4259840 0 0 4 0 0 0 0 0 0 0 0 0 0 64 0 0 0 0 32 2097152 33554432 538968064 0 67239936 8388736 1024 0 0 0 0 0 0 0 8192 0 0 131072 0 0 0 0 268435488 0 0 0 0 1073741824 2097152 8192 49152 0 0 0 0 0 0 32768 8 524320 128 0 2097152 0 65536 0 0 0 1073741824 2048 0 0 0 0 0 0 0 0 0 0 0 0 0 0 0 0 0 0 0 0 0 0 0 0 0 0 0 0 0 0 0 4194304 0 0 0 0 0 0 0 0 0 557056 0 16 4194304 0 0 0 1 0 0 536870912 0 134217728 0 131072 0 33554432 32 0 0 32768 0 0 0 0 0 0 0 0 0 1 0 0 0 0 131072 0 0 256 16 256 536870912 0 0 0 0 0 0 0 0 301989888 0 256 0 8388608 0 0 1 0 16 0 0 0 0 0 0 0 0 0 71303168 0 0 0 0 4194304 8388608 0 0 0 0 8388608 0 256 0 32768 16384 0 0 0 16 1024 0 0 0 0 4096 0 4 0 128 0 0 0 0 0 0 0 0 0 0 0 0 0 0 0 0 0 0 0 0 0 0 0 0 0 0 0 0 0 0 0 0 0 0 0 0 0 0 0 0 0 0 0 0 0 0 0 0 0 0 0 0 0 0 0 0 0 0 0 0 0 0 20971520 2164330496 131072 16779280 0 4 544770 8388608 1024 0 0 18 0 536870944 1 0 8256 8 131072 0 0 0 0 0 268435456 0 268436480 0 0 512 0 0 16896 0 8388608 0 0 0 0 0 0 0 131072 8388608 1073741824 33554432 0 1048576 16384 4 0 0 0 0 0 1073741824 2097152 32 0 8396800 0 0 2097152 8388608 0 16 0 524544 1048592 0 0 0 0 0 0 0 2147485696 0 0 0 0 16384 4 589824 8 1024 0 67125392 33554432 0 0 0 0 512 0 0 0 0 0 0 0 0 128 0 0 0 0 0 0 134217728 0 0 65536 0 0 1073741952 0 8192 6291456 16384 2 16777217 0 67108864 0 0 3072 0 0 0 0 0 32772 0 0 0 0 0 0 0 0 0 0 0 0 0 0 0 0 0 268435456 2 0 268435456 0 512 0 0 0 1 1073741824 4 0 2155872256 0 0 2048 0 0 0 0 0 0 0 0 0 0 0 0 0 0 0 128 0 2097152 0 0 0 512 0 0 8192 256 0 0 0 0 0 0 0 0 0 0 0 1073741824 268435456 0 0 0 25600 1073741824 2064 8200 16384 0 0 264192 33554432 0 2 2048 8 0 8192 0 536870912 0 512 0 0 0 0 0 0 128 0 0 0 0 32 0 0 0 0 0 0 16 0 0 0 0 1 0 0 67108864 33554432 0 0 0 524288 0 131072 0 0 67108864 2048 0 0 0 0 0 0 0 0 1 4 0 0 0 0 0 0 0 16 512 16777216 0 1048576 0 0 0 0 1090519041 524288 0 0 0 131072 268435456 71303168 0 4096 0 0 0 0 256 0 0 0 0 0 0 0 0 0 0 0 0 134217728 0 0 0 0 0 0 4194304 272 0 0 8388608 136 0 0 2097152 0 0 2621512 1 0 0 0 0 0 0 0 0 2048
is_linear=0
shrinkage=0.05


Tree=46
num_leaves=31
num_cat=20
split_feature=16 20 17 20 1 19 6 16 0 0 0 0 0 0 0 0 0 3 6 0 17 3 0 0 0 0 0 0 16 3
split_gain=5777.55 1174.78 251.889 251.657 271.469 140.539 124.665 122.053 107.612 103.891 97.5276 91.4553 89.2004 94.5967 88.623 81.1607 88.6493 78.4027 85.4949 76.8485 75.4067 75.1039 96.3029 83.0878 73.6929 70.1313 66.9883 62.6348 61.8781 78.7522
threshold=1.0000000180025095e-35 0.98217773437500011 5.5000000000000009 0.23211669921875003 0 1.3574218750000002 2.5000000000000004 3.6748046875000004 1 2 3 4 5 6 7 8 9 10 2.5000000000000004 11 1.5000000000000002 12 13 14 15 16 17 18 3.3906250000000004 19
decision_type=10 2 2 2 1 2 2 10 9 9 9 9 9 9 9 9 9 1 2 9 2 1 9 9 9 9 9 9 10 1
left_child=-1 3 7 4 11 6 -5 10 -6 -10 -3 -2 -11 -14 -13 -16 -17 -12 19 -19 26 -15 -23 -24 -25 -9 -18 -26 29 -28
right_child=1 2 -4 5 8 -7 -8 25 9 12 17 14 13 21 15 16 20 18 -20 -21 -22 22 23 24 27 -27 28 -29 -30 -31
leaf_value=-0.037364407194078179 0.44684233339705232 0.21969887491706608 0.047323890992040457 -0.0063303857445764951 0.022682967905475273 0.016251252097324392 -0.013837006414198228 0.042399722516005704 0.023342125617210299 0.023766488390729746 -0.017417326281521279 -0.073306604884849247 0.022682967905475273 -0.02731703209452473 -0.069716153416865143 -0.062105379844022562 -0.062105379844022562 0.44383244654292647 -0.0017671399504485411 0.020627236052636316 0.045022829815783573 0.053166402849566044 0.022296914152011949 0.019883087400428313 0.017765357341035192 -0.014009363913073728 -0.02734078160794198 -0.028485284306383776 -0.019912308346376518 0.0029904760964682532
leaf_weight=4726430 7250 52926 1129628 1690375 11423 240772 4210764 69928 19146 22782 708137 76923 28589 888463 80342 89251 69229 7983 2048869 734047 28140 10968 18910 23826 26120 1731827 269161 1701668 928357 666446
leaf_count=4726430 7250 52926 1129628 1690375 11423 240772 4210764 69928 19146 22782 708137 76923 28589 888463 80342 89251 69229 7983 2048869 734047 28140 10968 18910 23826 26120 1731827 269161 1701668 928357 666446
internal_value=-0.000947964 -0.000530986 3.85351e-06 -0.000843127 -0.00110776 -0.000629117 -0.000677429 -0.000139304 -0.0014394 -0.00145959 3.07275e-05 -0.000695744 -0.00148542 -0.00151172 -0.000714164 -0.000653969 -0.000592882 -1.49815e-06 0.000117722 0.00057757 -0.000522746 -0.00154236 -0.00135505 -0.001384 -0.00141959 -0.000474503 -0.000560153 -0.00145768 -0.00050342 -0.000216456
internal_weight=2.23187e+07 1.75922e+07 6.48334e+06 1.11089e+07 4.96699e+06 6.14191e+06 5.90114e+06 5.35372e+06 2.7519e+06 2.74047e+06 3.55196e+06 2.2151e+06 2.72133e+06 2.69854e+06 2.20785e+06 2.13093e+06 2.05058e+06 3.49904e+06 2.7909e+06 742030 1.96133e+06 2.66996e+06 1.78149e+06 1.77052e+06 1.75161e+06 1.80176e+06 1.93319e+06 1.72779e+06 1.86396e+06 935607
internal_count=22318680 17592250 6483345 11108905 4966994 6141911 5901139 5353717 2751895 2740472 3551962 2215099 2721326 2698544 2207849 2130926 2050584 3499036 2790899 742030 1961333 2669955 1781492 1770524 1751614 1801755 1933193 1727788 1863964 935607
cat_boundaries=0 1 95 190 282 362 457 551 631 704 783 784 863 864 960 1055 1150 1216 1294 1389 1390
cat_threshold=39 0 0 0 0 0 0 0 0 0 0 0 0 0 0 0 0 0 0 0 0 0 0 0 0 0 0 0 0 0 0 0 0 0 0 0 0 0 0 0 0 0 0 0 0 0 0 2098176 2214658048 0 688128 2415921152 0 134217728 0 132096 67113092 8389128 135266304 0 0 0 0 0 0 0 0 0 0 0 0 0 0 0 0 0 0 0 0 0 0 0 0 0 131072 0 0 1073741824 1024 0 0 2097154 2684354560 0 75497472 0 0 0 0 0 0 0 0 0 0 0 0 0 0 0 0 0 0 0 0 0 0 0 0 0 0 0 0 0 0 0 0 0 0 0 0 0 0 0 0 0 0 0 0 536870912 67108881 2192 1097728 0 0 1073741824 536879104 0 10240 0 2097217 1073742081 0 0 0 0 0 0 0 0 0 0 0 0 0 0 0 0 0 0 0 0 0 0 0 0 131072 524288 0 0 256 0 16 268436480 268959744 0 8388608 0 512 512 1073741824 0 0 0 0 0 4194304 0 0 0 0 0 0 0 0 0 0 0 0 0 0 1073741824 16384 0 0 0 16400 1610612768 16 8196 0 0 1048576 0 32768 0 0 49152 2056 0 0 71303176 32 0 8388608 0 0 1048576 1073741824 0 1024 2147483648 0 2048 0 0 8388608 0 0 0 0 0 0 0 0 268451840 0 0 0 0 0 0 0 0 0 0 0 0 0 0 0 0 0 0 0 0 0 0 0 0 0 32768 4194304 0 65536 0 0 0 0 0 0 0 0 0 0 0 0 0 0 0 0 0 0 1073758208 268566528 0 0 64 0 1073741824 0 0 0 0 0 0 0 134217792 0 128 0 536870912 0 0 0 0 0 0 0 0 0 0 0 0 0 0 0 0 0 0 0 0 0 0 0 32784 512 537919488 0 67108864 0 8389632 8 0 33554432 524306 0 67109888 65536 16384 4160 8 0 0 0 0 0 0 0 0 0 0 0 0 0 0 0 0 0 0 0 0 0 0 0 0 0 0 0 0 0 0 0 0 0 0 0 0 0 0 0 0 0 0 0 0 0 268435456 1208483840 527360 1310720 1073741824 1536 33570820 2048 524290 1074270273 0 131072 301989888 0 0 0 0 0 0 0 0 0 0 0 0 0 0 0 0 0 0 0 0 0 0 0 32768 0 0 32 0 0 0 0 0 0 32768 0 32 2155872256 0 0 0 0 0 0 0 0 0 0 0 0 0 0 0 0 0 0 0 0 0 0 0 0 0 0 0 0 0 0 0 0 0 0 0 0 0 0 0 0 0 0 0 0 0 33587200 2 264 67108864 81920 2 0 576 2097152 0 4259840 1024 131076 0 0 0 0 0 0 0 0 0 0 0 0 0 0 0 0 0 0 0 0 0 65536 4195328 32 0 0 0 4096 32 0 33 1048576 134217760 512 134234112 64 0 0 0 0 0 0 0 0 0 8388608 1073872896 0 0 2147483649 0 0 0 0 0 138412032 0 0 0 0 16809984 134217728 8388609 16 1 0 0 0 0 0 0 512 256 536870912 0 0 0 0 2056 0 33554433 0 0 0 0 0 0 0 0 0 0 0 0 0 0 0 0 0 0 1048576 0 4194304 0 0 0 0 138494016 8388608 0 0 0 0 0 1073741824 256 2 0 32 0 1048585 0 0 0 0 0 0 8388608 4194304 0 0 1048576 16384 0 256 65536 1 0 268435456 0 0 0 4194304 1048576 0 0 0 0 131073 0 0 2147483904 16 786432 0 67108864 0 4 0 1024 2147483648 0 0 0 0 0 0 0 0 0 0 0 0 0 0 0 0 0 0 0 2097664 32768 128 0 0 0 0 33554432 2 16384 64 0 2048 524288 0 0 0 0 256 0 524288 0 33554432 0 0 0 0 128 0 16 0 4 0 2097152 512 0 0 0 0 0 0 0 2147483648 0 524288 0 33554432 0 0 1073741824 0 65536 134217732 0 0 0 0 0 0 0 0 0 0 0 0 0 0 0 0 0 0 0 0 524289 16777216 0 536870912 8 1024 524288 128 1048576 16777216 0 2 0 8404992 0 2097152 8 65536 512 0 0 0 0 0 1024 0 0 0 0 134217728 0 0 1024 0 131072 0 0 0 68157440 0 0 0 0 0 0 0 0 16384 8389120 0 0 8388608 256 2 0 0 0 8192 8192 570425856 4194304 0 2048 16777216 0 0 0 0 0 0 0 0 0 0 0 0 0 0 0 0 0 0 0 0 0 4096 0 0 67108864 1107558400 0 0 1026 524288 0 132096 8 0 0 0 0 0 0 0 0 0 0 0 0 0 0 0 0 0 0 0 0 0 0 0 0 0 0 0 0 0 0 0 0 0 0 0 0 0 0 0 0 0 0 0 0 0 2 1048576 0 0 268435520 32 1073741824 8196 0 10485760 0 16777216 16777216 1048576 0 0 0 0 0 0 0 0 0 0 0 0 0 0 0 0 0 0 0 0 0 256 0 17039360 524288 131072 8 524288 32 2048 0 1310720 4194304 512 2098176 65536 22 0 0 0 0 0 0 0 0 0 0 0 0 0 0 0 0 0 0 0 0 0 0 0 0 0 0 0 0 0 0 0 0 0 0 0 0 0 0 0 0 0 0 0 0 0 1028 0 0 1073741824 8192 0 0 0 0 536870912 540672 0 524288 0 1 128 0 0 0 0 0 0 0 0 0 0 0 0 0 0 0 0 0 0 131072 0 0 8388608 1077936128 2097664 16779264 4100 1048576 0 1073741824 8192 268435456 2181040128 8192 536875138 0 0 0 0 0 0 0 0 0 0 0 0 0 0 0 0 0 0 0 0 0 0 0 0 0 0 0 0 0 0 0 0 0 0 0 0 0 0 0 0 0 0 0 0 0 2097152 2147483648 16 32768 1024 1 0 0 0 16842752 33685504 268435488 0 0 8388608 0 0 0 0 0 0 0 0 0 0 0 0 0 0 0 0 0 0 0 256 10092544 33562624 268435456 65600 8454144 512 2147483648 1073741824 0 0 2048 0 0 16777216 525312 0 33554432 6291456 0 524288 8454336 1049096 1048576 0 0 0 0 0 0 2147483648 0 0 0 131072 0 0 0 268435456 262144 0 16384 0 0 0 0 1048576 0 805306368 524289 32 0 0 524292 0 32768 0 0 0 32 0 1048576 0 0 0 2048 0 0 0 0 0 0 0 0 0 0 0 0 0 0 16777217 1073741824 0 0 8192 134217728 0 4194304 268435456 1073741824 128 0 0 0 0 0 0 0 0 262144 1 0 64 262144 1073741824 0 0 1 0 0 512 33554432 16 0 0 134218240 16777216 16384 0 0 134217728 0 0 0 8388608 8405248 0 0 0 0 0 0 0 0 0 0 0 0 0 0 0 0 0 0 0 0 0 67108864 2 0 0 262144 67108864 0 8 0 32 0 1073741824 2097152 0 0 0 0 0 0 0 0 0 0 0 0 0 0 0 0 0 0 0 0 0 0 0 0 0 0 0 0 0 0 0 0 0 0 0 0 0 0 0 0 0 0 0 0 0 8192 0 0 0 34 0 0 4099 1073741828 1049088 1048576 0 4194304 0 0 0 0 1024 0 0 0 0 0 0 0 0 0 0 0 0 0 0 0 0 0 33554448 2147483777 0 8388608 0 570425344 0 2097664 524288 2147483680 0 1048640 2 9 16384 8
is_linear=0
shrinkage=0.05


Tree=47
num_leaves=31
num_cat=23
split_feature=16 20 20 16 1 0 5 19 3 0 6 0 0 0 0 0 0 3 0 0 0 17 0 0 0 0 0 0 0 0
split_gain=5844.88 1106.18 249.361 241.12 234.071 147.135 126.389 125.718 109.612 113.826 103.766 93.7105 93.3426 92.9912 126.468 92.1841 86.3012 84.1584 81.1447 76.7183 76.2335 75.792 73.4448 75.8975 76.8583 81.7854 68.3791 62.9453 59.3564 57.8826
threshold=1.0000000180025095e-35 0.98217773437500011 0.26782226562500006 1.1000976562500002 0 1 2 1.2143554687500002 3 4 2.5000000000000004 5 6 7 8 9 10 11 12 13 14 1.5000000000000002 15 16 17 18 19 20 21 22
decision_type=10 2 2 10 1 9 1 2 1 9 2 9 9 9 9 9 9 1 9 9 9 2 9 9 9 9 9 9 9 9
left_child=-1 2 4 11 12 -5 15 10 -6 -10 -4 -3 -2 -11 -15 -7 -14 -8 -16 -20 -21 22 -18 -24 -25 -26 -17 -9 -28 -13
right_child=1 3 7 5 8 6 17 27 9 13 -12 29 16 14 18 26 21 -19 19 20 -22 -23 23 24 25 -27 28 -29 -30 -31
leaf_value=-0.03549618683437427 -0.070335992271555153 0.32831306553225637 -0.0059574877095239787 0.12579166164886149 -0.025951180489798498 0.10124410303576473 -0.0013847495405774966 0.36894491095952953 0.054591898567804255 0.049684762924937599 -0.012799542050130674 0.17253182385315813 0.31516523274819963 0.047797688646667363 0.024871048962087097 0.075363748081339804 -0.069318708312098673 -0.020564985023445639 0.021182068444411353 0.020326391274079737 -0.026278821632668859 0.035122382882640295 -0.057595432278412517 -0.054262655872409242 -0.050082057285211735 -0.012254903648845961 0.060075255527076467 0.0070790292585964964 -0.0026122703149004754 0.024121215834316298
leaf_weight=4726430 80709 93141 1523830 140990 983183 83949 770210 1925 8363 11590 3798031 166195 9137 20522 17248 80774 81404 1475421 20420 25623 1926769 38667 86394 87201 90331 1909504 80777 388054 2755756 836132
leaf_count=4726430 80709 93141 1523830 140990 983183 83949 770210 1925 8363 11590 3798031 166195 9137 20522 17248 80774 81404 1475421 20420 25623 1926769 38667 86394 87201 90331 1909504 80777 388054 2755756 836132
internal_value=-0.000938947 -0.000519546 -0.000822437 -5.57793e-07 -0.00106614 -0.00013805 -0.000180882 -0.000592165 -0.00135896 -0.00114912 -0.000655665 0.000675674 -0.000695854 -0.0011732 -0.00119895 3.13895e-05 -0.000637265 -0.00046458 -0.00123923 -0.00126909 -0.00130098 -0.000656593 -0.000694236 -0.000638999 -0.000578876 -0.000515509 -1.56203e-05 0.00027438 -5.64716e-05 0.000534682
internal_weight=2.23187e+07 1.75922e+07 1.11089e+07 6.48334e+06 5.39706e+06 5.38788e+06 5.24689e+06 5.71184e+06 3.01372e+06 2.03054e+06 5.32186e+06 1.09547e+06 2.38335e+06 2.02217e+06 2.01058e+06 3.00126e+06 2.30264e+06 2.24563e+06 1.99006e+06 1.97281e+06 1.95239e+06 2.2935e+06 2.25483e+06 2.17343e+06 2.08704e+06 1.99984e+06 2.91731e+06 389979 2.83653e+06 1.00233e+06
internal_count=22318680 17592250 11108905 6483345 5397065 5387877 5246887 5711840 3013718 2030535 5321861 1095468 2383347 2022172 2010582 3001256 2302638 2245631 1990060 1972812 1952392 2293501 2254834 2173430 2087036 1999835 2917307 389979 2836533 1002327
cat_boundaries=0 1 96 97 98 193 251 331 427 523 617 694 695 790 885 980 1057 1134 1213 1291 1377 1460 1554 1612
cat_threshold=39 0 2097152 536870912 2048 8388672 512 524288 0 0 0 0 0 0 1048576 0 0 0 0 131072 0 0 1073741840 268435456 67108864 1048576 0 0 1073741824 16 8192 8 0 0 1073741824 0 262144 0 32768 8 0 1048592 2 32 262144 4128 1048576 0 0 0 0 0 0 0 0 0 0 0 0 0 0 0 0 0 0 0 0 0 0 0 0 0 0 0 0 0 0 0 0 0 0 0 4194304 0 0 0 0 0 0 0 0 0 0 0 0 8388608 15 8 0 0 0 0 0 0 0 0 0 0 0 0 0 0 0 0 0 0 0 0 0 0 0 0 0 0 0 0 0 0 0 0 0 0 0 0 0 0 0 0 0 0 0 0 536870912 2 1024 0 0 268468224 268437536 1073741824 134225920 8192 8519680 33554560 8388616 16777216 1048576 0 0 0 0 0 0 0 0 0 0 0 0 0 0 0 0 0 0 0 0 0 0 163840 0 524288 0 256 1073741824 0 0 0 0 2692775936 16384 512 512 0 0 0 0 0 0 4194304 128 0 0 0 0 0 0 0 0 134217728 0 0 0 8 1140850688 0 0 0 2147614720 0 541065216 0 67108876 0 8 8388608 4 32768 0 2 0 2147483648 0 8192 4194304 16 5 512 0 1073741824 0 0 0 0 2147483648 0 2050 0 2097152 8388608 16 0 0 0 0 0 0 0 0 0 0 1073872896 0 0 2147483649 0 0 0 0 0 138412032 0 0 0 0 16809984 134217728 8388609 16 1 0 0 0 0 0 0 512 524544 536870912 0 0 0 0 2056 0 33554433 0 0 0 0 0 0 0 0 0 0 0 0 0 0 0 0 0 0 1048576 0 4194304 0 0 0 0 138494016 8388608 0 0 0 0 0 1073741824 256 2 0 0 0 0 0 0 0 0 0 0 0 0 0 0 0 0 0 0 0 0 0 0 0 0 0 0 0 0 0 0 0 0 0 0 0 0 0 0 0 0 0 0 0 0 0 0 134742016 2147549184 0 0 0 0 2052 0 0 4 512 403701760 0 0 0 0 0 0 0 0 0 0 0 0 0 0 0 0 0 0 0 0 0 0 256 0 262144 131072 131104 0 268959776 1040 1 1048576 3407872 0 512 67108928 65536 2 0 0 0 0 0 0 0 0 0 0 0 0 0 0 0 0 0 0 0 0 0 0 0 0 0 0 0 0 0 0 0 0 0 0 0 0 0 0 0 0 0 0 0 0 0 17 1048704 68190208 1048576 131072 0 8192 0 0 0 2101248 16777472 0 0 0 0 0 0 0 0 0 0 0 0 0 0 0 0 0 0 0 0 0 0 65536 4195328 0 16777216 0 0 4096 0 32 0 268435456 134217761 0 134217728 2098208 2155872256 20 0 512 4194304 32 0 0 512 128 0 0 0 0 32 0 0 131072 0 0 0 33554432 0 524352 0 1 0 0 33556480 1 0 0 16384 8396800 0 2049 8388609 256 64 4 0 0 0 4202496 34865152 0 0 0 0 0 0 0 0 0 0 0 0 0 0 0 0 0 0 0 0 0 0 16777216 0 0 4096 0 0 0 0 0 0 0 0 0 0 0 0 0 0 0 0 0 0 0 0 0 0 0 0 16 0 0 0 0 0 0 0 0 0 0 0 0 4096 0 0 0 0 134217728 0 8192 0 1073742848 268566528 2 8192 0 0 1073741824 0 131072 32 0 134217728 16 0 134217792 0 128 0 536870912 0 0 0 512 0 0 0 0 0 0 0 0 0 0 0 0 0 0 0 0 0 0 0 16 1073741824 134217728 0 16777216 524288 8388608 0 65536 33554432 2147483648 2097152 67109888 65536 4 0 0 0 0 0 0 0 0 0 0 0 0 0 0 0 0 0 0 0 0 0 0 0 0 0 0 0 0 0 0 0 0 0 0 0 0 0 0 0 0 0 0 0 0 0 32772 2097154 16384 0 1074266112 1073741824 536870912 0 0 2098177 67108928 1073741824 131072 0 1 128 0 0 0 0 0 0 0 0 0 0 0 0 0 0 0 0 0 0 0 0 33554432 0 1077936128 0 8 4096 0 0 1074266112 2 4194816 33554432 8388608 536871040 0 0 0 0 0 0 0 0 0 0 0 0 0 0 0 0 0 0 0 0 0 0 0 0 0 0 0 0 0 0 0 0 0 0 0 0 0 0 0 0 0 0 0 0 0 270533632 16 0 0 8256 0 5 0 2 536870912 4210689 131072 524288 0 0 0 0 0 0 0 0 0 0 0 0 0 0 0 0 0 0 0 0 0 0 0 32 8912896 65536 2097664 2048 4 1048576 268437536 0 0 268435456 2147485696 8192 4096 0 0 0 0 0 0 0 0 0 0 0 0 0 0 0 0 0 0 0 0 0 0 0 0 0 0 0 0 0 0 0 0 0 0 0 0 0 0 0 0 0 0 0 0 0 0 2048 524288 1074003968 1024 1536 16384 64 526336 589888 131072 1024 33554432 0 0 0 0 1024 0 0 0 0 0 0 0 0 0 0 0 0 0 0 0 0 131328 1572864 128 0 64 8454144 0 0 1073741824 1024 0 10240 0 0 0 524290 0 32 0 1572872 0 0 268435456 0 0 0 524288 0 0 0 0 16384 0 256 65536 1 0 0 0 2097152 0 4194304 0 0 0 0 0 131073 0 134217728 2147483904 16 262144 0 67108864 0 4 0 134218752 2147483904 0 0 0 0 0 0 0 0 0 0 0 0 0 0 0 0 0 0 0 524288 0 128 0 0 0 262144 128 0 16384 0 0 0 8404992 64 536870912 2048 1 0 0 0 0 0 8388608 0 4194304 33554432 0 1048576 0 0 0 0 0 0 268435456 2048 0 0 1 0 0 0 33554432 8388608 0 0 0 0 16384 33554432 0 0 0 512 1073807360 0 8388608 0 0 0 0 0 0 0 0 0 0 0 0 0 0 0 0 0 0 0 2097664 32768 67108864 536870914 0 1024 0 0 1048578 16777216 0 536870944 0 1073741824 0 0 8192 134217728 0 0 0 0 256 0 8388608 0 0 0 0 0 0 262272 0 16 67108864 4 0 0 160 0 0 0 1107296768 0 16 512 0 512 524288 0 0 0 0 0 0 0 4 16384 0 0 0 0 0 0 0 0 0 0 0 0 0 0 0 0 0 0 0 1 0 1024 16777216 8 2147483648 0 33554433 0 8 0 0 65536 0 536870912 18874368 134217728 0 262144 0 0 0 65538 0 142606336 0 0 0 0 16777216 0 0 32768 0 0 0 0 0 0 0 512 8388608 1048576 0 0 542113792 0 0 2147483648 0 0 0 65536 0 0 2147483648 0 0 8388608 2048 8 0 0 0 0 0 0 0 0 0 0 0 0 0 0 0 0 0 0 0 16777512 0 0 0 16 524288 67108864 0 0 0 16400 0 0 2105345 33562648 0 0 0 0 0 102760449 0 0 0 0 0 0 0 0 2 0 0 2147483648 0 0 0 0 8 0 1064960 2105344 0 256 4 1081344 0 0 0 134250496 0 0 0 0 1 134217728 0 536870912 4194336 0 0 0 0 0 16384 0 0 0 0 0 0 0 0 0 0 0 0 0 65536 0 16384 0 0 0 0 0 0 0 524288 0 0 0 0 2147483648 0 0 0 0 0 0 128 0 0 0 0 0 0 0 4096 0 0 4194304 0 0 4 0 268435456 1049088 0 262144 0 0 16 2097152 67108864 0 0 33554432 1073743872 0 75505664 0 0 0 1 0 0 268435456 32768 0 0 16777216 0 536870912 0 0 16 0 0 0 0 1024 0 2105346 0 0 65536 64 0 0 0 0 0 0 65536 0 0 0 0 0 0 0 0 0 0 0 4 0 4194304 0 0 0 0 16777216 0 16777216 0 0 2148007936 0 1024 0 0 0 0 4194304 0 0 0 0 0 536870912 67108864 0 0 131584 0 0 0 0 1024 2097152 32768 1073742080 0 524288 268435456 0 32 0 1 16384 0 0 16384 83886080 576 537985024 256 0 0 0 0 0 0 0 0 0 0 0 0 0 0 0 0 0 0 0 0 0 0 268435456 0 0 0 0 0 0 0 0 0 0 4 0 0 0 0 0 0 0 0 0 536870912 0 0 0 0 65536 0 0 0 4194304 0 0 0 0 0 0 0 0 0 0 0 0 0 0 0 4096 4 1024 2097152 0 0 0 16384 0 2 0 268435456 16777216 1 263168 272629760 2048 67108992 256 0 0 0 1024 131072 131072 0 268441616 0 0 0 0 1026 0 0 0 0 65536 224 4
is_linear=0
shrinkage=0.05


Tree=48
num_leaves=31
num_cat=24
split_feature=16 20 20 1 18 6 5 3 0 0 0 0 0 0 0 0 3 0 0 19 0 0 0 0 0 2 3 0 0 0
split_gain=5895.4 1042.74 253.821 255.438 216.54 139.318 102.852 98.4514 92.6862 90.9373 80.9173 80.205 95.0977 104.647 79.2896 72.8946 72.6488 82.8134 70.4358 70.1076 65.5116 69.4057 71.0513 65.1678 64.4982 64.2275 63.9511 87.7521 76.1226 63.2065
threshold=1.0000000180025095e-35 1.0180664062500002 0.23211669921875003 0 5.5000000000000009 2.5000000000000004 1 2 3 4 5 6 7 8 9 10 11 12 13 1.2143554687500002 14 15 16 17 18 19 20 21 22 23
decision_type=10 2 2 1 2 2 1 1 9 9 9 9 9 9 9 9 1 9 9 2 9 9 9 9 9 1 1 9 9 9
left_child=-1 2 3 9 6 23 8 -5 -3 -2 -11 -9 -13 -14 -15 -12 17 -8 -16 -7 -17 -22 -23 -4 -24 -18 -10 -28 -29 -26
right_child=1 4 5 7 -6 19 16 11 26 10 15 12 13 14 18 20 25 -19 -20 -21 21 22 24 -25 29 -27 27 28 -30 -31
leaf_value=-0.033721377492655552 -0.066819192657977394 0.34598901521506115 0.58345470862771509 -0.024653621465308573 0.043007170854796592 -0.012648049305523879 0.89469883814018647 0.056377850158784659 -0.016190838269256824 0.32779982883377506 0.1206593616926103 0.045407804214333991 0.046196901341600864 0.025049545273261087 0.019940929482022599 -0.065852772896493744 -0.031613975135157978 -0.00010258210629467968 -0.02496488055103542 -0.00052169670609963014 -0.058314753736663685 -0.049799135068132105 -0.056906390002334266 -0.0042791037672685883 -0.049546989432356671 -0.01352140237265919 0.24875563286538235 0.17280101552314778 0.0022209879834802272 -0.009647661796493812
leaf_weight=4726430 75992 26623 2180 913156 1133533 4195342 3265 6159 505989 8990 12573 13572 19902 18761 19928 69295 415130 715969 1760417 314416 77514 79409 70837 1808890 68197 1155253 21781 35931 2290954 1752292
leaf_count=4726430 75992 26623 2180 913156 1133533 4195342 3265 6159 505989 8990 12573 13572 19902 18761 19928 69295 415130 715969 1760417 314416 77514 79409 70837 1808890 68197 1155253 21781 35931 2290954 1752292
internal_value=-0.000932215 -0.000511005 -0.000798689 -0.00106616 4.08066e-06 -0.000588511 -0.000133118 -0.00138785 6.56662e-05 -0.00066649 -0.0006061 -0.00117708 -0.00119623 -0.00122735 -0.00126724 -0.000626087 -0.000383269 3.2902e-05 -0.00130132 -0.000737267 -0.000648631 -0.00059747 -0.000539739 -0.00021809 -0.000478215 -0.000573874 3.82745e-05 0.000148119 0.000118543 -0.000420612
internal_weight=2.23187e+07 1.75922e+07 1.12878e+07 4.96699e+06 6.30443e+06 6.32083e+06 5.1709e+06 2.7519e+06 2.88128e+06 2.2151e+06 2.13911e+06 1.83874e+06 1.83258e+06 1.81901e+06 1.79911e+06 2.13012e+06 2.28962e+06 719234 1.78034e+06 4.50976e+06 2.11754e+06 2.04825e+06 1.97074e+06 1.81107e+06 1.89133e+06 1.57038e+06 2.85466e+06 2.34867e+06 2.32688e+06 1.82049e+06
internal_count=22318680 17592250 11287822 4966994 6304428 6320828 5170895 2751895 2881278 2215099 2139107 1838739 1832580 1819008 1799106 2130117 2289617 719234 1780345 4509758 2117544 2048249 1970735 1811070 1891326 1570383 2854655 2348666 2326885 1820489
cat_boundaries=0 1 2 3 79 159 237 332 428 524 619 697 698 775 870 947 1026 1104 1180 1259 1260 1261 1340 1419 1498
cat_threshold=39 15 8 1073741824 4096 0 16384 0 0 4194304 0 0 0 0 0 0 0 0 0 0 131072 0 0 0 1073741824 268435456 0 0 2147500032 0 1610612736 16 8196 16384 0 536870912 1 32768 0 2 49152 0 0 0 4194304 32 0 268440064 1048576 16777216 0 0 0 0 2147483648 0 2048 0 0 0 0 0 0 0 0 0 0 0 0 0 0 0 0 0 0 0 0 0 4194368 0 0 0 0 0 0 0 0 0 0 1073872896 0 0 2147483649 0 0 0 0 0 138412032 0 0 0 0 16809984 134217728 8388609 16 1 0 0 0 0 0 0 512 256 536870912 0 0 0 0 3080 0 33554433 0 0 0 0 0 0 0 0 0 0 0 0 0 0 0 0 0 0 1049088 0 4194304 0 0 0 0 138494016 0 0 0 0 0 0 1073741824 256 2 0 0 0 0 0 0 0 32 0 0 0 0 0 0 0 0 0 0 0 0 0 1073742848 268566592 384 0 0 0 1073741824 536870912 0 32 0 0 0 0 134217792 0 384 0 536870912 0 0 0 33554440 0 0 0 0 0 0 0 0 0 0 0 0 0 0 0 0 0 0 0 20 0 1048576 0 67109376 0 8388608 32 0 33554432 4718592 0 1024 98304 64 0 0 0 0 0 0 0 0 0 0 0 0 0 0 0 0 0 0 0 0 0 0 0 0 0 0 0 0 0 0 0 0 0 0 0 0 0 0 0 0 0 0 0 0 0 2 1024 2147483648 0 0 2147485696 1107296256 134225924 0 8519680 132 8389120 286261248 1048576 0 0 0 0 0 0 0 0 0 0 0 0 0 0 0 0 0 0 0 0 0 131072 163840 0 524288 0 256 0 0 1 0 262144 2684387328 0 512 512 0 0 0 0 0 0 0 0 0 0 0 0 0 0 0 0 0 0 0 0 0 0 0 0 0 0 0 0 0 0 0 0 0 0 0 0 0 0 0 0 0 0 0 0 536870912 1 137887744 1081344 1048576 32768 1073741824 0 0 8192 1024 0 16777472 0 0 0 0 0 0 0 0 0 0 0 0 0 0 0 0 0 0 0 0 0 0 0 4195584 0 0 0 0 0 1074266144 16 0 268435456 135266336 8388608 512 0 81920 18 0 0 0 0 0 0 0 0 0 0 0 0 0 0 0 0 0 0 0 0 0 0 0 0 0 0 0 0 0 0 0 0 0 0 0 0 0 0 0 0 0 0 0 0 0 20 130 65536 0 1073741824 32 0 0 0 2097152 2101312 1 524288 0 0 128 0 0 0 0 0 0 0 0 0 0 0 0 0 0 0 0 0 0 0 0 32 16777216 1073741824 131072 4104 0 0 2048 1074790400 0 0 167772160 67109920 2692743168 4 0 0 0 0 0 0 0 0 0 0 0 0 0 0 0 0 0 0 0 0 0 0 0 0 0 0 0 0 0 0 0 0 0 0 0 0 0 0 0 0 0 0 0 0 0 268436480 0 16384 0 8256 268435456 0 0 0 1 4194305 1073742848 134217728 0 0 0 0 0 0 0 0 0 0 0 0 0 0 0 0 0 0 0 0 0 0 0 0 786432 4194304 2097664 16777216 4100 5120 268435488 524288 8194 0 18432 8396800 4096 0 2048 1024 0 16384 0 0 0 0 0 0 0 0 0 65536 0 0 0 524288 8192 0 0 65552 0 0 16400 16384 0 67108864 0 8 8388612 2 1024 0 2 4194304 0 0 0 0 0 1179648 33280 0 0 0 0 0 0 0 0 0 0 0 0 0 0 0 0 0 0 0 0 131072 538968064 32768 0 0 0 1073741824 65536 0 0 0 8 524288 512 4 0 512 0 0 0 0 0 0 0 0 0 0 134217728 0 0 1024 0 1073741824 0 0 0 1073741824 268435456 0 0 16384 16384 1610612736 0 8196 16384 8912896 0 1 8388608 0 0 0 8 0 0 0 537001984 4194304 4640 0 0 0 0 0 0 0 0 0 0 0 0 0 0 0 0 0 0 0 0 268451840 8 0 4096 0 0 67108864 0 0 0 1024 34078720 0 0 0 0 0 0 0 0 0 0 0 0 0 0 0 0 0 0 0 0 0 0 0 0 0 0 0 0 0 0 0 0 0 0 0 0 0 0 0 0 0 0 0 0 0 32768 16 0 262144 0 512 8196 2048 2050 537395264 101203968 131072 131072 0 1 0 0 0 0 0 0 0 0 0 0 0 0 0 0 0 0 0 0 0 131072 0 33554433 8388608 65536 8388608 2048 0 1048608 0 0 0 268435456 2147483648 64 2 64 32 0 1572872 0 0 0 0 0 0 524288 4194304 0 0 0 16384 0 256 0 1 0 268435456 0 2097152 0 4194304 1048576 0 0 0 0 131073 0 0 2147483904 16 34340864 0 67108864 0 4 0 0 2147483648 0 0 0 0 0 0 0 0 0 0 0 0 0 0 0 0 0 0 0 2097152 0 128 0 0 0 0 33554432 8388608 16384 0 0 0 8404992 0 0 2048 1 0 0 268435456 0 256 8388608 8388608 0 33554432 0 0 0 0 262144 65536 16 0 4 0 0 0 8388608 0 0 512 0 0 0 0 134217728 0 16384 0 0 134217728 1073741824 512 65536 134217732 0 0 0 0 0 0 0 0 0 0 0 0 0 0 0 0 0 0 0 0 0 0 0 536870914 0 0 0 128 1048578 16777224 0 48 0 0 8192 2097152 134217728 0 0 0 0 0 2 0 0 0 2097152 0 0 67108864 1048576 0 0 128 0 2048 0 0 0 0 0 0 0 4096 0 2097152 16 65536 2147483648 0 524288 0 0 16 0 2147483648 33554432 1073741824 0 8388608 0 0 0 0 0 0 0 0 0 0 0 0 0 0 0 0 0 0 0 524288 16810240 1024 0 8 1024 786432 67108864 512 0 0 536870912 0 1073741824 2097152 0 0 0 0 0 131072 0 1040 0 0 0 0 0 0 0 268435456 131072 0 0 0 0 67108880 0 0 0 2147483648 8192 4194336 8390656 75505668 16384 0 0 2049 32768 0 0 8388608 8 0 16777216 4194304 536870912 0 512 0 0 0 0 64 0 0 0 0 0 65536 0 0 0 0 0 0 0 0 0 0 0 16 0 0 0 0 2 0 0 536870912 0 0 8192 134217728 0 0 16777216 0 142606464 0 2048 0 0 0 0 0 0 2097152 0 0 67117120 0 2147483648 0 0 0 0 8192 2181562368 575668224 0 0 0 520 16777216 0 0 0 0 0 0 0 8388608 2048 0 0 0 0 0 0 0 0 0 0 0 0 0 0 0 0 0 0 0 1 65576 0 2147483648 0 0 0 1 0 0 0 0 0 0 0 16777216 4 8 196616 512 0 2048 0 0 0 1024 0 0 0 0 134217728 0 0 1024 0 1073741824 0 0 0 68157440 0 0 0 0 0 0 256 0 0 8389120 0 0 8388608 0 0 0 8 1 24576 0 570425856 4194304 0 0 0 0 0 0 0 0 0 0 0 0 0 0 0 0 0 0 0 0 0 268435456 0 0 4096 0 0 67108864 33816576 0 0 1024 524288 0 2147484672 0 0 0 0 2147483648 0 0 1048576 0 0 0 0 0 0 0 0 2 0 0 4096 0 131136 0 0 0 0 26624 0 0 0 0 17309696 1 0 1 256 32896 256 2147483648 0 1048576 0 131072 0 1024 2048 0 0 0 0 0 0 0 0 0 0 32 0 0 0 0 0 0 0 0 16793600 0 0 1 0 0 0 1073741824 0 32768 2684354560 0 0 131072 0 8388608 0 0 0 0 0 16384 0 0 0 0 0 0 0 0 0 0 134218753 64 8388608 262144 0 33554432 688 1 0 0 1073741824 0 8388608 512 0 0 4 2147483648 66048 0 0 0 0 0 0 16384 0 0 0 0 0 0 0 0 0 0 0 0 0 0 0 0 0 0 0 0 0 67108864 16777216 0 2147483648 32 512 524288 131072 0 0 65536 0 536870912 262144
is_linear=0
shrinkage=0.05


Tree=49
num_leaves=31
num_cat=23
split_feature=16 20 20 1 16 6 2 0 3 0 13 0 0 0 0 0 0 0 3 0 0 0 0 0 0 0 19 0 0 0
split_gain=5944.18 992.081 249.721 250.805 204.165 133.524 126.088 106.962 98.7395 93.6333 87.3091 82.764 82.7068 72.5454 85.5748 77.7378 86.6378 71.2057 70.9355 94.8774 69.121 80.8203 68.7673 67.7467 91.5917 67.173 67.1017 64.7828 76.4154 72.8314
threshold=1.0000000180025095e-35 1.0180664062500002 0.23211669921875003 0 1.0297851562500002 2.5000000000000004 1 2 3 4 1.0000000180025095e-35 5 6 7 8 9 10 11 12 13 14 15 16 17 18 19 1.3574218750000002 20 21 22
decision_type=10 2 2 1 10 2 1 9 1 9 2 9 9 9 9 9 9 9 1 9 9 9 9 9 9 9 2 9 9 9
left_child=-1 2 3 9 11 -4 7 -6 -5 -2 -9 -3 -11 -10 -15 -16 -17 -14 19 -12 -19 -22 -8 -23 -25 -26 -7 -27 -29 -30
right_child=1 4 5 8 6 26 22 10 13 12 18 -13 17 14 15 16 -18 20 -20 -21 21 23 -24 24 25 27 -28 28 29 -31
leaf_value=-0.032035308618022777 -0.063729329551146102 0.30969239745475646 -0.0040651485789051645 -0.023420940392043146 0.10821286049802631 -0.011872776525705576 0.041378444729846878 -0.0065902063403929572 0.057499295621319307 0.37089297753013672 0.24656626045577387 0.036102252460012613 0.098660542285012268 0.048234007466707779 0.03983698298275376 0.023797068009598021 -0.023716636523483648 0.09213149456832799 -0.0049100830418277843 0.019865909931489387 0.088043866308241181 0.10057106833199772 -0.014328392299527249 0.093284135021840617 0.073774701402489415 0.077213281152210045 0.0070851640941042059 0.081750051787406047 0.059151258933436437 -0.025332532188132719
leaf_weight=4726430 77512 100887 1811070 913156 155478 4314081 85617 2236034 7004 10538 26871 961757 13797 14753 16981 22656 1777345 14774 421032 635354 18365 16414 1681398 23907 18082 18263 195677 22359 22320 1958768
leaf_count=4726430 77512 100887 1811070 913156 155478 4314081 85617 2236034 7004 10538 26871 961757 13797 14753 16981 22656 1777345 14774 421032 635354 18365 16414 1681398 23907 18082 18263 195677 22359 22320 1958768
internal_value=-0.000925743 -0.000502794 -0.000783403 -0.0010487 -3.76522e-07 -0.000574928 -0.000128489 4.63845e-05 -0.00136747 -0.000652676 -1.36563e-05 0.000631575 -0.000590766 -0.00115638 -0.00117581 -0.00120661 -0.00123838 -0.000612665 0.00035477 0.000677384 -0.000636046 -0.000660045 -0.000472372 -0.000689206 -0.000714659 -0.000750725 -0.000720559 -0.000777865 -0.000804893 -0.000837703
internal_weight=2.23187e+07 1.75922e+07 1.12878e+07 4.96699e+06 6.30443e+06 6.32083e+06 5.24178e+06 3.47477e+06 2.7519e+06 2.2151e+06 3.31929e+06 1.06264e+06 2.13759e+06 1.83874e+06 1.83174e+06 1.81698e+06 1.8e+06 2.12705e+06 1.08326e+06 662225 2.11325e+06 2.09848e+06 1.76702e+06 2.08011e+06 2.0637e+06 2.03979e+06 4.50976e+06 2.02171e+06 2.00345e+06 1.98109e+06
internal_count=22318680 17592250 11287822 4966994 6304428 6320828 5241784 3474769 2751895 2215099 3319291 1062644 2137587 1838739 1831735 1816982 1800001 2127049 1083257 662225 2113252 2098478 1767015 2080113 2063699 2039792 4509758 2021710 2003447 1981088
cat_boundaries=0 1 2 47 48 128 185 263 359 455 551 646 724 725 770 847 923 1018 1095 1171 1250 1329 1406 1484
cat_threshold=39 1 33564672 2097664 4194306 0 0 512 2638336 0 0 2 0 0 0 1048576 0 0 0 0 0 0 0 1073741824 268435456 67108864 0 0 33554432 1073741824 16 139264 32768 0 0 1073741952 8388608 0 0 32768 8 0 0 2 96 0 32 8 0 0 0 0 0 0 0 0 0 0 1073872896 0 0 2147483649 0 0 0 0 0 138412033 0 0 0 0 16809984 134217728 8388609 16 1 0 0 0 0 0 0 0 256 536870912 0 0 0 0 3080 0 33554433 0 0 0 0 0 0 0 0 0 0 0 0 0 0 0 0 0 0 1049088 0 4194304 0 0 0 0 138494016 8388608 0 0 0 0 0 0 256 2 0 0 0 0 0 0 4194304 128 0 0 0 0 0 0 0 0 134217728 0 0 0 8 1140851728 0 0 0 2147483648 0 541065216 0 67108876 0 8 8388608 0 4227072 0 2 0 2147483648 0 8192 4194304 16 4 512 0 1073741824 0 0 0 0 2147483648 0 2048 0 2162688 8388672 0 0 0 0 16384 0 0 32 0 0 8 0 0 0 0 0 0 0 0 8192 0 1073742848 268566528 1024 0 0 16384 1073741824 0 0 40 0 0 1024 0 66 0 128 0 536870912 0 0 131072 512 0 0 0 0 0 0 0 0 0 0 0 0 0 0 0 0 0 0 0 16 0 536870912 0 0 131072 8389120 0 65536 33554432 0 0 132096 589824 64 0 0 0 0 0 0 0 0 0 0 0 0 0 0 0 0 0 0 0 0 0 0 0 0 0 0 0 0 0 0 0 0 0 0 0 0 0 0 0 0 0 0 0 0 0 2 134743040 2214625280 1048576 32768 2048 1073741824 8192 8192 8388608 128 25166336 17825792 1048576 0 0 0 0 0 0 0 0 0 0 0 0 0 0 0 0 0 0 0 0 0 4194304 131072 0 524288 0 256 0 0 0 0 2359296 536903680 0 0 66048 16 0 0 0 0 0 0 0 0 0 0 0 0 0 0 0 0 0 0 0 0 0 0 0 0 0 0 0 0 0 0 0 0 0 0 0 0 0 0 0 0 0 0 0 0 0 21 1048576 1114112 0 131072 1073741824 0 4 0 2097152 2101248 256 0 0 0 128 0 0 0 0 0 0 0 0 0 0 0 0 0 0 0 0 0 0 0 1280 32772 16777216 131072 131072 0 524288 16 0 1048576 135266304 12582912 512 0 2155872256 4 0 0 0 0 0 0 0 0 0 0 0 0 0 0 0 0 0 0 0 0 0 0 0 0 0 0 0 0 0 0 0 0 0 0 0 0 0 0 0 0 0 0 0 0 0 268435456 2097154 16384 0 1074274304 0 536870912 0 0 131072 64 1073741824 524288 0 0 0 0 0 0 0 0 0 0 0 0 0 0 0 0 0 0 0 0 0 0 0 32 262144 1077936128 0 16777224 4128 1024 1 268959744 2 512 134234112 8389120 128 2 0 0 0 0 0 0 0 0 0 0 0 0 0 0 0 0 0 0 0 0 0 0 0 0 0 0 0 0 0 0 0 0 0 0 0 0 0 0 0 0 0 0 0 0 0 1024 16 0 0 64 0 8192 134219776 2 65 4194305 1032 134348800 0 0 0 0 0 0 0 0 0 0 0 0 0 0 0 0 0 0 0 0 0 0 0 0 8912896 0 2097664 0 4 1048608 268435488 1073741824 8192 0 2181040128 8224 4096 0 2048 131072 2 0 8 524288 0 0 0 0 4096 0 0 0 0 0 0 536870912 0 0 0 0 256 0 128 2 0 603979776 0 0 8388608 2 0 67108864 128 0 256 0 0 1024 128 1081376 16 0 0 0 0 0 0 0 0 0 0 0 0 0 0 0 0 0 0 0 0 0 16777216 0 0 8388608 0 1073741824 1073774592 0 1040 0 16 0 131072 5 8 0 0 0 0 0 0 1049600 0 0 0 0 134217728 0 1024 1024 134348800 131072 67108864 0 0 0 0 0 256 16384 0 0 0 0 16384 8396800 0 16777217 0 264 2 4 0 1 1065984 0 571474432 327680 4096 8388608 0 0 0 0 0 0 0 512 0 0 0 0 0 8256 0 536870912 134283264 524290 0 0 0 0 0 0 0 0 16777216 0 0 4194560 0 0 65536 33562624 2048 2149580800 2 0 8 8192 8 0 8204 0 0 0 0 0 0 0 0 0 0 0 0 0 0 0 0 0 0 0 0 0 2048 0 0 0 0 0 0 0 403177474 0 0 34 0 260 65544 0 256 4 16384 0 4194304 268435456 0 16384 1 0 0 0 131072 1073872896 0 0 0 0 0 2 1073741824 0 0 2097152 0 0 64 0 2048 0 16 0 0 2147483648 16777224 65536 16 0 64 0 0 0 0 0 0 0 0 0 0 0 0 0 0 0 0 0 0 0 0 0 131072 2149580800 0 0 4096 0 0 128 0 0 0 1 0 0 0 0 0 0 0 0 0 0 0 0 0 0 0 0 0 0 0 0 0 0 0 0 0 0 0 0 0 0 0 0 0 0 0 0 0 0 0 0 0 0 0 0 0 1048577 0 1048576 1073741824 18448 268435456 1048576 0 0 0 0 8388640 16 0 0 0 0 2097152 0 1 1073741824 0 0 33558528 16777216 0 0 0 524296 0 256 4194306 0 4 0 0 4194304 0 0 0 0 2 0 16777216 0 0 32768 262144 16 12582912 0 64 0 0 0 1083703296 0 0 0 0 4194304 0 0 0 0 1 0 536875008 8388608 67141636 32 0 0 128 0 0 0 0 0 65600 128 0 541065216 0 0 4194304 0 512 131073 131072 0 0 0 65536 0 0 0 0 0 0 0 0 0 0 0 0 0 0 0 0 0 0 0 0 1074266112 0 0 67108864 0 0 0 0 0 0 0 2147483648 32896 67108864 0 0 8192 0 0 0 0 0 0 2 0 4112 0 0 0 0 0 0 33554432 0 1 65536 32 0 0 128 536903680 151257088 0 0 64 8 1 0 536870920 67108864 0 0 0 128 16777216 262144 0 16384 0 0 0 0 0 0 0 0 0 0 0 0 0 0 0 0 0 0 4096 512 0 0 4194304 0 0 0 16777248 0 0 2097152 8 0 0 0 0 8388608 2048 16 0 0 0 0 67109120 0 1024 0 0 0 0 0 536870912 128 0 0 268435456 0 67108864 2097152 524416 0 524290 0 0 0 262164 0 0 268566528 0 4 0 0 0 0 1048577 524288 0 0 0 0 0 0 0 0 0 0 0 0 0 0 0 0 0 0 0 0 2 0 536870912 524289 0 0 0 0 2147549184 0 0 4 0 2 0 0 0 16 64 0 0 134217728 8192 0 512 128 32768 0 1 0 0 0 0 0 0 0 4 0 268435456 0 0 0 0 8388616 0 67112960 16448 0 262144 33024 16 1081376 0 1 64 0 16 2 0 0 0 0 0 0 0 0 0 0 0 0 0 0 0 0 0 0 0 0 0 0 0 0 32768 256 1024 0 0 0 0 0 0 16384 64 0 2097152 0 2097184 0 262144 2097152 0 0 2 16 268435456 0 0 0 0 8388608 0 0 0 8 8192 545267712 0 0 0 0 0 8388640 262144 1048576 0 0 0 0 0 4195392 67108864 2048 0 16777216 0 4096 2097152 131072 0 0 0 0 0 0 0 0 0 0 0 0 0 0 0 0 0 16777216 0 0 0 0 0 0 0 0 0 1073741824 128 0 0 167772160 0 512 0 0 2147483648 0 32 0 536870912 0 0 0 256 1048580 0 4333568 8192 0 0 128 0 0 0 49153 0 2 0 0 0 0 524288 8 128 0 131072 0 129 0 1048576 4194304 0 0 0 268435456 0 0 0 0 0 0 0 0 0 0 0 0 0 0 0 0 0 0 0 0 1024 0 0 512 0 0 8 16384 0 0 0 537395200 0 512
is_linear=0
shrinkage=0.05


Tree=50
num_leaves=31
num_cat=22
split_feature=16 20 20 1 18 6 5 0 3 0 3 0 16 0 3 19 0 3 0 0 2 19 0 0 0 0 0 0 0 0
split_gain=6018.26 923.638 232.368 305.534 190.424 141.298 101.198 96.0482 91.5083 78.3061 76.7768 111.475 77.8564 115.008 71.918 67.0723 65.161 62.7671 71.5577 69.4236 62.4658 61.5575 61.4612 60.8164 86.9991 71.368 72.7229 59.6169 59.43 57.405
threshold=1.0000000180025095e-35 1.0180664062500002 0.19641113281250003 0 6.5000000000000009 2.5000000000000004 1 2 3 4 5 6 3.3906250000000004 7 8 1.2143554687500002 9 10 11 12 13 1.9287109375000002 14 15 16 17 18 19 20 21
decision_type=10 2 2 1 2 2 1 9 1 9 1 9 10 9 1 2 9 1 9 9 1 2 9 9 9 9 9 9 9 9
left_child=-1 2 3 7 6 21 9 -2 -5 -3 11 -9 -13 -14 16 27 -8 -11 -19 -20 -16 -4 -12 -10 -25 -26 -27 -7 -21 -15
right_child=1 4 5 8 -6 15 14 10 23 17 22 12 13 29 20 -17 -18 18 19 28 -22 -23 -24 24 25 26 -28 -29 -30 -31
leaf_value=-0.030433543187121638 -0.064843637782984589 0.27268285729808922 -0.0049694901570071174 -0.022337374199888339 0.051020084076439015 0.45935380753817756 0.76338875180348653 0.75792537543313498 0.062449285373033375 -0.015345562271525816 0.1564801402756226 0.0052027071733184776 0.25181633770234407 0.097531620736767521 -0.030056330523520882 -0.00051061641902529198 0.00029264422057524443 0.22797891178203941 0.14780189361209037 0.11054728779874146 -0.012785199473188458 0.098576357229581316 -0.027543778981080624 0.044499900564823648 0.034673251122167882 0.020306689320428863 -0.023313003155705194 -0.012189505786964228 0.0016917744379404587 -0.015884022447461878
leaf_weight=4726430 73664 33588 1931649 830179 900993 3388 3407 4432 5797 523844 3426 440347 8017 6198 423496 314416 749279 24269 41413 44286 1199195 14585 1088496 15168 15900 18925 1564615 4528846 2360658 419774
leaf_count=4726430 73664 33588 1931649 830179 900993 3388 3407 4432 5797 523844 3426 440347 8017 6198 423496 314416 749279 24269 41413 44286 1199195 14585 1088496 15168 15900 18925 1564615 4528846 2360658 419774
internal_value=-0.000915964 -0.000490388 -0.000761144 -0.00104002 -5.61094e-06 -0.000576605 -0.000117821 -0.000588685 -0.00141654 7.3827e-05 -0.000522416 -0.000174527 -0.000214664 -0.000689932 -0.000362128 -0.000721112 4.1829e-05 4.6894e-05 0.000152302 0.000125495 -0.000549503 -0.000216745 -0.00080239 -0.00119782 -0.00121618 -0.00125193 -0.0012854 -0.000770103 9.05375e-05 -0.000801631
internal_weight=2.23187e+07 1.75922e+07 1.12878e+07 4.49494e+06 6.30443e+06 6.79288e+06 5.40344e+06 2.04435e+06 2.45058e+06 3.02806e+06 1.97069e+06 878768 874336 433989 2.37538e+06 4.84665e+06 752686 2.99447e+06 2.47063e+06 2.44636e+06 1.62269e+06 1.94623e+06 1.09192e+06 1.6204e+06 1.61461e+06 1.59944e+06 1.58354e+06 4.53223e+06 2.40494e+06 425972
internal_count=22318680 17592250 11287822 4494938 6304428 6792884 5403435 2044354 2450584 3028058 1970690 878768 874336 433989 2375377 4846650 752686 2994470 2470626 2446357 1622691 1946234 1091922 1620405 1614608 1599440 1583540 4532234 2404944 425972
cat_boundaries=0 1 2 82 83 159 160 236 316 317 394 395 474 553 554 631 726 822 918 1014 1090 1167 1245
cat_threshold=39 15 0 0 0 0 0 0 0 0 0 0 1073872896 0 0 2147483648 0 0 0 256 65536 138412033 0 0 0 0 16809984 134217728 8388609 16 1 0 0 0 0 0 0 0 256 536870912 0 0 0 0 3072 0 33554433 0 0 0 0 0 0 0 0 0 0 0 0 0 0 0 0 0 0 1049088 0 4194304 2147483648 0 0 0 138494016 0 0 0 0 0 0 0 256 2 8 1073741824 4096 0 16384 0 0 4194320 0 0 0 0 0 0 0 0 0 0 1073741824 0 0 0 1073741824 268435456 0 0 16384 0 1610612736 16 8196 16384 67108864 536870912 1 32768 256 2 32768 0 0 8192 4194304 544 0 0 0 16777216 0 0 0 0 2147483648 0 2048 0 0 0 0 0 0 0 0 0 0 0 0 0 0 0 0 0 0 0 0 32768 64 5 0 0 0 0 0 0 134217728 0 64 0 17408 0 0 0 2097152 0 142606336 0 0 0 0 1157628032 268435456 0 524288 512 0 1073741824 0 0 8192 16781312 2 524288 33554432 0 128 131072 0 0 134225920 0 131136 0 0 0 0 0 0 0 0 0 0 0 0 0 0 0 0 0 0 0 0 8192 0 0 134217728 4194304 0 0 0 0 33554432 0 0 1024 536870912 0 0 16777216 0 1073741824 0 134217728 0 0 0 0 0 0 0 0 0 0 0 0 0 0 0 65539 0 0 2048 17301504 0 16384 0 0 537001984 0 131072 8 2112 1048576 0 0 0 8 0 32 0 0 0 0 0 0 0 0 0 0 0 0 0 0 0 0 0 0 0 0 0 0 65536 0 0 0 268435456 81920 0 65536 0 256 0 4194304 3221242880 4 4 0 0 0 0 0 0 0 0 0 0 0 0 0 0 0 1024 0 1073741824 0 0 0 1073741824 268468224 0 0 0 0 1610612736 0 139268 16384 8912896 0 1 8388608 0 2 0 8 0 8192 0 537002496 0 32 0 0 0 0 0 0 0 0 0 0 0 0 0 0 0 0 0 0 0 0 268451840 8 0 0 0 0 67108865 0 1024 0 1024 34078720 8 65544 512 0 2048 0 0 0 1024 0 0 0 0 0 0 0 1024 0 131072 0 0 0 68157440 0 0 0 2147483648 0 0 0 0 0 8389120 0 0 8388608 0 32768 16384 8 1 0 0 536870912 4194304 4608 2048 0 0 0 0 0 0 0 0 0 0 0 0 0 0 0 0 0 0 0 268435456 0 0 4096 0 0 67108864 33816576 0 0 4195328 524288 0 2147484672 131072 16777216 0 0 2147483648 0 0 0 0 0 0 0 134217728 0 0 0 0 0 0 4096 0 131072 0 0 0 0 33564672 0 256 0 0 17309696 1 16777216 1 327680 192 0 2147483648 0 16384 16777216 131072 65536 0 0 0 0 0 0 0 1073741824 0 0 0 0 32 0 0 0 0 0 0 0 0 16384 0 0 1 0 0 1 1073741824 0 0 0 0 0 131072 4 0 0 67174400 0 0 8 524304 0 0 0 0 524288 32 0 0 0 16777216 0 0 0 0 1073741824 131072 0 0 0 0 0 67108864 0 0 8388608 16384 0 0 32832 2101248 128 0 0 65664 4 0 0 0 0 0 0 0 0 0 0 0 0 0 0 0 0 0 0 0 0 0 8388608 536870912 0 0 0 2 276824064 0 0 4 128 0 67108880 65536 0 0 0 0 0 0 0 0 0 0 0 0 0 0 0 0 0 0 0 0 0 0 0 0 0 0 0 0 0 0 0 0 0 0 0 0 0 0 0 0 0 0 0 0 536870912 3 524288 2148564992 0 268435456 2048 1073741824 8192 0 1024 33554500 25165824 402653184 1048576 0 0 0 0 0 0 0 0 0 0 0 0 0 0 0 0 0 0 0 0 0 4194304 131072 0 524288 32 0 1342701568 0 0 0 262144 536903680 0 0 66048 0 0 0 0 0 0 0 0 0 0 0 0 0 0 0 0 0 0 0 0 0 0 0 0 0 0 0 0 0 0 0 0 0 0 0 0 0 0 0 0 0 0 0 0 0 268435476 137363584 65536 1048576 0 0 0 0 8192 131072 2097152 1073743360 0 0 0 128 0 0 0 0 0 0 0 0 0 0 0 0 0 0 0 0 0 0 0 1280 32768 16777216 1073741824 131072 4360 0 0 2048 1048576 134217728 0 16384 1024 2147483648 4 0 0 0 0 0 0 0 0 0 0 0 0 0 0 0 0 0 0 0 0 0 0 0 0 0 0 0 0 0 0 0 0 0 0 0 0 0 0 0 0 0 0 0 0 0 0 2 0 1073741824 1073750016 1073741824 16384 2048 0 2097152 128 0 16777216 0 0 0 0 0 0 0 0 0 0 0 0 0 0 0 0 0 0 0 0 0 131072 0 32 786432 0 2097152 0 4132 1024 268436513 524288 1048578 268435456 134217728 8389120 4096 2 0 0 0 0 0 0 0 0 0 0 0 0 0 0 0 0 0 0 0 0 0 0 0 0 0 0 0 0 0 0 0 0 0 0 0 0 0 0 0 0 0 0 0 0 0 0 16 0 262144 1088 268435968 8196 134217728 2048 1 71315457 0 0 0 0 0 0 0 0 0 0 0 0 0 0 0 0 0 0 0 0 0 0 0 0 0 0 8388608 4259904 512 2048 0 48 8192 1073741824 2097152 0 2147483648 83894272 0 8 589824 0 0 0 0 0 0 0 0 0 0 0 134217728 1048576 0 0 0 0 0 0 4096 0 0 0 0 0 8192 2048 8390656 8196 16384 512 0 2049 32768 0 0 8388608 8 0 0 0 536870912 0 512 32768 0 0 0 64 0 2147483648 0 134217728 0 65568 128 256 0 0 0 0 0 0 0 16777216 0 0 0 0 0 0 2 0 8388608 536870912 33554432 0 2 0 64 512 0 0 0 0 0 0 0 0 0 0 0 0 0 0 0 592 0 0 0 0 16384 2129920 32768 264 0 0 0 2084 134217728 0 0 2151678208 0 524288 1024 1026 33554432 0 8388608 67108864 0 0 0 0 2 0 67108864 0 0 0 0 0 0 0 0 0 0 0 0 0 0 0 0 0 0 0 0 0 0 2684354560 2 0 0 0 32 0 65536 0 0 524288 0 0 0 8192 128 0 65536 0 524288 0 0 0 0 134217744 0 0 0 16 0 0 0 32 524288 0 0 0 64 2147483648 0 2048 0 16416 0 0 2097160 8388608 0 0 0 0 0 0 0 0 0 0 0 0 0 0 0 0 0 0 134234368 1073741824 0 0 0 0 16777216 4096 34 536870912 536870912 0 524288 0 16384
is_linear=0
shrinkage=0.05


Tree=51
num_leaves=31
num_cat=24
split_feature=16 20 20 1 0 5 5 0 0 3 3 0 19 3 0 0 0 0 3 3 16 0 0 0 0 2 16 0 0 0
split_gain=6065.4 884.22 238.53 290.853 184.884 135.917 133.005 96.1107 93.9757 87.6132 86.5282 94.9823 82.4765 79.2993 99.9889 81.1583 76.8541 71.4074 67.8167 66.8595 79.6784 99.9771 61.2615 59.667 59.4102 57.9432 56.4512 56.2815 56.5284 54.6924
threshold=1.0000000180025095e-35 1.0180664062500002 0.19641113281250003 0 1 2 3 4 5 6 7 8 1.2143554687500002 9 10 11 12 13 14 15 3.3906250000000004 16 17 18 19 20 3.6455078125000004 21 22 23
decision_type=10 2 2 1 9 1 1 9 9 1 1 9 2 1 9 9 9 9 1 1 10 9 9 9 9 1 10 9 9 9
left_child=-1 2 3 8 18 12 7 -6 -2 23 11 -5 26 -9 -15 -16 -10 -17 -3 20 24 -22 -19 -8 -18 -11 -4 -12 -29 -30
right_child=1 4 5 10 6 -7 9 13 16 25 27 -13 -14 14 15 17 19 22 -20 -21 21 -23 -24 -25 -26 -27 -28 28 29 -31
leaf_value=-0.028911866027765555 -0.061601455893835366 0.47391261099233106 -0.015716913515942312 0.050734963527573035 0.17023699189162886 -0.013210760845765779 0.29997666000587353 -0.015223224733698857 0.24807775184391337 -0.029715375885708273 -0.052846788726807509 -0.021220505489893928 0.013400371831987501 0.1825266760972071 0.12874721901736269 0.11476623157806068 0.38034123521915997 0.07833535696710632 0.070093945522679793 -0.026166590032026593 0.24016600136022787 -0.014917227615904595 0.00090788087038190459 0.0008819075847795023 0.0030114778182300976 -0.01279215544826573 -0.0035607086535082602 -0.045102665781500489 -0.033026236833966785 -0.021365154539524214
leaf_weight=4726430 73245 96218 1499801 3072 96688 2906094 17694 549249 10547 440337 94733 827107 253544 74552 75845 75715 3999 72999 91268 1086285 7789 426487 2553995 861331 436002 1298537 2133445 107804 110571 1307297
leaf_count=4726430 73245 96218 1499801 3072 96688 2906094 17694 549249 10547 440337 94733 827107 253544 74552 75845 75715 3999 72999 91268 1086285 7789 426487 2553995 861331 436002 1298537 2133445 107804 110571 1307297
internal_value=-0.000909772 -0.000482533 -0.000747448 -0.00103 -8.21228e-06 -0.000560478 -5.56173e-05 0.000146051 -0.000589639 -0.000325164 -0.00139736 -0.00181248 -0.000367083 0.000101873 0.000207785 0.000159296 -0.000524283 0.000114024 0.00153835 -0.00054719 -0.000221716 -0.000702181 7.03895e-05 8.16657e-05 0.000252493 -0.000530821 -0.000427928 -0.00118467 -0.00111123 -0.00102729
internal_weight=2.23187e+07 1.75922e+07 1.12878e+07 4.49494e+06 6.30443e+06 6.79288e+06 6.11694e+06 3.49904e+06 2.04435e+06 2.6179e+06 2.45058e+06 830179 3.88679e+06 3.40236e+06 2.85311e+06 2.77855e+06 1.97111e+06 2.70271e+06 187486 1.96056e+06 874277 434276 2.62699e+06 879025 440001 1.73887e+06 3.63325e+06 1.6204e+06 1.52567e+06 1.41787e+06
internal_count=22318680 17592250 11287822 4494938 6304428 6792884 6116942 3499043 2044354 2617899 2450584 830179 3886790 3402355 2853106 2778554 1971109 2702709 187486 1960562 874277 434276 2626994 879025 440001 1738874 3633246 1620405 1525672 1417868
cat_boundaries=0 1 83 84 85 179 259 260 261 350 351 430 506 583 662 663 664 743 817 906 975 976 1071 1167 1262
cat_threshold=39 0 0 0 0 0 0 0 0 0 0 0 0 0 0 0 0 0 0 0 0 0 1073741824 268435456 0 0 0 16384 1610612736 0 4 268435456 0 1 263168 4194304 0 2 0 2147483648 0 0 4195328 131072 0 512 268474384 1073741824 0 0 0 1026 2147483648 0 2050 0 0 8388672 4 0 0 0 0 0 0 0 0 0 0 0 0 0 0 0 0 0 0 0 0 0 0 0 4194304 15 15 0 0 0 32 0 0 4194832 128 0 0 0 0 0 0 0 0 0 0 0 0 0 0 131072 0 0 0 33554432 1 2064 8200 0 0 0 1073743872 41975808 65536 67108864 32768 8 0 8192 8192 32 1 0 0 0 2147483648 0 0 0 0 0 0 0 0 0 0 0 0 0 0 0 0 0 0 0 0 0 0 0 67108864 0 0 32768 2151677952 524288 0 0 0 0 0 0 0 0 0 0 0 0 0 0 0 0 16 0 0 0 0 0 0 0 0 0 0 1073872896 0 0 2147483649 0 0 0 256 65536 138412033 0 0 0 0 32768 0 8388609 16 1 0 0 0 0 0 2147483648 0 256 536870912 0 0 0 0 3072 2147483648 33554433 0 0 0 0 0 0 0 0 0 0 0 0 0 0 0 0 0 0 1049088 0 4194304 0 0 0 0 138494016 0 0 0 0 0 0 0 256 2 4 8 0 0 0 0 0 0 0 0 0 0 0 0 0 0 0 0 0 0 0 0 0 0 0 0 0 0 0 0 0 0 0 0 0 0 0 0 0 0 0 0 0 0 0 0 0 4194336 10485760 2166024 524288 540672 0 2151680004 0 528384 0 536875136 1611137032 136331536 0 0 0 0 0 0 0 0 0 0 0 0 0 0 0 0 0 0 0 0 0 0 0 0 0 0 0 0 0 0 1024 8 131080 512 0 0 64 0 0 0 0 0 0 0 0 0 0 0 0 0 0 4096 0 67108864 0 1 0 16384 2048 0 0 0 16384 92798976 0 1 0 0 0 4210944 0 1 0 2 570425344 0 32 0 0 0 0 0 0 1073741824 0 0 0 0 0 0 0 0 0 0 0 0 0 16777216 0 0 4096 0 0 1 1074003968 0 0 0 2 0 2147614720 65536 0 0 2048 0 1048576 0 1024 0 0 0 0 0 0 0 0 134217728 1073741824 0 0 0 524352 2097152 67108864 0 2147483648 8192 0 256 1073807360 0 0 0 0 0 262400 192 0 0 0 134217744 0 0 4259840 135168 67108864 0 0 0 0 0 0 67633152 0 0 65536 0 0 0 0 0 0 0 0 4 16384 0 0 0 0 0 0 0 0 0 1024 0 0 0 2 16384 8388608 0 0 0 0 0 32768 0 0 16384 0 0 0 0 0 0 1073741824 268566528 258 0 128 0 1073741824 67108864 0 0 8388608 2 0 0 192 0 128 0 536870920 0 0 131072 8 0 0 0 0 0 0 0 0 0 0 0 0 0 0 0 0 0 0 0 16 0 0 0 0 0 545259520 1073741824 256 33554432 16 0 1024 589824 0 16777216 2 0 2147483648 512 0 0 0 0 4194304 0 0 0 0 132096 131072 0 0 0 0 528 0 0 0 0 0 4194304 0 0 0 8192 0 16777216 134217728 0 0 4 0 0 1049600 67108864 262144 0 1024 0 0 0 0 0 0 0 0 2097152 0 512 131104 16 0 0 0 0 0 65552 0 0 8 0 1 0 0 0 33554432 0 0 64 0 0 1024 5 5 536870912 0 0 16777216 0 0 0 134217728 0 0 0 0 8192 0 0 0 0 0 0 0 0 0 0 65537 0 0 2048 17301504 0 16384 32 0 537001984 524288 131072 8 0 1048576 0 0 134234112 0 0 32 8388608 0 0 0 0 0 0 0 0 0 0 0 0 0 0 0 0 0 0 0 0 33554432 0 0 0 0 268435456 16416 0 536870912 0 256 0 4210688 2147484672 0 2097152 4194304 0 0 0 2113536 0 1048576 0 0 0 32 0 0 2 0 0 0 33554432 67108864 134217728 0 8 1048576 0 2097152 0 0 8388864 32768 0 268435456 32 1 2048 0 2147483648 0 0 0 16777216 512 262144 276824320 0 4096 0 0 0 0 0 0 0 0 0 128 0 0 0 0 0 0 0 0 0 0 67108864 0 65536 0 0 0 524288 0 16777216 2097152 0 2147483648 1049088 16384 0 0 0 0 0 0 0 0 0 0 1073741824 0 4096 0 1024 131072 0 0 0 0 4194304 0 131072 0 0 0 526340 8388608 65536 128 256 8 0 16384 2 16 4 65540 0 0 0 0 0 0 0 524288 0 0 0 0 0 0 0 0 4194304 0 16777216 0 0 0 512 0 0 0 0 0 0 0 0 2 0 0 0 0 0 0 0 0 0 0 0 1024 0 0 0 0 2 0 0 0 0 0 0 2 0 0 128 0 134217728 65536 0 536870944 0 83886080 32 0 0 0 262144 2 536870912 65536 0 16777216 0 262144 33554432 8388864 8320 688384 0 0 8192 0 96 0 0 0 0 0 0 0 0 0 0 0 0 0 0 0 0 0 0 0 0 0 0 4096 0 64 128 4 0 0 0 0 0 0 0 0 0 0 0 0 0 0 0 0 0 0 0 0 0 0 0 0 0 0 0 0 0 0 0 0 0 0 0 0 0 0 0 0 0 0 0 0 0 2147484160 50659328 4194304 772 1 8320 131104 16777216 268435456 4 134217744 0 33 0 0 0 524288 0 0 0 0 0 0 0 0 0 0 0 0 0 0 0 0 0 0 32768 268435456 1140850688 2049 0 0 33554432 0 0 0 0 4096 0 0 268435456 0 0 0 0 0 0 0 0 0 0 0 0 0 0 0 0 0 0 0 0 0 0 0 0 0 0 0 0 0 0 0 0 0 0 0 0 0 0 0 0 0 0 0 0 2147483648 0 268435456 0 0 268435456 8388608 134218752 0 2147483777 67108880 0 2048 8 67108864 0 6144 0 4 0 0 0 0 0 0 0 0 0 0 0 0 0 0 0 0 8396800 0 134234114 64 16777216 0 0 8389632 0 1107296256 4 0 0 4194312 0 0 128 0 0 0 0 0 0 0 0 0 0 0 0 0 0 0 0 0 0 0 0 0 0 0 0 0 0 0 0 0 0 0 0 0 0 0 0 0 0 0 0 0 0 0 0 0 4210688 0 0 0 0 0 32768 268436480 0 2208 0 0 64 131088 524290 0 0 0 0 0 0 0 0 0 0 0 0 0 0 0 0 0 0 0 2147485696 0 0 2 2214855168 1048704 16400 0 0 4194304 32768 0 131072 16842753 0 134348800
is_linear=0
shrinkage=0.05


Tree=52
num_leaves=31
num_cat=24
split_feature=16 20 20 1 0 6 6 3 3 0 1 0 3 0 0 0 0 0 0 0 0 3 16 0 0 0 0 0 0 3
split_gain=6136.63 825.917 249.825 278.712 167.564 137.798 121.25 124.079 96.8513 93.106 89.5562 87.9845 82.9219 116.568 78.1642 72.4682 72.2155 69.9458 72.9624 88.9294 66.7259 65.3047 88.8759 68.6189 68.6079 64.1288 66.9987 62.7547 62.6234 61.5716
threshold=1.0000000180025095e-35 1.0180664062500002 0.19641113281250003 0 1 2.5000000000000004 2.5000000000000004 2 3 4 5 6 7 8 9 10 11 12 13 14 15 16 3.3906250000000004 17 18 19 20 21 22 23
decision_type=10 2 2 1 9 2 2 1 1 9 1 9 1 9 9 9 9 9 9 9 9 1 10 9 9 9 9 9 9 1
left_child=-1 2 3 11 29 -4 12 9 -5 -8 28 -2 -6 -14 -11 -13 -15 -10 -19 -20 -17 -22 -23 -24 -25 -21 -27 -26 -9 -3
right_child=1 4 5 8 6 -7 7 10 17 14 -12 15 13 16 -16 20 -18 18 19 25 21 22 23 24 27 26 -28 -29 -30 -31
leaf_value=-0.027466272726377278 -0.060264765408987266 0.44627465922046067 -0.0037732307999045036 -0.02015948021539923 -0.017871640104694105 -0.010453839312140722 0.33268452276365768 0.072157930575167797 0.051513826485058034 0.21926972166786673 -0.024358840895923554 0.27849314558549604 0.33235531635797244 0.20090799302340581 0.0025191312699277195 -0.058335375024011052 0.010790838880068591 0.042992199364038447 0.040209233279033009 0.020413485516794741 -0.022843108136704648 0.00025573229874100714 0.13982680547747312 0.091656600074310757 0.099654421375294969 0.020485364972797782 -0.021079095270943728 -0.021036071328556005 -0.009433184943736966 0.068317743826016061
leaf_weight=4726430 71756 94769 1946234 830179 285909 4846650 29055 60921 6113 33503 744286 10270 37072 35322 1404115 65233 1393797 11809 17779 15462 567731 685048 5567 12982 14661 17843 1551399 611106 2094294 91385
leaf_count=4726430 71756 94769 1946234 830179 285909 4846650 29055 60921 6113 33503 744286 10270 37072 35322 1404115 65233 1393797 11809 17779 15462 567731 685048 5567 12982 14661 17843 1551399 611106 2094294 91385
internal_value=-0.000900462 -0.000470721 -0.000726753 -0.00101592 -1.23046e-05 -0.000535408 -5.72691e-05 -0.000198271 -0.00137553 0.000176498 -0.000387843 -0.000584845 0.000294104 0.000445997 0.000119853 -0.000522276 0.00037418 -0.00115052 -0.00117074 -0.0011996 -0.000544209 -0.000490136 -0.000298419 -0.000719973 -0.000768166 -0.00123906 -0.00127064 -0.000842821 -0.000224542 0.00146545
internal_weight=2.23187e+07 1.75922e+07 1.12878e+07 4.49494e+06 6.30443e+06 6.79288e+06 6.11827e+06 4.36617e+06 2.45058e+06 1.46667e+06 2.8995e+06 2.04435e+06 1.7521e+06 1.46619e+06 1.43762e+06 1.9726e+06 1.42912e+06 1.6204e+06 1.61429e+06 1.60248e+06 1.96233e+06 1.8971e+06 1.32936e+06 644316 638749 1.5847e+06 1.56924e+06 625767 2.15522e+06 186154
internal_count=22318680 17592250 11287822 4494938 6304428 6792884 6118274 4366174 2450584 1466673 2899501 2044354 1752100 1466191 1437618 1972598 1429119 1620405 1614292 1602483 1962328 1897095 1329364 644316 638749 1584704 1569242 625767 2155215 186154
cat_boundaries=0 1 83 84 85 163 164 244 245 324 400 477 556 651 747 842 915 916 995 1074 1170 1264 1342 1400 1401
cat_threshold=39 0 0 0 0 0 0 4194304 0 0 0 0 0 0 0 0 0 0 0 0 4096 0 1073741824 268435456 0 0 0 16384 1610612736 0 12 0 0 0 0 4227072 2048 2 0 2147483648 0 0 4195328 131072 0 512 268435456 1073741824 2148532224 0 0 1048578 2147483648 0 2048 0 66048 128 2097408 0 0 0 0 0 0 0 0 0 0 0 0 0 0 0 0 0 0 0 0 0 0 0 4194304 4 8 0 16777728 0 0 0 0 0 0 0 0 0 0 0 0 0 0 0 1073741824 0 0 67108864 1024 0 0 0 16384 0 4194304 256 131072 0 524288 1 263169 142606368 1073807360 0 256 8 1 8192 0 0 4 32 0 0 0 0 0 0 0 0 0 0 0 0 0 0 0 0 4194304 0 0 0 0 8 0 0 0 0 0 33816576 0 0 4194304 2 131072 15 0 0 0 1048576 0 0 0 0 0 0 1073872896 0 0 2147483649 0 0 0 256 0 138412033 0 0 0 0 32768 0 8388609 16 0 0 0 131072 0 0 0 0 256 536870912 67108864 0 0 0 2048 2147483648 33554433 0 0 0 0 0 0 0 0 0 0 0 0 0 0 0 0 0 0 1049088 0 0 0 0 0 0 138494144 0 0 0 32 0 0 0 256 2 8 0 0 0 0 0 0 0 0 0 0 0 0 0 0 0 0 0 0 0 0 0 0 0 0 0 0 33564672 1 2064 8192 16384 0 0 2049 8388608 256 0 2147532800 8 0 8192 8192 536870944 4194305 0 2048 0 0 0 0 0 0 0 0 0 0 0 0 0 0 0 0 0 0 0 0 0 0 4096 0 0 67108865 0 0 32768 2151678976 524288 0 131072 8 0 0 0 0 0 0 0 0 0 0 0 0 1048576 0 1024 131072 0 0 0 0 0 131072 32768 0 2147483648 0 0 16 0 0 8388608 0 2052 0 0 128 1081344 0 0 16400 1073741826 536870928 4194304 135172 0 0 0 0 0 0 0 524288 0 0 0 0 0 0 0 0 0 0 16777232 4 268451840 0 0 0 0 0 1 0 0 0 1024 0 0 0 2 1073758208 0 0 0 0 0 0 0 0 0 0 0 0 0 0 0 0 1073741856 268566544 256 0 130 0 1073741824 0 0 0 0 2 1024 0 64 2147483648 128 0 536870912 0 0 131104 0 0 0 0 0 0 0 0 0 0 0 0 0 0 0 0 0 0 0 0 16 0 0 0 0 0 8388608 1073741824 1073741824 33554432 524306 0 1024 537460736 0 512 0 2048 0 0 528 0 0 0 0 8192 0 0 0 0 0 0 16384 0 0 67108928 131072 1 0 16384 0 0 0 0 1 92274688 0 1073741824 0 65536 67108993 4194304 0 0 0 0 33554432 65536 0 0 0 0 0 0 0 0 524288 0 0 0 0 0 0 0 0 0 0 65536 0 0 0 0 1 0 4 0 1074003968 0 0 64 33554432 0 2147483648 0 0 0 0 0 0 0 0 0 0 0 0 0 0 0 0 0 0 0 0 0 0 0 0 0 0 0 0 0 0 0 0 0 0 0 0 0 0 0 0 0 0 0 0 0 3 524288 2214625280 0 32768 2147485696 1111490560 8192 0 0 33554432 25165832 269484032 0 0 0 0 0 0 0 0 0 0 0 0 0 0 0 0 0 0 0 0 0 0 4325376 4 0 524288 0 0 0 0 0 0 262144 2688581632 0 2097152 82432 0 0 0 0 0 0 0 0 0 0 0 0 0 0 0 0 0 0 0 0 0 0 0 0 0 0 0 0 0 0 0 0 0 0 0 0 0 0 0 0 0 0 0 0 0 16 135266304 1114112 0 0 48 0 0 8192 131072 538968128 513 134217728 0 0 0 0 0 0 0 0 0 0 0 0 0 0 0 0 0 0 0 0 0 0 1024 32768 16777216 131072 131072 2684354568 524288 0 0 1048576 134217760 8388608 0 64 545259520 4 0 0 0 0 0 0 0 0 0 0 0 0 0 0 0 0 0 0 0 0 0 0 0 0 0 0 0 0 0 0 0 0 0 0 0 0 0 0 0 0 0 0 0 0 0 268435460 2097154 0 1048576 139264 8 536887296 0 0 0 0 1073743104 0 0 0 128 0 0 0 0 0 0 0 0 0 0 0 0 0 0 0 0 0 0 0 256 33 262144 1073741824 0 32768 0 5120 0 268435456 68157440 270533120 134234112 8388608 2147483648 64 32 2048 8 0 0 0 0 0 0 8912896 4194304 33554432 0 0 16384 0 262144 0 0 0 0 0 2097152 128 138412032 0 0 1 0 0 1 0 0 256 16384 33816576 16 0 0 4 65536 0 0 0 0 0 0 0 0 0 0 0 0 0 0 0 0 0 0 0 0 0 0 16809984 4194304 2147483650 0 0 0 67108864 8388610 16777216 8 536870928 8216 285212672 16777376 0 8388608 2097152 0 0 0 0 0 0 0 0 524288 0 0 0 0 0 0 0 262146 0 0 0 0 0 0 1048608 0 0 0 0 0 0 512 33554432 131072 0 0 0 0 0 0 0 0 0 0 0 0 0 0 0 0 0 0 0 0 0 0 0 49152 512 0 0 0 0 16777216 0 0 0 0 0 1140850944 516 512 8389632 8388608 2147483648 0 65536 0 1073741824 0 0 536870912 268436480 512 0 16384 0 0 0 0 0 64 0 0 0 0 0 0 0 0 0 0 0 4194304 0 0 0 1 33554440 64 0 18874368 0 0 0 0 0 0 0 0 0 0 0 0 0 0 0 0 0 0 0 0 0 0 0 0 16777216 2 268451840 65536 0 0 0 268435456 136 536870912 285212676 0 524288 0 0 192 0 0 0 0 0 0 0 0 0 0 0 0 0 0 0 0 0 0 0 0 0 0 0 0 0 0 0 0 0 0 0 0 0 0 0 0 0 0 0 0 0 0 0 0 0 32768 0 0 262144 1074266112 1073741824 0 2048 0 2097152 8196 536870912 17301504 0 0 0 16777216 0 0 0 0 0 0 0 0 0 0 0 0 0 0 0 0 0 131072 0 0 524288 0 2097664 33554688 4132 0 268435489 524288 2 0 0 8704 4096 10 0 0 0 0 0 0 0 0 0 0 0 0 0 0 0 0 0 0 0 0 0 0 0 0 0 0 0 0 0 0 0 0 0 0 0 0 0 0 0 0 0 0 0 0 0 1024 1040 0 0 64 268435968 8196 134217728 0 1 71307393 0 0 541065216 0 0 0 0 0 0 0 0 0 0 0 0 0 0 0 0 0 0 0 0 0 0 2048 8388608 4259904 32 2048 0 48 8192 1073741824 2097152 0 2147483648 83886080 0 2097152 0 0 0 0 1048576 1048576 0 0 0 0 0 0 0 0 0 524288 0 0 33558528 0 0 0 0 0 2 1048576 0 0 0 0 805306368 0 0 256 0 0 1073743872 1 0 0 0 65576 0 0 0 0 0 0 0 0 0 0 0 0 0 0 0 0 0 0 67108864 0 0 17825808 0 536870912 512 0 4 32768 32772 2147483648 0 17 1 131072 1024 33554432 540049408 8192 67244032 536870912 524288 262148 131072 0 0 0 0 0 8192 0 0 0 2097152 0 0 0 0 0 0 0 0 0 0 0 0 0 0 128 0 0 0 32 0 0 0 0 524288 0 0 0 5120 262144 0 2064 0 0 2097152 2 4096 0 8388704 4 5
is_linear=0
shrinkage=0.05


Tree=53
num_leaves=31
num_cat=23
split_feature=16 19 20 1 17 0 6 0 3 5 3 0 3 0 0 0 0 0 18 0 0 0 0 0 0 20 3 3 0 0
split_gain=6215.82 763.005 266.534 303.028 158.914 145.739 117.827 95.1761 94.3877 79.3489 74.7597 74.4587 69.6748 69.5135 64.5245 64.0742 66.2534 65.8529 60.7579 62.1978 58.7463 56.0861 55.2107 57.6871 54.8591 54.7656 52.7092 50.4884 50.4594 49.7495
threshold=1.0000000180025095e-35 1.0712890625000002 0.19641113281250003 0 5.5000000000000009 1 2.5000000000000004 2 3 4 5 6 7 8 9 10 11 12 1.0000000180025095e-35 13 14 15 16 17 18 16.804687500000004 19 20 21 22
decision_type=10 2 2 1 2 9 2 9 1 1 1 9 1 9 9 9 9 9 2 9 9 9 9 9 9 2 1 1 9 9
left_child=-1 2 3 7 9 12 -7 -2 28 25 21 -12 -4 -13 -10 -15 -17 -18 19 -6 -8 -9 -16 -24 -19 27 29 -3 -5 -11
right_child=1 4 5 8 18 6 20 10 14 26 11 13 -14 15 22 16 17 24 -20 -21 -22 -23 23 -25 -26 -27 -28 -29 -30 -31
leaf_value=-0.026092959090058418 -0.055508144828694241 -0.012886535143253653 0.78711267238565652 0.10872257645829678 0.66270183358254198 -0.0043530088762207429 0.14017317851908903 0.10821017778012149 -0.042870846592076364 0.65914975230275152 -0.07071209322243957 0.46265420236737764 0.12294163607039513 0.23554508833455162 -0.041793577728878276 0.16537827596157414 0.10081244178004163 -0.056423092470753972 0.028147734622052441 0.082416515863387746 -0.010538380540341619 -0.023622805660657966 -0.030320970228721256 -0.019242942049000823 -0.0070294628654510305 0.97797506730302752 -0.015036538691418168 0.0042831922200367249 -0.019151506204629267 -0.0003102012426381862
leaf_weight=4726430 77879 497926 3615 2180 4259 2019269 11465 1794 116469 2283 49632 6540 6017 9914 110053 12409 13987 44392 1018620 121748 5013047 586578 115332 1278551 1241229 4249 1498537 2221785 827999 674492
leaf_count=4726430 77879 497926 3615 2180 4259 2019269 11465 1794 116469 2283 49632 6540 6017 9914 110053 12409 13987 44392 1018620 121748 5013047 586578 115332 1278551 1241229 4249 1498537 2221785 827999 674492
internal_value=-0.000890174 -0.000457669 -0.000695886 -0.000996787 -2.49857e-06 -0.00050413 -0.000512537 -0.000547303 -0.00137175 -0.000126423 -0.000479403 -0.000277959 0.00563887 -0.000206912 -0.00114962 -0.000232369 -0.000262642 -0.000297373 0.000527929 0.00156366 -0.000642178 -0.000951219 -0.0010618 -0.000976659 -0.000334508 5.33957e-05 -0.000351595 4.45345e-05 -0.00180531 1.46459e-05
internal_weight=2.23187e+07 1.75922e+07 1.15484e+07 4.49494e+06 6.0439e+06 7.05341e+06 7.04378e+06 2.04435e+06 2.45058e+06 4.89927e+06 1.96648e+06 1.3781e+06 9632 1.32847e+06 1.6204e+06 1.32193e+06 1.31202e+06 1.29961e+06 1.14463e+06 126007 5.02451e+06 588372 1.50394e+06 1.39388e+06 1.28562e+06 2.72396e+06 2.17531e+06 2.71971e+06 830179 676775
internal_count=22318680 17592250 11548351 4494938 6043899 7053413 7043781 2044354 2450584 4899272 1966475 1378103 9632 1328471 1620405 1321931 1312017 1299608 1144627 126007 5024512 588372 1503936 1393883 1285621 2723960 2175312 2719711 830179 676775
cat_boundaries=0 1 80 160 161 162 163 239 240 318 410 487 566 644 723 790 869 964 1059 1133 1134 1135 1225 1304
cat_threshold=39 65536 0 0 0 0 0 4194304 1024 0 0 0 0 134217728 0 0 134218752 0 131072 512 0 0 1073741824 0 4096 0 16384 64 1073741920 16 256 0 0 0 1 32770 0 0 0 0 0 8192 8 33554464 262144 8388608 0 0 0 0 0 0 0 0 0 0 0 131072 0 0 0 0 0 0 0 0 0 0 0 0 0 0 131072 33554432 0 0 2 2 0 1024 0 0 0 1048576 0 0 0 0 0 0 1082261504 0 0 2147483648 0 0 0 256 0 138412033 0 0 0 0 32768 4194304 8388609 16 0 0 0 131073 0 0 0 0 262400 536870912 0 0 0 0 2048 2147483648 33554433 0 0 0 0 0 0 0 0 0 0 0 0 0 0 0 0 0 0 0 0 4194304 0 0 0 0 138494144 0 0 0 0 0 0 0 256 2 8 15 8 1048640 0 8192 0 0 0 2 0 0 0 0 2097152 33554432 16777217 33554432 0 0 0 65536 16 67108864 268435456 0 8192 16777344 0 0 0 1 536870912 0 0 0 0 256 0 0 0 0 0 516 0 134218764 0 0 0 0 0 0 0 0 0 0 0 0 0 0 0 0 0 0 0 0 1048576 16809984 128 0 0 0 0 0 0 134217728 0 32 65536 5 4 0 0 268435456 0 262144 0 16777216 0 0 0 0 0 0 0 0 0 262144 0 8192 0 1073741824 268566532 256 0 0 16384 0 0 0 1048576 0 0 294912 0 0 2097152 131072 33554432 0 0 2147483648 67108864 1 0 0 0 0 0 0 0 0 0 0 0 0 0 0 0 0 0 0 0 16400 64 0 0 0 16384 25165824 0 0 33554432 0 0 1024 524288 8388608 0 0 0 0 0 0 0 0 0 0 0 0 0 0 0 0 0 0 0 0 0 0 0 0 0 0 0 0 0 0 0 0 0 0 0 0 0 0 0 0 0 0 0 0 2147483648 0 302317568 0 768 1 8192 134218752 16777216 2415919104 20 134217744 0 9 67108864 0 4096 524288 0 0 0 0 0 0 0 0 0 0 0 0 0 0 0 0 0 8388608 32768 268451840 0 16779264 0 0 33554432 0 0 4 0 4096 0 262160 0 2097184 2147483648 1048577 2113536 0 0 0 4194304 0 0 256 64 0 0 0 0 0 0 0 0 262272 0 0 0 1073741824 536870976 0 0 0 2 0 33554432 0 0 0 8 0 1048576 0 0 0 16 0 0 0 0 0 0 0 0 0 0 0 0 0 0 0 0 0 0 0 4 536870912 0 4194304 1 64 0 0 0 1024 0 2147483648 33620096 67108888 2097152 2147483656 0 256 8388608 524288 0 0 33554944 0 0 0 0 0 0 0 0 0 0 0 0 0 2 0 0 0 0 262176 8 32 0 0 0 4194304 0 2147483648 2048 0 0 8208 0 1179648 0 0 0 0 0 0 0 0 0 0 0 0 0 0 0 0 0 0 0 16777216 0 512 2147483648 128 0 4096 0 0 1073741824 0 16 0 256 0 0 1024 8388608 64 0 0 0 0 1 0 64 128 0 4096 0 0 0 524288 0 0 536870914 67108864 0 0 8 268435456 0 0 65536 0 0 0 0 67108868 4194312 4 134217728 2 0 67109152 1048576 0 0 0 536870912 0 0 0 0 0 0 0 0 0 0 0 0 0 0 0 0 0 0 0 0 32768 0 0 0 0 0 0 0 0 0 4 268468224 0 0 33280 0 8 0 0 0 0 4194304 1024 0 0 0 0 0 0 0 0 0 0 262144 0 0 1207959616 268435456 335544320 0 0 8192 1610612736 0 8192 16384 0 536870912 0 0 264 64 32768 16384 0 0 0 537921536 32 0 0 0 0 0 0 0 0 2 0 0 0 0 0 0 0 0 0 0 0 0 16384 1073741824 0 0 0 268435456 0 262144 0 0 1 0 0 1024 0 0 0 0 0 0 0 0 0 0 0 0 0 0 0 0 0 524288 0 0 67108864 131088 0 0 0 0 2097152 0 2097408 1140850688 0 8912896 3 17041440 4194304 4227072 0 0 8 5 0 0 513 268435456 524288 2048 0 0 0 0 0 0 2097664 0 0 0 0 0 0 0 0 0 0 0 0 16384 8 0 0 0 0 0 0 0 33554432 0 0 1024 0 8192 0 0 8192 134217728 2147487744 16384 0 0 589840 0 32 8 16384 0 0 0 0 0 0 131072 0 0 4198400 268435456 2147483776 0 0 1024 36 262144 32768 524288 0 0 0 0 0 0 0 0 0 0 0 0 0 0 0 0 0 0 0 0 0 0 1 0 0 0 32768 0 0 8388608 0 2 0 16384 0 0 0 0 0 0 0 0 0 0 0 0 0 0 0 0 0 0 0 0 0 0 0 0 0 0 0 0 0 0 0 0 0 0 0 0 0 0 0 0 0 0 0 0 0 4210688 0 0 4 0 8388736 32800 0 129 67111040 0 2048 32 0 0 2048 0 4 0 0 0 0 0 0 0 0 0 0 0 0 0 0 0 0 2048 0 134217730 64 67371009 0 16384 8389632 0 37748736 32768 0 131072 1 0 268435456 0 0 0 0 0 0 0 0 0 0 0 0 0 0 0 0 0 0 0 0 0 0 0 0 0 0 0 0 0 0 0 0 0 0 0 0 0 0 0 0 0 0 0 0 0 2147483648 0 0 0 0 64 8 268502016 131104 0 32 0 536870976 8585232 524290 0 0 0 0 0 0 0 0 0 0 0 0 0 0 0 0 0 0 0 2147483648 1 0 10 0 1048708 16 0 67108864 1073741824 0 1024 0 65544 0 134217760 0 0 536870912 0 196608 0 0 0 134217728 134217728 0 4194304 0 0 512 32768 0 0 0 0 0 0 0 2097152 0 134217728 0 0 512 167772160 0 0 0 268435456 0 16400 33554432 16 201326592 2147483648 0 0 0 16384 0 0 0 0 0 0 0 0 0 0 0 0 0 0 0 0 0 0 536870912 0 1048576 0 0 0 0 32 67108864 2 2164391936 41943040 4 8 0 0 0 0 0 0 0 0 0 0 0 0 0 0 0 0 0 0 0 0 0 0 0 0 0 0 0 0 0 0 0 0 0 0 0 0 0 0 0 0 0 0 0 0 0 4194336 2097152 2690312 524288 671744 0 2147485696 64 528384 0 266368 1073741896 136315152 0 0 0 0 0 0 0 0 0 0 0 0 0 0 0 0 0 0 0 0 0 0 0 0 0 0 0 0 0 0 1024 64 0 0 0 0 0 0 0 0 0 0 0 0 134217728 0 0 1024 0 1073741824 0 0 0 1073741824 268435456 0 0 16384 8192 1610612736 16 0 16384 8388608 0 5 41943040 0 2 0 0 0 0 4194304 536870945 4194304 4096 0 0 0 0 0 0 0 0 0 0 0 0 0 0 0 0 0 0 0 0 268435456 0 0 4096 0 0 67108864 1107296256 0 0 0 34078720 0 8192
is_linear=0
shrinkage=0.05


Tree=54
num_leaves=31
num_cat=24
split_feature=16 20 18 1 5 0 3 0 0 0 17 3 0 0 0 0 3 0 3 0 16 18 0 0 0 0 0 0 0 0
split_gain=6314.16 739.849 304.783 237.762 143.369 113.68 113.211 103.981 100.945 86.2748 80.5359 73.1153 71.2718 77.4297 70.1383 70.2498 70.13 78.5373 68.7513 66.4536 68.0847 66.1963 63.1262 66.1722 62.1192 60.1597 58.7077 56.0984 61.1601 54.1209
threshold=1.0000000180025095e-35 0.26782226562500006 3.5000000000000004 0 1 2 3 4 5 6 2.5000000000000004 7 8 9 10 11 12 13 14 15 3.3906250000000004 29.500000000000004 16 17 18 19 20 21 22 23
decision_type=10 2 2 1 1 9 1 9 9 9 2 1 9 9 9 9 1 9 1 9 10 2 9 9 9 9 9 9 9 9
left_child=-1 3 4 8 5 11 7 -5 -2 -8 -7 -3 -10 -14 -11 -16 17 -6 -15 -20 -21 -4 -22 -24 -17 -18 -26 -25 -29 -28
right_child=1 2 21 6 16 10 9 -9 12 14 -12 -13 13 18 15 24 25 -19 19 20 22 -23 23 27 26 -27 29 28 -30 -31
leaf_value=-0.024788311135555494 -0.055260682912083393 0.78318199146084799 0.013717949587141738 0.050163764672195799 0.64571856623881085 -0.0051717651353261123 -0.040727304262472543 -0.018697216746379752 0.25318519228431224 -0.039578769281550241 0.0074823589324298223 0.0545425711497061 0.085673293784680971 -0.023957302704124706 -0.023558279737500788 -0.022424633553492359 0.075697718089926383 -0.0043924553780494424 -0.063190756057693628 0.00022324735222429838 0.12851738262881104 0.35703115198359558 0.11669122658063209 0.062101113779813082 -0.021994666276056587 -0.013568746094610075 0.051935184595147392 0.050458618800915428 -0.020213487993035108 -0.017231741237144615
leaf_weight=4726430 85074 10156 1964253 4941 3050 4698722 134194 978242 11111 125789 968549 14472 19108 709787 126939 113925 29886 1150700 51055 752178 7784 67525 15809 16443 111976 3287872 7092 20698 694300 1410620
leaf_count=4726430 85074 10156 1964253 4941 3050 4698722 134194 978242 11111 125789 968549 14472 19108 709787 126939 113925 29886 1150700 51055 752178 7784 67525 15809 16443 111976 3287872 7092 20698 694300 1410620
internal_value=-0.00087749 -0.000441577 -0.000225869 -0.000928989 -0.00033763 -0.000171182 -0.00122411 -0.00166453 -0.0005558 -0.00101086 -0.000185915 0.00321779 -0.000493187 -0.000512601 -0.000924145 -0.000843083 -0.000549505 -0.000213715 -0.000539309 -0.000353511 -0.000293408 0.000333183 -0.000628827 -0.000675502 -0.000755546 -0.000666275 -0.00067165 -0.000744688 -0.000811103 -0.000584586
internal_weight=2.23187e+07 1.75922e+07 1.21952e+07 5.39706e+06 1.01634e+07 5.6919e+06 3.01372e+06 983183 2.38335e+06 2.03054e+06 5.66727e+06 24628 2.29827e+06 2.28716e+06 1.89634e+06 1.77055e+06 4.47151e+06 1.15375e+06 2.26805e+06 1.55827e+06 1.50721e+06 2.03178e+06 755034 747250 1.64361e+06 3.31776e+06 1.52969e+06 731441 714998 1.41771e+06
internal_count=22318680 17592250 12195185 5397065 10163407 5691899 3013718 983183 2383347 2030535 5667271 24628 2298273 2287162 1896341 1770552 4471508 1153750 2268054 1558267 1507212 2031778 755034 747250 1643613 3317758 1529688 731441 714998 1417712
cat_boundaries=0 1 2 68 69 163 243 335 336 414 490 585 681 682 761 762 838 917 996 1091 1183 1278 1357 1436 1531
cat_threshold=39 15 0 0 0 0 0 0 4194304 1024 0 0 0 0 134217728 0 1024 0 0 131072 0 0 0 1073741888 268435584 67108864 0 16384 0 1610645504 16 67117060 16384 0 536870912 1 32768 0 2 32768 8 0 8192 4194304 48 32 512 0 0 0 0 0 0 0 0 0 0 0 0 0 0 0 0 0 0 0 0 268435456 8 0 0 0 0 0 0 0 0 0 0 0 0 0 0 0 0 0 0 0 0 0 0 0 0 0 0 0 0 0 0 0 0 0 0 0 0 0 0 0 0 0 0 0 0 0 20971552 8388608 2690304 0 540672 0 2151677952 8388672 526336 1024 536871040 536871488 136331536 0 0 0 0 0 0 0 0 0 0 0 0 0 0 0 0 0 0 0 0 0 0 0 0 0 0 0 0 0 0 1024 0 0 0 0 67108864 0 0 0 0 0 0 0 0 0 0 1074397184 0 0 2147483648 0 0 0 262400 0 138412032 0 0 0 0 32768 4194304 8388609 16 0 0 0 131072 0 134217728 256 16 524544 536870912 0 0 4 0 2048 2147483648 1 0 0 0 0 0 0 0 0 0 0 0 0 0 0 0 0 0 0 0 0 4194304 0 0 0 0 138494016 0 0 0 0 0 0 0 256 2 0 0 0 0 0 0 0 0 0 0 0 0 0 0 0 0 0 0 0 0 0 0 0 0 0 0 0 0 0 0 0 0 0 0 0 0 0 0 0 0 0 0 0 0 0 0 302317568 4194304 512 1 8192 134251520 16777216 2147483776 4 134217728 0 33 67108864 0 6144 524288 4 0 0 0 0 0 0 0 0 0 0 0 0 0 0 0 0 8388608 32768 402653184 0 16779264 0 0 1024 0 0 4 0 4096 5 8388608 0 1024 0 0 0 4096 0 0 0 0 0 0 0 65536 0 536870912 134217728 0 33554432 0 1073741824 268566528 0 0 16 0 1073741824 134217728 0 4194304 0 0 1024 0 64 0 258 0 536870912 0 0 131072 0 0 0 0 0 0 0 0 0 0 0 0 0 0 0 0 0 0 0 0 16 0 18874368 0 0 0 8388608 0 0 33554432 16 0 1024 589858 131072 0 2048 8 0 0 12 524288 0 4194816 268435456 0 0 1 1024 0 0 0 4096 524288 8192 1073741824 1024 0 0 0 0 0 2097152 536870912 0 0 8388608 0 65552 33554432 553650304 0 0 0 65536 0 0 1048576 0 0 0 0 0 0 0 0 0 0 0 0 0 0 0 0 0 0 0 0 0 131072 0 0 0 0 0 0 0 0 402654208 0 1 0 0 0 0 0 0 0 0 0 0 0 0 0 0 0 0 0 0 0 0 0 0 0 0 0 0 0 0 0 0 0 0 0 0 0 0 0 0 0 0 0 0 0 0 2147483648 16384 0 0 260 0 8388736 40 0 268435489 0 16 0 536870912 8388608 524290 0 0 0 0 0 0 0 0 0 0 0 0 0 0 0 0 0 0 0 2048 0 2 64 67371008 0 16 33554432 67108864 4194304 32768 0 131072 65545 0 268566528 0 0 0 0 0 0 0 0 0 0 0 0 0 0 0 0 0 0 0 0 0 0 0 0 0 0 0 0 0 0 0 0 0 0 0 0 0 0 0 0 0 0 0 0 0 2147483776 8 2 0 0 64 0 1024 131072 2192 0 2048 64 66064 0 2147483648 0 0 0 0 0 0 0 0 0 0 0 0 0 0 0 0 0 0 2147484672 1 0 10 0 1048704 16384 8388608 0 33554432 0 1024 2 4194304 1048576 134217728 128 4 0 512 0 0 0 0 16384 0 0 0 0 0 134217728 0 0 1024 0 0 0 0 0 1073741824 268435456 0 0 0 8192 1073743872 0 8196 0 0 0 1 8388608 65536 2 0 8 0 0 0 536871425 4194304 32 0 0 0 0 0 0 0 0 0 0 4194304 0 0 0 0 0 0 0 16777216 0 268451840 0 0 1 0 0 1 0 0 0 2 4718848 0 2147483648 8 1048640 0 8192 0 0 0 0 0 0 8388608 0 1080033280 33554432 1 33554432 0 0 0 65536 0 67108864 268435456 2048 8192 16777216 134217728 0 0 1 536870912 0 0 0 268435456 1073741824 0 37748736 0 67108864 0 0 0 1036 0 33554432 0 0 0 0 0 0 0 0 0 0 0 0 0 0 0 0 0 0 1048576 0 128 0 0 0 0 0 0 0 8388608 0 65536 541065232 2147491864 285212672 16777376 0 0 2097152 1048576 0 0 0 0 0 0 0 524288 0 0 0 0 0 0 0 262144 0 0 0 0 0 0 1048576 0 0 0 0 33554432 0 512 35651584 0 0 0 0 0 0 0 0 0 0 0 0 0 0 0 0 0 0 0 0 0 0 0 0 16384 0 268437506 0 0 32768 0 0 0 0 16777216 0 1073742080 0 4608 1024 0 2097152 0 65536 0 1082130432 0 0 536870912 0 512 0 16384 0 0 0 0 0 0 0 0 0 0 2 0 0 0 0 16777216 0 32 0 536870912 0 1 264 2147483648 0 0 0 0 0 0 2097152 0 0 0 0 0 0 0 0 0 0 0 0 0 0 0 0 0 0 0 32768 2 1064960 0 0 0 0 268435460 32896 536870916 2 0 67633152 134218240 0 64 0 0 0 0 0 0 0 0 0 0 0 0 0 0 0 0 0 0 0 0 0 0 0 0 0 0 0 0 0 0 0 0 0 0 0 0 0 0 0 0 0 0 0 0 0 4194304 0 0 536870912 0 536870912 0 268500992 0 16416 0 2 8 1073743872 68174080 65536 134219840 8 0 0 0 0 0 0 0 0 0 0 0 0 0 0 0 0 8192 0 0 1140850688 1 68 8388608 0 2 1074790400 0 0 0 0 0 67108896 524288 0 688128 8192 1073741824 0 4718592 0 0 0 0 0 524288 0 0 0 0 0 2228224 0 0 1074790400 268435456 0 0 0 0 1073741824 2359296 0 0 512 268435456 128 0 0 0 0 0 0 0 0 0 0 0 0 0 1024 0 0 0 2148532224 2097152 0 528384 0 8388672 2097408 0 0 0 0 0 0 0 0 0 1024 0 0 0 0 0 0 0 0 0 0 0 0 0 0 0 0 0 0 0 0 0 0 0 512 0 0 0 0 0 0 0 0 0 0 0 0 0 0 0 0 0 0 0 0 0 0 0 0 0 0 0 0 0 0 0 0 0 0 0 0 0 0 0 0 0 0 0 0 0 0 4 0 2147483648 67108864 655360 131072 0 262144 0 0 0 0 135234 2048 544 0 64 0 0 0 0 0 0 0 0 0 0 0 0 0 0 0 0 0 128 67108864 512 2130432 524288 1073741830 536870912 68 0 0 0 65536 537001984 0 2048 8192 0 0 16 0 0 512 0 2048 0 0 0 0 0 0 0 0 0 64 0 0 0 0 0 0 0 0 16777216 0 0 0 0 0 1 131072 0 0 0 1073741824 131073 0 0 0 65536 0 0 0 0 0 0 0 0 0 0 0 0 0 0 0 0 0 0 4194304 16781312 8388672 544 33554432 16777216 0 285212672 8192 0 0 2684354564 0 0 537001989 0 2147483648 0 0 0 0 524288 0 1048576 0 0 64 0 0 0 0 0 1 0 2147483648 262144 0 0 0 8388608 0 0 0 18 0 8388608 0 1073741824 0 0 0 0 0 0 65540 0 0 0 0 0 0 16384 0 0 0 0 0 0 0 0 0 0 0 0 0 0 0 0 0 1048576 1073741828 1073741840 0 0 537133056 32 12288 16777216 66560 0 32768 0 8388608 1024 0 8454144 0 0 0 0 0 0 0 0 0 0 0 0 0 0 0 0 0 0 0 0 0 0 0 0 0 0 0 0 0 0 0 0 0 0 0 0 0 0 0 0 0 0 0 0 536870912 2 134742016 2148532224 0 268435456 2048 1073741824 8192 8192 8388608 35651584 8388608 150994944 1048576 0 0 0 0 0 0 0 0 0 0 0 0 0 0 0 0 0 0 0 0 0 4194304 0 0 524288 0 33554432 268959744 0 0 0 1 536903680 512 2098240 66048
is_linear=0
shrinkage=0.05


Tree=55
num_leaves=31
num_cat=24
split_feature=16 20 17 1 18 3 5 0 0 0 0 3 16 0 0 0 0 17 0 0 0 0 0 0 0 0 0 0 0 0
split_gain=6394.39 730.604 275.983 232.947 125.322 116.516 102.629 99.8766 89.2222 75.6752 73.1804 73.3066 77.8644 70.1707 65.8226 64.6941 62.6701 60.5052 59.1989 82.8602 80.6828 57.5325 56.9819 56.3707 59.0616 55.3119 67.968 54.2425 54.1649 56.04
threshold=1.0000000180025095e-35 0.26782226562500006 3.5000000000000004 0 3.5000000000000004 1 2 3 4 5 6 7 3.3906250000000004 8 9 10 11 20.500000000000004 12 13 14 15 16 17 18 19 20 21 22 23
decision_type=10 2 2 1 2 1 1 9 9 9 9 1 10 9 9 9 9 2 9 9 9 9 9 9 9 9 9 9 9 9
left_child=-1 3 4 7 6 14 15 -2 -7 -10 -9 22 28 -11 -5 -3 -14 -4 -15 -20 -21 -16 -12 -18 -25 -22 -27 -17 -13 -30
right_child=1 2 17 5 -6 8 -8 10 9 13 11 12 16 18 21 27 23 -19 19 20 25 -23 -24 24 -26 26 -28 -29 29 -31
leaf_value=-0.02354889557877772 -0.052379004479098004 0.42480777034031925 0.012113834133080162 0.030551365445297764 0.0089225352126398975 -0.034694294424799821 -0.010512065456839692 -0.053181686370516103 -0.029047779069874061 -0.027627007730410158 0.1074077586154836 0.43406086903055408 0.16001872736466269 0.047065320635151592 0.031982344892262843 0.082501224868768194 0.10365817779828404 0.2165602896978589 0.042666323560143798 0.039992742796025806 0.023823049772943961 -0.018300690579913015 -0.020957105919664088 0.070564732283433546 -0.016536053152237485 0.018536617507470123 -0.017419207884693557 -0.0048266536037654406 0.19219324601191679 0.00021208498461309234
leaf_weight=4726430 85632 11831 1889170 4478 940136 135486 4108541 72678 134619 124636 2486 4899 9079 7396 6446 30020 14762 141330 17705 20470 16519 972259 690422 18837 730875 23782 1549922 5074157 13017 740660
leaf_count=4726430 85632 11831 1889170 4478 940136 135486 4108541 72678 134619 124636 2486 4899 9079 7396 6446 30020 14762 141330 17705 20470 16519 972259 690422 18837 730875 23782 1549922 5074157 13017 740660
internal_value=-0.000867214 -0.00042854 -0.000214185 -0.000912897 -0.000320494 -0.00120502 -0.000376542 -0.000543506 -0.00098867 -0.000900037 -0.000481014 -0.000430011 -0.000237004 -0.000812653 -0.00165182 -0.000227085 -0.000589983 0.000318 -0.000725506 -0.000745787 -0.000783188 -0.00167951 -0.000856769 -0.000639039 -0.0006993 -0.000823344 -0.000853561 -0.000235649 0.00012294 8.88393e-05
internal_weight=2.23187e+07 1.75922e+07 1.21952e+07 5.39706e+06 1.01647e+07 3.01372e+06 9.22455e+06 2.38335e+06 2.03054e+06 1.89505e+06 2.29772e+06 2.22504e+06 1.53213e+06 1.76043e+06 983183 5.11601e+06 773553 2.0305e+06 1.63579e+06 1.6284e+06 1.61069e+06 978705 692908 764474 749712 1.59022e+06 1.5737e+06 5.10418e+06 758576 753677
internal_count=22318680 17592250 12195185 5397065 10164685 3013718 9224549 2383347 2030535 1895049 2297715 2225037 1532129 1760430 983183 5116008 773553 2030500 1635794 1628398 1610693 978705 692908 764474 749712 1590223 1573704 5104177 758576 753677
cat_boundaries=0 1 2 3 83 176 271 348 349 444 538 614 693 788 884 979 1070 1149 1228 1305 1401 1495 1552 1629 1706
cat_threshold=39 8 15 0 32 0 0 0 0 0 0 0 0 1074397184 0 0 2147483648 0 0 0 262400 0 138412032 0 0 0 0 32768 4194304 8388609 16 0 0 0 131073 0 0 0 16 524544 536870912 0 0 4 0 2048 0 1 0 0 0 0 0 0 0 0 0 0 0 0 0 0 0 0 0 0 0 0 4194304 0 0 0 0 138494016 0 0 0 0 0 16384 0 256 2 0 0 0 0 0 0 0 0 0 0 0 0 0 0 0 0 0 0 0 0 0 0 0 0 0 0 0 0 0 0 0 0 0 0 0 0 0 0 0 0 0 0 0 0 0 0 302317568 0 512 1 8192 134251520 16777216 2147483776 4 134217728 0 0 67108864 0 6144 524288 4 0 0 0 0 0 0 0 0 0 0 0 0 0 0 0 0 8388608 32768 402653186 0 16779264 0 0 1024 0 0 4 0 135168 1 0 0 0 0 0 0 0 0 0 0 0 0 0 0 0 0 0 0 0 0 0 0 0 0 0 0 0 0 0 0 0 0 0 0 0 0 0 0 0 0 0 0 0 0 0 16384 0 0 256 0 8388672 8 0 268435488 0 16 0 536871009 8388624 524290 0 0 0 0 0 0 0 0 0 0 0 0 0 0 0 0 0 0 0 2048 0 0 64 67371008 1048704 16400 33554432 67108864 37748736 32768 0 0 65536 0 402653184 64 0 0 1572864 0 0 0 0 0 8388608 8388608 4194304 33554432 1 0 0 0 0 0 1 0 268435456 2048 2097152 0 134217728 0 0 1 0 0 0 0 134217728 524288 0 33554432 0 67108864 0 0 65536 1024 8388608 33554432 0 0 0 0 0 0 0 0 0 0 0 0 0 0 0 0 0 0 0 0 1024 2 0 0 262144 33554560 8388608 16777224 0 32 0 8388608 8 0 0 0 0 0 0 0 0 0 0 0 0 0 0 0 0 0 0 0 0 0 0 0 0 0 0 0 0 0 0 0 0 0 0 0 0 0 0 0 0 0 0 0 0 2147483648 2147483776 8 4194306 4 0 0 32 268436480 131073 2192 0 2048 0 1073807872 0 2147549184 0 0 0 0 0 0 0 0 0 0 0 0 0 0 0 0 0 0 2147484672 1 0 10 0 0 0 8388608 0 0 0 1024 2 8 1048576 67108864 0 0 0 0 0 0 0 0 0 0 0 0 0 0 0 0 0 0 0 0 0 0 0 0 0 0 0 0 0 0 0 0 0 0 0 0 0 0 0 0 0 0 0 0 0 16777248 0 2624768 2147483649 17317888 4096 2147500052 8388608 524288 1024 0 1074266688 169869584 0 0 0 0 0 0 0 0 0 0 0 0 0 0 0 0 0 0 0 0 0 0 0 0 0 0 0 0 0 0 1024 0 0 0 0 67108864 0 0 0 0 0 0 4194304 1024 0 0 0 0 134217728 0 0 0 0 131072 0 0 0 1073741824 268435456 0 0 16384 0 1073741824 16 67117060 16384 0 536870912 16385 8421376 0 0 32768 2147483656 0 8192 4194336 33554464 262144 4608 32768 0 0 0 0 0 0 0 0 0 0 0 0 0 0 0 0 0 0 0 268435456 0 0 0 0 0 0 0 0 0 2 541065232 2147491864 285212672 16777376 0 0 2097152 1048576 0 268435456 0 0 0 0 0 0 0 0 0 0 0 0 268435456 262144 0 0 0 0 0 0 1048576 0 0 0 0 33554496 0 0 35651584 0 0 0 0 0 0 0 0 0 0 0 0 0 0 0 0 0 0 0 0 0 0 0 0 16384 524288 268435456 0 0 32768 2097152 0 0 0 16777216 0 1073742080 65536 0 1024 0 0 0 0 0 0 0 0 0 0 0 0 0 0 0 0 0 0 0 0 0 0 0 0 0 0 0 0 0 0 0 0 0 0 0 0 0 0 0 0 0 0 0 0 0 0 525312 2148532224 0 557056 2415921152 1111490560 8196 0 8912896 570425472 8388608 17825792 0 0 0 0 0 0 0 0 0 0 0 0 0 0 0 0 0 0 0 0 0 0 4194304 0 0 524288 0 512 524288 0 0 0 262144 2684387328 512 0 512 0 0 0 0 0 0 0 0 0 0 0 0 0 0 0 0 0 0 0 0 0 0 0 0 0 0 0 0 0 0 0 0 0 0 0 0 0 0 0 0 0 0 0 0 0 19 135266432 32768 1048576 0 32 0 0 8192 0 2097152 16777216 402784256 0 0 0 0 0 0 0 0 0 0 0 0 0 0 0 0 0 0 0 0 0 0 1280 131072 16777216 0 536870912 2147487744 1073741824 0 1024 0 135266336 8388608 0 0 2147483776 6 0 0 0 0 0 0 0 0 0 0 0 0 0 0 0 0 0 0 0 0 0 0 0 0 0 0 0 0 0 0 0 0 0 0 0 0 0 0 0 0 0 0 0 0 536870912 32772 2 65536 0 0 16 0 0 0 2098176 0 536871177 16384 0 1 128 0 0 0 0 0 0 0 0 0 0 0 0 0 0 0 0 0 0 65536 0 32768 262144 131072 131072 256 0 1024 0 269484032 67108865 0 134217728 75497504 536887296 0 0 0 0 0 0 0 0 0 0 0 0 0 0 0 0 0 0 0 0 0 0 0 0 0 0 0 0 0 0 0 0 0 0 0 0 0 0 0 0 0 0 0 0 0 100663296 1075841040 8454176 524288 131072 1026 0 16960 2099202 1073745920 1073821184 16384 0 0 0 0 0 0 0 0 0 0 0 0 0 0 0 0 0 0 0 0 0 0 0 0 0 0 0 0 0 0 1024 16 524288 2097152 0 0 0 0 0 0 0 0 0 134217728 1024 2 16785408 2 0 8192 134225920 524288 2113536 0 0 1074331664 0 32 8 0 2 0 1024 524288 0 0 131072 128 0 4325376 67108864 128 0 0 0 0 4096 0 16384 0 0 0 0 0 0 0 0 0 0 0 0 0 0 0 0 0 0 0 0 0 0 1 0 0 0 0 0 0 8388608 0 0 0 16384 8388608 2097152 0 0 0 1082130432 0 0 0 0 0 0 16384 0 0 0 0 0 0 0 0 0 0 2 0 0 0 0 0 0 4194304 0 536870912 0 1 8 0 0 0 0 0 0 0 2097152 0 0 0 0 0 0 0 0 0 0 0 0 0 0 0 0 0 0 0 4096 2 16386 8421376 0 0 16777216 268443652 4096 536870916 32 0 67633152 134217728 131584 2147483712 0 0 0 16 0 0 1048576 0 536872960 0 512 0 0 0 0 1 0 0 262208 0 4096 0 8388608 32768 0 0 0 0 8388608 0 0 0 0 0 0 256 2147483648 0 1073741824 131073 0 67108864 0 0 0 0 0 0 0 0 0 0 0 0 0 0 0 0 0 0 0 0 0 16777218 1082130512 32 0 0 0 256 0 16777216 32768 2415919104 0 1 1 0 0 0 0 0 0 0 0 0 0 0 0 0 0 0 0 0 0 0 0 0 0 0 0 0 0 0 0 0 0 0 0 0 0 0 0 0 0 0 0 0 0 0 0 0 0 0 16384 1073741824 131136 0 536870912 0 0 537001985 67108928 1073742336 0 0 0 0 16777216 0 0 0 0 0 0 0 0 0 0 0 0 0 0 0 0 0 0 0 33554432 0 1077936128 2097664 536870920 4096 0 268435489 524288 2 2097664 33570816 0 65536 16 0 0 0 0 0 0 0 0 0 0 0 0 0 0 0 0 0 0 0 0 0 0 0 0 0 0 0 0 0 0 0 0 0 0 0 0 0 0 0 0 0 0 0 0 0 268436480 8388608 0 0 1073750016 1024 8196 0 2 0 4194304 131072 524288 536870912 0 0 0 0 0 0 0 0 0 0 0 0 0 0 0 0 0 0 0 0 0 0 65568 524288 0 0 2048 36 1052720 2048 0 2097152 268435456 2147485696 2106880 0 0 0 0 0 0 0 0 0 0 0 0 2147483648 0 1152 2 512 536870912 0 0 0 528 128 67108864 0 2214592512 2113536 536870912 1026 0 0 512 0 264192 0 32768 268435456 2147483648 0 0 1024 0 4194832 4 268435456 2048 0 0 0 0 0 0 67108864 0 0 0 64 0 2097152 0 16 0 1048576 16384 0 0 0 64 0 0 0 0 1024 0 0 0 0 0 1073741824 131072 8388612 268435456 0 262144 1073741824 0 0 4 0 2 262144 0 256 2097152 131104 8 0 0 2147483648 0 1 0 0 0 0 0 0 0 0 0 0 0 0 0 0 0 0 0 0 0 16 0 4096 16 0 128 8388608 0 0 33554432 0 0 1024 524416 0 1048576 2147483648 2097152 2147483648 1 524289 0 0 0 4194304 268435456 0 0 64 0 0 0 0 8192 0 0 0 384 0 0 81920 0 536870912 0 0 0 0 0 704643072 0 131072 2048 0 0 8192 0 1048576 0 16 0 0 0 0 0 0 0 0 0 0 0 0 0 0 0 0 0 0 0 4 0 0 0 16385 0 0 131072 262144 1024 0 2147483648 33554432
is_linear=0
shrinkage=0.05


Tree=56
num_leaves=31
num_cat=24
split_feature=16 20 19 1 3 6 0 0 3 0 0 6 0 0 0 0 0 3 16 0 0 3 0 0 0 0 0 0 3 0
split_gain=6423.84 744.368 254.803 234.07 120.895 118.139 91.5068 90.73 75.1373 139.774 84.8607 72.7642 71.0913 70.6539 72.3464 77.8673 77.6675 80.9752 103.177 70.1586 71.304 66.6107 68.1653 63.6206 61.3038 60.3312 60.9842 60.1729 59.6967 57.1939
threshold=1.0000000180025095e-35 0.26782226562500006 2.5000000000000004 0 1 2.5000000000000004 2 3 4 5 6 2.5000000000000004 7 8 9 10 11 12 3.4248046875000004 13 14 15 16 17 18 19 20 21 22 23
decision_type=10 2 2 1 1 2 9 9 1 9 9 2 9 9 9 9 9 1 10 9 9 1 9 9 9 9 9 9 1 9
left_child=-1 3 5 7 -5 12 -6 -2 9 -7 -11 24 -3 -9 -15 -16 -17 29 -19 -8 -21 22 -13 -12 -4 -22 -27 -25 -14 -18
right_child=1 2 11 4 6 8 19 13 -10 10 23 21 28 14 15 16 17 18 -20 20 25 -23 -24 27 -26 26 -28 -29 -30 -31
leaf_value=-0.022371450799838835 -0.050643784881372583 0.51324179018430938 0.54990077886911093 -0.016344035528083167 -0.026597952709051367 0.99441746746741411 -0.027595390116380361 -0.052988931573739011 -0.0095873926849085137 0.47774489260140451 0.26302252424696587 0.68226722223513259 -0.010449087608273285 -0.059747646079913411 -0.047727725675660554 -0.040916582252102457 0.10286462327750277 0.0066992155051364332 -0.008725498993103065 -0.020905860860178361 -0.027395783760098037 -0.0092380442193658544 0.017529193947162326 0.22442858265375754 0.033041504863201725 -0.020297605843039912 -0.014625752889254924 -0.0039141696306349118 0.0012878232820480626 -0.016526404427936538
leaf_weight=4726430 80072 6001 19958 983183 140764 2207 126205 73547 5121901 3163 3577 23405 668671 78177 84220 83825 3353 660462 701130 128234 110511 1152742 716579 4514 740084 114646 1410175 1674215 2058168 618561
leaf_count=4726430 80072 6001 19958 983183 140764 2207 126205 73547 5121901 3163 3577 23405 668671 78177 84220 83825 3353 660462 701130 128234 110511 1152742 716579 4514 740084 114646 1410175 1674215 2058168 618561
internal_value=-0.000863459 -0.000423777 -0.000207411 -0.000912675 -0.0012055 -0.000327915 -0.000985124 -0.000542394 -0.000439366 -0.000150023 -0.000166524 0.000226058 -5.02048e-05 -0.000484868 -0.000434567 -0.000380272 -0.000319555 -0.000256548 -4.06366e-05 -0.000893505 -0.000811996 6.01164e-05 0.000430327 -0.000181931 0.0006393 -0.000722956 -0.000641188 -0.000196143 -6.21777e-05 -0.000729246
internal_weight=2.23187e+07 1.75922e+07 1.21952e+07 5.39706e+06 3.01372e+06 9.54242e+06 2.03054e+06 2.38335e+06 6.80958e+06 1.68768e+06 1.68547e+06 2.65277e+06 2.73284e+06 2.30328e+06 2.22973e+06 2.15155e+06 2.06733e+06 1.98351e+06 1.36159e+06 1.88977e+06 1.76357e+06 1.89273e+06 739984 1.68231e+06 760042 1.63533e+06 1.52482e+06 1.67873e+06 2.72684e+06 621914
internal_count=22318680 17592250 12195185 5397065 3013718 9542417 2030535 2383347 6809577 1687676 1685469 2652768 2732840 2303275 2229728 2151551 2067331 1983506 1361592 1889771 1763566 1892726 739984 1682306 760042 1635332 1524821 1678729 2726839 621914
cat_boundaries=0 1 2 95 175 176 253 344 400 477 556 634 713 714 809 904 905 1001 1084 1171 1266 1362 1441 1442 1517
cat_threshold=39 8 0 0 0 0 0 0 0 0 0 0 0 0 0 0 0 0 0 0 0 0 0 0 0 0 0 0 0 0 0 0 0 0 0 0 0 0 0 0 0 0 0 0 0 0 0 0 302317568 0 0 1 8192 134251520 16777216 128 4 0 0 0 67108864 0 6144 524288 4 0 0 0 0 0 0 0 0 0 0 0 0 0 0 0 0 8388608 32768 402653186 64 84150272 0 0 1024 0 0 4 0 135168 1 0 32 0 0 0 0 0 0 0 0 1074397184 0 0 2147483648 0 0 0 262400 0 138412032 0 0 2048 0 32768 0 8388609 16 0 0 0 131072 0 134217728 0 16 34078976 536870912 67108864 0 4 0 2048 0 1 0 0 0 0 0 0 0 0 0 0 0 0 0 0 0 0 0 0 0 0 0 0 0 0 0 138494016 0 0 0 0 0 0 0 256 2 4 0 512 0 2048 0 0 0 0 0 0 0 0 0 0 0 1024 0 0 0 4096 0 1073741824 268435456 0 0 0 16384 1073741824 272 0 0 8912896 1 1074003969 0 65536 0 0 0 0 0 0 536870913 0 4096 0 0 0 0 0 0 0 0 0 0 0 0 0 0 0 0 0 0 16777216 0 268451840 8 0 1 8388608 0 131072 1074266112 0 0 0 4194560 0 0 0 0 2147483648 0 0 1024 0 0 0 0 134217728 0 0 0 0 0 0 0 8 67108864 553648128 0 0 0 0 2048 9469952 0 0 0 536870914 0 4194304 0 0 0 8 0 1056768 2 131584 0 17302016 0 0 0 0 0 0 0 0 0 0 0 0 0 0 0 0 0 0 2147487744 0 0 0 16 0 8 0 67108864 0 0 8192 0 0 0 4096 0 0 0 0 0 0 0 0 0 0 0 262144 65536 0 0 2 0 0 4194304 1024 0 0 0 0 134217760 0 0 1024 134217728 131072 512 0 8 1073741824 268435584 0 0 16384 0 1073741824 16 4 16384 512 0 16385 32768 0 0 2 0 0 8192 4194304 33554480 262144 512 0 0 0 0 0 0 0 0 0 0 65536 0 0 0 1572864 0 0 0 0 256 8388608 8388608 4194304 0 0 0 0 0 0 0 1 0 268435456 0 0 0 138412033 0 0 0 0 0 0 0 0 17301504 16896 0 0 0 0 0 65536 1024 8407040 33554432 0 0 0 0 0 0 0 0 0 0 0 0 0 0 0 0 0 0 1048576 0 4195328 536870912 0 0 0 33554560 8388608 8 0 536870944 0 8388608 64 0 0 134217736 0 0 268435456 0 8388608 0 0 0 0 0 0 0 0 0 65536 16 67108864 4 0 0 16777376 0 0 0 1107296768 537919488 8388608 0 2147483648 0 2147483648 0 65536 0 0 0 0 1073741824 8388612 0 0 0 0 0 0 0 0 0 0 0 0 0 0 0 0 0 0 0 0 512 256 0 0 0 1024 262144 0 0 16777216 0 0 0 1073741824 8192 16777216 0 0 536881168 1 0 0 0 0 0 0 0 0 0 129 1048576 0 0 128 1 0 64 262144 0 0 0 0 0 0 1 0 0 1 0 268435976 0 2147483648 0 0 0 1073741824 0 0 0 2147483648 0 0 0 0 0 0 0 0 0 0 0 0 0 0 0 0 0 0 0 2097152 16842752 128 2 0 2097152 524288 1 1048578 0 0 0 65536 0 2097152 0 545259520 0 0 66560 0 16777216 0 0 0 0 0 33554432 67108864 0 0 32768 0 0 0 8396800 0 2147483648 2097152 512 8388608 0 0 2147483648 0 0 0 0 0 256 0 262656 0 0 2147483648 33554432 0 134217736 0 8 0 0 0 0 0 0 0 0 0 0 0 0 0 0 0 0 0 0 524288 32800 0 0 8 0 32 67108864 0 16384 0 0 0 0 1073741824 262144 8 0 0 0 0 0 0 0 0 0 0 0 0 0 0 0 0 0 0 0 0 0 0 0 0 0 0 0 0 0 0 0 0 0 0 0 0 0 0 0 0 0 0 0 0 2147483648 16384 0 0 256 0 8388672 40 0 268435488 0 134217744 0 536871009 8388624 524290 0 0 0 0 0 0 0 0 0 0 0 0 0 0 0 0 0 0 0 2048 0 0 0 0 1048704 16400 33554432 67108864 37748736 32768 0 2 65536 0 134217728 0 0 0 0 0 0 0 0 0 0 0 0 0 0 0 0 0 0 0 0 0 0 0 0 0 0 0 0 0 0 0 0 0 0 0 0 0 0 0 0 0 0 0 0 0 2147483776 8 4194306 0 0 0 0 268436480 131072 2192 0 2050 0 1073807872 0 2147549184 134219776 0 0 0 0 0 0 0 0 0 0 0 0 0 0 0 0 0 2147484672 1 0 10 0 64 0 0 2 0 0 1024 0 8 1048576 335544320 4 0 16777216 0 0 0 0 0 0 1 0 0 0 0 0 0 0 0 0 0 0 67108864 1090528768 268435456 0 0 2147483648 16384 536870912 0 8 0 0 512 526336 8388608 0 2 32768 2147483648 0 8192 4194304 131072 0 66080 0 0 0 0 0 0 2147483648 524288 0 0 0 0 65536 0 0 0 0 0 0 0 0 0 0 0 0 0 0 0 0 0 4194304 2 0 0 0 0 0 0 0 0 0 0 0 0 0 0 0 0 0 0 16 0 0 0 0 0 0 16384 0 0 0 0 16384 0 1048580 0 0 0 524288 0 0 0 134217728 0 1024 0 16384 0 128 0 8192 0 0 0 1024 32769 256 0 67108868 0 0 0 0 0 37748736 1024 0 0 0 0 0 0 0 0 0 0 0 0 0 0 0 0 0 0 0 18 16777216 0 0 128 0 0 0 537138176 0 0 2147483649 10 0 0 0 0 0 524288 268435456 0 64 32 16 4096 524288 2147483648 0 0 16384 0 0 0 0 536870912 0 0 0 0 0 1073742400 268435456 0 262144 0 0 1073741824 0 8200 16384 0 0 0 0 0 2 0 2147483648 0 0 0 0 64 512 0 0 0 0 16384 0 2147483648 0 0 0 0 0 0 0 0 0 0 0 0 0 0 0 0 0 0 0 0 0 1077936128 32768 4194368 0 8388608 0 0 0 0 0 0 0 0 268435456 0 0 0 0 0 0 0 0 0 0 0 0 0 0 0 0 0 0 0 0 0 0 0 0 0 0 0 0 0 0 0 0 0 0 0 0 0 0 0 0 0 0 0 0 0 4194304 0 0 536871428 0 536871040 0 65536 2147483649 16416 0 0 0 133186 68174080 0 64 8 0 0 0 0 0 0 0 0 0 0 0 0 0 0 0 0 0 0 67108864 1073742336 0 4 1073741824 8388608 0 1074790400 0 0 0 4194304 0 131104 0 0 0 0 0 0 0 0 0 0 0 0 0 0 0 0 0 0 0 0 0 0 0 0 0 0 0 0 0 0 0 0 0 0 0 0 0 0 0 0 0 0 0 0 0 0 0 1073741824 0 67108864 655360 0 0 262144 0 0 0 0 4096 10240 67109408 0 64 0 0 0 0 0 0 0 0 0 0 0 0 0 0 0 0 8192 10368 0 67108864 2129921 524288 4194306 536870912 16777284 0 0 0 65536 537001984 0 2048 128 0 0 2 0 0 0 8388608 0 0 0 0 67108864 0 0 0 0 0 0 0 0 0 128 0 67108864 0 0 0 8192 0 8388612 2097152 0 8388608 16777248 32 0 0 256 0 5 0 0 0 262146 36 36864 0 0 0 0 0 0 0 134217728 0 0 0 0 0 0 0 0 0 268435456 0 0 4096 67108864 0 0 0 0 0 0 32768 8519680 8192 0 10240 8 0 0 0 1073741824 0 0 0 33554432 0 134217728 1024 2 16777216 1024 4194304 0 134217728 0 0 132 0 1074331664 0 0 0 0 2 2097152 16778240 65536 128 0 67108864 0 131072 131072 67108864 128 268435456 0 0 16416 0 0 0 0 0 0 0 0 0 0 0 0 0 0 0 0 0 0 0 0 4194304 0 0 0 0 0 0 0 1024 0 0 0 8388608
is_linear=0
shrinkage=0.05


Tree=57
num_leaves=31
num_cat=25
split_feature=16 20 1 17 3 0 0 5 0 0 0 3 0 0 0 0 0 0 0 0 0 16 19 3 0 0 0 0 0 0
split_gain=6497.44 738.18 233.424 227.635 125.869 113.96 99.0851 97.4468 94.6248 90.8546 74.9885 71.1641 75.8364 73.7315 69.6696 69.2818 64.7087 63.5014 61.1369 62.9351 60.9058 59.4852 60.4171 57.6497 62.8951 57.2256 54.4389 55.2244 53.8053 53.9638
threshold=1.0000000180025095e-35 0.26782226562500006 0 3.5000000000000004 1 2 3 4 5 6 7 8 9 10 11 12 13 14 15 16 17 1.3002929687500002 163.18750000000003 18 19 20 21 22 23 24
decision_type=10 2 1 2 1 9 9 1 9 9 9 1 9 9 9 9 9 9 9 9 9 10 2 1 9 9 9 9 9 9
left_child=-1 2 9 5 -4 -3 -7 23 -6 -2 -10 12 -11 -14 -12 -15 -9 -16 -17 -20 -19 22 -5 -8 -25 -22 -26 -28 -13 -30
right_child=1 3 4 21 8 6 7 16 10 11 14 28 13 15 17 18 -18 20 19 -21 25 -23 -24 24 26 -27 27 -29 29 -31
leaf_value=-0.021252878259846893 -0.046762609280248425 0.14298243389010448 -0.015526833751679004 0.066478864611225083 -0.025268055073598795 0.05859803616366567 -0.0094623362020439319 0.043332499976100641 -0.024576878908617095 0.9192615215434552 -0.022769808060809051 0.11427274542825361 0.28944850767367741 0.25025922295337344 -0.021081998790801262 0.15297361146112731 -0.010051888021112189 -0.01946455052248959 0.13984497795328671 -0.0082892240434479184 -0.017747345272494199 0.0052418819564046173 8.80107504989369 0.20211735013334342 0.14937448535686543 -0.010892426691668011 0.089130952387366846 -0.0025935394527757173 0.080052828939115334 -0.02151817775052205
leaf_weight=4726430 80344 58759 983183 570071 141475 101066 1342020 50191 131825 4945 122047 4171 8084 9039 113716 8665 4350106 110375 10074 976966 106408 1460086 343 17108 25923 1304689 33931 4185581 7114 1273945
leaf_count=4726430 80344 58759 983183 570071 141475 101066 1342020 50191 131825 4945 122047 4171 8084 9039 113716 8665 4350106 110375 10074 976966 106408 1460086 343 17108 25923 1304689 33931 4185581 7114 1273945
internal_value=-0.00085411 -0.000411916 -0.000898778 -0.000196452 -0.0011912 -0.000293002 -0.000305768 -0.000321504 -0.000966336 -0.00052901 -0.000872917 -0.000471343 -0.000159006 -0.000189192 -0.000786623 -0.000227479 -0.000497612 -0.000700601 -0.000267057 -0.000303785 -0.000615407 0.000286875 0.000719854 -0.000183236 -9.32563e-05 -0.000526922 -0.000105452 -0.000119488 -0.00071868 -0.000737156
internal_weight=2.23187e+07 1.75922e+07 5.39706e+06 1.21952e+07 3.01372e+06 1.01647e+07 1.01059e+07 1.00049e+07 2.03054e+06 2.38335e+06 1.88906e+06 2.303e+06 1.01777e+06 1.01283e+06 1.75724e+06 1.00474e+06 4.4003e+06 1.63519e+06 995705 987040 1.52147e+06 2.0305e+06 570414 5.60456e+06 4.26254e+06 1.4111e+06 4.24544e+06 4.21951e+06 1.28523e+06 1.28106e+06
internal_count=22318680 17592250 5397065 12195185 3013718 10164685 10105926 10004860 2030535 2383347 1889060 2303003 1017773 1012828 1757235 1004744 4400297 1635188 995705 987040 1521472 2030500 570414 5604563 4262543 1411097 4245435 4219512 1285230 1281059
cat_boundaries=0 1 2 70 135 136 229 309 404 405 484 563 658 722 818 913 993 1070 1166 1167 1246 1342 1427 1504 1584 1661
cat_threshold=39 8 0 0 0 0 0 0 4194304 1024 0 0 0 0 134217728 0 0 0 512 131072 0 0 0 1073742336 268435584 67108864 0 16384 0 1610612736 16 8196 16384 0 0 1 32768 0 0 32768 8 0 0 4194304 4194336 0 0 0 0 1048576 0 0 0 2147483648 0 2048 0 33554432 64 4096 0 0 0 0 0 0 0 268435456 0 1024 33554432 0 0 0 8388672 65536 0 131072 0 0 0 0 0 0 0 1025 131072 0 0 0 0 131088 2097152 0 0 0 2097152 0 1024 1073741824 0 8388608 0 0 0 32768 0 2 1024 524544 0 0 0 32 544 32768 0 0 0 0 0 0 2097152 0 0 66048 8388608 2097152 0 8388608 0 0 1024 0 1 15 0 0 0 0 0 0 0 0 0 0 0 0 0 0 0 0 0 0 0 0 0 0 0 0 0 0 0 0 0 0 0 0 0 0 0 0 0 0 0 0 0 0 0 0 0 0 302317568 0 0 1 8192 134251520 16777216 128 4 0 0 1 67108864 0 6144 524288 4 0 0 0 0 0 0 0 0 0 0 0 0 0 0 0 0 8388608 32768 402653186 64 84150272 0 0 0 0 0 4 0 135168 1 0 32 0 0 0 0 0 0 0 8388608 655360 0 0 2147483648 0 0 0 262400 0 138412032 0 268435456 2048 0 32768 0 8388609 16 0 0 0 0 0 134217728 0 0 33554688 536870912 67108864 0 0 0 2048 0 33554433 0 0 0 0 0 0 0 0 0 0 0 0 0 0 0 0 0 0 0 0 4194304 0 0 0 0 138494144 0 0 0 0 0 0 0 256 2 0 0 0 0 0 0 0 0 0 0 0 0 0 0 0 0 0 0 0 0 0 0 0 0 0 0 0 0 0 0 0 0 0 0 0 0 0 0 0 0 0 0 0 0 0 16384 8 0 256 0 8388672 8 0 268566560 128 134217744 0 536871008 8388624 524290 0 0 0 0 0 0 0 0 0 0 0 0 0 0 0 0 0 0 0 2048 0 0 8 0 1048704 16400 33554432 67108864 4194304 32768 0 2 65536 0 134217728 5 0 0 0 0 0 0 0 0 0 0 0 0 0 128 0 0 0 0 16384 536903680 0 1157627904 268435456 0 128 512 0 1073742848 536870912 0 16384 16777216 2 262144 33554432 0 128 9470208 0 0 8192 0 96 0 131072 0 0 0 0 0 0 0 0 0 0 0 0 0 0 0 0 0 0 0 0 0 0 0 0 0 0 0 33554432 0 0 1024 0 0 2147484672 0 0 0 0 0 0 0 0 0 0 0 2 0 0 0 0 0 65536 0 33554432 131072 8192 0 0 0 0 128 0 2048 65536 1 67108864 536870912 525312 0 64 0 2147483648 12 4194304 1048576 0 0 0 0 0 0 0 0 0 0 0 0 0 0 0 0 0 0 0 0 0 0 0 0 0 0 64 41943040 32768 268439552 0 0 536870912 268437504 0 4194304 4198400 32768 0 0 0 0 0 0 0 0 0 0 0 0 0 0 0 0 0 0 0 0 0 0 0 0 0 0 0 0 0 0 0 0 0 0 0 0 0 0 0 0 0 0 0 0 2147483648 2147483776 0 4194306 0 0 0 0 268502016 0 2064 0 2050 0 1073807872 0 2147549184 134219776 0 0 0 0 0 0 0 0 0 0 0 0 0 0 0 0 0 2147484672 1 0 2 0 64 0 1024 2 33554432 0 1024 0 8 1048576 335544320 0 1048576 0 0 0 0 0 0 0 0 0 1 0 262144 128 0 0 0 67108864 4096 0 0 0 512 0 131200 16384 536870912 0 16384 64 0 0 67584 8388608 2184 0 4194304 524320 536871424 32768 64 1179648 32 0 0 0 0 0 0 0 0 0 0 0 0 0 0 0 0 0 0 0 268443648 6291456 0 2097152 8192 4096 131136 0 1048576 8192 0 0 0 0 4 40960 0 134217728 0 0 0 0 0 0 0 2049 0 0 0 2359296 0 0 524288 268435456 128 0 0 1073741824 32 0 0 0 0 0 0 0 0 0 0 0 2048 268435456 0 64 2 4096 0 0 260 0 0 0 0 0 0 0 0 0 0 0 0 0 0 0 0 0 8388608 0 0 0 0 0 0 0 0 0 0 0 0 1024 0 0 0 0 0 0 16 0 0 0 0 0 0 0 0 0 0 0 0 0 0 0 0 0 0 0 0 0 0 0 0 0 0 0 0 0 0 0 0 0 0 0 0 0 0 0 0 0 0 0 0 0 4194304 0 0 536871428 0 537395328 32 0 2147483649 16416 0 0 0 133186 68157696 0 64 8 0 0 0 0 0 0 0 0 0 0 0 0 0 0 0 0 0 0 67108864 1073742336 0 4 1073741824 545259520 0 1074790400 0 0 0 4194304 0 32 0 0 0 0 0 0 1024 134221824 0 0 8 0 0 8192 2097152 0 0 16384 0 0 0 2048 0 16793600 1073741824 0 301989888 0 0 8192 128 524288 4194312 0 65536 0 0 0 402653184 0 16384 128 32768 1048576 2097152 0 0 0 0 0 0 0 0 0 0 0 0 0 0 0 0 0 0 0 0 0 0 4194304 256 0 0 0 0 65536 0 256 0 2 0 16 0 0 0 0 0 0 0 0 524288 0 1024 0 32768 0 0 0 0 1074266112 0 0 0 0 0 3 268435456 262144 2048 0 128 262148 8 64 128 4 139264 65792 0 0 16384 0 32 0 0 268435456 0 0 0 0 0 0 0 0 0 0 0 0 0 0 0 0 0 0 0 256 0 0 33554560 0 0 0 0 66 0 320 0 0 134217728 0 0 0 0 0 0 0 0 0 0 0 0 0 0 0 0 0 0 0 0 0 0 0 0 0 0 0 0 0 0 0 0 0 0 0 0 0 0 0 0 0 0 0 0 0 0 0 1107296256 0 67108864 131072 0 0 262144 0 0 0 0 4096 18432 67109408 0 64 0 0 0 0 0 0 0 0 0 0 0 0 0 0 0 0 8192 10368 0 67108864 2129921 524288 4194306 0 16777284 0 0 0 65536 537001984 0 133120 128 8 0 512 0 2048 0 0 0 0 0 0 0 0 0 0 0 0 0 0 0 0 0 68157440 0 0 0 0 0 1 33024 0 0 524800 0 2048 8388608 262144 32770 0 0 1 24576 0 33554432 4194304 4096 2048 0 0 0 0 0 0 0 0 0 0 0 0 0 0 0 0 0 0 0 16384 0 0 4096 0 0 67108864 1107296258 0 0 1026 0 0 2147492864 0 0 0 0 0 0 0 0 0 0 0 0 0 0 0 0 0 0 0 0 0 0 0 0 0 0 0 0 0 0 0 0 0 0 0 0 0 0 0 0 0 0 0 0 0 0 67109120 128 24576 0 0 0 4194304 67108864 2181046272 0 33554432 67141632 4 1073815552 64 33554688 0 0 0 0 0 0 0 0 0 0 0 0 0 0 0 0 0 0 0 0 33588480 0 9216 0 0 0 64 0 131072 0 1024 16384 1 256 65536 16777216 0 0 2147483648 0 0 0 0 0 0 0 0 0 128 0 0 1073741824 0 0 0 0 0 0 0 0 24576 0 8388608 0 272662528 0 1 1073741824 0 256 128 8388608 0 0 1048576 1024 537001984 0 0 0 0 0 0 0 0 0 0 0 0 0 32 0 0 0 0 0 0 16777232 8196 0 8 16 0 0 0 0 262144 0 32768 0 524288 0 131072 0 0 0 0 0 2097152 131072 0 0 0 0 0 0 0 0 0 0 0 16777216 0 0 0 2 536870912 512 0 0 0 32 0 0 2147483648 0 0 65538 67174416 0 0 2 16777216 0 65536 0 256 2147483648 0 536871936 16777216 0 262144 268567808 0 0 0 0 0 0 1073741824 67108864 0 0 0 0 0 0 0 0 0 0 0 0 16777232 0 0 0 0 0 0 0 0 0 538968064 33554432 0 131072 1048576 0 0 0 524304 0 0 2 16 0 32 0 4194304 4202496 0 0 0 0 0 1073741824 131328 0 0 0 0 0 32768 0 131072 8388608 0 0 0 32 0 0 0 0 65536 0 0 0 0 0 0 0 0 0 0 0 0 0 0 0 0 0 0 0 0 0 0 8388624 536870912 0 0 536871424 2 8388608 0 1024 4 0 0 67108880 65536 0 0 8 33554432 134217728 131080 1073741824 1090519120 8 0 0 0 0 0 0 256 0 0 0 0 0 526336 0 0 16 65536 0 0 0 0 0 0 0 0 0 0 0 0 32768 5120 0 131072 65536 0 0 262144 0 0 0 0 0 0 0 0 0 0 0 0 0 0 0 0 0 0 0 0 16777216 0 32 0 0 576 33554432 0 16777216 1056768 134217856 0 0 524288
is_linear=0
shrinkage=0.05


Tree=58
num_leaves=31
num_cat=24
split_feature=16 20 1 18 0 3 0 0 5 0 0 0 17 0 0 0 0 0 0 0 0 0 3 16 3 0 0 0 0 18
split_gain=6577.76 709.468 224.502 208.935 151.476 118.88 105.851 93.7465 90.5585 88.2576 73.6918 71.5624 71.2761 66.4227 63.2819 83.0706 67.254 64.843 62.6556 62.5595 78.2529 69.4199 72.7594 72.9187 57.4592 70.1126 57.1105 56.3643 56.291 54.9307
threshold=1.0000000180025095e-35 0.26782226562500006 0 3.5000000000000004 1 2 3 4 5 6 7 8 1.5000000000000002 9 10 11 12 13 14 15 16 17 18 3.4248046875000004 19 20 21 22 23 18.500000000000004
decision_type=10 2 1 2 9 1 9 9 1 9 9 9 2 9 9 9 9 9 9 9 9 9 1 10 1 9 9 9 9 2
left_child=-1 2 9 6 -4 11 -3 -7 18 -2 -9 -6 19 -12 -15 -16 -17 -18 -8 -11 -21 -22 -23 -24 -20 -26 -27 -13 -10 -5
right_child=1 3 4 29 5 7 8 10 28 12 13 27 -14 14 15 16 17 -19 24 20 21 22 23 -25 25 26 -28 -29 -30 -31
leaf_value=-0.020190234346854546 -0.045405990113556088 0.17519195505513288 0.0024715124848624041 0.0092365001464467956 0.050409555105612125 -0.024004652319918853 0.096795299190634967 -0.023348034963186239 0.054280886815187016 -0.053824544744565821 -0.021092936371561139 0.032735356162296135 0.035681768013053984 0.048687842035603238 0.045851521256909118 0.017306725502284428 0.02806788952540671 -0.015272338511412742 -0.0092436813622153568 -0.054953829451231929 -0.041972965628463976 -0.016203341162247354 0.0051884182621502635 -0.010079876316317861 0.21396387691944066 0.13211184781026264 -0.0022761685405046305 -0.015792112586929263 -0.0094238241980855401 0.17031820970075867
leaf_weight=4726430 79726 51690 25022 1861437 4030 142580 42174 132559 46828 69164 119985 7173 39056 10695 20409 19843 21997 1543511 1345203 88995 79353 637119 673625 716309 18924 27504 4230049 965914 4401035 170341
leaf_count=4726430 79726 51690 25022 1861437 4030 142580 42174 132559 46828 69164 119985 7173 39056 10695 20409 19843 21997 1543511 1345203 88995 79353 637119 673625 716309 18924 27504 4230049 965914 4401035 170341
internal_value=-0.000843969 -0.00039905 -0.00087635 -0.000187818 -0.00116313 -0.00119556 -0.000280351 -0.00097577 -0.000291889 -0.000513716 -0.000881482 -0.00164804 -0.000457106 -0.000794725 -0.000710463 -0.000736003 -0.000776813 -0.000813482 -0.000159288 -0.000493633 -0.00044698 -0.000385615 -0.000328817 -0.000126002 -0.000173694 -8.40398e-05 -9.75406e-05 -0.0016756 -0.000460739 0.000275057
internal_weight=2.23187e+07 1.75922e+07 5.39706e+06 1.21952e+07 3.01372e+06 2.9887e+06 1.01634e+07 2.01158e+06 1.01117e+07 2.38335e+06 1.869e+06 977117 2.30362e+06 1.73644e+06 1.61646e+06 1.60576e+06 1.58535e+06 1.56551e+06 5.66385e+06 2.26456e+06 2.1954e+06 2.10641e+06 2.02705e+06 1.38993e+06 5.62168e+06 4.27648e+06 4.25755e+06 973087 4.44786e+06 2.03178e+06
internal_count=22318680 17592250 5397065 12195185 3013718 2988696 10163407 2011579 10111717 2383347 1868999 977117 2303621 1736440 1616455 1605760 1585351 1565508 5663854 2264565 2195401 2106406 2027053 1389934 5621680 4276477 4257553 973087 4447863 2031778
cat_boundaries=0 1 95 96 162 255 256 336 431 489 584 680 776 870 966 1049 1128 1204 1283 1284 1285 1364 1443 1534 1623
cat_threshold=39 0 0 0 0 0 0 0 0 0 0 0 0 0 0 0 0 0 0 0 0 0 0 0 0 0 0 0 0 0 0 0 0 0 0 0 0 0 0 0 0 0 0 0 0 0 0 8388608 2215673856 1 17432576 6144 4 134217728 0 1024 2102404 1619001857 16384 0 0 0 0 0 0 0 0 0 0 0 0 0 0 0 0 0 0 0 0 0 0 131072 0 0 0 0 33554432 0 1024 1024 524288 0 536870912 0 67108864 8 0 0 524288 16384 0 0 4194304 1024 0 0 0 0 134217728 0 0 1024 0 1073741824 0 0 0 1073741824 268435456 67108864 0 16384 0 1610612736 16 8192 16384 0 536870912 1 32768 0 0 32768 1032 65536 16384 4194304 6291456 0 512 32768 0 0 0 0 0 2147483648 0 0 0 0 64 0 0 0 0 0 0 0 0 268435456 0 0 0 0 0 0 0 0 0 0 0 0 0 0 0 0 0 0 0 0 0 0 0 0 0 0 0 0 0 0 0 0 0 0 0 0 0 0 0 0 0 0 0 0 0 0 302317568 0 0 1 8192 134251520 16777216 128 4 0 0 0 67108864 0 6144 524288 4 0 0 0 0 0 0 0 0 0 0 0 0 0 0 0 0 8388608 32768 402653186 64 84150272 0 0 0 0 4194304 4 0 135168 1 15 0 32 0 1572864 0 0 0 0 0 8388608 1073872896 0 0 2147483776 0 0 0 262400 0 138412032 0 0 2048 0 32768 0 8388609 16 0 0 0 0 0 0 0 0 33554432 536870912 67108864 0 0 0 2048 0 1 0 0 0 0 0 0 0 0 0 0 0 0 0 0 0 0 0 0 0 0 4194304 0 0 0 0 138494080 0 8 0 32 0 0 0 256 2 0 0 0 0 0 0 0 0 0 0 0 0 0 0 0 0 0 0 0 0 0 0 0 0 0 0 0 0 0 0 0 0 0 0 0 0 0 0 0 0 0 0 0 0 0 16384 8 0 256 0 8388672 8 0 268566560 128 16 2048 536871009 8388624 524290 0 0 0 0 0 0 0 0 0 0 0 0 0 0 0 0 0 0 0 2048 0 0 8 0 1048704 16384 33554432 67108864 0 32768 0 2 65536 0 402653184 0 0 0 0 0 0 0 0 0 0 0 0 0 0 0 0 0 0 0 0 0 0 0 0 0 0 0 0 0 0 0 0 0 0 0 0 0 0 0 0 0 0 0 0 0 88080416 2097152 2690304 2147483648 278528 1024 2151694352 8388672 528384 0 536879104 524352 169869584 0 0 0 0 0 0 0 0 0 0 0 0 0 0 0 0 0 0 0 0 0 0 0 0 0 0 0 0 0 0 0 0 0 0 0 0 0 0 0 0 0 0 0 0 0 4194432 0 2 0 0 0 0 268502016 0 2064 134217728 2 0 1073807872 1048576 2147549184 134219776 8 0 0 0 0 0 0 0 0 0 0 0 0 0 0 0 0 2147484672 1 0 2 0 68 0 1024 2 33554432 0 1024 0 8 1048576 67108864 0 0 0 0 0 0 0 0 0 0 0 0 0 0 0 0 0 0 0 0 0 0 0 0 0 0 0 0 0 0 0 0 0 0 0 0 0 0 0 0 0 0 0 0 0 3 1572864 0 1048576 268435456 0 1073741824 8192 8192 8388608 0 16777216 286261248 1048576 0 0 0 0 0 0 0 0 0 0 0 0 0 0 0 0 0 0 0 0 0 4195328 131073 0 524288 32 4096 524288 0 0 0 134217760 32768 512 2097216 640 4 0 0 0 0 0 0 0 0 0 0 0 0 0 0 0 0 0 0 0 0 0 0 0 0 0 0 0 0 0 0 0 0 0 0 0 0 0 0 0 0 0 0 0 0 536870912 20 134217858 0 0 0 32 0 4 0 2097152 0 0 0 0 0 128 0 1024 0 0 0 0 0 0 0 0 0 0 0 0 0 0 0 0 65536 256 4 16777216 0 536870912 2147483904 1342177280 0 0 1048576 68157441 12582912 134217728 32 2692743168 2 0 0 0 0 0 0 0 0 0 0 0 0 0 0 0 0 0 0 0 0 0 0 0 0 0 0 0 0 0 0 0 0 0 0 0 0 0 0 0 0 0 0 0 0 0 8421376 0 8470528 1073741824 0 1073741824 536870912 0 0 131073 100663360 8 131072 536870912 1 8388608 16777216 0 0 0 0 0 0 0 0 0 0 0 0 0 0 0 0 0 0 0 32768 262144 0 131072 536870920 4096 0 268435457 64 2 2097664 0 8388608 0 0 0 0 0 0 0 0 0 0 0 0 0 0 0 0 0 0 0 0 0 0 0 0 0 0 0 0 0 0 0 0 0 0 0 0 0 0 0 0 0 0 0 0 0 268435456 0 0 0 1073774656 0 8192 32 2 536870912 4194304 131328 524288 0 0 0 0 0 0 0 0 0 0 0 0 0 0 0 0 0 0 0 0 0 0 0 33554464 0 1077936128 2097664 0 4 48 2080 67108864 0 0 33572864 9728 65536 16 1073807360 4096 0 0 0 0 0 0 0 0 0 0 0 0 1024 2 0 131072 0 4096 4096 524800 128 0 1048576 0 35659776 0 0 262148 268435456 0 0 264192 0 256 67108866 0 0 0 1057792 0 96 4 268435456 0 1073741824 0 0 0 0 0 0 0 0 0 0 0 0 0 0 0 0 0 0 0 0 0 0 0 0 0 0 0 0 0 0 0 0 0 0 0 536870912 0 0 0 8 0 0 0 0 256 0 8388608 0 0 0 0 0 0 0 0 17 67108864 4 0 0 160 138412032 0 0 1107296768 0 0 0 2147483648 0 524288 16896 0 0 0 0 4 1073807360 0 8390656 33554432 0 0 0 0 0 0 0 0 0 0 0 0 0 0 0 0 0 0 1048576 0 1024 0 0 1024 0 0 8388608 16777216 0 0 0 8388608 8192 16777216 64 0 8192 134217728 0 0 0 0 8388608 0 0 0 0 0 1048576 0 0 0 65536 0 0 0 0 0 0 1 0 0 0 537919488 0 131073 0 268435456 16777216 2147483664 65792 0 0 0 0 0 8389636 2147500032 0 0 0 0 0 0 0 0 0 0 0 0 0 0 0 0 0 0 0 512 65792 128 536870914 0 0 0 1 2 0 0 536870912 65536 0 545259520 536872976 0 1024 0 16777216 0 0 0 0 0 0 0 0 0 0 128 0 0 8388672 268435456 2147483648 0 0 8192 0 0 1 0 8388608 0 0 520 0 0 524288 0 0 1073741824 33554432 0 134217736 0 0 0 0 0 0 0 0 0 0 0 0 0 0 0 0 0 0 0 0 2621440 16809984 0 0 8 2097152 0 0 1048576 0 0 0 0 1073741824 1073741824 262144 8 8 8 512 0 0 2147483712 0 0 1048576 0 0 0 0 0 0 0 0 2 0 0 0 0 68157440 0 0 0 0 256 0 8421632 0 0 8913408 0 0 8388608 0 0 0 0 1 0 1024 536871424 4456448 4096 0 0 0 0 0 0 0 0 0 0 0 0 0 0 0 0 0 0 0 0 16384 0 0 4096 0 0 67108864 1107558400 0 0 2 0 0 2147484672 0 16777216 2 2048 0 512 8388608 0 0 0 64 0 2048 0 32896 0 0 0 0 0 0 139328 0 1024 0 0 16448 0 0 67108864 0 16777216 1 1090519044 0 0 128 12582912 0 524288 0 2 33554432 0 1028 0 0 0 0 0 0 0 0 0 0 0 0 0 0 0 0 0 0 16777216 0 0 0 0 0 0 0 0 0 0 0 0 524288 0 131072 0 0 0 0 0 0 0 0 0 0 0 0 0 0 0 0 0 0 0 0 0 0 0 0 0 0 0 0 0 0 0 0 0 0 0 0 0 0 0 0 0 0 0 0 0 41943040 1073743888 8388648 786432 2147483648 2 65536 2114048 2099202 1073745920 1073807873 16384 4100 0 0 0 0 0 0 0 0 0 0 0 0 0 0 0 0 0 0 0 0 0 0 0 65536 134217728 0 0 0 0 0 16 0 2097152 0 0 131074 0 0 65536 0 1048576 0 2 0 0 16777216 1048576 8192 0 0 0 0 0 0 1048576 2097152 0 2048 0 0 32768 2359296 0 0 512 0 16512 0 8 1073741824 0 0 0 0 0 0 32 0 0 0 0 1073741824 2048 0 0 2097152 2 528384 4194816 0 4352 0 0 0 0 1024 0 0 0 0 0 0 0 0 0 0 0 0 0 0 0 0 0 0 0 0 0 0 0 0 0 1024
is_linear=0
shrinkage=0.05


Tree=59
num_leaves=31
num_cat=22
split_feature=16 20 1 17 0 3 0 0 18 9 0 19 0 0 6 16 3 0 3 0 0 0 0 0 0 0 0 0 0 16
split_gain=6612.63 724.874 238.068 189.167 154.072 124.292 93.5218 90.3052 87.9437 72.3566 71.9958 69.7534 67.1168 63.3273 62.6083 62.2644 57.9459 88.3499 57.0482 99.3273 56.5363 58.3816 55.2103 54.8288 53.2951 52.6512 52.2673 52.0333 51.9695 51.6517
threshold=1.0000000180025095e-35 0.26782226562500006 0 3.5000000000000004 1 2 3 4 3.5000000000000004 5 6 0.49987792968750006 7 8 2.5000000000000004 1.4853515625000002 9 10 11 12 13 14 15 16 17 18 19 20 21 1.0297851562500002
decision_type=10 2 1 2 9 1 9 9 2 9 9 2 9 9 2 10 1 9 1 9 9 9 9 9 9 9 9 9 9 10
left_child=-1 2 7 8 -4 -6 -7 -2 9 -3 -8 15 -12 -14 23 22 17 -17 19 -16 -15 -22 -9 -11 -20 -21 -26 -19 -18 -5
right_child=1 3 4 29 5 6 10 11 -10 14 12 -13 13 20 18 16 28 27 24 25 21 -23 -24 -25 26 -27 -28 -29 -30 -31
leaf_value=-0.019180722629511822 -0.041356924499239472 -0.075657669123367022 0.0029067588893794184 0.071103471799451548 -0.015002506957582797 -0.022804419703922909 0.047543605451088981 -0.093696595039450228 0.0076169389696928895 0.45367443426655307 -0.021717020327296433 0.020701643604401538 -0.019264281925690564 -0.024762179115968452 0.97273805582994533 0.56806801073631019 0.068878119878940006 0.45777456007292444 0.060403883092661238 0.41942696876901842 -0.017307734847247191 -0.014106462597713022 0.055338521747439785 -0.00222716113134227 0.042355535230468894 -0.0030361228232784945 -0.0090741554278266912 -0.0032318752513876836 -0.019717092919130264 0.0051882122399272415
leaf_weight=4726430 84112 54791 25260 501146 976870 145261 12021 21899 940136 6477 129030 76275 123104 113889 2443 1699 6794 2033 33222 3000 119309 1368974 117800 2451722 46958 1669613 4956323 433640 1639095 1529354
leaf_count=4726430 84112 54791 25260 501146 976870 145261 12021 21899 940136 6477 129030 76275 123104 113889 2443 1699 6794 2033 33222 3000 119309 1368974 117800 2451722 46958 1669613 4956323 433640 1639095 1529354
internal_value=-0.000839584 -0.000393488 -0.000875942 -0.000179974 -0.00117126 -0.00120413 -0.000979406 -0.000502513 -0.000267988 -0.00031494 -0.000884282 -0.000443641 -0.000909293 -0.000827017 -0.000304114 -0.000494656 -0.000563181 -5.16259e-05 -0.000383182 -0.000130407 -0.000743037 -0.000660863 0.000527222 -8.82349e-05 -0.00046725 -0.000145151 -0.000480505 -9.61313e-05 -0.000699115 0.000260625
internal_weight=2.23187e+07 1.75922e+07 5.39706e+06 1.21952e+07 3.01372e+06 2.98846e+06 2.01159e+06 2.38335e+06 1.01647e+07 9.22455e+06 1.86633e+06 2.29924e+06 1.85431e+06 1.72528e+06 9.16976e+06 2.22296e+06 2.08326e+06 437372 6.71156e+06 1.67506e+06 1.60217e+06 1.48828e+06 139699 2.4582e+06 5.0365e+06 1.67261e+06 5.00328e+06 435673 1.64589e+06 2.0305e+06
internal_count=22318680 17592250 5397065 12195185 3013718 2988458 2011588 2383347 10164685 9224549 1866327 2299235 1854306 1725276 9169758 2222960 2083261 437372 6711559 1675056 1602172 1488283 139699 2458199 5036503 1672613 5003281 435673 1645889 2030500
cat_boundaries=0 1 95 96 189 269 270 366 461 556 557 636 637 714 809 905 982 1048 1106 1185 1280 1358 1436
cat_threshold=39 0 0 0 0 0 0 0 0 0 0 0 0 0 0 0 0 0 0 0 0 0 0 0 0 0 0 0 0 0 0 0 0 0 0 0 0 0 0 0 0 0 0 0 0 0 0 8388608 2148532224 1 17432576 6144 4 134217728 0 1024 2102404 1619001856 134234112 0 0 0 0 0 0 0 0 0 0 0 0 0 0 0 0 0 0 0 0 0 0 131072 65536 0 0 0 33554432 0 1024 1024 524288 2097152 536870912 0 67108864 8 0 0 0 0 0 0 0 0 0 0 0 0 0 0 0 0 0 0 0 0 0 0 0 0 0 0 0 0 0 0 0 0 0 0 0 0 0 0 0 0 0 0 0 0 0 0 268763136 0 0 1 8192 134251520 0 128 4 0 0 0 67108864 0 6144 524288 4 0 0 0 0 0 0 0 0 0 0 0 0 0 0 0 0 8390656 32768 402653186 64 84150272 0 0 0 0 4194304 32772 0 135168 1 0 0 0 1572864 0 0 0 0 256 8388608 1082261504 0 0 2147483776 0 0 0 262144 0 138412032 0 0 2048 0 32768 0 8388609 16 0 0 0 0 0 0 0 16384 33554432 536870912 0 0 0 0 2048 0 1 0 0 0 0 0 0 0 0 0 0 0 0 0 0 0 0 0 0 0 0 4195328 0 0 0 0 138494080 0 0 0 32 0 0 0 256 2 134217730 0 0 0 0 0 0 0 0 0 0 0 0 0 0 0 0 0 0 0 0 0 0 0 0 0 0 0 0 0 0 0 0 0 0 0 0 0 0 0 0 0 0 0 0 0 17 134743040 67141632 1048576 0 2415919104 1107296256 8192 0 8388608 536870912 16809985 268435456 0 0 0 0 0 0 0 0 0 0 0 0 0 0 0 0 0 0 0 0 0 0 1024 0 16777216 524288 0 2560 524288 0 0 0 134217728 32768 0 8 2147484160 6 0 0 0 0 0 0 0 0 0 0 0 0 0 0 0 0 0 0 0 0 0 0 0 0 0 0 0 0 0 0 0 0 0 0 0 0 0 0 0 0 0 0 0 0 0 16512 8 2 0 0 8388672 8 16777216 268566560 128 0 2048 536871009 8388624 524290 0 0 0 0 0 0 0 0 0 0 0 0 0 0 0 0 0 0 0 0 1 0 8 0 1048704 16384 33554432 67108864 0 0 0 2 65536 0 402653184 0 0 0 0 0 0 0 0 0 0 0 0 0 0 0 0 0 0 0 0 0 0 0 0 0 0 0 0 0 0 0 0 0 0 0 0 0 0 0 0 0 0 0 0 0 4194304 0 0 0 0 0 0 268502016 0 18448 134217744 2 0 1073807872 1048576 2147549184 134219776 8 0 0 0 0 0 0 0 0 0 0 0 0 0 0 0 0 2147484672 0 0 2 0 68 0 1024 2 33554432 0 1024 0 8 1048576 67108896 4 33554432 0 0 0 0 1073741824 0 16777216 0 0 0 2 0 0 0 1073741824 0 65536 0 0 0 0 536870912 0 2097152 0 0 2147483648 536870928 0 16384 8388608 0 2048 8388608 0 0 32768 0 536870912 65536 0 32 0 0 0 0 0 0 0 0 0 0 0 0 0 0 0 0 0 0 0 0 0 268435460 256 0 0 0 8 4096 0 0 64 131072 134217728 536870912 16386 2147483648 4 0 512 0 0 0 0 0 0 0 0 0 0 0 0 0 1024 0 0 0 4096 0 1073741824 268435456 0 0 0 16384 1073743872 33040 0 0 8912896 1 1073741825 0 65536 0 0 8 0 0 0 537001984 0 0 0 0 0 0 0 0 0 0 0 0 0 0 0 0 0 0 0 0 16777216 8388608 268451840 8 0 128 8388608 0 1 1074266112 0 8192 0 256 0 0 0 0 0 0 0 0 0 0 0 0 0 0 0 0 0 0 0 0 0 0 0 0 0 0 0 0 0 0 0 0 0 0 0 0 0 0 0 0 0 0 0 0 0 0 33554432 4194304 536871168 0 537395200 32 0 262145 32 0 0 0 133186 67127552 0 64 64 0 0 0 0 0 0 0 0 0 0 0 0 0 0 0 0 0 0 67108864 1073742336 2097152 0 1073741840 545259520 0 1074790400 0 0 0 4194304 0 2048 0 0 0 0 0 0 0 0 0 0 0 0 0 0 0 0 0 0 0 0 0 0 0 0 0 0 0 0 0 0 0 0 0 0 0 0 0 0 0 0 0 0 0 0 0 2147483648 0 1107296256 4 67108864 131200 0 0 0 0 0 0 0 4100 1073750016 67109408 33554432 0 0 0 0 0 0 0 0 0 0 0 0 0 0 0 0 0 8192 10368 0 0 32769 524288 4194306 0 16777284 64 0 0 65536 537001984 0 0 128 0 539234304 16 0 0 0 256 16384 0 0 4096 0 0 524288 0 0 0 0 0 0 32768 0 0 134217728 0 134217728 1048576 2048 4194304 0 2 512 1024 0 0 1073741824 0 1 32768 17043456 0 0 64 0 0 0 0 0 0 0 0 0 0 0 0 0 0 0 0 0 0 0 0 512 65536 0 0 0 1024 8 0 0 0 0 0 0 2097152 65536 0 0 0 1073741824 0 4194304 1024 0 0 0 0 134217728 0 0 0 134217728 131072 0 0 4096 1140850688 268435456 0 0 68173824 0 1073741824 16 67108868 16384 0 536870912 1 8421376 0 0 2147483648 8 0 8192 4194304 33554480 0 512 0 0 0 0 0 0 0 0 0 0 0 0 0 0 0 0 0 0 0 0 268435456 656384 256 3702784 8194 1073741824 0 4194328 0 0 0 0 0 0 0 0 0 134217728 0 2097152 0 0 1073741824 268435456 262144 0 0 0 1073741824 262144 1073741824 0 512 0 16512 0 0 0 32 0 0 0 0 0 0 0 0 4096 0 0 0 1048576 2147483648 512 0 4096 0 0 256 0 0 0 0 2147483648 0 0 1024 0 0 0 0 134217728 1048576 0 0 131072 131072 0 0 0 0 0 0 0 0 0 0 8388608 0 0 8192 536870914 262144 12582912 0 0 4 0 0 1056768 0 512 4194304 4640 32768 0 0 0 0 0 0 0 0 0 0 0 0 0 0 0 0 0 0 0 0 0 67108880 1 8 0 67108864 0 0 0 2 4194306 0 8192 0 0 131072 0 0 536870912 1024 0 0 2 0 0 0 0 40960 8448 0 536870912 524288 0 0 0 0 0 0 0 0 0 0 0 0 0 0 0 32768 2048 0 0 0 0 134217728 0 33558528 0 131072 4194304 0 1048576 1073741824 2048 268435458 1048576 1048576 0 524288 0 64 2101264 0 0 0 0 0 0 0 0 0 0 0 0 0 0 0 0 0 0 0 0 0 0 131072 0 0 0 0 0 0 0 0 0 0 0 0 0 8388608 0 0 0 0 0 524288 0 0 0 256 0 8192 0 0 128 32 0 2147483648 0 0 0 0 268435456 0 0 0 8192 0 0 0 0 0 0 0 0 0 1073741824 0 9 0 16384 0 0 1048576 0 0 0 0 0 0 0 0 0 0 0 0 0 0 0 0 0 0 0 402669568 0 2097152 128 0 8388608 16777218 268435474 0 32768 256 0 8200 2 4194304 0 0 1048576 0 0 2097152 0 2097152 0 0 8 16384 0 0 0 131072 0 0 0 0 33554464 1073741824 268435456 0 0 0 0 32 0 0 256 512 64 0 0 32 4194304 0 2048 65536 0 0 64 65536 524288 0 0 0 0 0 0 0 0 0 0 0 0 0 0 0 0 0 8388608 0 537001984 0 0 0 70 0 0 0 4 128 0 0 8256 67108864
is_linear=0
shrinkage=0.05


Tree=60
num_leaves=31
num_cat=25
split_feature=16 20 1 17 3 0 0 0 5 0 0 0 3 0 0 0 16 0 0 0 0 0 19 0 3 0 0 0 0 0
split_gain=6632.22 732.314 237.856 174.53 124.891 98.5573 96.7229 85.4723 82.3693 80.3147 78.0581 80.2752 76.4288 73.8498 71.4447 66.949 69.8627 62.5462 68.4443 60.5849 59.6757 58.9101 56.1257 57.2908 52.1906 52.1216 55.5601 51.999 51.4637 51.2511
threshold=1.0000000180025095e-35 0.26782226562500006 0 4.5000000000000009 1 2 3 4 5 6 7 8 9 10 11 12 3.3349609375000004 13 14 15 16 17 0.49987792968750006 18 19 20 21 22 23 24
decision_type=10 2 1 2 1 9 9 9 1 9 9 9 1 9 9 9 10 9 9 9 9 9 2 9 1 9 9 9 9 9
left_child=-1 2 9 6 20 -6 -3 -8 21 -2 -11 -12 27 -7 -15 -14 -17 -16 -19 -10 -4 -9 -20 -24 -23 -18 -27 -13 -26 -22
right_child=1 3 4 -5 5 13 7 8 19 10 11 12 15 14 17 16 25 18 22 -21 29 24 23 -25 28 26 -28 -29 -30 -31
leaf_value=-0.018221686498036231 -0.038142287778979635 0.12248175475397999 0.048068849478809968 0.02045048610065732 -0.021664198718726758 -0.020631169310931608 0.055184568707114572 0.065287119623249276 0.04038139320821884 -0.052898328764351632 -0.044409881140298341 0.10200426610395293 -0.052175118431620551 -0.016784698529657138 -0.023524070160170031 0.0062051282055007873 0.19056738647735677 -0.016442348104884829 -0.01314594923874577 -0.0088764794711354549 0.033442627031879613 -0.0090196339897455242 0.12281237970109182 0.018280484761180524 0.2014525457807726 0.10147400245766461 -0.0098445358889041046 -0.01556752362844336 -0.0018011786557957212 -0.014252381609703657
leaf_weight=4726430 76215 75805 3768 1492378 145261 128142 113501 58753 59142 88348 92203 2436 48247 125775 113212 681420 6705 124237 1345581 4532809 5618 1374438 1070 47257 18823 16583 707923 663267 4469536 973797
leaf_count=4726430 76215 75805 3768 1492378 145261 128142 113501 58753 59142 88348 92203 2436 48247 125775 113212 681420 6705 124237 1345581 4532809 5618 1374438 1070 47257 18823 16583 707923 663267 4469536 973797
internal_value=-0.000837127 -0.00039037 -0.000875293 -0.000175764 -0.00117048 -0.000946489 -0.000246396 -0.000259091 -0.000273825 -0.000502031 -0.000449271 -0.000391231 -0.000328603 -0.000849785 -0.000765266 -0.000126256 -6.36951e-05 -0.000676729 -0.000592175 -0.000432752 -0.00163305 -0.000150582 -0.000491938 0.00118221 -0.00016637 -0.000403137 -0.000443766 -0.000772642 -8.38167e-05 -0.00165724
internal_weight=2.23187e+07 1.75922e+07 5.39706e+06 1.21952e+07 3.01372e+06 2.03054e+06 1.07028e+07 1.0627e+07 1.05135e+07 2.38335e+06 2.30713e+06 2.21878e+06 2.12658e+06 1.88527e+06 1.75713e+06 1.46088e+06 1.41263e+06 1.63136e+06 1.51814e+06 4.59195e+06 983183 5.92155e+06 1.39391e+06 48327 5.8628e+06 731211 724506 665703 4.48836e+06 979415
internal_count=22318680 17592250 5397065 12195185 3013718 2030535 10702807 10627002 10513501 2383347 2307132 2218784 2126581 1885274 1757132 1460878 1412631 1631357 1518145 4591951 983183 5921550 1393908 48327 5862797 731211 724506 665703 4488359 979415
cat_boundaries=0 1 2 95 160 223 224 304 381 460 461 556 651 730 825 920 1016 1110 1176 1271 1272 1349 1428 1507 1586 1677
cat_threshold=39 8 0 0 0 0 0 0 0 0 0 0 0 0 0 0 0 0 0 0 0 0 0 0 0 0 0 0 0 0 0 0 0 0 0 0 0 0 0 0 0 0 0 0 0 0 0 0 268763136 0 0 1 8192 134251520 0 128 4 0 0 0 67108864 0 6144 524288 4 0 0 0 0 0 0 0 0 0 0 0 0 0 0 0 0 8390656 32768 402653186 64 84150272 0 0 0 0 4194304 32772 0 135168 1 0 0 0 0 0 0 4195328 0 0 0 0 0 134217728 0 0 0 0 0 0 0 0 1073742336 268451840 0 0 16384 0 1610612736 1040 8196 0 0 0 1 32768 0 0 32768 8 0 0 4194304 4194336 32 512 0 0 1048576 0 0 2 2147483648 0 2048 524288 0 8388672 0 0 8388608 0 0 0 0 1 1107296256 0 0 0 0 65536 0 132096 1048576 0 0 0 2147483648 4 0 0 131072 0 524288 0 0 16 0 67108864 0 0 0 0 0 131072 16384 0 0 0 0 32768 0 2 1024 524544 0 0 0 0 32 0 0 2147483648 0 0 1049600 0 2097152 0 0 82432 32 2101248 0 0 0 536870912 1024 15 0 32 0 1572864 0 0 0 0 256 8388608 1082261504 0 0 2147483776 0 0 0 262144 0 138412032 0 0 2048 0 32768 4194304 8388609 16 0 0 0 0 0 0 524288 0 33554432 536870912 0 0 0 0 0 0 0 0 0 0 0 0 0 0 0 0 0 0 0 0 0 0 0 0 0 0 0 4194304 0 0 0 0 138494080 8388608 0 0 32 0 0 0 256 2 0 0 8192 0 0 0 0 0 0 0 0 0 0 0 0 0 0 256 0 16 67108864 0 0 0 160 134217729 0 0 1107296768 536870912 0 131073 0 0 0 0 256 0 67108864 0 0 1073741824 3076 2155890688 33554433 0 0 0 0 0 0 0 0 0 0 0 0 0 0 0 0 0 0 512 0 1024 0 0 1024 0 0 2 16777216 0 0 0 8388608 64 0 2048 134217729 0 0 0 0 8388608 0 0 0 0 0 1048576 0 0 128 65536 0 8388672 0 2147483648 0 0 0 0 0 0 1048576 0 0 2147483648 268435464 16777216 2147483664 65536 0 0 1073741824 4 0 8388616 0 0 0 0 0 0 0 0 0 0 0 0 0 0 0 0 0 0 0 0 0 16810240 128 536870914 0 2097152 0 0 1048576 0 0 0 0 0 0 262144 8 0 0 0 0 0 0 0 0 0 0 0 0 0 0 0 0 0 0 0 0 0 0 0 0 0 0 0 0 0 0 0 0 0 0 0 0 0 0 0 0 0 0 0 0 0 16512 8 2 0 0 8388672 8 16777216 268566560 128 0 2048 536871009 8388624 524290 2147483648 0 0 0 0 0 0 0 0 0 0 0 0 0 0 0 0 0 0 0 1 0 8 0 1048704 16384 33554432 67108864 0 0 0 2 65536 0 134217728 0 0 0 0 0 0 0 0 0 0 0 0 0 0 0 0 0 0 0 0 0 0 0 0 0 0 0 0 0 0 0 0 0 0 0 0 0 0 0 0 0 0 0 0 0 4194304 0 0 0 0 0 0 268502016 0 16400 134217744 2 0 1073807872 68157440 65536 134219776 8 0 0 0 0 0 0 0 0 0 0 0 0 0 0 0 0 2147484672 0 0 2 0 68 16 1024 2 33554432 0 1024 0 8 1048576 67108896 0 536870912 536870912 8 0 0 2 1073758208 0 0 65536 4194304 33554432 1 0 0 16384 0 0 0 0 268435464 0 2105344 16777216 0 0 0 1 0 0 512 0 134218240 1073742080 16384 262144 0 0 0 0 0 134217728 0 0 0 0 0 0 0 0 0 0 0 0 0 0 0 0 0 0 0 0 0 0 0 0 0 0 0 33554496 0 0 8388608 0 65536 1073741824 1 16777216 0 0 0 0 0 0 0 0 0 0 0 0 0 0 0 0 0 0 0 0 0 0 0 0 0 0 0 0 0 0 0 0 0 0 0 0 0 0 0 0 0 0 0 0 0 0 33554432 4194304 536871168 0 537395200 32 0 262145 2080 0 0 0 133186 18688 0 64 64 0 0 0 0 0 0 0 0 0 0 0 0 0 0 0 0 0 0 67108864 1073742336 2129920 0 1073741824 545259520 0 1074790400 0 0 0 4194304 0 2048 0 0 0 0 0 0 0 0 0 0 0 0 0 0 0 0 0 0 0 0 0 0 0 0 0 0 0 0 0 0 0 0 0 0 0 0 0 0 0 0 0 0 0 0 0 2147483648 0 1107296256 8196 67108864 131200 0 0 0 0 0 0 0 4100 1073750016 67109408 33554432 0 0 0 0 0 0 0 0 0 0 0 0 0 0 0 0 0 0 10368 0 256 0 525312 4194306 0 16777284 64 0 0 65536 537001984 0 268435456 6291488 0 2097152 8192 4096 131136 2621440 0 8192 0 0 67108864 0 0 8192 0 134217728 0 0 0 0 1048576 0 262144 2048 0 0 0 2097152 0 524288 0 268435456 128 0 0 1073741824 32 0 0 0 0 0 0 0 0 0 0 1073741824 0 268435456 0 0 0 4096 0 0 260 0 0 0 0 0 0 0 0 0 512 33554432 0 0 0 0 0 0 0 0 131072 0 0 0 0 0 0 0 0 0 0 0 0 0 0 0 0 0 16 0 0 0 0 0 0 0 0 0 0 0 0 0 0 0 0 0 0 0 0 0 0 0 0 0 0 0 0 0 0 0 0 0 0 0 0 0 0 0 0 0 0 0 0 0 20971552 0 525568 1 17580032 4096 2147500052 8388608 524288 1024 128 1073742408 169869584 0 0 0 0 0 0 0 0 0 0 0 0 0 0 0 0 0 0 0 0 0 0 0 0 0 0 0 0 0 0 1024 0 0 0 0 67108864 0 4096 0 0 0 67108864 0 0 0 0 4194304 0 0 0 0 131074 2 536870912 0 0 0 0 160 0 0 68157440 0 4194305 2 0 0 0 1 1073743872 4194304 256 2 0 1073741824 0 1048576 0 131136 0 131072 2048 1073741824 0 0 0 0 0 67108864 2097152 0 0 0 0 0 0 0 0 0 2 0 269484032 0 0 0 0 0 0 0 0 0 0 0 0 0 0 0 0 0 0 0 0 0 0 0 0 0 0 0 0 0 0 0 0 0 0 0 0 0 0 0 0 0 0 0 0 0 131076 0 268452096 0 1073742112 0 2147483648 0 1048576 257 16908296 1048576 0 536870912 0 128 0 0 0 0 0 0 0 0 0 0 0 0 0 0 0 0 0 0 0 16777488 33554432 16777216 0 0 512 135168 1073741824 0 0 8388608 0 134219776 32 4096 8 541065232 2149580800 285212672 16777376 0 0 2097152 0 0 268436480 0 0 0 0 0 524288 0 0 0 0 0 0 268435456 262144 0 0 0 0 0 0 1048576 0 0 0 0 33554496 0 512 35651584 0 0 0 0 0 0 0 0 0 0 0 0 0 0 0 0 0 0 0 0 0 0 0 0 16384 0 268435456 65536 0 36864 0 0 32 0 0 0 1610612992 65536 0 16 0 0 0 1082146816 0 1048576 0 64 0 0 16384 0 0 65536 0 0 0 0 0 0 8 2 0 0 0 0 0 0 4194304 0 536870912 524288 1 536870920 0 0 0 0 0 0 0 0 0 0 0 0 0 0 0 0 0 0 0 0 0 0 0 0 0 0 0 32768 0 16402 0 0 0 0 4 32768 536870916 16777216 0 67633152 512 131584 1048704 0 2048 0 1073741824 0 0 0 0 0 134217728 0 0 16777216 2 0 0 134217728 2147487744 16384 4 0 1073807376 64 0 8192 16384 0 2097152 1024 589824 0 0 4325376 0 0 131200 0 128 0 0 1024 4 0 32768 0 0 0 0 0 0 0 0 0 0 0 0 0 0 0 0 0 0 0 0 0 0 0 0 0 0 1024 32800 0 0 0 0 0 0 16384 0 512 0 0 0 0 0 0 0 0 0 0 0 0 0 1024 0 131072 0 0 0 68165632 2097152 0 0 0 24576 0 33024 0 0 8913408 0 0 8388608 0 32768 8404992 0 1 24576 1024 570425344 4194304 4096 0 0 0 0 0 0 0 0 0 0 0 0 0 0 0 0 0 0 0 0 16384 0 0 4096 0 0 0 1107296256 0 0 1024 0 0 2147483648 0 0 0 0 0 0 0 0 0 0 0 0 0 0 0 0 0 0 0 0 0 0 0 0 0 0 0 0 0 0 0 0 0 0 0 0 0 0 0 0 0 0 0 0 0 109051904 1075841040 65568 524288 131072 1026 0 1065536 2099200 1073745920 1074017792 16384 0 0 0 0 0 0 0 0 0 0 0 0 0 0 0 0 0 0 0 0 0 0 0 0 0 0 0 0 0 0 1024 16 524288 2097152
is_linear=0
shrinkage=0.05


Tree=61
num_leaves=31
num_cat=26
split_feature=16 20 1 0 0 3 18 0 0 0 9 0 0 3 0 0 0 0 0 5 3 0 0 0 0 16 0 3 0 0
split_gain=6700.19 719.414 231.101 165.495 136.492 131.334 127.348 98.0122 83.9354 78.1135 77.199 76.402 83.4212 72.6606 161.366 106.1 84.2515 70.642 70.2676 69.8138 67.9627 67.4399 63.2365 63.1313 65.3684 58.7421 58.0482 54.3902 53.3757 51.797
threshold=1.0000000180025095e-35 0.26782226562500006 0 1 2 3 3.5000000000000004 4 5 6 7 8 9 10 11 12 13 14 15 16 17 18 19 20 21 3.3349609375000004 22 23 24 25
decision_type=10 2 1 9 9 1 2 9 9 9 9 9 9 1 9 9 9 9 9 1 1 9 9 9 9 10 9 1 9 9
left_child=-1 2 11 -3 -4 -6 10 -7 -9 -10 -5 -2 -13 14 -12 -16 -17 -18 -19 27 -14 -11 -22 -23 -25 -24 -20 -15 -26 -27
right_child=1 3 4 6 5 7 -8 8 9 21 13 12 20 19 15 16 17 18 26 -21 22 23 25 24 28 29 -28 -29 -30 -31
leaf_value=-0.017310602173134418 -0.041677128317600613 0.14908932831648153 0.0036654273471402599 -0.073058490243758975 -0.012996386560708251 -0.020580988782790424 0.0089804360669771301 0.041299465369975467 0.037632395347890313 -0.015922569755207627 0.79843848810427698 -0.046420554844157962 -0.014444708262498374 -4.5543161259490415e-05 0.51460889705556612 0.29480515627179038 0.18910214846874512 0.15067469025079527 0.099165099253686481 -0.0089067687714405198 -0.049732861755485774 0.03795510635651083 0.0032462364903647653 0.02501296181576956 -0.015706880866216945 0.18575073553822025 -0.0027751334216811422 -0.0097859036229726026 -0.013146100994019173 -0.0093523090944589004
leaf_weight=4726430 76618 191202 23979 58280 977158 145261 1933494 13799 18812 131952 5758 97995 690674 2095223 8994 12054 13669 16801 16813 4325063 48426 18408 716371 21579 122853 8421 2507094 1010740 1539917 744842
leaf_count=4726430 76618 191202 23979 58280 977158 145261 1933494 13799 18812 131952 5758 97995 690674 2095223 8994 12054 13669 16801 16813 4325063 48426 18408 716371 21579 122853 8421 2507094 1010740 1539917 744842
internal_value=-0.000828627 -0.000379587 -0.00086022 -0.000166879 -0.00115118 -0.00118132 -0.000190125 -0.000950394 -0.000853064 -0.000881994 -0.000261485 -0.000492297 -0.000440697 -0.000250921 -2.23769e-05 -4.10859e-05 -6.00945e-05 -7.9782e-05 -9.9075e-05 -0.000330306 -0.000377358 -0.000914867 -0.000190275 -0.000830468 -0.0008623 -0.000131689 -0.000120534 -0.000149457 -0.000897789 -0.000439963
internal_weight=2.23187e+07 1.75922e+07 5.39706e+06 1.21952e+07 3.01372e+06 2.98974e+06 1.2004e+07 2.01258e+06 1.86732e+06 1.85352e+06 1.00705e+07 2.38335e+06 2.30673e+06 1.00122e+07 2.58118e+06 2.57542e+06 2.56643e+06 2.55438e+06 2.54071e+06 7.43103e+06 2.20873e+06 1.83471e+06 1.51806e+06 1.70276e+06 1.68435e+06 1.46963e+06 2.52391e+06 3.10596e+06 1.66277e+06 753263
internal_count=22318680 17592250 5397065 12195185 3013718 2989739 12003983 2012581 1867320 1853521 10070489 2383347 2306729 10012209 2581183 2575425 2566431 2554377 2540708 7431026 2208734 1834709 1518060 1702757 1684349 1469634 2523907 3105963 1662770 753263
cat_boundaries=0 1 77 171 172 265 361 457 458 538 617 618 697 776 852 942 1037 1038 1039 1134 1211 1307 1401 1497 1498 1593 1670
cat_threshold=39 0 0 4325376 0 64 512 0 0 0 0 0 0 32 0 0 0 0 0 0 0 0 1073742336 268435456 67108864 0 0 0 536870912 0 4 0 0 0 0 4194304 0 67108866 0 2147483648 0 0 0 4325376 0 512 268435472 1073741824 0 0 0 1024 2147483648 2097152 2050 0 66048 0 4100 0 8388608 0 0 0 0 0 0 0 0 0 0 0 0 0 0 0 8388608 0 0 0 0 0 0 0 0 0 0 0 0 0 0 0 0 0 0 0 0 0 0 0 0 0 0 0 0 0 0 0 0 0 0 0 0 0 0 0 0 0 0 0 0 0 0 8388608 2156986368 0 917504 2048 541065216 134217728 0 525312 2101252 545260032 134234112 0 0 0 0 0 0 0 0 0 0 0 0 0 0 0 0 0 0 0 0 0 0 131072 65536 0 0 0 33554432 0 1024 1024 524288 2097152 2684354560 0 67108864 8 0 0 0 0 0 0 0 0 0 0 0 0 0 0 0 0 0 0 0 0 0 0 0 0 0 0 0 0 0 0 0 0 0 0 0 0 0 0 0 0 0 0 0 0 0 0 268763136 0 0 1 8192 134251520 0 128 4 0 0 0 67108864 0 6144 524288 4 0 0 0 0 0 0 0 0 0 0 0 0 0 0 0 0 8390656 32768 402653186 64 84150272 0 0 0 0 4194304 32772 0 135168 1 0 0 0 0 0 0 0 0 0 0 0 0 0 0 0 0 0 0 0 0 0 0 0 0 0 0 0 0 0 0 0 0 0 0 0 0 0 0 0 0 0 0 0 0 0 17 135790720 0 1 268435456 0 1073741828 10240 0 8388608 33555456 16777216 16777216 0 0 0 0 0 0 0 0 0 0 0 0 0 0 0 0 0 0 0 0 0 0 4195328 1 16777216 524288 32 4096 524288 0 0 0 134479872 32768 0 0 2155872768 4 0 0 0 0 0 0 0 0 0 0 0 0 0 0 0 0 0 0 0 0 0 0 0 0 0 0 0 0 0 0 0 0 0 0 0 0 0 0 0 0 0 0 0 0 536870912 32768 2 32768 0 16777216 4112 0 4 0 2097152 0 8 0 0 1 128 0 0 0 0 0 0 0 0 0 0 0 0 0 0 0 0 0 0 65536 256 32772 262144 131072 131072 0 0 0 0 1343225920 1048577 4194816 512 8388640 16384 2 134217730 0 32 0 1048576 0 0 0 0 0 0 131072 0 0 2147483776 0 0 0 262400 0 138412032 67108864 0 2048 0 32896 0 8388609 16 0 0 0 0 0 0 0 0 33554432 0 67108864 0 0 1073741824 0 2048 1 0 0 0 0 0 0 0 0 0 0 0 0 0 0 0 0 0 0 512 0 4194304 0 0 0 0 4276352 8388608 0 0 32 0 8388608 0 256 2 64 0 10240 134742016 0 0 0 0 8388608 0 0 0 0 0 0 0 0 0 65536 0 8388608 0 0 0 32 134217729 0 0 33554944 536870912 0 131073 0 0 16777216 0 256 0 0 0 4 0 1024 2147483648 33554432 0 0 0 0 0 0 0 0 0 0 0 0 0 0 0 0 0 0 0 0 1152 536870914 0 1024 0 134217728 1048578 16777216 0 0 0 0 0 262144 4 0 512 0 0 0 0 0 0 0 0 0 0 134217728 0 0 1024 0 0 0 0 0 0 0 0 0 16384 24576 1073743872 16 8192 16384 0 0 2049 8388608 0 0 0 8 0 8192 4194304 536872960 0 0 0 0 0 0 0 0 0 0 0 0 0 0 0 0 0 0 0 0 16777232 0 268451840 8 0 1 0 0 67108865 33554432 0 0 2097152 34078720 0 131072 0 0 0 0 0 0 0 1048576 0 0 0 0 0 0 1024 0 0 0 0 4096 8 0 0 1024 0 0 0 0 33024 0 0 8912896 536870913 1073741824 32768 65536 0 32768 0 0 0 1024 512 4194304 4128 0 0 0 0 0 0 0 0 0 0 0 0 0 0 0 0 0 0 0 0 0 0 0 0 8 268435456 0 1074528256 1024 0 2147483650 256 2 2147484672 0 0 0 2048 0 0 0 1024 0 0 0 0 0 1048576 0 0 0 1073741824 0 0 0 134217792 536870912 0 0 2147483648 0 0 0 0 0 16777216 2 17040388 0 256 1073741952 256 0 0 1064960 2 32 1310720 0 0 0 0 0 0 0 0 0 0 0 0 0 0 0 0 0 0 0 0 4 0 0 528 0 16777216 262144 0 536870912 0 32768 4 8 0 0 0 2147483648 1048576 16384 0 0 0 0 0 0 0 128 0 269484032 0 0 128 0 67108864 0 0 0 0 2048 0 8388608 67108864 0 0 0 16384 1 0 131072 4 0 0 0 0 1 4 16777216 0 0 0 0 0 0 0 0 0 0 0 0 0 0 0 0 0 0 0 0 16777220 2097152 67108864 0 0 0 0 4096 0 0 541065537 8 0 8192 0 0 0 0 0 0 0 0 0 0 1073741824 0 16777216 0 0 0 0 0 4096 0 0 0 0 0 4 0 0 131072 0 0 0 0 131072 0 0 0 0 2162688 0 0 0 9 67117056 0 32 134217728 8 0 4194304 8192 0 0 0 16 0 0 32768 0 0 0 0 0 1073741824 0 0 0 0 0 0 0 0 0 0 0 0 0 0 0 0 67108864 33554432 0 131200 0 12 8192 1024 4194306 0 4 0 0 0 0 0 0 0 0 0 1024 0 0 0 0 0 2 13 8 0 0 0 0 0 0 0 0 0 0 0 0 0 0 0 0 0 0 0 0 0 0 0 0 0 0 0 0 0 0 0 0 0 0 0 0 0 0 0 0 0 0 0 0 0 16512 8 2 0 0 8388672 8 16777216 268566560 128 0 2048 536870976 8389136 524290 2147483648 0 0 0 0 0 0 0 0 0 0 0 0 0 0 0 0 0 0 0 1 0 10 0 1048704 16384 33554432 67108864 0 0 0 2 65536 0 134217728 0 0 0 0 0 0 0 16384 0 8388608 8388608 4194304 33554432 1 0 0 0 0 0 16 0 268435456 0 2105344 16777216 4194304 0 0 1 0 0 512 0 402653696 524544 2147500048 262144 0 0 0 0 0 134219788 0 0 0 0 0 0 0 0 0 0 0 0 0 0 0 0 0 0 0 0 0 0 0 0 0 0 0 33554496 0 0 8388608 0 65536 1073741824 0 0 0 0 0 0 0 0 0 0 0 0 0 0 0 0 0 0 0 0 0 0 0 0 0 0 0 0 0 0 0 0 0 0 0 0 0 0 0 0 0 0 0 0 0 8388612 0 16384 1073741824 32768 1073741824 0 0 0 131072 67108928 1073741824 268566528 536870912 0 0 16777216 0 0 0 0 0 0 0 0 0 0 0 0 0 0 0 0 0 0 1048576 0 0 0 538968064 536871176 4128 0 33 0 2 2097152 167788544 0 65664 16 0 0 0 0 0 0 0 0 0 0 0 0 0 0 0 0 0 0 0 0 0 0 0 0 0 0 0 0 0 0 0 0 0 0 0 0 0 0 0 0 0 0 0 0 0 268435456 0 0 1048576 1073741888 0 8192 32 8194 536870913 4194432 131328 524288 0 0 8388608 0 1024 0 0 0 0 0 0 0 0 0 0 0 0 0 0 0 0 0 0 33554432 0 1077936128 512 0 4 48 268437504 0 0 0 268437504 2106880 0 0 0 0 0 64 0 0 0 0 0 16384 8192 0 0 134217728 0 0 0 0 0 1024 131072 0 0 0 0 32768 2048 0 268435456 0 1048576 33554432 33554432 32768 0 262144 0 0 1024 67108864 0 0 1024 0 0 0 0 0 0 0 0 0 0 0 0 0 0 0 0 0 0 2147483652 4202496 1073741840 0 0 16512 8388608 0 134225920 1048576 0 0 0 128 4194304 0 0 0 0 0 0 0 0 0 0 0 0 0 0 0 0 0 32 3 0 0 0 0 0 0 0 0 0 0 0 0 0 0 0 0 0 0 0 0 0 0 0 0 0 0 0 0 0 0 0 0 0 0 0 0 0 0 0 0 0 0 0 0 0 0 0 0 536871168 0 0 0 268502016 0 18448 134217744 2 0 1073807360 68157696 65536 134219776 8 0 0 0 0 0 0 0 0 0 0 0 0 0 0 0 0 2147484672 0 0 0 0 68 16 1024 2 33554432 0 1024 0 0 1048576 67108896 541065232 2097152 285212672 16777376 0 0 2097152 1048576 0 268435456 0 0 0 0 0 0 0 0 0 0 0 0 268435456 262144 0 0 0 0 0 0 1048576 0 0 0 1 33554496 0 0 33554432 0 1024 0 0 0 0 0 0 0 0 0 0 0 0 0 0 0 0 0 0 0 0 0 0 1073758208 512 268435456 0 0 36864 0 0 0 536870912 0 0 1677721856 65536
is_linear=0
shrinkage=0.05


Tree=62
num_leaves=31
num_cat=27
split_feature=16 20 1 0 0 3 18 0 0 0 9 0 0 3 0 0 3 0 0 0 0 0 5 0 0 0 0 0 0 0
split_gain=6750.8 704.315 254.691 155.548 139.191 127.205 116.045 96.3051 81.2157 79.1178 74.9495 73.2758 71.9722 73.4719 68.4484 66.4282 64.9777 133.117 86.8233 69.0536 64.3415 63.6515 62.3977 62.3223 58.3804 54.8335 55.9984 53.6672 51.9078 51.8707
threshold=1.0000000180025095e-35 0.26782226562500006 0 1 2 3 3.5000000000000004 4 5 6 7 8 9 10 11 12 13 14 15 16 17 18 19 20 21 22 23 24 25 26
decision_type=10 2 1 9 9 1 2 9 9 9 9 9 9 1 9 9 1 9 9 9 9 9 1 9 9 9 9 9 9 9
left_child=-1 2 8 -3 -4 29 10 -7 -2 -10 -5 -9 -11 -14 -15 -13 17 -12 -19 -20 -21 -18 -23 -17 -25 -22 -27 -26 -16 -6
right_child=1 3 4 6 5 7 -8 11 9 12 16 15 13 14 28 23 21 18 19 20 25 22 -24 24 27 26 -28 -29 -30 -31
leaf_value=-0.016445072064477699 -0.040369738897669809 0.15223696123190236 0.0032354470394907243 -0.069446436050058999 0.099012453843617343 -0.019551939343650904 0.0084227280475152703 -0.016297010316275604 -0.040293790558836654 -0.043599794114719696 0.80105483030472957 -0.014921536822906102 -0.012906278254329974 -0.048190387460472731 0.47046032198065824 -0.021712059966332367 0.068744945693114651 0.44063895711035256 0.28185350510356616 0.17823701884030163 0.14002501033602641 -0.0029509027442029103 -0.0086505998798041394 -0.014149132948577104 0.050113375937523547 0.10366452547063304 -0.0026513690364300749 -0.0121460500152769 -0.0018659180214937187 -0.012889943201183052
leaf_weight=4726430 81110 194671 23870 58275 3668 144476 1931426 130823 94445 84655 6274 122787 665278 48919 8441 120363 57256 9337 11931 14528 14945 3082910 4290037 112826 12627 17892 2505703 1368907 1400499 973371
leaf_count=4726430 81110 194671 23870 58275 3668 144476 1931426 130823 94445 84655 6274 122787 665278 48919 8441 120363 57256 9337 11931 14528 14945 3082910 4290037 112826 12627 17892 2505703 1368907 1400499 973371
internal_value=-0.000822327 -0.000371595 -0.000847158 -0.000161131 -0.00115261 -0.00118297 -0.000183875 -0.000955736 -0.000460912 -0.000406122 -0.000251972 -0.00085955 -0.000345494 -0.000288484 -8.97875e-05 -0.000773618 -0.000241562 -2.54112e-05 -4.31533e-05 -6.06817e-05 -7.84236e-05 -0.000316635 -0.000329532 -0.000688354 -0.000600187 -9.74184e-05 -0.000115307 -0.000510867 -2.59419e-05 -0.00165109
internal_weight=2.23187e+07 1.75922e+07 5.39706e+06 1.21952e+07 3.01372e+06 2.98985e+06 1.20005e+07 2.01281e+06 2.38335e+06 2.30224e+06 1.00691e+07 1.86833e+06 2.20779e+06 2.12314e+06 1.45786e+06 1.73751e+06 1.00108e+07 2.58061e+06 2.57434e+06 2.565e+06 2.55307e+06 7.4302e+06 7.37295e+06 1.61472e+06 1.49436e+06 2.53854e+06 2.5236e+06 1.38153e+06 1.40894e+06 977039
internal_count=22318680 17592250 5397065 12195185 3013718 2989848 12000514 2012809 2383347 2302237 10069088 1868333 2207792 2123137 1457859 1737510 10010813 2580610 2574336 2564999 2553068 7430203 7372947 1614723 1494360 2538540 2523595 1381534 1408940 977039
cat_boundaries=0 1 64 158 159 252 332 405 406 501 572 573 652 747 748 827 906 985 1075 1156 1157 1252 1345 1434 1529 1625 1702 1760
cat_threshold=39 0 0 0 0 0 65536 0 0 0 0 0 0 0 0 0 0 0 0 0 0 0 1073743360 268435456 0 0 0 0 1614807040 0 4 0 0 0 0 4194304 0 2 256 2147483656 32768 16 0 0 0 512 335544320 1073741824 0 0 0 1026 2147483648 2097152 2050 524288 65536 64 260 0 0 0 0 1024 0 0 0 0 0 0 0 0 0 0 0 0 0 0 0 0 0 0 0 0 0 0 0 0 0 0 0 0 0 0 0 0 0 0 0 0 0 0 0 0 0 0 0 0 0 0 8388624 2224029696 0 655360 2048 541065216 134217728 0 525312 2101252 545260032 134234112 0 0 0 0 0 0 0 0 0 0 0 0 0 0 0 0 0 0 0 0 0 0 131072 65536 0 0 0 33554432 0 1024 0 67633152 2097152 2684354560 0 67108864 8 0 0 0 0 0 0 0 0 0 0 0 0 0 0 0 0 0 0 0 0 0 0 0 0 0 0 0 0 0 0 0 0 0 0 0 0 0 0 0 0 0 0 0 0 0 16384 268763136 0 0 1 8192 134251520 0 128 4 0 0 0 67108864 0 6144 524288 0 0 0 0 0 0 0 0 0 0 0 0 0 0 0 0 0 8390656 32768 402653186 64 84150272 0 0 0 0 4194304 32772 0 135168 1 0 32 8192 1048576 0 0 0 0 0 0 131072 0 0 2147483776 0 0 0 262400 0 138412032 0 0 2048 0 32896 134217728 8388609 16 0 0 0 1 0 0 0 0 33554432 0 67108864 0 0 1073741824 0 0 0 0 0 0 0 0 0 0 0 0 0 0 0 0 0 0 0 0 0 512 0 1024 0 0 0 0 4276352 8388608 0 0 32 0 8388608 0 256 2 0 0 2048 524288 0 0 0 0 0 0 0 0 0 67108864 1048576 0 0 128 0 0 64 0 2147483648 0 0 8388608 0 0 3221225984 536870912 0 0 0 268435464 0 0 512 536870912 134217728 1073741824 0 0 1024 2147483648 1 0 0 0 0 0 0 0 0 0 0 0 0 0 0 0 0 0 0 0 32768 4194432 536870914 0 2098176 0 134217728 1048578 16777216 134217730 0 0 0 0 0 0 0 0 0 0 0 0 0 0 0 0 0 0 0 0 0 0 0 0 0 0 0 0 0 0 0 0 0 0 0 0 0 0 0 0 0 0 0 0 0 128 8 2 0 0 8388672 8 16777216 268566560 128 0 2048 536870976 8389136 524290 2147483648 0 0 0 0 0 0 0 0 0 0 0 0 0 0 0 0 0 0 0 1 0 10 0 1048704 16384 33555456 67108864 0 0 0 2 65536 0 134217728 64 8388608 536870912 1 1024 0 16777216 0 256 0 524288 0 0 0 0 0 0 0 0 1 8192 0 0 0 0 4194304 8 0 0 1048576 8388624 131072 0 512 524288 16 65792 0 0 2147483648 0 0 4 8388608 33554440 0 0 0 0 0 0 0 0 0 0 0 0 0 0 0 0 0 262144 3670016 16777216 0 0 0 0 0 64 8 0 0 0 0 0 0 0 16384 0 8388608 8388608 4194304 33554432 16777216 2048 0 0 0 65536 16 67108864 268435468 0 2105344 16777216 0 0 0 1 0 0 0 0 134217728 0 2147500032 262144 0 0 0 4 0 134219784 0 0 0 0 0 0 0 0 0 0 0 0 0 0 0 0 0 0 0 0 0 0 0 0 0 2 0 33554432 0 0 8388608 0 33619968 1073741824 0 16777216 0 0 0 0 0 0 0 0 0 0 0 0 0 0 0 0 0 0 0 0 0 0 0 0 0 0 0 0 0 0 0 0 0 0 0 0 0 0 0 0 0 0 0 0 0 0 0 0 536871168 0 0 0 268436480 0 16400 134217744 2 0 1073938432 68157696 65536 134219840 8 0 0 0 0 0 0 0 0 0 0 0 0 0 0 0 0 2147484672 0 67108864 0 0 68 0 0 2 34603008 0 1024 0 0 1048576 67108896 4 0 512 0 0 0 0 0 0 0 0 0 0 0 0 0 1024 0 0 0 0 0 0 0 0 0 16384 24576 2048 16 8192 16384 0 1 2049 8388608 0 0 0 0 0 8192 4195328 537001984 0 4096 0 0 0 0 0 0 0 0 0 0 0 0 0 0 0 0 0 0 16 0 268451840 8 0 1 0 0 67108865 33554432 1024 0 0 34078720 0 132096 0 0 0 2048 0 0 0 0 0 0 0 0 134217728 0 0 0 0 1073741824 0 4096 8 0 0 67109888 0 0 0 0 33024 0 0 8912896 536870912 1073742848 32768 65536 1073741824 32768 0 0 0 0 2560 4194304 32 0 0 0 0 0 0 0 0 0 0 0 0 0 0 0 0 0 0 16777216 0 0 0 16 0 8 0 0 1074528256 0 0 2097154 256 0 2147483648 8 0 0 0 0 0 0 1048576 0 0 0 0 0 1048576 1152 0 0 0 0 0 0 0 0 0 0 2147483648 0 0 8388608 67108864 0 16777216 0 17039364 0 256 128 0 0 0 1048576 2 4194337 1310720 0 0 0 0 0 0 0 0 0 0 0 0 0 0 0 0 0 0 0 0 4 0 0 512 0 16777216 268697600 0 0 0 32768 2147483716 8 0 8192 0 0 0 0 2147483712 1049088 16384 1024 0 0 0 0 0 0 0 0 1048576 0 0 128 0 201457728 536870912 0 0 0 2048 0 0 0 0 67108864 2 0 1 8 0 4 0 0 16384 0 0 4 0 0 0 0 0 0 0 1073741824 0 0 0 0 0 0 0 0 0 0 0 0 0 16777220 0 67108864 0 0 0 131072 536870912 0 0 536871169 0 0 4 0 0 0 0 0 0 0 0 0 0 1073741824 656384 4096 622592 16386 1073741824 0 4194312 0 0 2 0 0 134217728 0 0 0 0 0 2097152 0 0 16 16384 0 0 0 0 0 537133056 16384 0 512 0 0 32768 0 67108864 32768 0 0 0 0 33554432 0 0 0 4096 1049600 0 0 1048576 0 0 0 4096 0 8388608 0 0 0 0 0 0 0 0 0 0 0 0 0 0 0 0 0 0 0 0 0 0 0 131072 13 0 0 0 0 0 0 0 0 0 0 0 0 0 0 0 0 0 0 0 0 0 0 0 0 0 0 0 0 0 0 0 0 0 0 0 0 0 0 0 0 0 0 0 0 0 0 0 4194304 4 0 537526272 0 0 262145 0 0 0 33 6210 18432 32 0 64 0 0 0 0 0 0 0 0 0 0 0 0 0 0 0 0 0 128 0 512 2129920 0 1073741840 545259520 68 0 0 0 0 4325384 0 268437504 0 0 0 0 0 0 0 0 0 0 0 0 0 0 0 0 0 0 0 0 0 0 0 0 0 0 0 0 0 0 0 0 0 0 0 0 0 0 0 0 0 0 0 0 2147483648 2147483648 67109120 1107296384 8192 67108864 128 0 4194304 0 2147485696 0 0 0 4 1073750016 67109376 33554432 0 0 0 0 0 0 0 0 0 0 0 0 0 0 0 0 0 0 10240 0 34048 0 525312 4194306 0 16777216 64 0 0 65536 536870912 0 16777216 0 0 0 64 0 4096 0 0 0 16384 0 4 0 0 268435456 0 0 0 0 0 0 0 0 0 2097152 0 2048 0 8 8192 0 16416 33554432 0 0 0 8192 0 0 0 0 0 16777216 32768 0 0 0 0 0 0 0 0 0 512 0 0 0 0 0 0 0 0 0 1073741824 2097152 0 128 0 0 134217856 1052672 12 8192 4195328 4194432 0 0 0 0 0 0 0 0 0 0 0 1024 0 0 0 512 0 0 0 0 0 0 0 128 8192 0 0 0 131072 0 0 0 0 0 131072 0 0 0 65536 32768 0 0 272662529 0 0 0 134217728 32768 131072 5242880 0 0 0 67108864 16 0 132096 0 0 0 0 0 0 0 0 0 0 0 0 0 0 0 0 0 0 2147483652 8193 16 0 0 67108864 41943040 0 0 0 0 0 8388608 2 4194304 0 0 0 0 0 0 0 0 0 0 0 0 0 0 0 0 2 0 0 0 0 0 0 0 0 0 0 0 0 0 0 0 0 0 0 0 0 0 0 0 0 0 0 0 0 0 0 0 0 0 0 0 0 0 0 0 0 0 0 0 0 536870912 17 134742018 0 1 262144 32 1073741824 8192 0 10485760 0 16777216 0 1048576 0 128 0 0 0 0 0 0 0 0 0 0 0 0 0 0 0 0 0 0 65536 1280 131072 16777216 524288 0 0 1074266112 0 1024 0 67108865 8421376 0 0 536871424 4 0 0 0 2097168 2147483648 1048577 2637824 0 0 0 0 0 0 0 0 0 0 0 0 8192 0 1073741824 268566528 0 0 0 16384 1073741824 536870912 0 0 0 2 262144 33554432 0 0 0 33554440 0 0 0 0 1 16 0 0 0 0 0 0 0 0 0 0 0 0 0 0 0 0 0 0 16 0 0 0 0 1 8388608 0 0 33554432 1280 0 1280 34078720 0 0 0 0 0 0 0 0 0 0 0 0 0 0 0 0 0 0 0 0 0 0 0 0 0 0 0 0 0 0 0 0 0 0 0 0 0 0 0 0 0 0 0 0 0 83886112 1075838976 2690304 2147483648 16384 1024 2147500048 8405056 530432 1073745920 8192 524352 35651856
is_linear=0
shrinkage=0.05


Tree=63
num_leaves=31
num_cat=25
split_feature=16 20 1 16 3 0 0 0 0 0 0 13 0 0 0 0 0 0 0 3 0 3 0 0 0 0 0 6 0 0
split_gain=6799.2 703.004 255.683 143.92 123.39 115.44 101.452 90.2759 86.9469 83.9192 83.872 81.3568 78.7996 74.9179 69.6373 69.2363 69.5751 68.8012 72.1739 69.7225 75.9688 67.9048 99.8738 63.546 63.2546 59.8275 56.5032 55.0829 54.4225 52.0612
threshold=1.0000000180025095e-35 0.26782226562500006 0 1.1997070312500002 1 2 3 4 5 6 7 1.0000000180025095e-35 8 9 10 11 12 13 14 15 16 17 18 19 20 21 22 3.5000000000000004 23 24
decision_type=10 2 1 10 1 9 9 9 9 9 9 2 9 9 9 9 9 9 9 1 9 1 9 9 9 9 9 2 9 9
left_child=-1 2 10 21 8 -5 -6 -7 -4 -9 -2 23 -8 -13 -12 -14 -17 -16 -19 20 -20 22 -3 -11 -22 -18 -27 -25 -10 -26
right_child=1 3 4 5 6 7 12 9 28 11 14 13 15 -15 17 16 25 18 19 -21 24 -23 -24 27 29 26 -28 -29 -30 -31
leaf_value=-0.015622818461253813 -0.038150588956013393 0.41888144515649234 0.046353095011859302 0.0557786061076503 -0.018574342376468357 0.037120642450061116 -0.01375537201646594 0.033842174875333288 0.031470898838561072 0.025989778913345453 -0.042541263270692325 0.07427523175755664 -0.014758514096482933 -0.0017973403038003433 -0.039347661434157771 -0.015807708078121076 0.044332355393103366 -0.033181656513094883 0.74589196186974449 -0.010682228107681137 0.27940389559771939 -0.0024173545442598881 0.031466318785542985 -0.0047375719844266586 0.18169454304983562 -0.013441676301148254 -0.010832439734148193 -0.010447743892771456 -0.012245446041123898 -0.00082425834237880307
leaf_weight=4726430 85338 75197 4580 157620 144476 172092 132961 169058 6609 109681 84480 46892 120649 3324245 83573 125930 9306 85236 7367 1143549 9907 653579 658204 2932090 9860 107259 1389954 3896527 971994 874037
leaf_count=4726430 85338 75197 4580 157620 144476 172092 132961 169058 6609 109681 84480 46892 120649 3324245 83573 125930 9306 85236 7367 1143549 9907 653579 658204 2932090 9860 107259 1389954 3896527 971994 874037
internal_value=-0.000816324 -0.000363978 -0.000839098 -0.00015371 -0.00114514 -0.000215241 -0.000922505 -0.00023512 -0.00160493 -0.000253776 -0.000452101 -0.000271896 -0.000824677 -7.03901e-05 -0.000394937 -0.000735663 -0.00065023 -0.000341161 -0.000285939 -0.00022651 0.00010239 0.000325779 0.00065604 -0.000369802 6.06832e-05 -0.000555846 -0.000580697 -0.00038898 -0.00163712 1.61295e-05
internal_weight=2.23187e+07 1.75922e+07 5.39706e+06 1.21952e+07 3.01372e+06 1.08082e+07 2.03054e+06 1.06506e+07 983183 1.04785e+07 2.38335e+06 1.03094e+07 1.88606e+06 3.37114e+06 2.29801e+06 1.7531e+06 1.63245e+06 2.21353e+06 2.12996e+06 2.04472e+06 901171 1.38698e+06 733401 6.9383e+06 893804 1.50652e+06 1.49721e+06 6.82862e+06 978603 883897
internal_count=22318680 17592250 5397065 12195185 3013718 10808205 2030535 10650585 983183 10478493 2383347 10309435 1886059 3371137 2298009 1753098 1632449 2213529 2129956 2044720 901171 1386980 733401 6938298 893804 1506519 1497213 6828617 978603 883897
cat_boundaries=0 1 2 58 151 243 337 423 503 598 643 716 811 906 985 1064 1065 1141 1142 1225 1319 1397 1492 1586 1679 1754
cat_threshold=39 8 0 0 2 0 8388608 512 34078720 0 0 0 0 2 0 0 0 131073 0 0 16384 33554432 0 1073742336 268435456 262144 0 67108864 0 1073741824 536870912 270336 136 0 0 128 0 0 0 67108896 8 256 0 2 262208 32 0 0 0 0 0 0 0 256 0 0 0 33554432 0 0 0 0 0 0 0 0 0 0 0 0 0 0 0 0 0 0 0 0 0 0 0 0 0 0 0 0 0 0 0 0 0 0 0 0 0 0 0 0 0 0 0 0 0 16384 268763136 0 0 1 8192 134251520 0 128 4 0 0 0 67108864 0 6144 524288 0 0 0 0 0 0 0 0 0 0 0 0 0 0 0 0 0 8390656 32768 402653186 64 84150272 0 0 0 0 4194304 32772 0 135168 1 33554432 0 131072 2048 64 0 1024 131072 0 2 0 0 0 0 8192 8388608 512 8388608 0 0 0 0 0 0 1050624 0 0 2097152 1024 16384 4227072 0 268435456 524288 0 262144 0 32772 0 524288 134217728 0 4194304 0 8388640 0 0 0 0 0 0 0 0 4096 0 0 0 0 0 0 0 0 0 0 0 0 0 0 0 65536 0 0 0 16 0 0 0 0 0 0 0 0 0 0 0 0 0 0 0 0 0 32768 0 0 0 0 0 0 0 0 0 0 0 0 0 0 0 0 0 0 0 0 0 0 0 0 0 0 0 0 0 0 0 0 0 0 0 0 0 0 0 0 0 0 0 0 0 83886112 10485760 525568 0 34095104 1024 2147500048 8388672 524288 1024 536879104 536871488 36716816 0 0 0 0 0 0 0 0 0 0 0 0 0 0 0 0 0 0 0 0 0 0 0 0 0 0 0 0 0 1024 0 0 0 0 0 67108864 0 2097160 2097152 65536 524288 0 2097152 0 1048576 0 0 0 32 1048576 0 256 0 0 67633152 0 0 64 0 67108864 0 0 2097152 0 16 131088 1589248 0 0 0 0 0 0 0 0 0 16 67108864 537919488 262144 0 0 0 0 0 16384 0 0 0 0 0 0 0 131072 0 0 0 0 0 0 0 16 0 1024 0 4 0 0 0 0 0 0 0 0 0 0 0 0 0 0 0 536870912 0 32 8192 1048576 0 0 0 0 0 0 131072 0 0 2147483776 0 0 0 262400 0 138412032 0 0 2048 0 32896 134217728 8388609 16 0 0 0 0 0 0 0 0 0 0 0 0 0 1073741824 0 0 0 0 0 0 0 0 0 0 0 0 0 0 0 0 0 0 0 0 0 512 0 1024 0 0 0 0 138494080 9437186 0 0 32 0 8388608 0 256 2 0 0 0 0 0 0 0 0 0 0 0 0 0 0 0 0 0 0 0 0 0 0 0 0 0 0 0 0 0 0 0 0 0 0 0 0 0 0 0 0 0 0 0 0 0 128 8 2 0 0 8388672 8 0 268566560 128 0 2048 536870976 8454672 524290 2147483648 0 0 0 0 0 0 0 0 0 0 0 0 0 0 0 0 0 0 0 1 0 10 0 1048704 16384 33555456 67108864 0 0 0 2 65536 0 134217728 0 0 0 0 0 0 0 1049600 8192 1073742336 0 67117056 2298478592 1024 99328 134226944 1048592 4194320 2097152 0 0 0 0 0 0 0 128 0 0 2 0 0 0 1073741824 8388608 264 0 0 0 0 1048576 0 512 524288 2 0 0 536870912 524288 0 0 16777216 0 256 0 0 0 0 0 1048576 0 0 128 0 1 8256 0 0 0 0 8388608 0 0 2147484160 536870912 0 1 0 268435968 0 16 0 536870912 201326592 1073741824 0 0 1024 2155872256 33554440 0 0 0 0 0 0 0 0 0 0 0 0 0 0 0 0 0 0 1048576 32768 128 536870912 0 1024 0 0 0 16777216 0 0 0 0 0 0 0 0 0 0 0 0 0 0 0 0 0 0 0 0 0 0 0 0 0 0 0 0 0 0 0 0 0 0 0 0 0 0 0 0 0 0 0 0 0 0 0 0 536871168 0 0 0 285213696 0 16400 134217744 2 0 1073872896 68157696 65536 134219840 8 0 0 0 0 0 0 0 0 0 0 0 0 0 0 0 0 2147484672 0 67108864 0 0 68 0 0 2 34603008 0 1024 0 0 1048576 67108896 0 0 0 0 0 0 0 0 0 0 0 0 0 0 0 0 0 0 0 0 0 0 0 0 0 0 0 0 0 0 0 0 0 0 0 0 0 0 0 0 0 0 0 0 0 0 0 0 0 0 537526272 0 0 262145 0 0 0 33 6210 18432 32 0 64 0 0 0 0 0 0 0 0 0 0 0 0 0 0 0 0 0 128 0 512 2129920 524288 1073741842 545259520 68 0 0 0 0 537001992 0 268437504 64 545259520 0 0 0 0 0 0 0 2147483648 0 0 0 16777216 0 0 0 0 0 64 0 8 2147483648 0 16 0 8 0 0 0 0 131072 0 0 16777220 0 134218496 16 262144 2147483648 4 0 4 0 0 0 0 0 0 0 0 0 0 0 0 0 0 0 0 0 0 0 0 524288 16842752 4194304 2 8 2097152 32 0 0 16384 0 0 0 2097152 0 2097152 402653184 0 2048 9 0 256 0 16384 134217728 0 524288 0 0 0 0 278528 32768 2097152 0 16 0 262144 0 0 0 268435488 0 0 0 0 2048 0 0 8 0 16384 0 0 0 262144 33554432 0 0 16384 1 0 0 0 0 0 0 0 0 0 0 0 0 0 0 0 0 0 0 2097152 0 0 0 0 2 0 2214592512 33554432 0 0 0 0 1073741824 1073741824 262144 5 0 0 0 0 0 0 0 0 0 0 0 0 0 0 0 0 0 0 0 578818048 0 1140850688 268435456 0 0 0 0 1074266112 536872960 16384 16384 83886080 536870912 262144 33554464 64 0 33024 0 0 1056768 0 96 0 131072 0 0 0 0 0 0 0 0 0 0 0 0 0 0 0 0 0 0 0 0 0 0 0 8388608 0 0 0 33554432 0 2048 1024 5 0 0 0 0 0 0 0 0 0 0 0 0 0 0 0 0 0 0 0 0 8 1140850688 131072 0 0 2147483648 0 541065216 0 4 268435456 16777216 8388609 262144 33587200 0 130 4194560 2147483648 0 8192 4195328 131072 4 512 32768 0 0 0 0 0 2147483648 2097152 0 0 66048 0 0 0 0 0 0 0 0 0 0 0 0 0 0 0 0 0 0 0 0 0 0 0 0 0 0 4 4196352 0 4227080 16777216 0 65536 9 0 0 0 0 0 0 0 2097152 0 0 0 0 262144 0 8192 256 0 16 0 536870912 4194304 0 0 0 0 0 0 536870912 0 0 0 0 0 0 0 0 0 0 32 0 0 262144 133120 0 1 0 0 0 0 1024 0 1048576 0 0 0 0 2 0 0 0 0 100663296 0 0 128 0 8 0 0 0 0 524288 0 0 0 0 0 0 0 1048576 0 0 0 0 0 0 8 0 0 0 0 0 0 1024 0 0 0 8 17 0 0 128 0 0 0 0 0 0 10240 0 16794112 0 0 128 0 0 73728 129 524288 0 527360 8388608 2056 0 0 8 536870912 32768 64 1179648 32 2097152 0 0 0 0 0 0 0 0 0 0 0 0 0 0 0 0 0 0 0 0 0 0 0 0 0 0 0 0 0 0 256 0 4194304 0 0 0 0 0 0 0 0 0 0 0 0 0 0 0 0 0 0 0 0 0 0 0 0 0 0 0 0 0 0 0 0 0 0 0 0 0 0 0 0 0 0 0 0 0 3 16 2148532224 0 0 2048 1111490560 134225920 0 8912896 2097156 25165824 135266304 0 0 0 0 0 0 0 0 0 0 0 0 0 0 0 0 0 0 0 0 0 0 131072 65536 0 524288 0 33554432 268959744 0 0 0 2097184 2684387328 0 64 512 0 0 0 0 0 0 0 0 0 0 0 0 0 0 0 0 0 0 0 0 0 0 0 0 0 0 0 0 0 0 0 0 0 0 0 0 0 0 0 0 0 0 0 0 2147483648 2147483648 67109120 1107296384 8192 67108864 128 0 4194304 0 2147485696 0 33554432 0 4 1073750016 67109376 33554432 0 0 0 0 0 0 0 0 0 0 0 0 0 0 0 0 0 0 10240 0 34048 0 1024 4194304 0 16777216 64 0 0 65536 4194304 16384 0 0 0 0 0 0 0 0 0 0 0 0 0 0 0 0 0 0 0 0 0 0 0 0 0 0 0 0 0 0 0 0 0 0 0 0 0 0 0 0 0 0 0 0 0 41943040 1073743888 8388640 655360 131072 2 0 1065472 136316930 1073745920 1074074112 16384 4 0 0 0 0 0 0 0 0 0 0 0 0 0 0 0 0 0 0 0 0 0 0 0 65536 0 0 0 0 0 0 16 524288 2097152 0 268435456 0 0 0 0 0 65536 0 134221824 524288 134217728 0 0 0 0 1024 0 0 1074266112 0 0 0 16777216 0 3 268435456 0 18432 536870912 0 262148 0 0 2 4 0 65920 128 4194304 4 0 0 0 32768 1048576 0 0 0 0 0 0 0 0 0 0 0 0 0 0 0 0 0 0 0 0 0 0 33554560 4194304 0 0 0 0 0 65536 268435456
is_linear=0
shrinkage=0.05


Tree=64
num_leaves=31
num_cat=26
split_feature=16 20 1 0 3 0 6 3 3 0 0 0 0 0 0 0 0 0 0 3 0 0 0 0 0 0 0 0 0 19
split_gain=6837.83 704.35 254.128 136.629 127.257 102.075 101.088 95.0943 85.266 93.0613 82.3608 78.5129 76.8861 72.9381 70.4918 69.0284 71.0456 67.5366 67.147 64.0575 75.9753 64.0168 60.1326 60.106 59.7097 56.0021 54.9002 60.1486 57.0603 53.7467
threshold=1.0000000180025095e-35 0.26782226562500006 0 1 2 3 2.5000000000000004 4 5 6 7 8 9 10 11 12 13 14 15 16 17 18 19 20 21 22 23 24 25 0.64282226562500011
decision_type=10 2 1 9 1 9 2 1 1 9 9 9 9 9 9 9 9 9 9 1 9 9 9 9 9 9 9 9 9 2
left_child=-1 2 10 -3 25 -6 8 12 -5 -10 -2 -7 -8 -9 -12 -13 -17 -11 -16 -20 -21 -18 -14 -15 -19 -4 -22 -28 -29 -23
right_child=1 3 4 6 5 11 7 13 9 17 14 15 22 23 18 16 21 24 19 20 26 29 -24 -25 -26 -27 27 28 -30 -31
leaf_value=-0.014841677538191123 -0.036443722504985641 0.16681971304755774 0.050074151375461 -0.0096003368909311614 -0.017645625257644938 -0.012484549300920501 0.30889023469120641 0.047162279305657036 0.29512456788423197 0.16706364438917046 -0.039430673344245465 -0.013688789487430143 0.18659291539536416 0.031492453413641423 0.10071847155640541 -0.014290514358014695 -0.013015516361067327 0.11655443284597998 -0.013380467643076278 -0.051207172585145823 0.17890980964680991 -0.010277217727779151 -0.0011568235353863136 -0.008224877489995874 0.0022734007601751928 -0.011048857547817781 0.1481106622826896 0.12711977924028775 -0.006114824195528468 0.029556969059756202
leaf_weight=4726430 86650 192246 3803 756333 145599 131069 32245 79232 34721 38075 87310 119313 32463 88477 12025 127080 115805 39406 688551 59551 12429 1374400 2326304 6006404 2569279 979380 16451 16799 1403581 17269
leaf_count=4726430 86650 192246 3803 756333 145599 131069 32245 79232 34721 38075 87310 119313 32463 88477 12025 127080 115805 39406 688551 59551 12429 1374400 2326304 6006404 2569279 979380 16451 16799 1403581 17269
internal_value=-0.000811547 -0.000357918 -0.000833493 -0.000147449 -0.00113861 -0.000912508 -0.00016863 -0.000260559 6.04055e-05 0.000192652 -0.000447675 -0.000813971 7.15952e-06 -0.000364236 -0.000390578 -0.000725746 -0.000640988 0.00015891 -0.000335507 -0.000355905 -0.000173532 -0.00054527 -2.59961e-05 -0.000383831 0.000128392 -0.00160554 -0.000101603 -0.000130236 -0.000165061 -0.00045127
internal_weight=2.23187e+07 1.75922e+07 5.39706e+06 1.21952e+07 3.01372e+06 2.03054e+06 1.20029e+07 8.56512e+06 3.43781e+06 2.68148e+06 2.38335e+06 1.88494e+06 2.39101e+06 6.17411e+06 2.2967e+06 1.75387e+06 1.63455e+06 2.64676e+06 2.20939e+06 2.19736e+06 1.50881e+06 1.50747e+06 2.35877e+06 6.09488e+06 2.60868e+06 983183 1.44926e+06 1.43683e+06 1.42038e+06 1.39167e+06
internal_count=22318680 17592250 5397065 12195185 3013718 2030535 12002939 8565125 3437814 2681481 2383347 1884936 2391012 6174113 2296697 1753867 1634554 2646760 2209387 2197362 1508811 1507474 2358767 6094881 2608685 983183 1449260 1436831 1420380 1391669
cat_boundaries=0 1 59 60 153 154 155 244 324 419 509 594 667 762 857 947 1026 1027 1106 1202 1281 1373 1468 1562 1641 1717 1797
cat_threshold=39 0 0 0 0 8388608 0 0 0 0 0 0 0 0 0 0 0 0 0 0 0 0 1073742848 268435456 0 0 0 0 1610612736 0 4 0 0 0 128 0 0 2 0 2147484680 0 0 0 131072 0 131584 6160 1073741952 0 0 0 0 3221225472 524288 134219778 0 0 8388832 2097156 8 0 0 0 0 0 0 0 0 0 0 0 0 0 0 0 0 0 0 0 0 0 0 0 0 0 0 0 0 0 0 0 0 0 0 0 0 0 0 0 0 0 0 0 0 0 16384 268697600 0 0 1 8192 134251520 0 128 4 0 0 0 67108864 524288 6144 524288 0 0 0 0 0 0 0 0 0 0 0 0 0 0 0 0 0 8390656 32768 402653186 64 84150272 0 0 0 0 4194304 32772 0 135168 1 4 8 0 0 0 0 0 0 4194320 0 0 0 0 0 0 0 0 0 0 0 0 0 0 8192 0 0 0 0 33562624 1 16 8200 16416 0 0 2049 8388608 0 0 49152 0 0 8192 4194304 570425376 1 0 0 0 0 0 0 0 0 0 0 0 0 0 0 0 0 0 0 0 65536 0 0 0 0 4096 0 0 67108865 1074003968 0 0 0 524288 0 131072 32 0 0 0 0 0 0 0 0 1024 0 32 8192 1572864 0 0 0 0 0 0 131072 0 0 2147483776 0 0 0 256 0 138412032 0 0 2048 0 128 134217728 8388609 16 0 0 0 1 0 0 0 0 0 0 67108864 0 0 1073741824 0 0 0 0 0 0 0 0 0 0 0 0 0 0 0 0 0 0 0 0 0 512 0 1024 0 0 0 0 4276352 9437186 0 0 32 0 8388608 0 256 2 0 0 0 0 0 0 0 0 0 0 0 0 0 0 0 0 0 0 0 0 0 0 0 0 0 0 0 0 0 0 0 0 0 0 0 0 0 0 0 0 0 0 0 0 0 128 8 2 0 0 8388672 8 0 268566560 128 0 2048 536870976 8454672 2 2147483648 0 0 0 0 0 0 0 0 0 0 0 0 0 0 0 0 0 0 0 1 0 10 0 1048704 16384 33555456 67108864 33554432 0 0 2 65536 0 134217728 0 16777216 0 0 64 1048576 0 0 0 0 0 0 0 8192 0 0 0 1073741824 0 0 0 0 0 67108864 0 0 16384 4194304 0 8 0 0 0 263169 12582944 65536 0 33024 0 1 8192 1077937152 536870912 4 32 0 0 0 0 0 0 0 0 0 0 2097152 0 0 0 0 0 0 0 0 0 0 4104 0 0 0 0 8192 0 0 0 0 2 0 0 0 0 0 0 0 0 0 0 0 0 1073741824 2621440 33554432 3178496 8192 0 536870912 524296 0 0 0 0 0 0 0 8192 0 0 536870912 2097152 0 0 0 0 0 0 0 0 0 2097152 0 0 0 268435456 0 0 0 0 0 0 0 0 0 524288 0 0 272629760 2147487744 1048576 0 2048 1048578 1048576 1048576 0 4096 65536 0 256 0 0 0 0 0 0 0 0 0 0 0 65536 0 0 0 0 0 0 0 0 0 0 1073741824 0 0 0 64 0 0 0 0 0 0 16777216 0 256 2147483648 0 0 0 0 1048576 0 0 128 0 1 8192 8 0 0 32768 0 0 0 2147484160 536870912 0 0 0 268435968 4 16 512 0 0 2147483648 0 0 0 2155872256 33554440 0 0 0 0 0 0 0 0 0 0 0 0 0 0 0 0 0 0 1572864 16809984 4194432 536870914 0 1024 0 0 0 16777216 0 0 0 0 0 0 0 0 0 0 0 0 0 0 0 0 0 0 0 0 0 0 0 0 0 0 0 0 0 0 0 0 0 0 0 0 0 0 0 0 0 0 0 0 0 0 0 0 536870912 0 0 0 285213696 1 16400 134217744 2 0 1073874944 68157696 65536 134219840 8 0 0 0 0 0 0 0 0 0 0 0 0 0 0 0 0 2147484672 0 67108864 0 0 68 0 0 2 1048576 0 1024 0 0 1048576 67108896 0 0 0 0 0 0 0 0 0 0 0 0 0 0 0 0 0 0 0 0 0 0 0 0 0 0 0 0 0 0 0 0 0 0 0 0 0 0 0 0 0 0 0 0 0 0 0 0 256 0 537395200 0 0 262144 0 0 0 33 4162 18432 544 0 64 0 0 0 0 0 0 0 0 0 0 0 0 0 0 0 0 0 128 0 512 2129920 524288 1073741842 545259520 68 0 0 0 65536 537001992 0 268437504 33554440 512 0 2048 0 0 0 0 0 0 0 0 0 0 0 0 0 0 0 0 0 67108928 0 1 0 0 18432 0 16779264 0 268435456 75497472 0 0 0 65536 67108929 0 0 0 0 8192 0 65536 0 8388608 0 2147483648 0 0 2 0 0 0 0 0 0 0 0 0 0 0 0 0 8192 0 0 0 1 0 0 0 524288 0 32768 2151678048 0 0 0 0 0 0 0 0 0 0 0 0 0 32768 0 256 0 0 0 524288 0 0 0 0 0 16384 0 0 0 0 8192 134742016 537395200 128 33554432 1073741824 276955136 0 0 0 0 1073741824 553648128 0 0 0 0 0 131072 64 4194304 0 0 8 0 16384 0 0 16384 0 0 0 0 0 0 0 0 0 0 0 0 0 0 0 0 0 5242880 16 0 0 0 0 0 8388608 0 16778240 0 0 0 1024 524288 0 64 8 64 0 536870912 0 0 0 0 16384 0 142606336 8388608 4194304 33554432 0 0 0 0 0 65536 16 67108864 0 0 2105344 16777232 0 0 0 0 0 0 131072 0 134217728 524288 2147500032 262144 0 0 0 4 0 134218764 16384 0 0 0 0 0 0 0 0 0 0 0 0 0 0 0 0 0 0 0 0 0 0 0 0 2 0 33554432 0 0 0 0 65536 1073741824 0 16777216 0 0 0 0 0 0 0 0 0 0 0 0 0 0 0 0 0 0 0 0 0 0 0 0 0 0 0 0 0 0 0 0 0 0 0 0 0 0 0 0 0 0 0 0 2147483648 2147483648 67108864 1107296384 8192 67108864 128 0 4194304 0 2147483648 0 33554432 0 4 1073750016 67108928 33554432 0 0 0 0 0 0 0 0 0 0 0 0 0 0 0 0 0 8192 10240 0 34048 0 1024 4194304 0 16777216 1073741888 0 0 0 4194304 16384 0 256 8 0 0 512 0 0 0 0 0 0 0 0 0 0 0 0 0 0 0 4096 0 67108864 0 0 2048 0 0 0 256 0 16384 524288 1048577 1073743872 134217728 0 128 1048580 0 0 16 2 0 1048576 8392708 32768 0 0 0 0 0 0 0 0 0 512 0 0 0 0 0 0 0 0 0 1090521088 0 0 0 0 0 0 1107558400 0 0 0 524288 0 524288 1024 0 0 0 1073745920 0 1024 262144 0 0 0 0 524288 0 0 139520 0 0 0 0 0 0 0 262144 0 0 0 0 536870912 1024 0 0 0 0 536870912 0 0 32 0 32768 0 0 64 0 0 0 1536 1280 131072 0 268698624 0 576 2097152 524288 0 268435456 16 0 0 0 0 0 0 0 0 0 0 0 0 0 0 1 0 0 0 0 0 0 0 0 0 0 0 0 0 0 0 0 0 0 512 65536 134217728 0 0 64 1048576 0 0 0 0 0 0 0 0 0 0 0 0 16384 0 0 512 0 0 0 0 1024 0 256 0 0 0 0 1073741824 33587328 67109120 128 4194304 8192 0 0 67109888 262144 4194304 0 2097152 0 0 0 0 0 0 0 0 0 0 0 0 0 0 0 0 0 16 0 0 0 67108864 0 0 4 0 33554432 128 0 1024 0 0 2147483648 0 0 0 0 0 0 0 1048576 0 0 33554432 0 0 0 0 2 0 0 0 0 0 0 0 0 0 0 0 0 0 0 0 0 0 0 0 0 0 0 0 0 0 0 0 0 0 0 0 0 0 0 0 0 0 0 0 0 0 0 0 0 0 16777248 0 525568 0 540672 1028 2147500052 8388672 524288 1024 9216 1073746504 169869584 0 0 0 0 0 0 0 0 0 0 0 0 0 0 0 0 0 0 0 0 0 0 0 0 0 0 0 0 0 0 0 0 0 0 0 67141632 16 2097152 256 32 2147483648 1048576 540672 0 0 0 4194304 0 0 0 0 0 0 262144 2 8192 0 0 16384 256 0 0 16384 0 0 0 0 0 0 262144 0 0 0 0 8 0 0 2147483648 570425344 1 0 0 0 0 0 0 0 0 0 0 0 0 0 0 0 0 0 0 0 0 0 0 268435584 0 16384 0 0 0 1073741824 1024 32768 2147483904 65664 0 2 0 512 67108876 8192 0 2048 2097152 0 0 0 0 268435456 0 0 64 0 0 0 0 0 0 0 65536 268697728 0 0 33554432 0 0 8 0 67108864 0 4 0 0 2 67239936 0 0 2097152 570425344 68157440 0 16 0 0 0 0 0 0 0 0 0 0 0 0 0 0 0 0 0 0 0 4 2048 0 0 131072 0 0 0 33554432 0 0 1073741832 8 192 131074 512 0 0 4112 36864 1024 128 0 256 0 4096 0 0 0 1073741824 0 67108864 0 132096 0 0 0 0 0 33587200 0 270336 64 0 0 0 33554432 0 0 134217728 16777217 0 0 0 32768 0 0 0 0 0 0 0 0 0 0 0 0 0 0 0 0 0 0 0 0 0 0 0 0 4194304 4096 0 0 0 0 0 0 64 0 0 0 1
is_linear=0
shrinkage=0.05


Tree=65
num_leaves=31
num_cat=25
split_feature=16 20 1 3 0 0 13 0 16 0 0 0 9 0 0 0 0 0 0 0 0 3 0 3 0 0 0 0 6 5
split_gain=6878.08 694.901 242.366 133.123 126.182 105.593 95.5182 103.158 89.6748 82.3049 72.8519 72.2455 72.6609 66.0525 65.878 66.5658 63.3564 68.9915 64.109 68.0993 64.5161 67.6908 65.3138 62.6859 67.2226 59.0866 56.7481 56.4323 54.7593 54.4081
threshold=1.0000000180025095e-35 0.26782226562500006 0 1 2 3 1.0000000180025095e-35 4 18.976562500000004 5 6 7 8 9 10 11 12 13 14 15 16 17 18 19 20 21 22 23 2.5000000000000004 24
decision_type=10 2 1 1 9 9 2 9 10 9 9 9 9 9 9 9 9 9 9 9 9 1 9 1 9 9 9 9 2 1
left_child=-1 2 9 27 -3 -5 11 -8 10 -2 -7 -6 -13 -14 -12 -16 -11 -18 -19 -20 -21 22 -22 24 -9 -17 -24 -4 -27 -15
right_child=1 4 3 5 6 8 7 23 -10 16 14 12 13 29 15 25 17 18 19 20 21 -23 26 -25 -26 28 -28 -29 -30 -31
leaf_value=-0.014099593661281568 -0.032535225070091676 0.16193185868416438 0.042930588379113656 -0.016763343994762692 0.065943275874237872 -0.012443375950596615 0.14220314045581176 0.45485127669828018 0.0027686999750334176 -0.045767230208104304 -0.012753094802565135 -0.066950606124622739 0.047283301063823197 -0.0036411063634156429 -0.015163445916814934 -0.012204676930537251 -0.031863160610275124 -0.035716487484253934 -0.037507579918977477 -0.039740022998939521 0.73730585932973602 -0.009310141966365015 0.28817977610158507 -0.0022313841242176096 0.0081578540950229868 8.8085606128518465e-05 0.00062284106360794851 -0.010537354893166595 -0.010826010570458001 -0.0096517724603241602
leaf_weight=4726430 87453 190579 4150 145599 113559 128003 52938 14040 41365 82063 120653 66403 129573 4482715 126743 114050 88893 80172 82188 75322 7628 1056342 11344 2791190 1067494 388532 811942 979033 965590 3286694
leaf_count=4726430 87453 190579 4150 145599 113559 128003 52938 14040 41365 82063 120653 66403 129573 4482715 126743 114050 88893 80172 82188 75322 7628 1056342 11344 2791190 1067494 388532 811942 979033 965590 3286694
internal_value=-0.000806585 -0.000351623 -0.000823997 -0.00112196 -0.00014257 -0.000890716 -0.000162835 3.94947e-05 -0.000790495 -0.000447213 -0.000842158 -0.00026115 -0.000279003 -0.000265155 -0.000756288 -0.000671059 -0.000389862 -0.000339288 -0.000282193 -0.000227808 -0.000168755 -0.000111479 0.000226151 9.52497e-06 0.000332686 -0.000576142 0.000183451 -0.00159954 -0.000484078 -0.000283828
internal_weight=2.23187e+07 1.75922e+07 5.39706e+06 3.01372e+06 1.21952e+07 2.03054e+06 1.20046e+07 3.92566e+06 1.88494e+06 2.38335e+06 1.84357e+06 8.07894e+06 7.96538e+06 7.89898e+06 1.71557e+06 1.59492e+06 2.29589e+06 2.21383e+06 2.12494e+06 2.04477e+06 1.96258e+06 1.88726e+06 830914 3.87272e+06 1.08153e+06 1.46817e+06 823286 983183 1.35412e+06 7.76941e+06
internal_count=22318680 17592250 5397065 3013718 12195185 2030535 12004606 3925662 1884936 2383347 1843571 8078944 7965385 7898982 1715568 1594915 2295894 2213831 2124938 2044766 1962578 1887256 830914 3872724 1081534 1468172 823286 983183 1354122 7769409
cat_boundaries=0 1 2 65 158 203 283 378 457 458 552 647 742 815 894 973 1052 1131 1132 1208 1209 1286 1382 1461 1555 1556
cat_threshold=39 8 0 0 0 0 0 0 0 0 0 0 4194304 0 0 0 0 0 0 0 0 0 0 1073741824 268435456 0 0 0 16384 1610612736 0 0 268435456 0 0 1024 0 0 67108866 0 2147483648 0 0 1026 131136 0 512 268439552 1073745920 2148532224 0 0 1024 2147483648 0 2048 0 65536 8388736 4352 0 0 0 536870912 1024 0 0 0 0 0 0 0 0 0 0 0 0 0 0 0 0 0 0 0 0 0 0 0 0 0 0 0 0 0 0 0 0 0 0 0 0 0 0 0 0 0 0 0 0 0 16384 268697600 0 0 1 8192 134251520 0 128 4 0 0 0 67108864 524288 6144 524288 0 0 0 0 0 0 0 0 0 0 0 0 0 0 0 0 0 8390656 32768 402653186 64 84150272 0 0 0 0 4194304 32772 0 135168 1 0 0 0 0 0 0 0 1053696 8192 0 0 8192 2298478592 1048576 33792 1281 135266304 1077936144 0 4096 0 1024 0 0 0 0 0 0 0 8192 0 0 1 524288 4194304 8 128 260 8 0 0 0 512 0 131072 0 32 0 1572864 0 0 0 0 0 0 131072 0 0 2147483776 0 0 0 384 0 138412032 0 0 2048 0 128 134217728 8388609 16 0 0 0 1 0 0 0 0 0 0 67108864 0 0 1073741824 0 0 0 0 0 0 0 0 0 0 0 0 0 0 0 0 0 0 0 0 0 512 0 1152 0 0 0 0 82048 9437186 0 0 32 0 8388608 0 256 2 0 0 0 0 0 0 0 0 0 0 0 0 0 0 0 0 0 0 0 0 0 0 0 0 0 0 0 0 0 0 0 0 0 0 0 0 0 0 0 0 0 0 0 0 0 128 8 2 0 0 8388672 8 0 268566560 128 0 2048 64 8454672 2 2147483648 0 0 0 0 0 0 0 0 0 0 0 0 0 0 0 0 0 0 1024 1 0 10 0 1048704 16384 33555456 67108864 33554432 0 0 2 65536 0 134217728 1074266112 2097152 4194304 16384 8388608 67109376 2098192 0 0 0 0 0 0 0 2097152 131072 0 0 0 0 0 8704 0 0 2048 0 0 4194304 536871936 4 32768 0 0 0 32768 0 0 67108864 0 0 0 71303168 0 0 0 32768 0 0 0 0 1048578 1073741824 0 0 0 512 0 0 0 0 0 0 0 0 0 0 0 0 0 65536 0 0 0 0 0 0 0 0 524288 134217730 33554432 0 131074 16842752 0 0 0 0 0 0 0 0 0 0 0 0 0 0 0 0 0 0 16384 262144 0 2147483648 0 0 0 262144 0 0 0 0 0 264192 0 32 1024 0 0 0 0 0 36 2080 128 0 0 16384 0 0 524288 134217728 528384 0 131072 2228244 0 8388608 0 16777216 0 0 0 0 0 0 0 0 0 0 1048576 0 0 0 0 0 0 0 0 0 0 0 0 0 0 0 0 0 0 0 0 8 0 0 0 0 0 0 0 0 0 0 0 0 0 0 0 0 0 0 0 0 0 0 0 0 0 0 0 0 0 0 0 0 0 0 0 0 0 0 0 0 0 0 0 0 0 0 0 0 536870912 0 0 0 285213696 1 16400 134217744 2 0 1073874946 68157696 65536 134219840 8 0 0 0 0 0 0 0 0 0 0 0 0 0 0 0 0 2147483648 0 67108864 0 0 68 0 0 2 1048576 0 1024 0 0 1048576 67108896 0 0 0 0 0 0 0 0 0 0 0 0 0 0 0 0 0 0 0 0 0 0 0 0 0 0 0 0 0 0 0 0 0 0 0 0 0 0 0 0 0 0 0 0 0 0 0 0 256 67108864 536870912 0 0 262144 0 0 0 33 4160 18432 544 0 64 0 0 0 0 0 0 0 0 0 0 0 0 0 0 0 0 0 128 0 512 2129920 524288 1073741842 545259520 16777284 0 0 0 65536 537001992 0 268437504 64 8388608 536870912 0 0 0 0 0 256 2147483648 524288 0 0 0 0 0 0 0 0 64 0 8 0 0 32784 0 8 0 2147484160 536870912 0 0 0 268435464 16777220 0 512 0 262144 1073741824 0 0 0 2155888640 0 0 0 0 0 0 0 0 0 0 0 0 0 0 0 0 0 0 0 1048576 16875520 0 536870914 0 1024 0 0 0 16777216 268435456 536870912 2048 9 0 0 0 0 134217728 0 0 0 0 0 0 0 32768 2359296 65536 0 8192 0 2147483648 0 0 276824096 0 0 0 0 2048 0 0 0 0 16384 134217728 0 0 262144 33554436 0 0 0 9 0 0 0 0 0 0 0 0 0 0 0 0 0 0 0 0 0 0 0 0 4194304 0 0 2 1048576 2348810240 0 16384 0 0 0 0 1073741824 262144 134217728 32768 8396816 0 0 0 805306368 0 8388608 0 0 0 0 0 0 278528 0 0 0 17 8388608 0 2 0 16777216 4194304 0 0 0 1048576 4096 0 0 0 524288 2147483664 260 16 0 0 0 0 4 0 0 0 0 0 0 0 0 0 0 0 0 0 0 0 0 0 0 0 0 2097152 0 131072 0 0 268435456 32 524288 0 32 0 0 0 0 0 2097152 0 0 0 64 1024 0 16842752 0 0 0 1073741824 0 262144 1 134219776 0 0 0 1 0 0 0 0 2097152 512 0 1081344 0 1074266113 0 134217728 2097152 0 0 0 0 0 0 0 2147483648 0 0 8389640 0 33554432 0 0 0 0 0 0 0 0 0 0 0 0 0 0 0 0 0 262144 524289 0 0 0 0 2147483648 0 64 0 8 0 0 32768 0 0 16777216 0 266240 262144 134217728 0 256 0 0 0 2048 0 4194304 0 16777216 0 0 0 0 16 0 0 0 0 33554432 0 0 0 262400 0 134217728 0 0 32768 512 0 4 33816576 536870912 16 0 512 0 2048 0 0 0 0 0 0 0 0 0 0 0 0 0 0 0 0 0 0 0 0 0 1048840 67108864 0 0 0 0 33554433 33554432 0 0 536870912 0 1073741824 0 268435456 5 0 0 0 0 0 0 0 0 0 0 0 0 0 0 128 0 0 0 0 0 0 1140850688 268435456 512 0 0 128 1073741824 536872960 0 16385 83886080 536870912 265216 41943040 2112 0 33024 0 0 8192 16777280 131168 0 131072 0 0 0 0 0 0 0 0 0 0 0 0 0 0 0 0 0 0 0 0 0 0 0 0 0 0 0 0 0 0 1280 4 0 0 0 0 0 0 0 0 0 0 0 0 0 0 0 0 268435456 0 0 128 0 131072 33685504 0 0 16384 33619984 0 16 12 16384 8388608 0 264193 8388608 65792 0 32768 0 0 8192 4194336 536870912 4 4128 0 0 0 0 0 0 0 0 0 0 0 0 0 0 0 0 0 0 0 1 0 0 0 0 4 32 0 0 0 0 0 524288 0 0 0 0 0 0 0 0 0 0 0 0 0 0 0 0 0 0 0 0 0 0 0 0 0 0 0 0 0 0 0 0 0 0 0 0 0 0 0 0 0 0 0 0 2147483648 2147483648 67108864 1107296384 8192 0 128 32 4194304 0 2147483648 0 33554432 0 4 1073750016 67108928 33554688 0 0 0 0 0 0 0 0 0 0 0 0 0 0 0 0 0 0 10240 0 34048 0 9216 4194304 0 0 1073741888 0 0 0 4194304 16384 0 256 0 0 0 0 0 0 0 134221824 524288 0 0 0 0 0 0 0 0 1073741824 0 570429440 0 2048 0 16777217 0 0 16384 536870912 0 8196 0 524288 0 0 8192 65800 128 4194304 134217736 0 0 0 1081344 1048576 2097152 0 0 0 0 0 0 0 0 0 0 0 0 0 0 0 0 0 0 0 0 0 0 262144 0 0 0 0 0 0 2048 0 2 4194304 16384 0 0 0 0 0 0 0 0 0 0 0 0 0 0 0 0 0 0 0 0 0 0 0 0 0 0 0 0 0 0 0 0 0 0 0 0 0 0 0 0 0 0 0 0 0 88080416 1075838976 525568 1 17317888 4096 2147500048 8388672 524288 1024 8320 576 35651856 0 0 0 0 0 0 0 0 0 0 0 0 0 0 0 0 0 0 0 0 0 0 0 0 0 0 0 0 0 1024 0 0 0 0 0 67108864 15
is_linear=0
shrinkage=0.05


Tree=66
num_leaves=31
num_cat=24
split_feature=16 20 1 3 0 0 16 13 0 0 0 9 0 0 0 0 19 0 3 0 0 0 8 0 0 0 0 0 0 0
split_gain=6929.5 686.644 246.425 139.93 114.095 104.06 87.923 87.4031 109.575 80.4342 73.4244 71.2727 68.3013 67.2156 67.0582 67.7425 62.5606 60.3959 59.2487 74.1282 57.9533 57.1153 55.0969 232.748 135.015 128.439 75.4513 64.2244 54.8872 54.1665
threshold=1.0000000180025095e-35 0.26782226562500006 0 1 2 3 17.976562500000004 1.0000000180025095e-35 4 5 6 7 8 9 10 11 0.49987792968750006 12 13 14 15 16 2011.5000000000002 17 18 19 20 21 22 23
decision_type=10 2 1 1 9 9 10 2 9 9 9 9 9 9 9 9 2 9 1 9 9 9 2 9 9 9 9 9 9 9
left_child=-1 2 9 -4 -3 -5 10 11 -9 -2 -7 -6 -11 -13 -12 -16 22 -17 19 -10 -21 -15 23 -14 -24 -25 -26 -27 -23 -19
right_child=1 4 3 5 7 6 -8 8 18 12 14 13 16 21 15 17 -18 29 -20 20 -22 28 24 25 26 27 -28 -29 -30 -31
leaf_value=-0.013394613978217491 -0.032994775126231779 0.14580045166947475 -0.0095122425941842736 -0.016451956272501567 -0.0636030758183916 -0.011821207153066782 0.002589756416269439 0.16398080019960279 0.19020235027001617 -0.032088236912888292 -0.012698494177159014 0.065538043059910664 0.28147019623388447 0.038835762335591717 -0.013301257669358791 -0.012149942614809062 0.023235906573780035 -0.012698536793518733 -0.004125174517151972 0.10211659305290513 0.0025405410125509649 0.030468784076323988 0.2226604873885267 0.22693756003485921 0.12877623048012682 0.16140690483194622 -0.011317808947646625 -0.0043083692430467167 -0.0063878586299920053 -0.0083625597567158257
leaf_weight=4726430 85651 182478 983183 141506 67435 126669 42741 58020 28487 90386 119836 114690 3244 122518 125968 114008 74319 107723 1750674 31007 2060140 123089 9304 4015 12710 3217 1923774 176727 7656647 1252084
leaf_count=4726430 85651 182478 983183 141506 67435 126669 42741 58020 28487 90386 119836 114690 3244 122518 125968 114008 74319 107723 1750674 31007 2060140 123089 9304 4015 12710 3217 1923774 176727 7656647 1252084
internal_value=-0.000800267 -0.000343608 -0.000813167 -0.00111362 -0.000135801 -0.000876533 -0.000778557 -0.000154651 3.88276e-05 -0.000433241 -0.000830461 -0.000248665 -0.000377155 -0.000235047 -0.000744869 -0.000659403 -0.000321986 -0.000564272 6.49241e-06 0.000184283 0.000149765 -0.00025249 -0.000371675 0.000447602 -0.000450497 0.000213092 -0.000479377 1.55034e-05 -0.000269359 -0.000471584
internal_weight=2.23187e+07 1.75922e+07 5.39706e+06 3.01372e+06 1.21952e+07 2.03054e+06 1.88903e+06 1.20127e+07 3.92833e+06 2.38335e+06 1.84629e+06 8.08438e+06 2.2977e+06 8.01694e+06 1.71962e+06 1.59978e+06 2.20731e+06 1.47382e+06 3.87031e+06 2.11963e+06 2.09115e+06 7.90225e+06 2.13299e+06 187203 1.94579e+06 183959 1.93648e+06 179944 7.77974e+06 1.35981e+06
internal_count=22318680 17592250 5397065 3013718 12195185 2030535 1889029 12012707 3928328 2383347 1846288 8084379 2297696 8016944 1719619 1599783 2207310 1473815 3870308 2119634 2091147 7902254 2132991 187203 1945788 183959 1936484 179944 7779736 1359807
cat_boundaries=0 1 2 60 153 198 278 373 374 452 531 626 721 817 818 863 937 1033 1112 1182 1257 1336 1415 1501 1597
cat_threshold=39 8 1073741824 0 0 16384 0 512 0 0 0 0 0 0 0 0 0 1 0 0 0 4096 0 1073741824 268435456 0 1048576 0 0 536870912 0 0 272629760 0 0 0 32768 2048 2 0 2147483656 0 0 0 0 0 512 67110912 1073741824 1024 0 0 1024 2147483776 0 2050 0 65536 8388640 2097412 0 0 0 0 0 0 0 0 0 0 0 0 0 0 0 0 0 0 0 0 0 0 0 0 0 0 0 0 0 0 0 0 0 0 0 0 0 0 0 0 0 0 0 0 0 16384 268697600 0 0 1 8192 134251520 0 268435584 4 0 0 0 67108864 524288 2048 524288 0 0 0 0 0 0 0 0 0 0 0 0 0 0 0 0 0 8390656 32768 402653186 64 84150272 0 0 0 0 4194304 32772 0 135168 1 0 0 0 0 0 0 0 1053696 8192 0 4194304 0 134217728 1049600 0 134284288 134217728 1077936128 67108864 0 0 1024 0 0 0 0 16384 1073741824 0 8192 0 0 1 1024 4194304 8 128 260 0 0 134217728 1024 131584 0 131074 0 32 0 1572864 0 0 0 0 0 0 131072 0 0 2147483776 0 0 0 256 0 138412032 0 0 2048 0 32896 134217728 8388609 16 512 536870912 0 0 0 0 0 0 0 0 67108864 0 0 1073741824 0 8388608 0 0 0 0 0 0 0 0 0 0 0 0 0 0 0 0 0 0 0 0 0 1024 0 0 0 0 82048 9437186 0 0 32 0 8388608 0 256 2 0 0 0 0 0 0 0 0 0 0 0 0 0 0 0 0 0 0 0 0 0 0 0 0 0 0 0 0 0 0 0 0 0 0 0 0 0 0 0 0 0 0 0 0 0 128 8 2 0 0 8388672 8 0 131104 128 0 2048 64 8454672 2 2147483648 0 0 0 0 0 0 0 0 0 0 0 0 0 0 0 0 0 0 1024 1 0 10 0 1048704 16384 33555456 67108864 33554432 0 0 2 65536 4 134217728 134217730 0 0 536870912 1 0 0 0 0 256 0 0 0 0 0 0 0 32768 0 0 64 0 0 0 0 16 276824096 8 0 0 0 2048 1 0 0 16777220 0 134217728 0 262144 1074003968 33554432 0 0 16384 1 0 0 0 0 0 0 0 0 0 0 0 0 0 0 0 0 0 0 0 16842752 128 536870914 0 2 0 2281701376 0 16793600 0 0 0 0 1073741824 524288 2097152 4194306 0 8388608 0 2098192 0 0 0 0 0 0 0 2097152 131072 0 0 0 0 0 8704 16384 0 0 2147483648 0 4194304 536871936 0 32768 0 0 0 0 0 67108864 0 0 0 0 0 0 0 0 32768 4224 2147483648 0 0 1048578 1073741824 0 0 524288 512 0 0 0 0 0 536870912 1024 0 0 0 0 0 0 65536 0 0 0 0 0 0 0 0 524288 0 0 0 0 0 0 0 0 0 0 0 0 0 0 0 0 0 0 0 0 0 0 0 0 0 0 0 0 0 0 0 0 0 0 0 0 0 0 0 0 0 0 0 0 0 0 0 0 536870912 0 0 0 285213696 1 18448 134217744 2 0 1073874944 68157696 65536 134219840 8 0 0 0 0 0 0 0 0 0 0 0 0 0 0 0 0 2147483648 0 67108864 0 0 68 0 0 2 1048576 0 1024 0 0 1048576 67108896 0 0 0 0 0 0 0 0 0 0 0 0 0 0 0 0 0 0 0 0 0 0 0 0 0 0 0 0 0 0 0 0 0 0 0 0 0 0 0 0 0 0 0 0 0 0 0 0 256 67108864 536870912 0 0 262144 0 0 0 33 4162 18432 544 0 64 0 0 0 0 0 0 0 0 0 0 0 0 0 0 0 0 0 128 0 512 2129920 524288 1073741842 545259520 16777284 0 0 0 65536 537001984 0 268437504 0 0 0 0 0 0 0 0 0 0 0 0 0 0 0 0 0 0 0 0 0 0 0 0 0 0 0 0 0 0 0 0 0 0 0 0 0 0 0 0 0 0 0 0 2147483648 2147483648 67108864 1107296384 8192 0 128 32 0 0 2147483648 0 33554432 0 4 1073750016 67108928 33554688 0 0 0 0 0 0 0 0 0 0 0 0 0 0 0 0 0 0 10240 0 34048 0 9216 4194304 0 0 1073741888 0 0 0 4194312 16384 0 256 5 8 0 0 0 0 0 0 0 0 0 0 0 2147483648 0 1024 0 1048576 0 0 0 8 131072 0 67125248 0 524288 8320 0 16 0 16384 0 0 1074266113 8388608 128 0 32768 0 655360 1073152 1048578 96 786432 8392704 0 0 0 0 0 0 0 0 32768 2 512 67108866 16785408 0 65536 0 268435456 0 512 0 67108866 524288 0 1073741832 0 16384 33554448 0 0 65800 16777216 0 0 16779264 0 0 0 4194304 0 0 1024 32 262144 1 1048576 0 0 0 0 0 0 0 0 0 0 8 0 0 0 0 0 0 0 0 0 0 0 0 0 0 0 0 0 524288 32 0 131072 0 524352 0 0 0 0 0 0 0 0 0 0 0 0 0 0 262144 0 0 0 0 2048 0 2097152 0 0 262148 0 0 0 0 0 0 0 32 0 0 0 4194304 0 0 0 268439552 0 0 262144 0 0 1 67633152 136314880 4096 33554432 132224 16 0 0 0 16777216 2097152 4 0 0 0 0 0 0 0 0 0 0 0 0 0 0 0 0 0 0 0 0 0 0 0 0 0 0 0 1081344 0 8 0 16 0 0 0 0 4194304 4 8388608 536870912 2097152 0 4194304 0 0 0 0 0 0 4194304 0 0 1 0 33792 0 0 0 1073741824 0 0 2147483648 0 262144 8 0 0 8 2147483648 2097152 8192 8388608 0 0 541073408 2097152 0 0 0 0 0 0 0 0 0 0 0 0 0 0 0 0 0 0 0 2189426688 0 262144 131584 0 0 0 0 0 0 16777216 0 0 0 32768 512 0 0 1048576 0 0 2097152 0 0 0 8192 0 0 0 0 0 0 0 0 0 0 8 1073741824 0 512 8192 2214592512 16 557842464 2050 75497474 1 67108864 1048576 0 33587200 0 0 0 0 0 16777216 71303168 528 4 8388608 0 0 0 0 0 0 0 0 0 0 0 0 0 0 0 0 0 0 0 0 0 0 0 0 8388608 0 0 0 16 0 0 32 0 0 4 2 0 16384 0 0 256 262144 16 262144 0 0 524288 1048576 64 64 128 536870912 0 12 0 0 256 69206016 0 0 0 0 262144 65536 1024 2 0 0 1073741824 0 0 0 0 0 0 0 0 0 0 0 0 0 0 0 0 0 0 0 0 0 16 0 8192 0 2048 32768 16 0 0 8388608 0 0 0 0 1073741824 1048576 16384 33554432 0 0 8192 0 0 0 0 4194304 0 131072 64 33554432 32 0 268435712 0 0 0 0 0 0 4 8 0 8388608 0 0 536870912 1 67108864 2048 65536 0 0 0 0 0 0 0 0 0 0 0 0 0 0 0 0 0 0 0 0 0 0 0 16781328 0 134217728 0 0 512 0 0 0 0 0 2097156 1024 524320 64 2 0 1048576 8 0 16 0 0 0 0 0 0 2 0 0 0 2 134217744 8 0 524288 0 0 196608 256 0 0 16384 0 64 0 0 128 0 0 0 256 0 8192 0 512 0 128 32768 32768 17825792 0 0 0 0 0 0 0 0 0 0 0 0 0 0 0 0 0 0 0 16384 0 1073745920 536870912 0 0 0 0 0 0 0 524289 0 0 536936448 37750784 8200 2129920 128 0 65536 1 0 0 0 0 0 0 0 0 0 0 0 0 0 16384 0 0 0 16 0 536870912 2097152 0 0 524288 0 0 0 536870912 262144 0 0 1024 256 16 0 262144 0 268435492 32 0 0 0 16384 0 0 0 0 0 0 0 0 1048576 8388608 0 0 0 0 0 16 0 1024 33554432 0 0 0 0 0 0 0 0 0 0 0 0 0 0 0 0 536870912 0 0 0 0 0 0 0 0 0 0 0 0 0 0 0 0 0 0 0 0 0 0 0 0 0 0 0 0 0 0 0 0 0 0 0 0 0 0 0 0 0 0 0 0 1073741824 0 65536 4194304 16384 0 0 4096 0 2214592512 33554464 268435464 134217728 603979904 2147483648 536936448 268435456 2 0 0 0 0 0 0 0 0 0 0 0 0 0 0 0 0 0 268435456 0 0 33619968 0 0 65600 65536 4194304 0 0 131072 0 1024 0 262145 128
is_linear=0
shrinkage=0.05


Tree=67
num_leaves=31
num_cat=24
split_feature=16 20 1 16 3 0 0 6 3 0 3 0 0 0 0 0 0 0 17 0 0 19 0 0 0 0 0 0 3 0
split_gain=6978.43 677.687 236.973 149.203 134.846 105.26 93.7436 89.312 83.0197 87.5251 82.8804 77.8673 73.5178 70.8687 65.5248 67.8174 63.4871 59.4999 58.5005 58.4392 54.4531 52.3677 52.3385 64.5445 51.697 51.5958 66.0043 56.7421 58.5758 79.5168
threshold=1.0000000180025095e-35 0.26782226562500006 0 15.875000000000002 1 2 3 2.5000000000000004 4 5 6 7 8 9 10 11 12 13 1.5000000000000002 14 15 0.49987792968750006 16 17 18 19 20 21 22 23
decision_type=10 2 1 10 1 9 9 2 1 9 1 9 9 9 9 9 9 9 2 9 9 2 9 9 9 9 9 9 1 9
left_child=-1 2 11 4 -4 -3 -6 8 -7 -10 13 -2 -8 -9 -14 -16 -12 -17 22 -11 -19 -22 -13 -24 -18 -25 -27 -28 29 -29
right_child=1 5 3 -5 6 7 12 10 9 19 16 18 14 -15 15 17 24 20 -20 -21 21 -23 23 25 -26 26 27 28 -30 -31
leaf_value=-0.012724883279306615 -0.034792582684356622 0.10986783458941161 -0.010078250987309268 0.001652716546926747 -0.015343965393766736 -0.0089773480712213704 -0.011480515353578925 0.34900727380071961 0.33657780518459424 0.15764333045942178 0.048340174098375523 -0.04008833555024021 -0.012063569468301061 -0.00043285594431280233 -0.0133664285185532 -0.011411983655718605 0.028042605931751577 -0.012063609953842792 0.033773339173150285 0.0029101843170332487 -0.0098665820540993054 0.023637817188392442 -0.030186614741991902 -0.039238393228163054 -0.007510637305888657 -0.040274791028344838 -0.034433511471850274 1.1976978332589814 -0.0073455604149677001 0.0051897958237806076
leaf_weight=4726430 84206 176707 962776 80096 137325 757287 126211 34491 35909 39535 80360 72702 117168 2359151 126064 111678 85224 108087 39099 2609516 1199442 44871 90048 70620 6017005 88449 72761 1471 1481937 382054
leaf_count=4726430 84206 176707 962776 80096 137325 757287 126211 34491 35909 39535 80360 72702 117168 2359151 126064 111678 85224 108087 39099 2609516 1199442 44871 90048 70620 6017005 88449 72761 1471 1481937 382054
internal_value=-0.000794277 -0.000336008 -0.000802495 -0.00109713 -0.00115526 -0.000129561 -0.000918315 -0.000147373 6.77698e-05 0.000198177 -0.000233725 -0.000429927 -0.000823931 1.60815e-05 -0.000737838 -0.000653746 -0.00033044 -0.000557921 -0.000375227 0.000164934 -0.000466316 -0.0003728 -0.000408402 -0.000364528 -0.000348827 -0.000308244 -0.000261946 -0.000200986 -0.000147553 0.000403189
internal_weight=2.23187e+07 1.75922e+07 5.39706e+06 3.01372e+06 2.93362e+06 1.21952e+07 1.97085e+06 1.20185e+07 3.44225e+06 2.68496e+06 8.57623e+06 2.38335e+06 1.83352e+06 2.39364e+06 1.70731e+06 1.59014e+06 6.18259e+06 1.46408e+06 2.29914e+06 2.64905e+06 1.3524e+06 1.24431e+06 2.26004e+06 2.18734e+06 6.10223e+06 2.09729e+06 2.02667e+06 1.93822e+06 1.86546e+06 383525
internal_count=22318680 17592250 5397065 3013718 2933622 12195185 1970846 12018478 3442247 2684960 8576231 2383347 1833521 2393642 1707310 1590142 6182589 1464078 2299141 2649051 1352400 1244313 2260042 2187340 6102229 2097292 2026672 1938223 1865462 383525
cat_boundaries=0 1 2 80 174 175 252 253 333 428 501 596 691 776 872 951 1047 1125 1204 1296 1375 1447 1524 1525 1604
cat_threshold=39 8 0 0 0 0 0 0 34078720 131072 0 0 0 0 0 0 0 0 0 0 0 0 0 1073741824 268435456 0 0 0 0 536870912 0 16384 0 0 0 0 0 0 2 0 2147483648 0 0 0 4325376 33 512 268435472 1073741824 2147483648 0 0 1024 2147483648 67109376 2050 4096 2097280 8519744 0 0 0 0 0 0 0 0 1073741824 0 0 0 0 0 0 0 0 0 0 0 32 0 0 0 0 0 0 0 0 0 0 0 0 0 0 0 0 0 0 0 0 0 0 0 0 0 0 0 0 0 0 0 0 0 0 0 0 0 0 0 0 0 0 0 0 0 16384 268697600 0 0 1 8192 134250496 0 268435456 4 0 0 0 67108864 524288 2048 524288 0 0 0 0 0 0 0 0 0 0 0 0 0 0 0 0 0 8390656 32768 402653186 64 84150272 0 0 0 0 4194304 32772 0 135168 65537 4 8 0 0 0 0 0 0 4194320 0 0 0 0 0 0 0 0 0 0 0 0 0 0 67117056 0 0 0 0 33562624 1073741825 16 8204 16384 67108864 0 1 8388608 0 0 49152 8 0 8192 4194304 33554464 0 0 2048 0 0 0 0 0 0 524288 4 0 0 0 0 0 0 0 0 0 0 0 0 0 0 4096 0 0 67108865 1074003968 0 0 0 524288 4 0 32 0 1572864 0 0 0 0 0 0 131072 0 0 2147483776 0 0 0 256 0 138412032 0 0 2048 0 32896 134217728 8388609 16 512 536870912 0 0 0 0 0 0 0 0 67108864 0 0 1073741824 0 8388608 0 0 0 0 0 0 0 0 0 0 0 0 0 0 0 0 0 0 0 0 0 1152 0 0 0 0 82048 2 16777216 0 32 0 8388608 0 256 2 0 0 0 0 0 0 0 0 0 0 0 0 0 0 0 0 0 0 0 0 0 0 0 0 0 0 0 0 0 0 0 0 0 0 0 0 0 0 0 0 0 0 0 0 0 128 8 2 0 0 8388672 8 0 131104 128 0 2048 64 8454672 2 2147483648 0 0 0 0 0 0 0 0 0 0 0 0 0 0 0 0 0 0 2147484672 1 0 10 0 1048704 16384 33555456 67108864 33554432 0 0 2 0 0 134217728 0 16777216 0 0 0 1048576 0 0 0 0 0 0 0 0 0 0 0 1073741824 0 0 0 1024 0 67108864 0 0 16384 4194304 0 8 0 0 1 265217 8388608 1073807360 0 33024 8 0 8192 4195328 536870912 1048580 131108 32768 0 0 1 0 0 0 0 0 0 0 0 0 0 0 0 0 0 0 0 0 8 0 0 0 0 0 262144 0 0 0 0 0 0 0 0 0 0 0 0 0 0 0 0 0 0 0 0 0 0 0 0 0 0 0 0 0 0 0 0 0 0 0 0 0 0 0 0 0 0 0 0 0 4194304 0 0 0 0 0 0 285213696 1 16400 134217744 2 0 1073875010 68157696 65536 134219840 8 0 0 0 0 0 0 0 0 0 0 0 0 0 0 0 0 0 0 67108864 0 0 68 0 0 2 1048576 0 1024 0 0 1048576 67108896 0 0 0 0 0 0 0 0 0 0 0 0 0 0 0 0 0 0 0 0 0 0 0 0 0 0 0 0 0 0 0 0 0 0 0 0 0 0 0 0 0 0 0 0 0 0 0 0 256 67108864 536871040 0 0 262144 0 0 0 33 4096 18432 544 0 64 0 0 0 0 0 0 0 0 0 0 0 0 0 0 0 0 0 128 0 512 2129920 524288 1073741842 545259520 16777284 0 0 0 65536 541196288 0 268437504 2622464 33554432 3178496 8192 0 536870912 8 0 0 0 0 0 0 0 8192 0 0 0 2097152 0 0 0 0 0 0 0 0 0 2097152 0 0 0 268697600 128 0 0 0 0 0 0 4194304 0 0 0 0 4194304 5120 1048576 0 2048 1048578 1048576 1048576 0 0 65536 128 2097412 0 0 0 0 0 0 0 0 0 0 0 0 0 0 0 0 0 0 0 0 0 0 0 0 0 0 64 0 0 0 0 0 0 0 0 0 0 0 0 0 0 0 0 0 0 0 0 0 0 0 0 0 0 0 0 0 0 0 0 0 0 0 0 0 0 0 0 0 0 0 0 2147483648 2147483648 67108864 1107296384 8192 0 0 32 0 0 2147485696 0 33554432 0 4 1073750016 67108928 33554688 0 0 0 0 0 0 0 0 0 0 0 0 0 0 0 0 0 0 10240 0 34048 0 9216 4194304 0 0 1073741888 0 131072 0 8 16384 0 256 33554440 134218240 0 2048 0 0 0 0 0 0 0 0 0 0 0 2 0 0 0 0 0 64 0 1 0 0 19456 0 2048 0 268435456 8388608 0 2048 0 65536 67108865 0 0 0 0 0 536870912 65536 0 0 0 0 0 0 2 0 0 0 0 0 0 0 0 0 0 0 0 16 8192 0 0 0 1 0 0 0 33554432 32768 32768 2151679040 0 0 131072 0 0 0 0 0 0 0 0 0 0 0 0 0 0 0 0 0 0 0 0 0 0 0 0 0 0 0 0 0 0 0 0 0 0 0 0 0 0 0 0 0 0 0 0 1073741824 0 65536 4194304 16384 0 16777216 4096 0 2214592512 33554464 268435456 134217728 67108992 2147483648 536936448 268435456 2 0 0 0 0 0 0 0 0 0 0 0 0 0 0 0 0 0 268435456 0 0 33619968 0 0 65600 65536 4194304 0 0 0 0 1280 0 262145 129 0 536870912 16 9 4194304 0 0 0 256 0 0 0 0 0 0 0 32768 0 0 80 0 8 2 0 16 276832288 0 0 0 0 0 1 0 0 16777220 0 134217728 0 262144 1074003968 33554432 0 0 16384 1 0 0 0 0 0 0 0 0 0 0 0 0 0 0 0 0 0 0 0 65536 0 536870914 0 2 0 134217728 0 0 0 0 0 0 1073741824 0 32768 10240 0 0 256 268435456 0 134217728 0 1073741824 0 262144 0 0 262144 0 262144 16 0 0 0 2147483648 0 0 0 32768 0 1073741824 0 4096 0 32768 0 524288 1073741824 0 16 0 0 0 0 4 0 0 0 0 0 0 0 0 0 0 0 0 0 0 0 0 0 0 0 262144 2621440 0 4325376 0 0 0 32 2214592513 0 16384 0 0 0 0 0 18874368 0 0 0 1073741824 1073745920 64 1024 0 0 0 536870912 2 524288 0 0 8192 0 536870912 131072 0 0 0 0 262144 268435456 0 0 0 536870912 1040 0 0 0 0 536870912 0 0 32 0 0 0 0 524288 0 536870912 0 2147484160 0 1073872896 524288 268435456 0 2097152 0 524288 0 32 16 0 0 0 0 0 0 0 0 0 0 0 0 0 0 0 0 0 0 0 0 0 0 1073741824 0 0 0 0 0 0 0 0 0 0 512 0 0 536870912 64 0 0 65536 0 0 0 0 0 0 0 134219776 0 0 2097152 1 1 67108864 0 1073741824 2097152 0 0 8 0 2147483648 1048576 134219776 0 0 512 0 0 262660 536870912 0 67108864 4 0 8388608 0 33816576 0 0 0 0 0 0 0 0 0 0 0 0 0 0 0 0 0 0 0 0 0 0 0 2415919104 0 0 0 8 1073741824 536870912 0 0 0 268435456 0 262144 262144 134217728 0 0 0 1073741824 0 134217728 0 0 0 524288 0 2113536 0 0 0 0 0 0 0 33554432 512 4194304 262144 262144 524288 0 8388624 2097152 2147483648 0 0 2147500036 33554432 0 16 0 0 0 0 2147483648 0 0 0 0 0 0 0 0 0 0 0 0 0 0 0 0 0 0 0 0 264 67108864 0 128 1048576 1048576 524288 1048576 268435456 4096 0 0 65536 0 16777216 0 128 0 0 4194304 0 83886081 4194304 0 0 0 134217728 0 0 0 0 0 0 0 0 256 0 0 4 0 0 0 0 0 0 0 0 2147487808 0 0 134301696 16777216 0 0 0 0 0 0 0 0 0 0 0 0 0 0 0 0 0 0 0 1048577 34603040 0 0 0 0 0 64 33554432 0 0 2 268435456 1073745920 4 0 0 0 0 0 1073741824 0 16777216 0 0 524288 0 0 0 0 0 0 0 0 4096 0 0 536870912 128 0 0 0 2147483648 536870928 0 16384 25165824 0 3072 8388608 0 2 4227072 2147484672 536870912 0 0 131104 0 512 0 0 0 0 0 0 0 0 0 0 0 0 0 0 0 0 0 0 0 0 260 0 0 0 0 0 0 0 1088 0 1024 0 0 2147614720
is_linear=0
shrinkage=0.05


Tree=68
num_leaves=31
num_cat=27
split_feature=16 20 1 3 0 0 0 5 0 0 0 0 0 0 3 0 0 0 0 0 0 0 0 0 0 0 0 0 0 19
split_gain=7030.9 666.442 239.883 151.253 106.927 102.377 85.4142 83.2606 73.6144 72.9302 71.5047 70.0577 65.1091 59.365 58.23 61.8979 59.6807 58.7401 56.2588 58.8587 58.3495 55.4887 54.556 53.2233 52.479 56.6865 51.9868 56.987 51.7922 51.0024
threshold=1.0000000180025095e-35 0.26782226562500006 0 1 2 3 4 5 6 7 8 9 10 11 12 13 14 15 16 17 18 19 20 21 22 23 24 25 26 0.49987792968750006
decision_type=10 2 1 1 9 9 9 1 9 9 9 9 9 9 1 9 9 9 9 9 9 9 9 9 9 9 9 9 9 2
left_child=-1 2 10 23 -3 -5 -7 11 -8 -10 -2 -6 -11 -14 -13 -16 -17 -18 -12 -20 -21 -22 -19 -4 -15 -26 -23 -28 -27 -29
right_child=1 4 3 5 7 6 8 -9 9 12 18 14 13 24 15 16 17 22 19 20 21 26 -24 -25 25 28 27 29 -30 -31
leaf_value=-0.012088639115341283 -0.030493878420177936 0.10428217467302435 0.070417005763963036 -0.015352993740809917 0.094495239872589287 -0.011264744529489458 -0.010311804895351285 -0.0063138957738173799 -0.0125893867019657 -0.011416440660419504 0.129072007918524 -0.0072747075772311614 -0.011677228307990806 -0.01146665797331572 0.12562443867047821 0.09587844084420169 0.080000026471668303 0.074537725402340854 0.069577994943004914 0.088154132618818978 0.072945813683530078 0.077793373532519083 -0.001175250507512858 -0.0087839016715999148 -0.010155451409790052 -0.011143385279843265 0.075337289740843777 -0.012476653079675283 0.00012112777440566602 0.017044519305731885
leaf_weight=4726430 78451 194773 3136 138843 105170 132069 119442 5134986 122266 111114 11440 1484115 106663 95494 66183 77281 79691 78742 17242 18986 19721 19219 4974244 980047 101442 93551 22398 2123393 1009651 72497
leaf_count=4726430 78451 194773 3136 138843 105170 132069 119442 5134986 122266 111114 11440 1484115 106663 95494 66183 77281 79691 78742 17242 18986 19721 19219 4974244 980047 101442 93551 22398 2123393 1009651 72497
internal_value=-0.000787876 -0.000327888 -0.000790488 -0.00108693 -0.000123161 -0.000840434 -0.00074424 -0.000142023 -0.000652186 -0.000564906 -0.00041564 -2.81219e-05 -0.000470273 -0.000378234 -4.80446e-05 2.97839e-05 1.04803e-05 -1.02861e-05 -0.000365109 -0.000382561 -0.000404611 -0.000427833 -3.15294e-05 -0.00159598 -0.000285195 -0.00019575 -0.000451111 -0.000473548 -9.17373e-05 -0.000499147
internal_weight=2.23187e+07 1.75922e+07 5.39706e+06 3.01372e+06 1.21952e+07 2.03054e+06 1.89169e+06 1.20004e+07 1.75962e+06 1.64018e+06 2.38335e+06 6.86543e+06 1.51792e+06 1.4068e+06 6.76026e+06 5.27614e+06 5.20996e+06 5.13268e+06 2.3049e+06 2.29346e+06 2.27621e+06 2.25723e+06 5.05299e+06 983183 1.30014e+06 1.20464e+06 2.23751e+06 2.21829e+06 1.1032e+06 2.19589e+06
internal_count=22318680 17592250 5397065 3013718 12195185 2030535 1891692 12000412 1759623 1640181 2383347 6865426 1517915 1406801 6760256 5276141 5209958 5132677 2304896 2293456 2276214 2257228 5052986 983183 1300138 1204644 2237507 2218288 1103202 2195890
cat_boundaries=0 1 2 83 176 271 272 367 462 542 608 704 800 801 878 973 1052 1131 1209 1289 1368 1462 1556 1649 1745 1822 1899 1993
cat_threshold=39 8 0 0 0 0 0 0 0 0 1048576 2 0 0 0 0 0 0 0 0 0 4096 0 1073741824 268435456 0 0 0 0 538968064 0 1048576 0 0 0 0 4227072 0 2 2 2147483648 0 0 2 262144 0 512 0 1073741952 2147483648 0 0 1026 2147483648 0 134219776 0 66048 8388800 0 0 8388608 0 0 0 0 0 0 0 0 0 0 0 0 0 524288 0 0 0 0 0 0 16777216 0 0 0 0 0 0 0 0 0 0 0 0 0 0 0 0 0 0 0 0 0 0 0 0 0 0 0 0 0 0 0 0 0 0 0 0 0 0 0 0 0 0 0 0 0 16384 268697600 0 0 1 8192 134250504 0 268435488 4 0 0 0 75497472 524290 2048 524288 0 0 0 0 0 0 0 0 0 0 0 0 0 0 0 0 0 2048 32768 134217728 64 84148224 0 0 0 67108864 4194304 32772 0 135168 65537 0 0 0 0 0 0 0 0 0 0 0 0 0 0 0 0 0 0 0 0 0 0 0 0 0 0 0 0 0 0 0 0 0 0 0 0 0 0 0 0 0 0 0 0 0 128 8 2 0 0 8388672 0 1024 131072 144 0 2048 64 1073807888 0 2147483648 0 0 0 0 0 0 0 0 0 0 0 0 0 0 0 0 0 0 2147484672 1 0 10 0 1048704 16384 33555456 0 33554432 0 1024 2 0 1048576 201326592 15 0 0 0 0 0 0 0 0 0 0 0 0 0 0 0 0 0 0 0 0 0 0 0 0 0 0 0 0 0 0 0 0 0 0 0 0 0 0 0 0 0 0 0 0 0 0 0 0 256 0 0 0 285212672 262145 16384 134217744 2 0 133186 68159744 65536 134219840 72 0 0 0 0 0 0 0 0 0 0 0 0 0 0 0 0 0 0 67108864 512 0 68 1073741824 536870912 2 1048576 0 0 0 0 0 32 0 0 0 0 0 0 0 0 0 0 0 0 0 0 0 0 0 0 0 0 0 0 0 0 0 0 0 0 0 0 0 0 0 0 0 0 0 0 0 0 0 0 0 0 0 0 0 1107296256 0 67108864 536871040 0 0 0 0 0 0 33 4100 16384 67109408 33554432 0 0 0 0 0 0 0 0 0 0 0 0 0 0 0 0 0 0 10368 0 0 2129920 524288 4194320 8388608 16777284 0 0 0 65536 541196288 0 268437504 0 32 0 1572864 0 0 0 0 0 0 655360 0 0 128 0 0 0 256 0 138412032 0 0 2048 0 32896 134217728 8388609 16 0 0 0 0 0 0 16777216 0 0 0 262144 0 0 1073741824 0 8388608 0 0 0 0 0 0 0 0 0 0 0 0 0 0 0 0 0 0 0 0 65536 128 536870912 0 0 0 82048 2 16777216 0 32 0 8388608 0 256 2 1073741824 0 0 0 0 0 4194304 0 0 0 0 0 0 0 524288 131072 0 0 0 0 16384 524304 16384 8 0 0 0 1 2064 8204 1048576 0 1 262144 0 0 0 32768 8 0 8192 4194304 131104 1 268435488 1050624 0 0 0 0 0 0 0 2097152 0 0 0 0 0 0 0 0 0 2 0 1048576 0 0 0 0 0 0 0 0 0 0 0 0 0 0 0 0 0 0 0 0 0 0 0 0 0 0 0 0 0 0 0 0 0 0 0 0 0 0 0 0 0 0 0 0 2147483648 2147483648 67174400 128 24576 0 0 32 0 67108864 2181038080 0 33554432 0 0 1073815552 268435520 256 0 0 0 0 0 0 0 0 0 0 0 0 0 0 0 0 0 0 0 0 33588480 0 9216 0 0 0 1073741888 0 131072 0 1032 16384 1 256 0 0 0 0 0 0 0 0 0 0 0 0 0 0 0 0 0 0 0 0 0 0 0 0 0 0 0 0 0 0 0 0 0 0 0 0 0 0 0 0 0 0 0 0 1073741824 0 33554432 4194304 512 4 16777216 4096 32768 2147483648 32800 268435464 134217728 1140850816 2147483648 536870912 0 8194 512 0 0 0 0 0 0 0 0 0 0 0 0 0 0 0 0 268435456 0 0 65536 0 0 65600 65536 4194304 8388608 0 0 0 256 0 262144 128 8 131096 512 0 0 64 0 16 128 0 0 0 0 0 0 0 0 0 0 0 0 0 67108864 0 67108864 0 0 24576 1073741824 0 0 16384 8388608 1048576 1 8388608 0 0 8388608 16384 0 0 8192 0 0 131328 0 0 0 0 0 0 1073741824 0 0 0 0 32 0 0 0 0 0 0 0 8192 16777216 0 0 4096 0 0 67108864 1073741824 0 0 541065216 524288 65536 2097152 2 65568 0 0 0 0 0 0 0 0 0 4 0 0 0 1082130432 0 33554432 0 0 2097152 0 0 0 0 0 0 8388608 0 0 0 2080 33554432 262272 64 256 32 1 0 16778240 0 65536 1052672 32768 0 0 0 0 0 0 67633152 0 0 0 131072 0 0 0 0 0 0 0 0 0 0 0 0 0 0 0 0 0 0 8388608 0 0 0 0 0 0 0 0 0 0 0 0 0 0 0 512 0 0 8388608 0 2048 0 2097152 2147483648 1049088 0 0 0 0 4194304 0 0 262144 128 0 0 0 0 0 0 8704 0 0 0 2148007936 35651584 4194304 256 65552 268435456 16777216 0 0 0 65536 0 0 0 0 134218752 0 536870912 0 8388608 67108864 0 0 0 0 0 0 0 0 0 0 0 0 0 0 0 0 0 0 0 16384 0 1073741824 0 16777216 0 0 262144 0 32768 0 0 0 2147483648 0 2048 0 0 0 0 0 2097152 4194304 268500992 0 67108864 0 0 0 0 0 4096 0 0 0 1073742848 268566528 0 0 0 0 1075838976 0 0 0 8388608 0 4 262144 64 268435456 2147483648 0 536870912 1024 0 0 8192 0 0 0 0 0 0 0 0 0 0 0 0 0 0 0 0 0 0 0 20 131072 1048576 0 0 512 8388608 0 0 0 134217728 0 1024 65536 0 8388608 0 256 0 2 0 4 0 0 512 0 0 32768 17 1024 8192 131072 131072 131072 524288 0 0 0 65536 0 0 0 2 268435456 536870912 131136 0 0 0 0 0 0 4194304 0 1 8 0 0 0 66064 524288 0 0 0 0 0 0 0 0 0 0 0 0 0 0 0 0 0 0 0 0 0 0 603979776 0 0 0 0 0 1024 0 1 32768 67108864 0 4 65536 2048 0 8 0 0 0 0 4194304 4352 0 0 0 268435457 0 134217728 536870912 4 0 0 8388608 0 0 0 0 0 134217728 524288 0 0 0 65537 0 16779266 67108864 2 0 0 0 0 262160 4 0 0 0 0 0 0 0 0 0 0 0 0 0 0 0 0 0 0 0 0 1073741826 0 0 0 4096 0 0 0 536870912 0 0 16 64 0 0 4 0 0 1048584 0 8388864 0 16400 0 8192 4 2 0 4096 0 64 0 0 536870912 8388608 8192 32 0 16 4128 0 0 0 32896 0 0 128 0 4196352 0 0 0 0 0 8 0 256 0 32768 0 0 0 0 0 0 0 0 0 0 0 0 0 0 0 0 0 0 0 0 32768 0 0 0 0 0 65536 0 1073774592 0 0 0 0 0 131072 64 0 16777216 0 2176 0 0 0 0 0 0 0 0 0 0 0 0 0 0 0 0 0 64 0 0 0 0 2048 0 0 1073741824 0 532482 0 1090520064 1 67108864 128 16388 1073741824 0 0 0 33554944 1048576 1024 0 0 0 0 0 0 0 0 0 0 0 0 0 0 0 0 0 1 16 0 0 0 0 0 0 0 1 33554434 0 0 4 0 0 131076 0 0 0 0 0 0 16777216 0 0 0 0 0 0 0 8 0 0 0 0 0 0 0 0 0 0 0 0 0 0 0 0 0 0 0 0 0 0 0 0 0 0 0 0 0 0 0 0 0 0 0 0 0 0 0 0 0 0 0 0 0 83886112 1073741824 525568 32768 34357248 1024 2151694352 8388672 524288 1024 8192 576 36700432 0 0 0 0 0 0 0 0 0 0 0 0 0 0 0 0 0 0 0 0 0 0 0 0 0 0 0 0 0 1024 1024 0 0 0 0 67108864 0 0 0 0 0 0 0 0 0 0 0 0 0 0 0 0 0 0 0 0 0 0 0 0 0 0 0 0 0 0 0 0 0 0 0 0 0 0 0 0 0 0 0 0 0 0 0 12288 4 0 201359364 131072 0 0 8 2 0 512 42240 402653200 8192 1082130448 0 0 0 0 0 0 0 0 0 0 0 0 0 0 0 0 0 8192 0 268697600 1073741824 4 8 0 4194304 0 0 0 0 8320 262144 0 0 0 0 0 0 0 0 0 0 0 0 0 0 0 0 0 0 0 0 0 0 0 0 0 0 0 0 0 0 0 0 0 0 0 0 0 0 0 0 0 0 0 0 0 8 0 0 0 0 256 0 0 64 4194304 0 8192 8388608 262144 2098176 1024 4100 0 0 0 0 0 0 0 0 0 0 0 0 0 0 0 0 0 0 0 2097152 67108864 512 16386 1179648 144 2048 512 131072 16384 0 2097280 1073807360 131076 1 0 576 1024 0 0 1572864 0 67108864 0 0 16 128 0 0 0 0 0 0 0 536871040 16384 64 0 0 0 0 4 536870912 8388608 65536 0 64 0 0 0 0 1024 0 0 0 0 0 5378048 0 0 0 0 0 0 0 0 0 0 0 0 0 0 0 0 0 0 0 0 4096 0 16777216 0 0 131072 0 32 384 0 2151677952 0 0 524288 0 0 0 0 0 0 524288 134217728 0 0 0 0 0 0 1 0 536870912 0 2048 294912 8 0 0 0 268435456 0 2097152 0 0 2 8 0 268435456 262160 67108864 0 1 67207168 0 1 18874368 8 0 1048576 16384 0 0 0 0 0 0 0 0 0 0 0 0 0 0 0 0 0 0 0 1024 0 0 512 0 0 0 16384 0 268435456 2097152 0 2 0 0 0 0 0 0 0 0 0 0 0 0 0 0 0 0 0 0 0 0 0 0 0 0 0 0 0 0 0 0 0 0 0 0 0 0 0 0 0 0 0 0 0 0 0 536871424 16777216 0 16777216 0 4194304 525312 0 16 0 0 2097168 536870920 524289 8 536887296 4194304 6272 0 0 0 0 0 0 0 0 0 0 0 0 0 0 0 0 16809984 0 1024 16384 128 0 4 0 0 0 16777218 1073741832 0 0 262144
is_linear=0
shrinkage=0.05


Tree=69
num_leaves=31
num_cat=24
split_feature=16 20 1 3 0 0 0 0 9 0 0 13 0 19 0 16 0 0 0 0 20 0 0 0 0 0 0 0 3 0
split_gain=7100.08 642.796 205.259 152.67 113.512 93.7051 90.137 82.8145 78.482 77.6086 75.3587 71.8093 87.3534 67.2296 62.9209 56.9472 54.8427 66.8148 55.3116 54.8349 54.5907 52.3051 52.0485 59.1448 65.4009 62.6064 65.5523 61.9355 55.6274 61.3865
threshold=1.0000000180025095e-35 0.30358886718750006 0 1 2 3 4 5 6 7 8 1.0000000180025095e-35 9 0.64282226562500011 10 12.910156250000002 11 12 13 14 0.16070556640625003 15 16 17 18 19 20 21 22 23
decision_type=10 2 1 1 9 9 9 9 9 9 9 2 9 2 9 10 9 9 9 9 2 9 9 9 9 9 9 9 1 9
left_child=-1 2 10 15 -5 -3 -6 -8 -7 -9 -2 19 -13 22 -11 20 -16 -18 -19 -10 -4 -20 -12 -24 -25 -26 -27 -28 29 -29
right_child=1 5 3 4 6 8 7 9 11 14 13 12 -14 -15 16 -17 17 18 21 -21 -22 -23 23 24 25 26 27 28 -30 -31
leaf_value=-0.01148420715957422 -0.029824095624537163 0.078865203910202977 -0.011060682725714933 -0.018386207183212155 -0.014585344053769423 -0.0479526646569709 -0.013381440603895612 -0.010993781887461107 0.055889017821250754 -0.011505939894244078 -0.037812074700949543 0.15422035293796066 0.00082972324085316183 0.029900020459073275 -0.01265155217110291 0.00018042834518036677 -0.010579415474105758 -0.010746469113900238 -0.011229910438985814 -0.0049343166125567208 -0.0091351433543638179 0.00017366582186345569 -0.041591679879516945 -0.034604986696642741 -0.034650093585212559 -0.032423536210392248 -0.026184416595189254 1.200386735516245 -0.0056640765084731816 0.0059573641617855612
leaf_weight=4726430 84305 178101 701026 144015 133412 97208 130056 126188 110751 108047 73834 54692 3705604 55438 101087 53678 122746 103099 99376 7629405 290124 1142688 85839 93255 85886 89026 82378 1313 1520133 389540
leaf_count=4726430 84305 178101 701026 144015 133412 97208 130056 126188 110751 108047 73834 54692 3705604 55438 101087 53678 122746 103099 99376 7629405 290124 1142688 85839 93255 85886 89026 82378 1313 1520133 389540
internal_value=-0.000779473 -0.000317227 -0.000747268 -0.00101071 -0.000775305 -0.000104814 -0.000680719 -0.000593969 -0.000122292 -0.000506077 -0.000412373 -0.000110334 6.89195e-05 -0.000362326 -0.000416092 -0.00150877 -0.000335716 -0.000258136 -0.000156231 -0.000197418 -0.00159469 -6.38535e-05 -0.000401747 -0.000360626 -0.000311725 -0.000255959 -0.000201391 -0.000142101 -8.42315e-05 0.000447771
internal_weight=2.23187e+07 1.75922e+07 5.81649e+06 3.25554e+06 2.21071e+06 1.17758e+07 2.0667e+06 1.93329e+06 1.15977e+07 1.80323e+06 2.56095e+06 1.15005e+07 3.7603e+06 2.47664e+06 1.67704e+06 1.04483e+06 1.569e+06 1.46791e+06 1.34516e+06 7.74016e+06 991150 1.24206e+06 2.4212e+06 2.34737e+06 2.26153e+06 2.16828e+06 2.08239e+06 1.99336e+06 1.91099e+06 390853
internal_count=22318680 17592250 5816489 3255542 2210714 11775761 2066699 1933287 11597660 1803231 2560947 11500452 3760296 2476642 1677043 1044828 1568996 1467909 1345163 7740156 991150 1242064 2421204 2347370 2261531 2168276 2082390 1993364 1910986 390853
cat_boundaries=0 1 2 97 184 279 374 375 471 551 605 701 796 890 985 1069 1165 1244 1315 1394 1473 1551 1629 1630 1709
cat_threshold=39 8 0 0 0 0 0 0 0 0 0 0 0 0 0 0 0 0 0 0 0 0 0 0 0 0 0 0 0 0 0 0 0 0 0 0 0 0 0 0 0 0 0 0 0 0 0 0 268697600 0 0 1 8256 134250504 0 0 4 0 0 64 75497488 524290 2048 524288 0 0 0 0 0 0 0 0 0 0 0 0 0 0 0 0 0 2048 32768 134217728 64 84148224 1048704 0 33554432 67108864 4194304 32768 0 4096 0 0 134217728 2048 0 0 0 0 0 67108864 0 0 0 0 16384 0 0 0 0 512 0 537395200 0 0 1073741824 268435456 262144 0 0 16384 536870912 0 393472 0 0 0 0 4194304 0 0 0 2147483648 256 0 0 0 0 512 268435456 1073741824 0 0 0 1048576 2147483776 0 2048 0 65536 8388608 2097156 0 0 0 0 0 0 0 0 0 0 67108864 0 0 0 0 16 0 0 0 0 0 0 0 0 536870912 0 0 0 268435456 0 0 0 0 0 0 0 0 0 0 0 0 0 0 0 0 0 0 0 0 0 0 0 0 0 0 0 0 0 0 0 0 0 0 0 0 0 0 0 0 0 0 0 0 0 128 8 2 0 0 8388608 0 285213696 131104 128 16 2048 0 1073807360 1048576 2147483648 134217728 8 0 0 0 0 0 0 0 0 0 0 0 0 0 0 0 0 2147484672 1 0 10 0 0 16384 1024 0 33554432 4 1024 2 65536 1048576 67108864 0 0 0 0 0 0 0 0 0 0 0 0 0 0 0 0 0 0 0 0 0 0 0 0 0 0 0 0 0 0 0 0 0 0 0 0 0 0 0 0 0 0 0 0 0 0 0 0 256 0 0 0 0 262145 16400 0 2 33 133186 67127552 32 2112 64 0 0 0 0 0 0 0 0 0 0 0 0 0 0 0 0 0 0 67108864 0 2097152 68 16 545259520 2 1048576 0 0 0 536870912 0 268435488 134479874 0 0 0 0 0 0 0 0 0 0 0 0 0 0 0 0 0 0 0 0 0 0 0 0 0 0 0 0 0 0 0 0 0 0 0 0 0 0 0 0 0 0 0 0 2147483648 2147483648 0 1107296256 0 67108864 536871040 32 0 0 2147483648 0 0 0 4100 1073750016 67109376 33554688 0 0 0 0 0 0 0 0 0 0 0 0 0 0 0 0 0 0 128 0 768 32768 524288 1077936128 0 16777284 0 0 0 0 4325384 0 2048 128 0 32 0 1572864 0 0 0 0 0 0 655360 0 0 128 0 0 0 256 0 138412032 0 0 0 0 32768 134217728 8388609 16 512 0 0 2097152 0 0 16777216 0 0 0 262144 0 0 1073741824 0 8388608 0 0 0 0 0 0 0 0 0 0 0 0 0 0 0 0 0 0 0 0 0 128 536870912 0 0 0 134299776 0 16777216 1073741824 32 0 0 1073741824 256 2 0 0 0 0 0 0 0 1053696 0 0 4194304 8200 134234112 1048576 1024 1025 402653184 1073741824 0 4096 0 1024 2097152 0 0 0 0 1073741824 65536 0 0 0 1 1024 0 8 128 256 8 0 0 1024 131584 0 131072 0 0 0 0 0 0 134217728 0 4096 0 0 0 0 0 0 0 0 0 0 0 0 0 0 0 0 0 0 0 0 0 0 0 0 0 0 0 0 0 0 0 0 0 0 0 0 0 0 0 0 0 0 0 0 0 0 100728832 4194304 8704 0 0 135168 0 2214592512 32 134217728 33554432 0 2147483648 536936448 268435520 2 0 0 0 0 0 0 0 0 0 0 0 0 0 0 0 0 0 0 10240 0 33588224 0 9216 0 0 0 1073741888 0 131072 65536 0 16384 0 256 0 0 0 0 0 0 0 0 0 0 0 0 0 0 0 0 0 0 0 0 0 0 0 0 0 0 0 0 0 0 0 0 0 0 0 0 0 0 0 0 0 0 0 0 0 0 0 128 16388 0 0 0 0 268435456 33587200 268435464 0 1140850688 42240 268435472 8192 8192 512 0 0 0 0 0 0 0 0 0 0 0 0 0 0 0 0 268443648 0 262144 65536 0 0 64 65536 0 8388608 0 0 0 263424 0 393217 0 0 0 0 0 0 0 0 0 0 0 0 0 0 0 0 0 0 0 0 0 0 0 0 0 0 0 0 0 0 0 0 0 0 0 0 0 0 0 0 0 0 0 0 0 0 16777216 4096 0 4 151027712 0 32768 0 4194304 0 134217728 640 262144 136315904 0 8392724 0 0 0 0 0 0 0 0 0 0 0 0 0 0 0 0 0 0 0 268435456 1140850688 4 0 196608 4194432 4194304 0 0 0 8320 128 1073741824 0 0 0 0 0 0 0 0 0 0 0 0 0 0 0 0 0 0 0 0 0 0 0 0 0 0 0 0 0 0 0 0 0 0 0 0 0 0 0 0 0 0 0 0 1073741824 520 4 0 0 0 256 524288 0 80 8 2 8192 8388616 524289 0 536887296 1077936128 6272 0 0 0 0 0 0 0 0 0 0 0 0 0 0 0 0 32768 0 2097152 0 0 16392 1048576 0 2048 0 131072 0 0 4096 65536 4 1074266112 2097152 0 16384 8388608 512 2098192 0 0 0 0 0 0 0 0 0 0 0 0 0 0 512 16640 0 0 0 0 4194304 536871936 0 32768 0 0 0 0 2048 67108864 0 0 0 0 0 0 0 0 32800 4104 2147483648 0 131072 1026 1073741824 0 0 0 0 0 0 0 0 0 553648128 1024 0 0 0 0 0 0 0 0 0 0 8 0 0 0 0 0 0 0 0 0 1073741824 0 0 0 0 0 0 0 0 0 0 0 0 0 0 0 0 0 0 0 0 0 0 0 0 0 0 0 0 0 0 0 0 0 0 0 0 0 0 0 0 0 0 0 0 0 0 0 0 16778240 0 71303168 1024 0 0 67108864 3221225472 16 0 2097152 8 1024 0 32 0 0 0 0 0 0 0 0 0 0 0 0 0 0 0 0 2097152 67108864 0 16384 2147483649 2 262148 16 0 0 16842754 2147500040 0 18874368 262144 0 1 0 536907776 2064 1 4194304 0 0 0 0 0 0 0 0 0 0 0 32768 262144 0 0 0 8 1073743874 2097152 128 268435456 0 0 0 0 4096 1 0 0 524288 0 512 0 67108864 1074003968 4 65536 8388608 0 1 0 0 0 0 0 0 0 0 0 0 0 0 0 0 0 0 0 0 0 0 131072 0 0 2 0 0 0 8 0 0 0 8388608 0 268435456 0 0 536870912 64 0 0 268435456 0 142606592 0 0 4194304 0 1 0 0 0 0 0 0 0 0 2147483648 33554432 16 12582912 1081344 256 3221225472 536870912 0 0 0 0 0 1073741824 134217728 0 0 2147483648 0 0 0 16384 262152 0 0 0 0 0 0 0 0 0 0 0 0 0 0 0 0 0 0 2097152 1048832 1024 0 0 0 32 33554433 0 0 8192 134217728 0 0 65536 0 0 134219776 0 0 262144 83886080 2048 262144 0 0 0 0 0 0 0 0 512 32 0 0 524288 1048576 134217728 131072 2147483648 512 0 16 262144 536870912 16 0 33554432 0 4 0 0 0 0 0 0 0 0 0 0 0 0 0 0 0 0 0 0 0 262144 524288 0 4194304 0 0 0 0 524352 2 0 0 0 0 0 0 18874368 268435456 262144 262144 12 0 0 16777216 0 0 0 1073741824 0 0 2148007936 0 0 0 2097152 65553 0 75497472 4 0 0 0 0 262144 0 0 0 0 0 0 0 0 0 256 0 536870912 67108864 0 0 16384 2147483648 33554432 0 0 0 0 0 0 0 0 0 0 0 0 0 0 0 0 0 0 1 65536 67108864 0 0 268435456 0 0 0 16416 0 16384 0 16384 0 262144 0 0 64 0 536870912 0 0 0 0 0 2048 0 0 0 134217728 0 0 0 0 16 0 268435456 0 8192 16777216 1 0 65536 1 0 20 0 32768 268443656 260 16384 0 0 0 0 0 0 134218752 16777216 0 0 0 0 0 0 0 0 0 0 0 0 0 0 0 0 0 0 0 0 0 0 0 65536 2147483648 262144 67108864 1048576 0 0 16777218 268435456 0 536870912 64 8388608 0 0 268435456 256 536870912 0 0 0 0 0 33619968 0 0 2113536 1 0 134217728 1 0 0 0 0 0 0 0 0 0 138412032 8388608 0 1073741824 0 0 2147484160 0 0 0 0 0 0 2 0 0 0 0 0 0 0 0 0 0 0 0 0 0 0 0 0 0 0 0 0 32 8 2097154 128 1049600 1048576 4194304 33554432 0 0 0 0 2101248 1 4 0 0 0 0 0 0 0 16777216 0 0 0 0 0 0 0 131072 0 0 4194304 0 0 16 536870912 0 0 0 0 0 537002000 0 16384 25165824 0 3072 8388608 0 1073741826 4227072 0 0 0 0 131104 0 512 0 0 0 0 0 0 0 0 0 0 0 0 0 0 0 0 0 0 0 0 4 0 262144 0 0 0 64 33554432 1024 0 1024 128 0 2147614720
is_linear=0
shrinkage=0.05


Tree=70
num_leaves=31
num_cat=25
split_feature=16 20 1 3 0 0 0 0 0 0 9 3 0 0 5 0 3 0 17 0 0 16 0 0 0 0 0 20 0 0
split_gain=7133.66 635.027 207.38 149.6 112.256 94.2072 89.4362 83.6621 80.1796 77.8016 75.6139 67.1695 129.35 83.5266 72.1441 68.673 66.8568 62.0619 60.7682 58.862 57.1058 56.1289 55.2135 65.395 56.7259 54.0105 55.4741 53.1661 50.718 50.7994
threshold=1.0000000180025095e-35 0.30358886718750006 0 1 2 3 4 5 6 7 8 9 10 11 12 13 14 15 1.5000000000000002 16 17 12.910156250000002 18 19 20 21 22 0.16070556640625003 23 24
decision_type=10 2 1 1 9 9 9 9 9 9 9 1 9 9 1 9 1 9 2 9 9 10 9 9 9 9 9 2 9 9
left_child=-1 2 8 21 -5 -3 -6 -8 -2 -9 -7 12 -12 -14 16 -15 20 -11 25 -17 -13 27 -19 -24 -25 -10 -27 -4 -26 -30
right_child=1 5 3 4 6 10 7 9 18 17 11 14 13 15 -16 19 -18 22 -20 -21 -22 -23 23 24 28 26 -28 -29 29 -31
leaf_value=-0.01090999680159551 -0.0283328908433103 0.092826960032103625 -0.010507648589429187 -0.01546849681812853 -0.013596876423916483 -0.05890742054583531 -0.016391622423199637 -0.010444092793088056 0.11561620325018751 -0.011030797046196895 0.43482183758951093 0.14228298114061685 0.21697197261000994 0.14445737435783434 -0.0066259099781204702 0.09343554581742497 -0.0079180294581708832 -0.011579522033193368 0.029853967567252511 -0.00089838246400550945 0.0020951919339550831 0.00017140692792134705 -0.0091103553836055281 -0.010676423348617171 -0.010667476201563809 0.073812822798334607 -0.0086620572706513251 -0.0086783861866456258 -0.011237655014606274 0.00097260636422246945
leaf_weight=4726430 92831 190544 701026 141359 131966 65154 131369 126188 10770 106845 48786 28325 44498 43432 4710311 42406 1076255 102779 49921 3065351 2460699 53678 120769 106482 96827 17846 2389579 290124 99263 1046867
leaf_count=4726430 92831 190544 701026 141359 131966 65154 131369 126188 10770 106845 48786 28325 44498 43432 4710311 42406 1076255 102779 49921 3065351 2460699 53678 120769 106482 96827 17846 2389579 290124 99263 1046867
internal_value=-0.000775409 -0.000312071 -0.000739506 -0.0010043 -0.00077128 -0.000100945 -0.000678149 -0.000592353 -0.000402884 -0.00050373 -0.000119083 -0.000109475 8.33463e-05 4.43348e-05 -0.000185072 1.39552e-05 -1.53843e-05 -0.000413778 -0.000348621 -1.36414e-05 0.000126992 -0.00149733 -0.000334564 -0.000256235 -0.00015647 -0.00038427 -0.000400079 -0.00158263 -6.15811e-05 3.12565e-05
internal_weight=2.23187e+07 1.75922e+07 5.81649e+06 3.25554e+06 2.21071e+06 1.17758e+07 2.06936e+06 1.93739e+06 2.56095e+06 1.80602e+06 1.15852e+07 1.15201e+07 3.24447e+06 3.19569e+06 8.27559e+06 3.15119e+06 3.56528e+06 1.67983e+06 2.46812e+06 3.10776e+06 2.48902e+06 1.04483e+06 1.57299e+06 1.47021e+06 1.34944e+06 2.4182e+06 2.40742e+06 991150 1.24296e+06 1.14613e+06
internal_count=22318680 17592250 5816489 3255542 2210714 11775761 2069355 1937389 2560947 1806020 11585217 11520063 3244473 3195687 8275590 3151189 3565279 1679832 2468116 3107757 2489024 1044828 1572987 1470208 1349439 2418195 2407425 991150 1242957 1146130
cat_boundaries=0 1 2 97 193 288 383 463 559 560 561 637 716 717 802 803 899 994 1089 1184 1278 1373 1450 1529 1625 1718
cat_threshold=39 8 0 0 0 0 0 0 0 0 0 0 0 0 0 0 0 0 0 0 0 0 0 0 0 0 0 0 0 0 0 0 0 0 0 0 0 0 0 0 0 0 0 0 0 0 0 0 268697600 0 0 1 8256 134250504 0 0 4 0 0 64 75497488 524290 2048 524288 0 0 0 0 0 0 0 0 0 0 0 0 0 0 0 0 0 2048 32768 134217730 64 84148224 1048704 0 33554432 67108864 0 32768 0 4096 0 0 134217728 0 0 131072 16384 0 0 0 0 0 0 0 0 0 0 0 8388608 0 0 0 0 0 1073741824 268435456 0 0 0 0 536870912 16 4 0 0 0 0 4194304 0 2 0 2147483648 0 0 16777216 0 262144 512 268439552 1073741824 1024 0 0 0 2147483648 2097152 2050 4096 0 192 2101248 0 0 0 0 536870912 0 0 0 0 0 0 0 0 0 0 0 0 0 0 0 0 0 0 0 64 0 0 536870912 0 0 0 0 2 0 0 0 0 16 0 0 0 0 0 0 0 0 0 0 0 0 0 0 0 0 0 0 0 0 0 0 0 0 0 0 0 0 0 0 0 0 0 0 0 0 0 0 0 0 0 0 0 0 0 128 8 2 0 0 8388608 0 268436480 131104 128 16 2048 0 1073807360 1048576 2147483648 134219776 8 0 0 0 0 0 0 0 0 0 0 0 0 0 0 0 0 2147484672 1 0 10 0 0 16384 1024 0 33554432 4 1024 2 65536 1048576 67108864 0 0 0 0 0 0 0 0 0 0 0 0 0 0 0 0 0 0 0 0 0 0 0 0 0 0 0 0 0 0 0 0 0 0 0 0 0 0 0 0 0 0 0 0 0 0 0 0 256 0 0 0 16777216 262145 16400 0 2 33 133186 18688 32 64 64 0 0 0 0 0 0 0 0 0 0 0 0 0 0 0 0 0 0 67108864 0 2097152 68 16 545259520 2 5242880 0 0 0 536870912 0 268435488 0 536870944 0 1572865 0 0 0 0 0 0 655360 0 0 128 0 0 0 256 0 138412032 0 0 0 0 32768 134217728 8388609 16 0 0 4096 2097152 0 0 16777216 0 0 0 0 262144 0 1073741824 0 0 1 0 0 0 0 0 0 0 0 0 0 0 0 0 0 0 0 0 0 0 0 0 536870912 0 0 0 134299648 0 16777216 1073741824 32 0 0 1073741824 256 2 0 0 0 0 0 0 0 0 0 0 0 0 0 0 0 0 0 0 0 0 0 0 0 0 0 0 0 0 0 0 0 0 0 0 0 0 0 0 0 0 0 0 0 0 2147483648 2147483648 0 1107296256 0 67108864 536871040 32 0 0 2147483648 0 0 0 4100 1073750016 67109376 33554688 0 0 0 0 0 0 0 0 0 0 0 0 0 0 0 0 0 0 128 0 768 32768 524288 1077936128 0 16777284 0 0 0 0 4325384 0 2048 128 134217730 4 0 512 0 0 64 0 0 0 0 0 0 0 0 0 0 0 0 0 0 0 0 1024 0 0 0 16384 16384 1073741824 0 8 16384 0 1 265217 8388608 65536 0 33024 8 0 8192 4195328 537001984 4 32 0 0 2147483648 0 0 0 0 0 0 0 0 0 0 0 0 0 0 0 0 0 0 2097152 0 0 0 0 67108864 1074003968 0 32768 2147483648 8 134217728 0 2048 0 0 0 0 0 0 0 0 0 0 0 0 0 1073741824 0 0 0 67108928 131072 0 0 0 0 0 256 0 268435456 8912896 0 0 134217728 0 128 2147483648 0 0 0 0 0 5242880 0 0 0 0 0 0 0 0 0 0 0 0 0 0 0 0 0 0 0 16777236 4 16777216 8 0 1 0 0 1 33554432 1024 0 1280 34078722 0 131072 13 0 16777216 2 0 0 1048576 2097152 0 0 0 0 0 0 0 0 1024 0 0 0 4096 0 0 0 67108864 0 0 33556480 32 0 0 0 4 0 1073741824 0 128 0 0 0 0 17408 67108864 4194304 65537 135168 0 0 0 0 0 0 0 524288 0 0 0 0 0 0 0 0 0 0 0 2 16384 0 0 4096 8 0 0 1572864 0 0 545259584 0 0 0 0 0 0 0 0 536870912 3 0 0 0 0 0 0 0 0 0 0 0 0 0 0 0 0 0 0 0 0 0 0 0 0 0 0 0 0 0 0 0 0 0 0 0 0 0 0 0 0 0 0 0 0 0 0 100663296 4194304 8704 0 0 135168 0 2214592512 32 134217728 33554432 0 2147483648 536936448 268435520 2 512 0 0 0 0 0 0 0 0 0 0 0 0 0 0 0 0 0 10240 0 33588224 0 9216 0 0 0 1073741888 0 131072 65536 0 16384 0 256 0 0 0 32 2148009984 0 16384 0 0 0 0 16512 0 0 0 0 0 0 0 67108864 0 0 0 0 0 0 2097152 32768 32768 8192 0 17039360 1048580 4 0 0 0 67108928 0 0 0 0 48 0 0 0 0 0 0 0 0 0 0 0 0 8 0 0 0 0 0 0 0 0 0 268435456 0 16 0 0 0 0 0 4 0 4194305 0 0 2147483660 0 0 0 0 0 0 0 0 0 0 0 0 0 4 0 2 655360 2048 1572864 0 1073741824 0 4194320 128 0 0 64 4096 0 0 0 131072 0 0 0 0 0 0 0 0 0 0 0 1 0 8192 0 2 0 0 0 0 1 8388608 1073741824 0 0 8192 33554464 0 0 2048 0 0 0 0 2 0 0 0 0 0 8390688 0 2147483648 0 0 0 1 0 0 0 0 0 0 0 0 0 0 0 16 0 0 0 0 0 0 8192 0 0 0 0 2097152 0 0 0 0 0 0 0 8388608 0 0 0 0 0 0 0 0 0 0 0 0 0 0 0 0 0 0 0 0 0 0 0 0 0 0 0 0 0 0 0 0 0 0 0 0 0 0 0 0 0 0 0 0 0 0 0 128 16388 0 0 0 0 268435456 33587200 268435464 0 1140850688 42240 402653200 0 8192 0 0 0 0 0 0 0 0 0 0 0 0 0 0 0 0 0 268443648 0 262144 65536 0 0 64 65536 4194304 8388608 0 0 0 263424 0 393217 0 0 0 0 0 0 0 0 0 0 0 0 0 0 0 0 0 0 0 0 0 0 0 0 0 0 0 0 0 0 0 0 0 0 0 0 0 0 0 0 0 0 0 0 0 8 16842752 4096 0 4 151027712 0 32768 0 4194304 0 134217728 640 262144 1024 8192 8392724 0 0 0 0 0 0 0 0 0 0 0 0 0 0 0 0 0 0 0 268435456 1140850688 4 0 196608 4194432 0 0 0 0 8320 128 1073741824 0 0 0 0 0 0 0 0 0 0 0 0 0 0 0 0 0 0 0 0 0 0 0 0 0 0 0 0 0 0 0 0 0 0 0 0 0 0 0 0 0 0 0 0 1073741824 512 4 0 0 0 256 524288 0 80 8 2 8192 8388608 524289 2097152 536887296 1077936128 6272 0 0 0 0 0 0 0 0 0 0 0 0 0 0 0 0 32768 0 2097152 0 0 16392 1048576 16 2048 0 131072 0 0 4096 65536 4 0 256 0 0 1073741824 0 0 0 0 0 0 0 0 1024 0 0 131072 134348800 0 0 0 1073758208 268501056 4096 0 16448 0 1073872896 671088640 1073741824 0 0 134217728 0 0 134479872 0 0 0 4 0 0 0 32768 0 0 0 0 0 0 0 0 0 0 0 0 0 0 0 0 0 0 0 16 0 2097152 8421376 0 0 8388608 32 0 0 134217728 0 0 32768 0 0 0 2048 0 4 0 0 5242880 0 0 4096 0 0 0 1 0 2147487744 524288 0 0 0 8519680 0 0 0 0 0 0 64 0 8 64 262145 0 4194496 0 0 0 65536 8192 132 16 0 0 0 0 0 0 0 0 0 0 0 0 0 0 0 0 0 0 0 0 0 131072 32 0 0 0 0 0 0 0 0 0 1025 589824 131072 64 0 0 0 0 0 0 0 0 0 0 0 0 0 0 0 0 0 0 0 0 0 0 0 0 0 0 0 0 0 0 0 0 0 0 0 0 0 0 0 0 0 0 0 0 0 0 0 0 16778240 0 71303168 1024 0 0 0 3221225472 16 0 2097152 8 1024 0 32 0 0 0 0 0 0 0 0 0 0 0 0 0 0 0 0 2097152 67108864 0 16384 2147483649 32770 262148 0 33554432 0 16842754 2147500040 0 18874368 262144 0 1 0 0 0 0 0 0 0 0 0 0 0 0 0 0 0 0 0 0 0 0 0 0 0 0 0 0 0 0 0 0 0 0 0 0 0 0 0 0 0 0 0 0 0 0 0 16384 0 0 72 512 2097152 1048576 0 128 67110912 0 2097152 0 0 0 16777218 278560 0 0 0 0 0 0 0 0 0 0 0 0 0 0 0 0 0 17301504 0 1024 536871040 640 0 67108864 0 524288 66048 8390656 1073807360 0 1048577
is_linear=0
shrinkage=0.05


Tree=71
num_leaves=31
num_cat=25
split_feature=16 20 1 3 0 0 0 16 0 9 0 0 0 13 0 0 0 0 0 0 0 0 0 0 0 3 0 20 0 0
split_gain=7185.56 615.288 191.973 148.309 106.191 91.5947 89.348 87.244 82.5152 73.6902 72.0721 71.0265 69.9461 63.8111 84.1351 62.2687 60.0754 58.1927 58.5802 61.6676 57.329 56.8766 66.3658 54.3767 62.7761 59.7276 64.7716 54.1438 51.8683 50.0137
threshold=1.0000000180025095e-35 0.30358886718750006 0 1 2 3 4 12.472656250000002 5 6 7 8 9 1.0000000180025095e-35 10 11 12 13 14 15 16 17 18 19 20 21 22 0.16070556640625003 23 24
decision_type=10 2 1 1 9 9 9 10 9 9 9 9 9 2 9 9 9 9 9 9 9 9 9 9 9 1 9 2 9 9
left_child=-1 2 11 7 -5 -6 -3 27 -7 -8 -10 -2 -13 -11 -15 -14 -17 -12 -19 -20 -21 -18 -23 -24 -25 26 -26 -4 -27 -22
right_child=1 6 3 4 5 8 9 -9 10 13 17 12 15 14 -16 16 21 18 19 20 29 22 23 24 25 28 -28 -29 -30 -31
leaf_value=-0.010364496961515734 -0.027681013862648953 0.093308041005123452 -0.0099822661599577311 -0.014806609943612848 -0.012917032602720658 -0.016491215797315686 -0.071360364459182604 0.00016283658152527747 -0.0089336946159122802 -0.0044669580027647095 -0.011703937911410278 -0.035462771682462479 -0.035137896117139501 0.19210936491705477 0.00065723147861438411 -0.031783940463377236 -0.029669587472675663 -0.011966221963910307 -0.0097458169363410455 -0.0090666384664828577 -0.010162505012078705 -0.03076655259355604 -0.030904930174870983 -0.030271297579430246 1.1151659196300761 0.086165406799663918 0.0097704011422011863 -0.0082444668773133511 -0.0031255100783627921 0.00020182172128299647
leaf_weight=4726430 81830 185794 694117 137443 136192 130452 32274 64909 118222 7768066 103592 99126 88556 55186 3734441 83777 78631 111492 117191 111636 100571 90114 71831 81171 2203 10121 382667 285802 1490920 1143923
leaf_count=4726430 81830 185794 694117 137443 136192 130452 32274 64909 118222 7768066 103592 99126 88556 55186 3734441 83777 78631 111492 117191 111636 100571 90114 71831 81171 2203 10121 382667 285802 1490920 1143923
internal_value=-0.000769148 -0.000304127 -0.000724866 -0.000979636 -0.000747622 -0.000658391 -9.63088e-05 -0.00147053 -0.000570262 -0.000113747 -0.000482564 -0.00040099 -0.000353146 -0.000107084 6.11222e-05 -0.000298941 -0.000248659 -0.000398992 -0.000323937 -0.000240308 -0.000145211 -0.000198783 -0.000150006 -9.13147e-05 -4.19686e-05 1.66345e-05 0.000572321 -0.00158814 -0.000125847 -4.78389e-05
internal_weight=2.23187e+07 1.75922e+07 5.81649e+06 3.25554e+06 2.21071e+06 2.07327e+06 1.17758e+07 1.04483e+06 1.93708e+06 1.159e+07 1.80663e+06 2.56095e+06 2.47912e+06 1.15577e+07 3.78963e+06 2.37999e+06 2.29144e+06 1.6884e+06 1.58481e+06 1.47332e+06 1.35613e+06 2.20766e+06 2.12903e+06 2.03891e+06 1.96708e+06 1.88591e+06 384870 979919 1.50104e+06 1.24449e+06
internal_count=22318680 17592250 5816489 3255542 2210714 2073271 11775761 1044828 1937079 11589967 1806627 2560947 2479117 11557693 3789627 2379991 2291435 1688405 1584813 1473321 1356130 2207658 2129027 2038913 1967082 1885911 384870 979919 1501041 1244494
cat_boundaries=0 1 2 97 192 284 379 380 476 556 633 728 807 886 982 1077 1172 1266 1343 1421 1499 1575 1576 1655 1732 1828
cat_threshold=39 8 0 0 0 0 0 0 0 0 0 0 0 0 0 0 0 0 0 0 0 0 0 0 0 0 0 0 0 0 0 0 0 0 0 0 0 0 0 0 0 0 0 0 0 0 0 128 268697608 0 0 0 8256 32776 0 32 4 0 0 64 75497472 524290 2048 524288 0 0 0 0 0 0 0 0 0 0 0 0 0 0 0 0 0 2048 0 134217728 64 84148224 1048704 0 33554432 67108864 0 32772 0 2 65536 0 134217728 0 0 0 0 0 0 0 0 0 0 0 0 0 0 0 0 0 0 0 0 0 0 0 0 0 0 0 0 0 0 0 0 0 0 0 0 0 0 0 0 0 0 0 0 0 0 0 2 0 0 8388608 0 268436480 131072 16528 16 2050 0 1073809408 1048576 2147483648 134219776 8 0 0 0 0 0 0 0 0 0 0 0 0 0 0 0 0 2147484672 1 0 10 0 64 16384 1024 2 33554432 0 1024 0 0 1048576 67108864 0 8 0 65536 0 0 524288 0 0 0 0 0 32 4 0 0 0 0 0 0 0 1073741824 268435456 0 0 0 0 536870912 0 4 0 0 0 0 0 0 64 0 2147483648 0 0 0 64 0 512 268435472 1073741824 0 0 0 1049600 2147483648 2215116800 136316928 524288 65536 268566528 260 0 0 0 0 0 0 0 0 0 0 0 0 0 0 0 0 0 0 0 0 0 0 0 0 0 0 0 0 0 0 0 0 0 32768 0 0 0 0 0 0 0 0 0 0 0 0 0 0 0 0 0 0 0 0 0 0 0 0 0 0 0 0 0 0 0 0 0 0 0 0 0 0 0 0 0 0 0 0 0 0 0 0 256 0 536871040 0 16777216 262145 0 0 0 33 131138 18688 67108896 64 64 0 0 0 0 0 0 0 0 0 0 0 0 0 0 0 0 0 128 67108864 512 2129920 4 16 545259520 0 5242880 0 0 0 536870912 0 268435488 2 0 0 0 0 0 0 0 0 0 0 0 0 0 0 0 0 0 0 0 0 0 0 0 0 0 0 0 0 0 0 0 0 0 0 0 0 0 0 0 0 0 0 0 0 2147483648 2147483648 0 1107296256 0 67108864 0 32 0 0 2147483648 0 33554432 0 2147487748 1073750016 64 33554688 0 0 0 0 0 0 0 0 0 0 0 0 0 0 0 0 0 0 10240 0 1280 0 524288 1077936128 0 16777284 64 0 0 0 4325384 0 2048 128 0 536875040 2064 1572865 4194304 0 0 0 0 0 655360 0 0 128 0 0 0 256 0 138412032 0 0 0 0 32768 134217728 1 16 512 0 0 2097152 0 0 16777216 0 0 0 0 0 0 1073807360 0 0 0 0 0 0 0 0 0 0 0 0 0 0 0 0 0 0 0 0 0 0 0 0 0 0 0 0 82048 0 16777216 0 32 0 0 1073741824 256 2 0 32768 0 0 0 0 0 0 134217984 0 0 0 0 0 0 262144 32768 262144 0 0 0 0 1073741826 2097152 128 0 9469952 256 3221749760 536870912 4096 0 0 0 0 0 0 0 67108864 1073741824 0 0 8388612 0 1 0 0 0 0 0 0 0 0 0 0 0 0 0 0 0 0 0 0 2097152 256 1024 536870912 0 0 32 134217728 0 8 0 0 0 8388608 0 0 0 0 0 0 0 1061888 0 0 4194816 2048 134217728 1048576 0 1024 134217728 1073741824 0 4096 0 1024 0 0 0 0 16384 1073741824 0 8192 0 0 1 1024 4194304 8 130 256 8 0 1048576 1024 131584 0 131072 0 0 0 0 0 0 134217728 0 0 0 0 0 0 0 0 0 0 0 0 0 0 0 0 0 0 0 0 0 0 0 0 0 0 0 0 0 0 0 0 0 0 0 0 0 0 0 0 0 0 8388608 0 0 537133056 134217792 0 0 0 0 8388608 0 0 0 0 16777216 0 0 0 0 1 0 0 0 0 0 528 12582912 0 0 0 1048576 0 0 2147483648 0 0 1073741824 262912 536870912 0 2147483648 4 0 0 2147500032 33554432 0 0 0 0 0 0 0 0 0 0 0 0 0 0 0 0 0 0 524288 0 4325376 0 0 0 0 33554497 0 32 0 0 0 16384 0 16777216 0 0 0 8 0 0 268435456 0 0 134217728 2048 0 0 2215116800 0 0 0 0 65536 16 8388608 0 2147485696 8192 0 0 262144 0 0 0 134217732 0 0 520 256 16 0 0 16 0 33554432 0 0 8388608 8 0 0 0 0 0 0 0 0 0 0 0 0 0 0 0 0 0 0 0 65536 67108864 0 0 268435456 0 524288 0 16384 0 16384 0 0 0 2359296 0 0 0 0 0 0 0 0 0 0 0 0 0 0 0 0 0 0 0 0 0 0 0 0 0 0 0 0 0 0 0 0 0 0 0 0 0 0 0 0 0 0 0 0 0 0 100663296 4194432 512 0 0 135168 0 2214592512 33554464 134217728 0 0 0 536936464 268435456 2 512 0 0 0 0 0 0 0 0 0 0 0 0 0 0 0 0 0 0 0 33652736 0 9216 64 0 0 1073741824 0 131072 65536 1024 16384 393216 256 0 0 0 0 0 0 0 0 0 0 0 0 0 0 0 0 0 0 0 0 0 0 0 0 0 0 0 0 0 0 0 0 0 0 0 0 0 0 0 0 0 0 0 0 0 0 0 0 16388 4 0 0 0 0 32768 268435464 134217728 1140850816 42240 402653184 8192 8396816 0 0 0 0 0 0 0 0 0 0 0 0 0 0 0 0 0 268443648 0 268697600 0 0 0 0 4259840 4194304 8388608 0 0 8192 262400 0 1 0 0 0 0 0 0 0 0 0 0 0 0 0 0 0 0 0 0 0 0 0 0 0 0 0 0 0 0 0 0 0 0 0 0 0 0 0 0 0 0 0 0 0 0 1073741824 520 16842752 4096 0 0 151027712 524288 32768 0 4194312 0 0 512 262144 2098176 16384 1073745924 0 0 0 0 0 0 0 0 0 0 0 0 0 0 0 0 0 0 0 0 1140850688 4 16392 131072 128 0 0 0 0 128 128 1073741824 4 0 0 0 0 0 0 0 0 0 0 0 0 0 0 0 0 0 0 0 0 0 0 0 0 0 0 0 0 0 0 0 0 0 0 0 0 0 0 0 0 0 0 0 0 0 0 4 0 16778240 1 256 1024 0 80 0 2 8208 8388608 2621441 8 536870912 4194304 6272 0 0 0 0 0 0 0 0 0 0 0 0 0 0 0 0 32768 32768 2097152 0 0 0 1048580 16 2048 0 131072 0 0 4096 327680 268435456 262144 0 0 536870912 0 16777216 0 0 0 0 0 0 1 134219776 0 0 0 0 0 67108864 4 0 0 0 268435489 0 0 1 0 0 131073 0 8192 0 16896 0 0 536870912 67108864 0 0 134234114 0 0 0 0 0 0 0 0 0 0 0 0 0 0 0 0 0 0 0 262144 1 0 0 0 65536 2147483648 0 71303168 0 0 0 16777218 0 2097152 64 0 8256 4 0 0 0 1073741824 0 2147483648 0 4194304 0 0 0 0 1 0 134217728 1 0 268435456 0 0 16777216 0 0 65536 0 0 8388624 0 1073774592 268435456 4 2147483648 0 0 32768 0 0 0 1024 16777216 0 0 0 0 0 0 0 0 0 0 0 0 0 0 0 0 0 0 0 0 32 0 2 128 1049602 0 0 1048576 0 0 0 268435456 0 1 0 0 8388608 0 268436480 256 65536 0 0 1 4096 0 33554432 0 4100 16384 0 0 0 0 0 33554440 0 0 0 0 0 0 33554432 0 0 0 0 0 0 8196 134217732 0 0 4096 512 0 65536 0 0 0 0 0 0 0 0 0 0 0 0 0 0 0 0 0 0 0 0 1048576 8 8 16777216 0 0 262144 512 0 0 0 0 65536 1073745920 536879104 0 8388608 0 0 131073 4194304 536903682 0 0 0 32768 65536 8454144 0 0 2097152 4 0 0 0 268435456 0 0 0 0 4096 0 4096 0 134217728 65536 0 0 0 0 262144 65536 16 128 262224 0 0 0 0 0 0 0 0 0 0 0 0 0 0 0 0 0 0 0 0 0 0 0 0 0 0 2097184 0 0 524288 0 33554432 131072 0 536870912 16777216 4 0 0 0 0 0 0 0 0 0 0 0 0 0 0 0 0 268435456 0 0 4096 0 16 402653184 0 0 0 8192 0 603979776 0 16384 25165824 0 3072 8388608 0 2 557056 2147483648 536870912 0 0 131072 0 512 0 0 0 0 0 0 0 0 0 0 0 0 0 0 0 0 0 0 0 4 0 0 0 131072 0 0 0 0 1024 0 2098498 2 16384 131072 0 64 0 8388610 25165824 8 16 0 1048576 0 0 4096 256 0 0 0 0 4096 0 0 0 1073741824 65536 0 0 0 2 32 262144 0 256 0 64 0 0 32 0 16777216 256 0 128 32768 0 65536 0 0 0 0 0 0 0 0 0 0 0 0 0 0 0 0 0 0 8388608 65536 537001984 0 0 0 68 268435456 0 0 0 0 0 0 8192 0 0 0 0 0 0 0 0 0 0 0 0 0 0 0 0 0 0 0 0 0 0 0 0 0 0 0 0 0 0 0 0 0 0 0 0 0 0 0 0 0 0 0 0 0 16384 0 0 8 0 71303168 0 0 0 0 3221225472 0 0 0 0 16778240 32 32 0 0 0 0 0 0 0 0 0 0 0 0 0 0 0 0 19398656 67108864 0 16384 1 32770 67371008 0 33554432 65536 16844802 2147500040 0 2097153 0 0 1
is_linear=0
shrinkage=0.05


Tree=72
num_leaves=31
num_cat=24
split_feature=16 20 3 0 1 0 19 16 0 0 9 0 0 6 0 5 3 3 0 1 0 0 0 20 0 0 0 0 0 0
split_gain=7228.42 590.274 183.785 121.957 116.676 105.064 94.9878 87.1453 85.8266 75.4438 74.2738 68.7988 62.9744 62.1446 66.3466 60.3467 57.1697 55.8711 67.0759 55.6669 54.933 54.8149 54.344 54.3034 47.2919 45.2811 43.5407 43.1385 43.0267 42.3504
threshold=1.0000000180025095e-35 0.30358886718750006 0 1 2 3 0.64282226562500011 12.472656250000002 4 5 6 7 8 2.5000000000000004 9 10 11 12 13 14 15 16 17 0.16070556640625003 18 19 20 21 22 23
decision_type=10 2 1 9 1 9 2 10 9 9 9 9 9 2 9 1 1 1 9 1 9 9 9 2 9 9 9 9 9 9
left_child=-1 2 4 -4 21 -5 9 23 -3 -7 -10 -11 -8 17 -15 -13 20 -12 -19 -18 -16 -2 -17 29 -20 -22 -9 -26 -27 -6
right_child=1 8 3 5 7 6 12 26 10 11 13 15 -14 14 16 22 19 18 24 -21 25 -23 -24 -25 27 28 -28 -29 -30 -31
leaf_value=-0.0098462721134399481 0.10223506338530577 0.09019076977609225 -0.021492936946480523 -0.014950672022855549 0.098945007446979941 -0.015241602988606285 0.20742491692685167 0.00046850462346559318 -0.038934116846108348 -0.02686367009782243 -0.0072355327891885819 -0.0027371597755645131 0.024392584531646708 0.035402628804661412 0.30348428747600636 0.027366255067717046 0.00047223593207117447 0.27178164541414945 0.15305084486987997 -0.0074371384246746837 0.12987704230261549 -0.010469380124519312 -0.0085585132158789278 -0.007832243533447681 0.11755473061235484 0.12697208516075359 -0.00062750370594669711 0.0024379976863442179 -0.0012098715887106206 -0.0094831528519598429
leaf_weight=4726430 2341 183407 116413 118396 1988 94743 803 25539 127572 88907 711183 1491338 68810 117975 30929 6156 1226592 37276 37318 4566135 32262 809630 1974124 285802 36571 32201 39370 2457768 2178572 692129
leaf_count=4726430 2341 183407 116413 118396 1988 94743 803 25539 127572 88907 711183 1491338 68810 117975 30929 6156 1226592 37276 37318 4566135 32262 809630 1974124 285802 36571 32201 39370 2457768 2178572 692129
internal_value=-0.000763993 -0.000297588 -0.000709685 -0.000517218 -0.00112012 -0.00046892 -0.000422309 -0.00146953 -9.40372e-05 -0.000457154 -0.000111016 -0.000420095 0.00140732 -9.76653e-05 -0.000171359 -0.000384919 -0.000188576 8.62189e-05 0.000194795 -0.000271973 2.38739e-05 -0.000670494 -0.000565827 -0.00158707 0.000163788 -4.98824e-06 0.000304695 0.000137351 -3.21306e-05 -0.00182591
internal_weight=2.23187e+07 1.75922e+07 5.81649e+06 3.95969e+06 1.8568e+06 3.84328e+06 3.72488e+06 1.04483e+06 1.17758e+07 3.65527e+06 1.15924e+07 3.56052e+06 69613 1.14648e+07 8.18467e+06 3.47162e+06 8.06669e+06 3.28012e+06 2.56893e+06 5.79273e+06 2.27396e+06 811971 1.98028e+06 979919 2.53166e+06 2.24304e+06 64909 2.49434e+06 2.21077e+06 694117
internal_count=22318680 17592250 5816489 3959690 1856799 3843277 3724881 1044828 11775761 3655268 11592354 3560525 69613 11464782 8184666 3471618 8066691 3280116 2568933 5792727 2273964 811971 1980280 979919 2531657 2243035 64909 2494339 2210773 694117
cat_boundaries=0 1 96 97 192 254 343 344 439 533 611 612 613 614 693 694 772 851 947 1026 1116 1212 1307 1403 1493
cat_threshold=8 0 0 8192 0 0 0 0 0 0 0 131072 0 0 0 0 0 0 0 0 0 67108864 0 0 0 32768 0 0 0 0 0 0 0 0 0 0 0 4194304 0 0 0 0 0 0 0 0 0 262144 0 0 0 8256 32776 0 0 4 0 0 0 75497472 524290 2048 524288 0 0 0 0 0 0 0 0 4194304 0 0 0 32 0 0 0 256 2048 0 134217728 0 84148224 1048704 0 33554432 67108864 0 32772 0 0 0 0 134217728 39 0 0 0 0 0 0 0 0 0 0 0 0 0 0 0 0 0 0 0 4194304 0 0 0 8192 0 134217728 1 256 0 0 0 0 0 0 0 0 0 0 0 0 0 0 0 0 0 128 8 2 0 0 8388608 0 1024 131072 128 16 0 0 1073807360 1048576 2147483648 134217728 0 0 0 0 0 0 0 0 0 8388608 0 0 0 65536 0 0 0 2147484672 1 0 10 0 0 16384 1024 0 33554432 0 1024 2 0 1048576 67108864 0 0 0 0 0 512 0 0 0 0 0 0 0 0 0 0 0 0 0 0 0 1073741840 268435456 0 16 0 0 536870912 16 66580 0 0 0 0 32768 0 2 0 2147483648 524292 134217728 0 0 524288 8389120 335577088 0 1024 0 0 0 2147483776 67108864 2048 4096 0 128 256 0 0 0 536870912 0 0 0 0 0 0 256 0 8388608 0 0 0 33554432 0 0 0 0 0 0 16 0 4 2048 0 16 0 0 0 0 536870912 0 0 0 268435456 0 2147483648 0 0 0 0 4 0 0 0 0 0 0 0 0 0 0 0 268435456 1 16400 0 2 0 133122 16384 0 2112 8 0 0 128 0 0 0 0 33570816 0 0 0 0 0 0 0 16777216 0 0 67108864 0 0 64 0 536870912 2 1048576 134512642 0 0 536870928 8 0 0 0 0 0 0 0 0 0 0 2048 0 0 0 0 0 0 268697600 0 2097152 0 0 0 0 0 0 0 131072 0 0 0 1073741824 512 0 0 0 0 0 134217732 0 33554432 0 0 0 256 0 536870912 0 0 262144 0 0 0 1 64 2304 32 0 64 0 0 0 0 0 0 262144 65536 0 16777224 0 0 0 0 0 262144 0 0 0 0 2097152 4 16 8388608 0 0 0 0 0 0 0 32 0 0 264 0 0 0 0 0 32768 0 0 0 0 0 0 0 0 0 0 0 0 2147614720 0 0 0 0 33554432 0 0 16 0 0 0 0 1048576 0 0 0 16384 0 0 33554432 0 0 0 1 16 147712 0 288 0 2147483648 0 0 0 131072 1048576 0 536870912 0 128 0 0 0 0 0 0 0 0 0 0 0 0 16384 0 0 1048576 36864 0 0 0 0 0 0 0 512 0 1073741824 0 0 142606336 0 2048 32 2097184 131072 2097152 0 4096 536870976 0 262144 0 8192 8192 67108866 0 0 40960 0 0 0 0 0 67108864 0 0 32768 268435456 0 0 2097152 538968064 0 0 0 268435456 0 0 0 0 0 0 32768 0 0 0 0 537395200 0 512 0 0 2048 262144 0 0 2 0 2097152 64 2097152 0 0 0 0 0 0 0 0 0 0 0 0 0 0 0 0 0 0 0 32 13 4 8 0 0 0 0 0 0 4194320 0 0 0 0 0 0 0 0 0 0 0 0 0 0 8192 0 0 0 0 8192 1073741825 2048 8200 16384 0 0 1 8388736 0 67108864 49152 8 0 8192 4194304 33554464 1 0 2048 0 2147483648 0 0 0 0 524288 0 0 0 0 0 0 0 0 0 0 0 0 0 0 0 4097 0 0 67108864 1074003968 0 0 131072 0 0 2147483648 9 8 0 0 512 0 0 0 0 0 0 0 0 0 0 0 0 0 0 0 0 0 134218752 0 8389632 0 0 16384 0 0 8 0 0 128 1025 4194304 1073807360 0 33024 72 0 8192 1026 537001984 4 32 0 1073741824 0 0 0 0 0 0 0 0 512 0 0 0 0 0 0 0 0 0 0 8 0 0 0 0 0 1107296256 0 0 0 2 131072 0 0 0 0 1073741824 0 0 0 0 0 1024 2 2164269056 2 0 0 134217728 0 16384 0 0 1074266160 0 0 8 0 0 8192 1024 0 0 4096 2228224 0 0 32 0 0 256 0 0 32 0 0 134217728 0 0 0 0 0 0 0 0 0 0 0 0 0 0 0 0 0 0 0 0 0 0 0 0 0 1024 290 0 0 4096 32 0 0 16384 0 0 0 0 0 1048576 0 0 0 0 0 0 0 256 0 0 0 0 0 0 0 1073741824 0 0 0 0 0 0 0 0 0 0 0 0 0 0 0 0 0 0 0 0 0 0 16 0 134217728 8388608 0 268959744 268435456 1610612736 8196 0 0 128 8388616 419446784 0 0 0 0 0 0 0 1048576 0 0 0 0 128 0 0 0 0 0 0 0 0 0 131072 73728 0 524288 32 2048 268435456 0 0 0 0 2147516416 0 0 0 16 33619984 512 65536 0 524288 0 0 0 0 0 0 0 0 524288 0 0 0 65536 0 33554432 0 67108864 536870912 0 0 1048576 33571840 0 0 0 0 67108864 0 0 1 256 128 2147483648 0 0 0 8192 537001984 4194304 0 0 0 0 0 0 0 0 0 0 0 0 0 0 0 0 0 0 0 0 0 16777216 0 67108864 0 0 0 0 0 0 32768 2151678016 524288 0 131072 0 0 0 0 0 0 0 0 0 0 0 0 1 8192 0 0 0 1073741824 0 0 0 67108864 0 67108864 2048 2147483648 0 4194336 0 0 4194304 8388608 0 262144 8388640 0 128 64 0 0 17424 1073741824 4194304 2 131076 0 0 0 0 0 0 0 0 0 0 0 0 0 0 0 0 0 0 2164260864 0 0 16 16 4096 0 0 1 0 0 0 1024 0 0 0 0 0 0 0 0 0 0 0 0 0 1073741824 0 0 0 0 0 0 0 0 0 0 0 0 0 0 0 0 0 0 0 0 0 0 0 0 0 0 0 0 0 0 0 0 0 0 0 0 0 0 0 0 0 0 0 0 0 545325056 8388624 8527872 536879120 524288 163840 0 4460608 64 0 536870912 268436992 512 0 0 0 0 0 0 0 0 0 0 0 0 0 0 0 0 0 0 0 0 0 0 0 0 0 536875008 0 1114240 8 0 0 256 0 0 0 0 0 64 0 0 0 32 2147483648 0 0 2048 0 0 0 8192 0 0 128 0 0 0 0 0 0 64 2097152 1 0 0 0 0 0 0 1 8388608 0 2048 100663296 67174400 64 4194304 0 0 0 0 0 0 4128 8388608 0 0 0 0 2 0 0 0 0 0 8388608 0 0 0 0 0 0 16 0 0 8 0 0 0 0 32769 34078720 5120 0 1024 0 0 0 0 0 0 0 0 0 0 0 0 0 0 0 0 0 0 16384 0 16777728 2 2048 0 0 0 0 0 0 0 0 0 0 0 0 0 0 0 4112 0 0 131072 1073741824 0 0 2097152 32768 256 256 16384 0 0 1073743872 0 0 0 0 0 1 128 4196352 0 6291456 69632 524288 0 0 0 0 0 0 0 0 0 0 0 0 0 0 0 0 0 0 0 2048 0 0 0 16777216 0 0 0 8 0 2147483648 524416 0 131072 0 0 0 0 0 0 0 0 0 0 0 0 0 0 0 0 32 0 0 0 0 0 0 0 0 0 0 0 0 0 0 0 0 0 0 0 0 0 0 0 0 0 0 0 0 0 0 0 0 0 0 0 0 0 0 0 0 0 0 0 0 0 32 536870912 2622728 69730304 147456 0 2147500036 0 4096 0 274569 1074282568 134218000 0 0 0 0 0 0 0 0 0 0 0 0 0 0 0 0 0 0 0 0 0 0 0 0 0 0 0 0 0 0 0 64
is_linear=0
shrinkage=0.05


Tree=73
num_leaves=31
num_cat=24
split_feature=16 20 3 1 0 0 16 0 19 0 9 16 0 0 0 5 0 20 0 5 0 0 0 0 0 0 0 0 0 0
split_gain=7281.47 565.936 196.1 120.974 119.889 99.2271 87.4652 83.7243 80.7887 78.5469 74.291 62.2559 58.3697 67.2621 64.8526 55.4887 61.1945 55.3511 53.0356 52.4937 51.3403 44.9398 44.9141 43.5407 42.8465 39.0097 38.774 38.5854 38.2103 39.823
threshold=1.0000000180025095e-35 0.30358886718750006 0 1 2 3 12.472656250000002 4 0.64282226562500011 5 6 0.76000976562500011 7 8 9 10 11 0.16070556640625003 12 13 14 15 16 17 18 19 20 21 22 23
decision_type=10 2 1 1 9 9 10 9 2 9 9 10 9 9 9 1 9 2 9 1 9 9 9 9 9 9 9 9 9 9
left_child=-1 2 3 24 -4 -6 17 -7 12 -3 -11 -12 -9 -14 -15 16 -13 25 -16 -20 -21 -18 -10 -8 -2 -5 -17 -23 -29 -30
right_child=1 9 4 6 5 7 23 8 22 10 11 15 13 14 18 26 21 -19 19 20 -22 27 -24 -25 -26 -27 -28 28 29 -31
leaf_value=-0.00935395850776795 0.10663439301483631 0.068953447121775632 -0.02137350854852391 0.14431482479916108 -0.016031844229269877 -0.015975329960705376 0.00044507939229231357 -0.02900980269452377 0.19579852493803082 -0.065861659899642211 0.063401919054891384 0.06221362140946457 -0.014481086483533591 -0.017597407439197365 0.24367773964617429 0.024009167297293754 0.045103611377104356 -0.0074406313567752964 -0.0015564570263643142 0.0053331156758129588 -0.0077075654066634082 0.038107560623422423 0.02362925867807417 -0.00059612852064936392 -0.0099533373026960761 -0.0090089952093618478 -0.0055701304720269908 0.037474783483270345 0.035978265003316141 -0.002239222146755049
leaf_weight=4726430 2526 167990 115437 2709 113386 102316 25539 74520 732 32320 318953 112419 87993 85234 5884 54565 99751 285802 1420273 8749 1877121 91579 68045 39370 809445 691408 4757015 96157 104288 5940724
leaf_count=4726430 2526 167990 115437 2709 113386 102316 25539 74520 732 32320 318953 112419 87993 85234 5884 54565 99751 285802 1420273 8749 1877121 91579 68045 39370 809445 691408 4757015 96157 104288 5940724
internal_value=-0.000757635 -0.000289522 -0.000693034 -0.001117 -0.000494224 -0.000446545 -0.00147278 -0.000402257 -0.00036248 -9.02115e-05 -0.000105747 -9.90617e-05 -0.000395274 -0.000365664 -0.000330311 -0.000118581 -2.26611e-05 -0.00159054 -0.000295262 -0.000303709 -0.000476608 -4.319e-05 0.00133486 0.000304695 -0.000659163 -0.00183167 -0.00024706 -6.00414e-05 -7.52341e-05 -9.09647e-05
internal_weight=2.23187e+07 1.75922e+07 5.81649e+06 1.8568e+06 3.95969e+06 3.84425e+06 1.04483e+06 3.73087e+06 3.62855e+06 1.17758e+07 1.16078e+07 1.15755e+07 3.55977e+06 3.48525e+06 3.39726e+06 1.12565e+07 6.44492e+06 979919 3.31203e+06 3.30614e+06 1.88587e+06 6.3325e+06 68777 64909 811971 694117 4.81158e+06 6.23275e+06 6.14117e+06 6.04501e+06
internal_count=22318680 17592250 5816489 1856799 3959690 3844253 1044828 3730867 3628551 11775761 11607771 11575451 3559774 3485254 3397261 11256498 6444918 979919 3312027 3306143 1885870 6332499 68777 64909 811971 694117 4811580 6232748 6141169 6045012
cat_boundaries=0 1 2 94 189 284 353 354 449 544 637 638 715 807 808 904 980 1074 1170 1246 1336 1427 1512 1607 1701
cat_threshold=8 39 0 0 8192 0 0 0 0 0 0 0 131072 0 0 0 0 0 0 0 0 0 67108864 0 0 0 32768 0 0 0 0 0 0 0 0 0 0 0 4194304 0 0 0 0 0 0 0 0 128 262152 2 0 0 8256 32768 0 0 4 0 0 0 75497472 524290 2147485696 524288 0 0 0 0 0 0 0 0 4194304 0 0 0 32 0 0 0 256 2048 0 0 10 67371008 128 0 33554432 0 0 32768 0 2 0 0 0 0 0 0 0 0 8388608 0 0 0 0 0 0 0 0 0 0 4194304 0 0 0 8192 0 134217728 1 256 0 536870912 0 0 0 0 0 0 0 0 0 0 4 0 0 0 0 0 0 0 0 0 8388608 0 268436480 131072 16512 16 2 0 1073807360 1048576 0 134219776 8 0 0 0 0 0 0 0 16384 8388608 0 0 0 0 0 0 0 2147484672 1 0 0 0 0 0 1024 0 33554432 0 1024 0 0 1048576 67108864 0 0 0 0 0 0 0 0 0 0 0 0 33554432 0 0 0 0 0 0 16 0 4 0 0 16 0 0 0 0 0 0 0 0 268435456 0 2147483648 0 0 0 0 33554432 0 4 0 0 0 0 0 256 0 0 0 0 1 16 0 0 1 133186 18432 0 64 0 0 0 128 0 0 0 0 65536 0 0 0 0 0 0 0 17039360 0 0 67108864 0 2097152 68 0 545259520 2 1048576 0 0 0 0 0 32 1073741824 0 0 0 0 131072 0 0 0 134217728 0 0 8192 0 0 0 0 536870912 0 0 0 1073741824 268451840 0 0 0 2097152 536870912 0 4 32768 0 131072 0 0 0 2 67108898 2147483648 0 0 0 0 0 268435968 4112 0 0 0 0 0 2147483648 512 2048 0 2097152 0 4 0 0 0 0 2097152 0 8193 0 0 1024 33554432 2 0 536870912 0 0 0 0 256 0 0 134217728 0 0 0 0 0 0 0 2097536 0 0 0 262144 2048 0 32 0 0 0 0 0 0 512 0 0 0 1073741840 66048 0 0 0 0 0 142607360 0 33554432 0 0 0 0 0 536870912 0 16777216 262144 0 0 0 32 0 0 32 0 64 0 0 0 0 0 0 262144 33554432 0 16777224 0 0 65536 0 0 0 0 0 0 0 0 0 16 0 0 0 0 0 0 536870912 0 268435456 0 0 0 134217728 0 0 0 0 0 0 0 0 524288 0 2048 0 0 0 0 0 0 8 0 2097152 0 0 0 0 1073741824 1048576 0 0 0 0 0 0 262144 8388608 67108864 2147485712 0 0 0 16384 8 0 0 1073741824 0 0 128 0 0 0 0 0 0 0 4096 0 67108864 0 0 512 0 0 0 0 0 0 0 1048576 402653184 0 0 0 0 0 0 0 128 0 512 32768 524288 1073741824 0 64 4194304 0 0 0 8 0 2048 0 0 536870928 0 0 0 16777216 0 0 0 0 4194304 0 0 1048576 0 0 1024 65536 134217728 0 0 0 0 128 0 0 0 2147483648 0 0 131072 0 134217728 524548 0 0 0 0 262144 0 65536 0 0 0 0 0 0 0 67108864 0 0 0 0 0 0 0 0 4 1073750016 0 0 536870912 0 256 0 0 0 1024 524288 0 0 0 0 16384 0 16384 0 0 0 0 0 256 0 0 0 0 16777220 0 0 0 0 4325376 15 0 4096 0 0 0 0 37748736 0 0 0 0 0 0 0 0 2 0 0 67108864 0 0 524304 131072 0 0 67141632 0 1 2064 8388616 269484032 0 0 262144 32800 0 1 0 0 0 1056768 4194304 262144 1 32 0 0 0 0 16384 0 0 0 4096 0 1073741824 0 0 0 0 0 0 0 0 0 0 0 0 0 0 0 0 0 0 0 0 536870913 0 0 0 0 2 1048576 0 0 0 0 0 0 0 0 0 0 0 262144 0 0 0 1073741824 268435456 0 0 0 0 1073741824 32 0 0 0 0 262144 0 262144 0 0 0 0 0 0 0 0 0 0 1024 0 0 32768 2415921152 1073741824 8192 0 131072 0 8389128 0 0 0 0 0 0 16 0 0 0 0 0 16777216 128 0 0 0 0 0 524288 0 0 0 131072 0 0 655360 32 512 0 0 131072 0 0 536903680 13 0 0 0 512 0 32768 0 0 0 0 1 0 0 260 0 0 0 0 0 0 0 0 0 0 0 0 16384 128 536870912 0 0 0 0 0 0 0 0 0 0 0 0 0 0 0 16 0 134217728 0 0 16777216 4128 570425344 4 9216 0 128 536870912 268451840 0 0 0 0 0 0 0 537935872 0 0 0 0 0 0 0 32 0 0 0 0 0 0 0 1 0 0 0 0 0 16 0 0 0 8388608 0 0 8388608 16 0 0 65544 16384 0 4 0 128 0 0 0 2 0 0 0 0 0 0 0 0 4096 0 0 67108872 1048576 2148532224 1024 1073741824 65536 786432 0 0 4 0 33554432 262272 268435456 4 1032 0 0 8194 4096 0 1048576 0 0 0 0 0 0 0 0 0 0 0 0 0 0 0 0 0 0 65536 0 0 0 0 0 0 0 0 0 524288 0 32 0 0 264 16 0 0 0 0 34816 0 0 0 0 262144 0 0 0 0 0 0 0 131072 0 0 0 0 33554432 0 0 16 0 0 0 0 0 0 0 0 16384 8388608 0 33554432 0 0 0 4 0 268435712 0 1073741856 0 2147483648 0 0 0 131072 0 0 536870912 0 128 0 4194304 0 0 0 0 0 128 0 0 0 0 0 0 4 1048576 4096 0 0 0 0 16777216 0 0 512 0 0 0 0 142606336 0 0 32 0 0 0 0 0 0 0 0 0 0 0 0 0 0 0 0 0 0 0 0 0 0 0 0 0 0 0 0 0 0 0 0 0 0 0 0 0 0 0 0 0 0 0 0 0 545325056 8388624 8527872 536879120 524288 163840 0 4460608 64 0 536870912 268436992 512 0 0 0 0 0 0 0 0 0 0 0 0 0 0 0 0 0 0 0 0 0 0 0 0 0 536875008 0 1114240 8 0 0 256 0 0 0 0 0 64 0 0 0 0 1073741824 0 0 0 0 134217728 1024 2 8192 2 4194304 0 134356992 16384 4096 0 0 1073741840 0 32 0 16 0 8192 1024 65536 0 0 0 128 67108864 32 0 0 0 32 0 16384 4096 0 134217728 0 0 0 0 0 0 0 0 0 0 0 0 0 0 0 0 0 0 0 0 0 0 1 0 0 1024 0 0 0 8388608 32 0 0 0 0 0 0 0 0 0 0 0 0 0 0 0 0 0 0 0 0 0 0 0 0 0 0 0 0 0 0 0 0 0 0 0 0 0 0 0 0 0 0 0 0 0 32 1612711936 8 69861376 147456 0 2147500048 0 402655232 1073745920 12809 16448 35651840 0 0 0 0 0 0 0 0 0 0 0 0 0 0 0 0 0 0 0 0 0 0 0 0 0 0 0 0 0 0 0 64 2097152 139264 2097152 8192 131072 2 0 0 8192 0 536879104 0 524288 0 0 0 256 4194304 0 0 0 0 0 0 268435457 0 0 0 2359296 0 0 0 268435456 0 8192 0 0 65536 0 0 0 0 0 0 0 67108864 512 16 0 0 262144 0 0 0 0 0 0 0 512 0 0 262144 0 0 0 0 4096 0 0 0 0 0 1 0 0 0 0 131072 524288 0 0 0 0 0 0 0 0 0 0 0 16809984 0 0 524288 0 0 67108864 1048576 0 0 0 1024 0 0 0 524288 131072 0 8388608 0 33554432 16384 512 0 0 0 524288 33554432 0 0 65536 0 2 4096 1073741824 0 64 0 8421376 16777216 0 0 67108864 32 32768 0 32 0 0 0 0 0 0 0 0 0 0 8388608 0 0 0 0 0 0 4 0 16777216 0 1073741824 0 16777216 0 0 4 0 0 0 0 32 0 0 0 0 0 0 2097152 0 33554432 1048576 0 0 0 0 0 0 0 0 1 0 262144 128 256 0 524288 536887296 0 0 0 32 0 0 0 0 6291456 16777216 8192 16384 67108864 0 0 0 67109120 67108864 0 0 0 150994960 131072 0 0 256 1048576 0 0 0 0 0 0 2048 0 0 0 32 16 1048576 0 0 0 1 0 0 0 0 0 0 0 0 0 0 0 0 0 0 0 0 0 0 0 0 0 0 536870912 0 0 0 0 0 0 0 0 512 524288 0 0 0 0 0 67108881 0 0 0 0 0 0 0 0 0 2 0 524288 0 0 0 0 1 0 0 0 0 0 2 0 16777216 3072 32 1 2080 64 0 1073741824 0 1024 0 80 1048608 1024 1 0 0 0 0 0 0 0 0 0 33554432 0 16384 0 0 0 0 0 2 0 0 0 67108868 0 256 0 0 0 0 0 4194304 0 0 0 0 0 0 0 0 0 0 0 0 0 0 0 0 0 8
is_linear=0
shrinkage=0.05


Tree=74
num_leaves=31
num_cat=23
split_feature=16 20 3 1 0 0 16 0 0 9 17 0 0 0 0 13 0 20 0 7 0 0 0 0 0 0 0 0 0 0
split_gain=7328.03 540.122 207.44 122.786 116.584 98.3473 87.3052 79.9901 79.1762 74.2476 73.9299 68.6808 63.8338 67.4733 61.5255 60.395 70.5088 56.3171 55.8183 48.7994 205.012 119.183 94.4034 71.1868 69.5507 72.9983 54.1774 57.7128 50.2289 54.2568
threshold=1.0000000180025095e-35 0.30358886718750006 0 1 2 3 12.472656250000002 4 5 6 1.5000000000000002 7 8 9 10 1.0000000180025095e-35 11 0.16070556640625003 12 10.500000000000002 13 14 15 16 17 18 19 20 21 22
decision_type=10 2 1 1 9 9 10 9 9 9 2 9 9 9 9 2 9 2 9 2 9 9 9 9 9 9 9 9 9 9
left_child=-1 2 3 -2 -4 -6 17 -3 -7 -9 12 -12 -10 -14 -15 -11 -17 -5 -16 21 -21 -20 -23 -24 -22 -26 -25 -28 -29 -30
right_child=1 7 4 6 5 8 -8 9 10 15 11 -13 13 14 18 16 -18 -19 19 20 24 22 23 26 25 -27 27 28 29 -31
leaf_value=-0.0088862605823795526 -0.0091720191386894471 0.062312350310805481 -0.02130359880713838 -0.008558545448893751 -0.01509311731163473 -0.024075541319774709 0.00010901555166111799 -0.062507785679483771 -0.021777896529219333 -0.0040756570625358991 0.15321631109289663 0.022377486569024815 -0.014134908218427078 -0.024720395074320813 -0.016436127612887565 0.14739817390458612 0.00083164246158164981 -0.007068599788936536 0.25300562220737838 0.3764816334394373 0.13079326771356556 0.088886216175704608 0.12801280279366375 0.095423186524497647 0.10982808073929157 -0.01104723685593958 0.08493213168819802 0.066852986598098824 0.06813001204794196 -0.0048004451845250267
leaf_weight=4726430 811971 186732 111323 694117 112322 96504 64909 32262 81549 7767366 773 69630 87816 80801 74529 51359 3738042 285802 11683 3704 3266 13834 13260 11220 5166 518191 13161 12199 14610 2624149
leaf_count=4726430 811971 186732 111323 694117 112322 96504 64909 32262 81549 7767366 773 69630 87816 80801 74529 51359 3738042 285802 11683 3704 3266 13834 13260 11220 5166 518191 13161 12199 14610 2624149
internal_value=-0.000752072 -0.000282464 -0.000676667 -0.00111271 -0.000472189 -0.000426042 -0.00147116 -8.77531e-05 -0.000382212 -0.000104295 -0.000344728 0.00125978 -0.000376379 -0.00034404 -0.000308692 -9.76072e-05 6.60382e-05 -0.0015888 -0.000275501 -0.00024442 -0.000683103 -0.000158704 -0.000180497 -0.000201702 -0.000765633 -0.000811081 -0.000219821 -0.000234429 -0.000250832 -0.000265635
internal_weight=2.23187e+07 1.75922e+07 5.81649e+06 1.8568e+06 3.95969e+06 3.84837e+06 1.04483e+06 1.17758e+07 3.73604e+06 1.1589e+07 3.63954e+06 70403 3.56914e+06 3.48759e+06 3.39977e+06 1.15568e+07 3.7894e+06 979919 3.31897e+06 3.24444e+06 530327 2.71412e+06 2.70243e+06 2.6886e+06 526623 523357 2.67534e+06 2.66412e+06 2.65096e+06 2.63876e+06
internal_count=22318680 17592250 5816489 1856799 3959690 3848367 1044828 11775761 3736045 11589029 3639541 70403 3569138 3487589 3399773 11556767 3789401 979919 3318972 3244443 530327 2714116 2702433 2688599 526623 523357 2675339 2664119 2650958 2638759
cat_boundaries=0 1 2 94 189 280 375 376 470 565 658 751 803 899 993 1087 1183 1277 1371 1463 1558 1652 1747 1839
cat_threshold=8 39 0 0 8192 0 0 0 0 0 0 0 131072 0 0 0 0 0 0 0 0 0 67108864 0 0 0 32768 0 0 0 0 0 0 0 0 0 0 0 4194304 0 0 0 0 0 0 0 0 128 262152 2 0 0 8256 32768 0 131072 4 0 0 0 75497472 524290 2147485696 524288 0 0 0 0 0 0 0 0 4194304 0 0 0 32 0 0 0 256 1024 1 0 10 0 128 0 33554432 0 33554432 0 0 2 0 0 0 0 0 0 0 0 8388608 0 0 0 33554432 0 0 0 0 0 0 4194320 0 0 0 8192 0 134217728 1 256 0 536870912 0 0 0 0 0 0 0 0 0 0 0 0 0 0 0 0 0 0 0 0 8388608 0 268436480 0 16528 16 2 0 1073743872 1048576 0 134219776 8 0 0 0 0 0 0 0 16384 8388608 0 0 0 0 0 0 0 2147483648 0 0 0 0 64 0 1024 2 0 0 1024 0 0 1048576 67108864 1077936128 2097152 2 0 0 0 0 0 0 0 0 0 0 0 0 0 536870912 0 0 524288 0 1073742336 268435456 262144 0 0 0 536870912 0 1073742084 268959744 0 0 128 0 2048 2 0 2147483648 0 0 0 4096 0 512 268435472 0 1048576 0 0 0 2147483904 0 2048 0 0 8388608 0 0 0 0 0 0 0 0 16 0 0 0 0 0 0 0 0 0 0 0 0 0 0 0 0 0 0 0 0 0 0 1024 0 1 0 536870912 0 0 0 0 0 0 0 0 0 0 0 0 0 0 0 0 0 0 0 4 0 0 16 0 0 0 0 0 0 512 0 268435456 0 2147483648 0 0 0 0 0 0 4 0 0 0 0 0 256 0 0 0 16777216 1 0 0 0 0 131136 18432 32 64 64 0 0 128 0 0 0 262144 65536 0 0 0 0 65536 0 0 17039360 0 0 67108864 0 2097152 4 16 545259520 0 1048576 0 0 0 0 0 268435488 2 0 1024 256 0 0 16 0 1048576 2048 0 0 0 0 0 0 0 0 0 0 0 0 0 0 0 0 0 0 0 0 0 0 0 0 0 0 0 0 0 16384 0 0 0 0 0 16777216 0 0 268435456 0 1073741856 33554432 8192 0 0 16777216 131080 0 0 536870912 0 0 0 0 0 0 0 0 0 0 4194304 0 0 0 0 0 5 8 33588224 0 0 4096 524288 16777216 0 0 33554432 0 1073741824 32 0 67108864 0 134217728 32 0 0 0 0 0 0 256 0 0 0 0 0 0 0 0 0 0 384 65536 0 0 8 0 0 32 0 0 0 1073741824 0 0 0 0 0 0 1073741824 65536 8388608 0 2147485712 4 65536 134217728 16384 0 0 0 0 0 0 536871040 0 0 0 0 0 0 1 4096 0 0 0 0 0 0 0 0 0 0 524288 33554432 0 150994944 0 0 0 1073758208 0 0 0 128 0 512 32768 0 0 0 0 0 0 0 0 536870912 0 2048 0 0 16 134217728 0 0 0 0 0 134217728 0 0 524288 0 2048 0 0 2097152 0 134217728 0 262144 0 0 128 0 0 0 0 1048576 0 0 0 0 524288 0 262144 0 0 262144 0 0 8388608 0 8 0 0 1073741824 0 67108864 0 0 0 0 0 0 0 32 0 1073741824 67108864 0 0 0 256 0 0 0 0 0 0 1048576 8 0 16384 0 0 0 0 0 0 0 0 0 524288 1073741824 0 16777284 4194304 0 0 0 131080 0 0 537133056 0 0 0 64 1073741824 0 1 0 4194304 0 0 1048576 0 134217728 1024 0 0 8388608 0 0 0 0 0 0 0 2147483648 0 0 131072 0 0 260 16384 4 0 262144 0 0 0 1024 0 33554432 0 0 33554432 0 0 0 32 0 0 0 0 0 0 4 8192 0 0 0 2097152 0 0 536870912 0 1026 0 1 0 0 0 536870912 0 0 0 0 0 0 0 256 0 0 4194304 0 0 0 0 0 0 4194304 0 0 0 0 0 0 0 1183744 0 1073741824 4194304 0 134217728 0 65536 9217 268435472 1077936128 0 12288 2 1024 0 0 0 0 16384 1073741824 0 0 0 0 1 1073742848 4194304 0 128 8388864 8 0 0 1024 131072 0 2 0 0 0 0 0 0 134217728 0 0 0 0 0 0 16777216 0 134217728 0 8388608 262144 0 2147483648 0 32768 0 0 16384 0 0 0 0 0 0 1 0 16 33554432 0 4096 0 2147483648 134218240 0 0 512 0 128 0 33554432 0 0 0 0 2147483648 0 0 0 0 0 0 0 67108864 0 0 0 0 2147483648 0 64 33554432 536870912 0 0 0 0 0 0 32 0 2 0 0 0 33554432 0 0 0 0 10240 0 0 0 1024 0 0 0 64 0 131072 0 0 0 0 128 0 0 0 0 0 0 0 1048576 524288 128 0 0 0 0 0 0 0 0 0 33554432 0 512 8 0 0 0 0 0 0 8194 136 524288 0 0 0 8 0 0 1108344832 0 0 0 537919488 0 16777216 0 0 0 0 0 0 0 8396800 0 0 0 0 0 0 8388608 0 0 268435456 2147483648 0 4096 0 2 0 0 268435456 0 0 0 0 0 1048576 32768 0 0 0 0 0 0 0 0 2 0 0 524288 2097152 0 0 8192 67108864 0 2 0 128 1081344 0 4096 0 0 4194816 0 0 0 0 0 0 1073741824 0 0 0 1073742848 268435456 32768 0 0 0 0 0 8 0 16777216 0 262144 0 33619968 2 0 2147483648 0 0 0 0 1 512 0 0 2147483648 0 0 0 0 8192 0 0 0 8388608 0 536870912 0 128 0 0 16 0 0 0 0 0 0 0 0 0 0 0 0 0 0 0 0 0 0 0 524288 0 2048 0 0 0 0 0 2147483648 0 32 0 0 131080 0 8194 0 1 0 0 0 0 0 0 0 0 0 0 0 0 0 0 0 4 268435456 0 0 0 134217728 64 0 0 0 0 0 0 0 0 0 0 1 2097152 0 33554432 0 0 32768 0 0 0 1342177280 2048 0 2048 2 1 67108864 0 0 0 0 0 0 0 4096 1024 0 0 0 0 0 0 0 0 1024 0 0 524288 0 0 0 0 0 0 0 0 0 0 0 0 268435456 0 536903680 134217728 0 2147549184 16 8 0 0 131072 0 0 524320 0 2048 0 0 0 0 0 16384 0 0 0 0 0 0 16384 0 0 0 0 0 1610612736 536870912 0 0 4 1 0 0 0 1 0 0 0 0 0 0 0 0 268435456 0 32768 0 0 0 16 0 1024 524288 33554432 129 0 0 0 0 0 0 0 0 538968064 0 0 20480 50331648 0 0 0 0 0 2147483648 0 0 2 0 0 0 0 0 0 0 32 0 0 0 0 0 0 1024 0 8 0 0 0 0 0 0 67108928 0 0 0 0 0 2097160 0 0 0 536870912 0 524288 2162688 0 16777216 0 1024 16384 8388608 0 0 1 0 0 0 8192 0 0 0 0 0 0 0 0 1073741824 0 0 0 0 0 33554432 1073741824 1073741824 4 0 1073741824 0 0 268435456 0 0 0 0 8388608 0 131072 2147483648 0 0 0 4096 0 0 0 65536 0 4 256 0 0 0 0 131072 16777216 0 0 0 0 0 0 0 0 0 0 67108864 1073750017 0 0 0 0 0 0 0 0 0 0 268435712 4 0 0 65536 262144 4194320 0 0 0 139264 0 0 65536 67109376 0 0 0 64 0 0 0 0 0 0 0 0 16777216 0 0 16 0 0 16384 0 0 0 268435456 268435456 0 0 0 0 0 0 0 0 0 0 0 0 0 0 524288 0 1073741824 0 131072 4194312 0 1024 0 0 0 0 0 0 0 0 256 32768 0 0 536870912 0 0 0 524288 0 0 32768 512 136315392 0 8192 0 4 0 0 0 0 0 0 0 0 0 256 0 0 0 0 0 0 32 0 0 64 0 131072 0 67108864 0 0 0 0 0 0 0 4194304 1032 0 0 0 0 2097156 0 0 0 0 0 0 0 1 0 0 0 0 0 0 0 0 0 0 0 0 0 32 268435456 0 0 8388672 0 0 0 8 32768 1024 4 0 1073741824 0 0 1 0 0 0 2164260864 0 0 0 0 262144 0 0 512 16384 0 0 67108864 2097664 16384 0 8388608 0 0 33554432 0 0 0 0 0 0 0 0 0 8192 0 0 131072 0 0 0 33554432 0 0 0 0 32 0 0 0 0 64 2048 0 0 8192 0 67108864 0 0 0 1048576 1048576 0 262144 0 0 0 2048 0 65536 0 0 0 0 0 0 0 0 0 0 0 0 0 8192 0 8 0 0 0 65 0 0 65568 0 0 0 0 0 0 33558528 0 0 33824 1073741824 0 0 0 2097152 0 1048576 0 0 0 512 0 0 536870912 0 64 0 16464 0 0 0 0 0 0 0 4096 1 512 8388608 0 0 0 2147483648 134217728 0 0 0 0 32772 0 0 0 0 0 0 0 0 0 0 268435472 6 0 0 0 0 2 0 0 0 0 543162496 16777216 0 0 0 0 0 0 268435456 0 512 0 4194304 0 536870912 0 0 0 0 0 0 33554432 0 0 0 0 0 0 0 0 0 1073741824 0 0 0 0 0 0 0 8388608 0 4 0 32 2147483712 1073741824 2097152 0 0 0 0 0 0 0 8192 0 0 131072 0 0 0 64 81920 262144 0 0 0 0 8388608 0 524288 0 128 0 0 0 0 0 0 0 0 0 0 0 256 0 0 67190784 0 0 0 8192 134217728 134217728 0 8192 0 131072 0 0 0 0 0 0 67108880 0 0 0 0 0 0 0 0 0 2048 0 0 0 0 0 1024 256 0 0 0 0 524288 16 0 0 0 4194304
is_linear=0
shrinkage=0.05


Tree=75
num_leaves=31
num_cat=22
split_feature=16 20 3 1 0 0 16 0 9 0 0 19 0 13 0 0 20 0 0 0 0 0 0 0 1 16 7 0 0 0
split_gain=7356.2 530.467 194.493 120.823 119.248 89.1531 84.9127 78.5113 76.624 76.2045 70.314 65.6968 55.423 53.2108 70.1165 53.1781 51.8933 50.1588 49.7626 57.3305 45.6639 47.2561 47.7707 51.4323 49.5438 54.5923 52.4382 89.1497 55.8477 48.9185
threshold=1.0000000180025095e-35 0.30358886718750006 0 1 2 3 12.472656250000002 4 5 6 7 0.64282226562500011 8 1.0000000180025095e-35 9 10 0.16070556640625003 11 12 13 14 15 16 17 18 15.875000000000002 11.500000000000002 19 20 21
decision_type=10 2 1 1 9 9 10 9 9 9 9 2 9 2 9 9 2 9 9 9 9 9 9 9 1 10 2 9 9 9
left_child=-1 2 3 17 -4 -6 16 -7 -3 -10 -9 12 -12 -11 -15 -14 -5 -2 -17 -20 -21 -22 -23 -24 26 -26 28 -28 -25 -30
right_child=1 8 4 6 5 7 -8 10 9 13 11 -13 15 14 -16 18 -18 -19 19 20 21 22 23 24 25 -27 27 -29 29 -31
leaf_value=-0.0084419475532605745 0.10034816976083208 -0.059665687745103224 -0.020973545016102615 -0.0081306181764490681 -0.015957189046088328 -0.02299509788548806 0.0001035647740780632 -0.013367915610903881 0.081116498433823903 -0.0038524066348109899 -0.023484375320604767 0.024436275695699426 -0.019471859095923773 0.14645780574874048 0.00064683287187137367 -0.019534840258534303 -0.0067151697994897071 -0.0090518353215301994 -0.018671520345612203 -0.023972809256521396 -0.017776028557097878 -0.026237513814107029 -0.019862580960527638 0.32401511385069526 -0.0044710205819858632 0.0019367872177173452 0.22977342281537114 -0.038351972121920562 -0.035058035593689252 0.0054792363745724167
leaf_weight=4726430 3082 32771 115527 694117 104844 99150 64909 90803 181923 7770231 73701 67955 72607 57914 3732922 68410 285802 808889 81315 65840 68901 69926 75373 9460 1547699 65025 2786 101329 45966 1133073
leaf_count=4726430 3082 32771 115527 694117 104844 99150 64909 90803 181923 7770231 73701 67955 72607 57914 3732922 68410 285802 808889 81315 65840 68901 69926 75373 9460 1547699 65025 2786 101329 45966 1133073
internal_value=-0.000748716 -0.000278207 -0.00066887 -0.00109109 -0.000470876 -0.000423306 -0.00144666 -0.000382983 -8.52437e-05 -7.85048e-05 -0.000345168 -0.000310017 -0.000340072 -9.44829e-05 5.90919e-05 -0.000310729 -0.00156268 -0.000633547 -0.000281583 -0.00025363 -0.000220161 -0.000192655 -0.000163406 -0.000133098 -9.96427e-05 -0.000284493 0.000130985 -0.000944989 0.000225244 0.000194523
internal_weight=2.23187e+07 1.75922e+07 5.81649e+06 1.8568e+06 3.95969e+06 3.84416e+06 1.04483e+06 3.73932e+06 1.17758e+07 1.1743e+07 3.64017e+06 3.54937e+06 3.48141e+06 1.15611e+07 3.79084e+06 3.40771e+06 979919 811971 3.3351e+06 3.26669e+06 3.18538e+06 3.11954e+06 3.05064e+06 2.98071e+06 2.90534e+06 1.61272e+06 1.29261e+06 104115 1.1885e+06 1.17904e+06
internal_count=22318680 17592250 5816489 1856799 3959690 3844163 1044828 3739319 11775761 11742990 3640169 3549366 3481411 11561067 3790836 3407710 979919 811971 3335103 3266693 3185378 3119538 3050637 2980711 2905338 1612724 1292614 104115 1188499 1179039
cat_boundaries=0 1 2 97 191 286 287 366 461 554 618 711 787 883 979 1072 1167 1260 1352 1353 1432 1509 1587
cat_threshold=8 39 0 0 8192 0 0 0 0 0 0 0 131072 0 0 0 0 0 0 0 0 0 67108864 0 0 0 32768 0 0 0 0 0 0 0 0 0 0 0 0 0 0 0 0 0 0 0 0 128 262152 0 0 0 8396864 32768 1024 131072 132 0 0 0 75497472 524290 2147485696 524288 0 0 0 0 0 0 0 0 4194304 0 0 0 32 0 0 0 256 1024 1 0 0 0 128 0 33555456 0 33554432 0 0 0 0 0 67108864 0 0 0 0 0 0 0 0 8388608 0 0 0 0 0 0 0 0 0 0 4194320 0 0 0 8192 16 134217728 1 256 0 536870912 0 0 0 0 0 0 0 0 0 0 0 0 0 0 0 0 0 0 0 0 0 0 268435456 0 16400 16 2 0 1073875008 1048576 0 64 8 0 0 128 0 0 0 0 16384 8388608 0 0 0 0 0 0 16777216 2147483648 0 0 0 0 68 0 536870912 2 0 0 1024 0 0 1048576 0 536870912 0 0 0 0 256 0 0 0 0 0 0 0 0 0 0 128 0 0 0 12 0 0 32 0 0 0 0 0 0 512 0 0 0 0 65536 0 0 16 0 0 0 0 0 0 0 0 256 0 0 0 16777216 1 0 0 0 1 0 18432 32 0 64 0 0 0 0 0 0 262144 65536 0 150994944 0 0 65536 0 0 262144 0 128 67108864 512 2097152 0 16 8388608 0 1048576 0 0 0 536870912 0 268435456 2 1073741824 0 0 0 2147483648 536870912 0 0 0 0 0 0 0 0 0 0 0 4096 16384 0 0 1073741824 268435456 0 0 0 0 536870912 536870912 4 0 0 0 0 0 294976 2 2 2147483648 32768 128 0 80 0 512 268435472 1073741824 0 0 0 1024 2147483648 2097152 2050 0 0 8388640 0 0 0 0 0 0 0 0 0 0 0 0 0 0 0 0 0 0 0 0 0 4 0 0 16 0 0 0 0 0 0 0 0 0 34078720 0 0 0 0 2097408 0 134217728 0 262144 0 0 0 0 0 0 1073741824 1048576 0 0 0 268435456 256 2147483648 0 0 0 2147483648 0 0 142606336 16384 0 0 0 1073741824 0 67108864 536871040 0 0 0 0 0 0 32 4096 0 67108864 0 0 0 0 0 0 0 0 0 0 1048576 0 0 0 0 16384 0 0 0 0 0 0 32768 524288 1073741824 0 68 0 0 0 0 131072 0 2048 0 0 0 134217728 0 0 16777216 0 0 134217728 0 0 0 0 1050624 0 0 1024 65536 0 0 0 0 0 128 0 0 0 2147483648 0 0 131072 0 134217728 524288 1073741824 262656 8388608 0 264192 0 65536 0 0 33554440 0 0 0 0 0 0 0 0 0 0 0 0 0 4 1073750016 0 0 536870912 512 256 0 0 0 1024 0 0 0 0 0 16384 0 0 0 0 0 0 0 256 0 0 0 0 16777216 0 0 0 0 8 0 0 0 0 0 0 0 1053824 40960 0 4194304 0 134217760 0 1024 0 403701760 1073741840 2097152 4096 0 1024 0 0 0 0 16384 1073741824 0 0 0 0 1 263168 4194304 256 128 260 8 0 0 1024 131072 0 0 0 0 0 0 0 0 0 0 0 0 0 0 0 0 0 0 0 0 65536 0 0 537133056 0 0 0 64 0 134217728 1 8388608 4194304 0 0 0 4 134217728 0 16384 0 8388608 0 0 0 0 0 0 0 33554432 0 0 0 0 0 4 16384 4 0 262144 1073741824 0 0 4 16777216 0 0 0 33554432 0 0 0 32 0 0 0 0 0 0 0 0 0 33554432 0 0 0 0 536870912 0 2 0 0 2 0 0 536870912 16384 0 0 0 0 2048 0 1024 0 0 4194304 0 0 64 0 0 0 4194304 0 0 0 0 1073741824 0 0 0 0 65536 0 0 0 2 0 8192 134348800 2148024320 4096 0 33554432 1074266128 0 1024 8 0 0 8192 0 65536 4194432 4096 0 0 0 0 0 2147483648 0 32 0 32 262144 0 524288 0 0 0 0 0 0 0 0 0 0 0 0 0 0 0 0 0 0 0 0 0 0 1 0 0 1024 16809986 0 0 0 32 0 0 0 0 0 0 4194306 0 4 0 0 262144 0 2147483648 0 32768 32768 0 0 0 0 0 0 0 0 1 262144 16 1 0 8388608 0 2147483648 8 0 0 0 0 128 0 33554432 0 1024 2147483648 0 2147483648 67108864 0 0 0 0 0 0 0 0 0 33554432 0 2147483648 0 64 256 0 0 0 0 0 0 0 524288 1 0 0 8388608 0 0 1073741824 0 0 0 8192 0 0 0 1024 0 0 0 0 0 131072 0 0 0 0 128 64 0 0 524296 0 0 0 1073741824 0 0 2048 0 0 16777216 0 0 16384 0 0 0 0 0 2147483648 0 512 4194304 0 0 0 0 4096 0 0 0 0 0 0 0 0 0 512 0 0 0 0 0 0 0 0 0 0 4096 0 67108864 0 134217728 0 0 0 536936448 268435456 0 0 2097152 98304 0 0 0 0 0 33554432 0 131072 0 16777216 33554432 0 0 0 0 0 0 33587200 0 0 0 0 0 1073741824 0 0 65536 0 16384 1 256 0 1073741824 0 0 1073741824 0 268435456 0 0 0 0 0 0 0 0 0 0 0 0 0 0 0 0 2097152 16777216 268435456 2147483648 0 525824 0 0 0 0 768 0 512 0 16 67108864 0 4 0 0 0 2147483648 0 0 128 0 0 0 0 0 0 32 0 0 0 0 0 0 2 512 32 0 4195336 2097152 8 0 0 0 268435456 0 0 0 0 0 0 1 0 0 0 0 0 8192 64 0 0 0 0 0 0 1024 269484032 8388608 2097152 1 0 0 0 0 0 0 0 0 262144 0 4194304 0 0 0 0 0 0 0 0 0 0 0 0 262144 0 0 16 268435456 32768 0 0 0 0 0 0 0 0 0 0 8388608 0 0 33554432 4194304 16384 0 0 0 0 0 33554432 32 0 0 0 0 0 0 0 8 0 131072 0 128 0 32 64 8192 268435456 0 33554432 0 8388608 8192 0 268435456 0 0 65536 0 0 0 0 0 8388608 0 0 0 262144 0 262144 0 0 2048 0 132096 256 32768 1 0 0 4096 0 0 0 512 0 0 0 67112960 0 8192 268435456 2 0 0 0 0 512 0 0 4 0 0 0 0 0 0 0 0 64 0 0 16392 0 0 0 0 0 512 0 0 0 0 2147483648 0 0 0 67108864 1024 268435472 0 8192 0 0 134217728 67108864 2147483648 256 0 0 0 0 0 0 0 0 0 16384 0 0 0 0 0 0 0 0 65536 0 0 0 0 0 256 0 0 0 0 0 0 0 0 0 0 0 0 0 512 0 2359296 0 0 1024 0 0 0 0 0 0 32 0 0 0 0 134217728 0 0 0 0 135266320 167772416 0 0 16777216 0 0 0 0 1 0 0 0 0 4 0 0 0 0 32768 0 134217728 1073741824 41216 134217728 0 0 0 0 17825792 0 0 0 2097152 0 2147483648 0 8 0 0 0 0 1073741825 0 8192 0 0 0 0 0 0 0 4194304 0 0 0 8192 39 1073750016 1032 0 0 2048 0 0 0 4718592 128 0 0 2097152 0 1 65536 0 64 0 0 0 0 16777216 0 262144 1024 0 268435456 0 8256 0 0 0 0 0 8 0 262144 0 0 0 536870912 536903680 33554432 0 0 0 0 0 0 0 0 0 0 0 0 0 0 0 0 0 0 268435456 0 524288 4096 0 2 0 0 0 1024 0 0 0 0 256 0 4194304 8 0 131082 0 2 1048576 33 4096 0 0 4194304 0 0 0 0 0 0 0 0 0 0 1073741824 268435456 268697600 0 0 0 1073741824 536870976 8 0 0 0 262144 0 65536 2 0 2147483648 0 2097152 0 33554432 1 512 0 0 0 0 0 0 0 0 0 0 0 0 0 0 0 0 0 0 16 0 32 0 0 0 16777216 0 0 0 64 0 0 524288 134217984 0 8388608 64 0 0 131072 0 33554432 0 134283264 0 0 524321 4096 0 33554432 0 144 0 0 0 0 0 0 0 16777216 65536 0 0 0 0 0 0 128 4 0 0 536870912 0 0 0 0 2048 4 0 0 0 0 0 0 0 0 0 0 0 0 0 0 0 0 0 262144 1024 32 0 0 0 2147483648 0 134218240 33554432 0 33554432 1073741824 0 0 4194304
is_linear=0
shrinkage=0.05


Tree=76
num_leaves=31
num_cat=23
split_feature=16 20 3 1 0 0 16 9 0 0 0 0 17 0 20 0 0 3 0 0 0 5 0 20 3 0 0 7 0 0
split_gain=7420.63 496.873 189.232 138.703 118.414 87.5814 84.5831 76.8463 73.9767 72.6077 70.2548 63.4767 61.0898 52.5441 52.3962 51.9237 50.4558 50.4154 105.42 72.8612 56.3833 54.6487 53.1093 51.2453 50.7569 46.3036 45.9539 44.5309 146.085 87.6358
threshold=1.0000000180025095e-35 0.30358886718750006 0 1 2 3 12.472656250000002 4 5 6 7 8 1.5000000000000002 9 0.16070556640625003 10 11 12 13 14 15 16 17 4.6972656250000009 18 19 20 10.500000000000002 21 22
decision_type=10 2 1 1 9 9 10 9 9 9 9 9 2 9 2 9 9 1 9 9 9 1 9 2 1 9 9 2 9 9
left_child=-1 2 3 -2 -4 -6 14 -3 -9 -7 -11 -12 16 -10 -5 -14 -13 18 23 -20 -21 22 -19 -15 -24 -18 -22 29 -29 -27
right_child=1 7 4 6 5 9 -8 8 13 10 11 12 15 17 -16 -17 25 21 19 20 26 -23 24 -25 -26 27 -28 28 -30 -31
leaf_value=-0.0080198501755975454 -0.008260826415678468 -0.05668240335784807 -0.021664761512872912 -0.007724087267626612 -0.018525593208698742 -0.022167472585484863 9.8386535374161984e-05 0.086790683571143792 0.042581667146810699 -0.012699519830358686 -0.024972126288429264 -0.015081078314700947 0.14575590767491575 1.114998365206638 -0.0063794113095152266 0.022412042999038942 0.45041495386808006 0.079414854337611682 0.2123396910612968 0.13971664078624024 0.099670012035627698 -0.0060046609732204775 0.0016523981538192789 0.36118401904282221 -0.0077515897243737811 0.18302989803392197 -0.00094824538132076697 0.40751563154564163 -0.0094226273478310706 -0.0030919108492997839
leaf_weight=4726430 811971 32771 112552 694117 102231 91438 64909 180923 191688 90136 83000 68569 684 3746 285802 67489 6743 46481 46594 43364 38448 4657368 2418565 44257 1042502 13727 3029054 3062 543940 2776119
leaf_count=4726430 811971 32771 112552 694117 102231 91438 64909 180923 191688 90136 83000 68569 684 3746 285802 67489 6743 46481 46594 43364 38448 4657368 2418565 44257 1042502 13727 3029054 3062 543940 2776119
internal_value=-0.000741064 -0.000268498 -0.000646589 -0.00106306 -0.000451291 -0.00040452 -0.00144402 -8.1745e-05 -7.49963e-05 -0.0003651 -0.000330267 -0.000295392 -0.0002628 -9.06952e-05 -0.00155982 0.00121921 -0.000292411 -0.000104535 6.34978e-05 2.8139e-05 -1.25908e-06 -0.000170503 -2.14457e-05 0.00238878 -4.39948e-05 -0.000264873 -2.6571e-05 -0.000273243 -0.000685748 -0.000192364
internal_weight=2.23187e+07 1.75922e+07 5.81649e+06 1.8568e+06 3.95969e+06 3.84714e+06 1.04483e+06 1.17758e+07 1.1743e+07 3.74491e+06 3.65347e+06 3.56333e+06 3.48033e+06 1.15621e+07 979919 68173 3.41216e+06 1.13704e+07 3.20546e+06 3.15746e+06 3.11087e+06 8.16492e+06 3.50755e+06 48003 3.46107e+06 3.34359e+06 3.0675e+06 3.33685e+06 547002 2.78985e+06
internal_count=22318680 17592250 5816489 1856799 3959690 3847138 1044828 11775761 11742990 3744907 3653469 3563333 3480333 11562067 979919 68173 3412160 11370379 3205463 3157460 3110866 8164916 3507548 48003 3461067 3343591 3067502 3336848 547002 2789846
cat_boundaries=0 1 2 93 187 188 280 375 470 563 652 745 836 837 916 993 1072 1073 1168 1169 1263 1352 1430 1526
cat_threshold=8 39 0 0 8192 0 0 0 0 0 0 0 131072 0 0 0 0 0 0 0 0 0 67108864 0 0 0 32768 0 1 0 0 0 0 0 0 0 0 0 0 0 0 0 0 0 0 0 0 128 262144 0 0 0 8396800 32768 1024 131072 132 0 0 0 1149239296 524290 2147485696 524288 0 0 0 0 0 0 0 0 4194304 0 0 0 32 0 0 0 256 1024 1 0 0 0 128 0 33555456 0 33554432 0 1024 0 0 0 0 0 0 0 0 8388608 0 0 0 0 0 0 0 0 0 0 4194320 0 0 0 8192 16 134217728 0 256 0 536870912 0 0 0 0 0 0 0 0 0 0 0 0 0 0 0 0 0 0 0 0 0 0 268435456 1 16400 16 2 0 133184 1064960 0 64 8 0 0 128 0 0 0 0 81920 8388608 0 0 0 0 0 0 17039360 2147483648 0 0 0 0 68 0 0 2 0 0 0 0 0 1048576 2 2048 0 0 2176 8388608 0 0 0 0 0 0 0 0 0 0 0 0 8388608 0 0 0 1073742336 268435456 0 0 0 2097152 536903680 262144 0 0 0 0 0 32768 0 2 0 2147483648 0 0 2 0 32 512 335544320 4096 0 0 0 1026 2147483649 0 2099200 0 81920 8388608 4 0 0 0 0 0 0 0 0 0 0 0 0 0 0 0 0 0 0 0 0 0 0 0 0 0 0 0 0 0 0 0 0 0 512 0 536870912 0 0 0 0 256 0 0 0 0 0 0 0 0 0 0 2097280 0 0 0 262156 0 0 32 0 0 0 0 0 0 512 0 0 0 2147483648 0 0 0 16 0 65536 0 0 0 0 0 0 256 0 536871040 0 16777216 0 0 0 0 1 0 2048 67108896 0 64 0 0 0 0 0 0 0 0 0 150994944 0 0 0 16384 0 0 0 128 0 0 2129920 0 16 8388608 64 0 0 0 0 536870912 0 268435456 0 0 16 134217728 0 0 0 0 0 134217728 0 0 34078720 0 0 0 0 256 0 0 8388608 0 0 0 0 0 0 0 1073741824 1048576 0 0 0 268435456 256 0 327684 0 0 2147483648 0 0 142606336 16384 33554432 0 0 1073741824 0 67108864 0 0 0 0 0 0 0 32 0 1073741824 0 0 0 0 256 0 0 0 0 0 0 1048576 0 0 0 0 0 0 0 0 0 0 256 0 524288 1073741824 0 16777220 0 0 0 0 131072 0 2048 0 0 537133056 0 0 0 64 0 0 1 8388608 262144 0 0 1050624 0 0 1024 65536 134217728 0 0 0 0 0 0 0 0 2147483648 0 0 0 0 134217728 524292 1073741824 512 0 262144 264192 0 0 4 0 0 0 0 33554432 0 0 0 32 0 0 0 0 0 0 4 8192 0 33554432 0 0 0 0 536870912 0 1024 0 0 0 0 0 16384 0 0 0 0 0 0 0 0 0 0 4194304 0 0 0 0 0 0 4194312 0 2097152 0 24576 0 512 1025 0 0 0 0 16386 0 0 524288 0 0 0 0 0 0 0 0 1 0 0 0 0 0 0 0 0 0 128 0 2048 0 0 9216 0 0 0 0 262144 260 32784 1073741952 2147483648 0 0 0 1073741824 67108864 2 0 512 96 6291456 0 0 0 0 0 0 0 0 0 0 0 0 0 0 0 16 0 0 0 0 0 0 0 0 0 0 0 0 0 0 131072 0 0 256 0 0 16 0 0 2048 0 0 0 0 0 32768 0 0 0 64 0 0 0 0 0 0 0 0 0 0 0 0 0 0 0 0 32768 0 0 0 0 0 0 0 0 16777216 0 0 0 0 1073741856 33554432 8192 0 0 16777216 16908296 0 0 536870912 0 0 0 0 0 0 0 1073741824 0 0 0 0 0 0 0 0 4 8 33587200 0 0 4096 524288 16777216 0 0 0 0 1073741824 32 0 0 33554432 134217728 0 0 0 8 0 0 16777216 0 134217728 0 0 0 0 2147483648 0 0 134217728 0 16384 0 0 0 0 0 128 1 0 16 33554432 0 0 0 2147483648 0 0 0 0 8388608 128 0 0 0 1024 0 8 2147483648 0 0 0 0 0 0 0 67108864 0 0 0 0 2147483648 0 64 0 536870912 0 0 0 0 0 2 262144 1 2 0 0 536870912 33554432 0 0 0 0 10240 0 0 0 1024 0 0 0 1073741888 0 131072 4 0 512 0 0 0 0 0 0 0 0 0 0 0 0 0 0 0 0 0 0 0 1024 0 0 0 16384 16384 1073741824 16 12 16384 0 1 265217 12582912 0 0 32768 8 0 8192 4195328 537001984 4 32 0 0 0 0 0 0 0 0 0 0 0 0 0 0 0 0 0 0 0 0 0 2097152 0 0 0 0 67108865 1074003968 0 0 2147483648 0 0 131072 8 0 0 0 64 1048576 0 0 0 0 0 0 0 0 0 0 0 1073741824 0 0 0 67108864 131072 0 0 0 2048 0 0 0 268435456 8912896 0 0 134217728 65536 128 2147483904 0 0 0 67108864 0 5242880 4096 0 0 0 0 0 0 0 0 0 0 0 0 0 0 0 0 0 0 16777236 4 16777216 8 0 1 0 0 128 33554432 0 32768 1024 34078720 0 16777216 2 32 0 0 2097152 0 0 0 0 128 0 0 0 0 0 0 0 0 0 64 0 67108864 0 0 33554432 0 33024 8192 0 16777216 0 1073741828 0 128 0 0 0 0 16384 0 0 65537 131072 0 0 0 0 0 0 0 524288 0 0 0 0 0 0 0 0 0 0 0 0 268451840 0 16 4096 8 0 0 0 1024 0 545259844 0 0 2147483648 13 1074266112 33558528 1638400 4098 1073741824 0 4194304 0 0 0 0 0 0 0 0 0 0 536870912 0 0 4096 16 0 8 0 1048576 1024 1 0 0 0 2 0 0 0 0 1 2 1073741824 0 32 0 0 0 0 8390656 0 0 0 16384 0 0 0 0 0 1073741824 0 0 2147483648 0 0 1024 1 0 0 0 0 0 0 0 0 0 0 0 0 0 0 0 0 0 131072 0 0 0 0 0 0 0 0 0 0 0 0 0 16384 3 4194304 0 0 0 0 1048576 0 0 0 0 0 0 0 0 0 0 0 0 0 0 0 1073741824 268435456 0 0 0 33554432 1073741824 536870912 0 0 0 0 262144 0 0 0 0 8 0 8192 0 0 1 16 0 0 2148532224 0 0 2080 1073741824 8192 8192 0 0 8388608 16777216 1048576 0 0 0 0 16 0 0 0 0 16384 8388608 0 0 0 0 32768 1024 524288 0 0 0 0 0 0 524288 0 0 0 0 0 0 0 536903680 0 8 0 134217728 0 0 2048 0 16384 0 0 0 0 0 0 0 0 1024 0 0 0 4096 0 0 0 0 0 2147483648 65552 0 1024 67108864 0 8192 537919488 0 0 0 0 67108928 0 0 0 0 4259888 0 8389632 0 0 0 0 0 0 0 0 0 0 0 0 0 0 0 0 0 1073741824 0 8192 0 0 0 0 0 262144 8192 524288 4 16777216 4194304 4194304 0 0 0 0 0 0 0 0 0 2 0 32 0 0 0 0 0 0 0 1048576 0 128 0 0 0 0 0 0 0 0 0 33554432 524288 512 8 16777216 0 0 0 0 0 8192 136 524288 0 0 0 8 0 0 1108344832 0 0 0 537919488 0 0 0 0 0 0 33554432 0 0 8388608 0 0 0 0 0 0 8388608 0 0 0 2147483648 131072 4096 0 0 0 0 268435456 0 0 0 0 4 256 32768 67108872 0 10 0 0 0 0 4096 2048 0 4194304 0 0 0 0 0 0 1073741824 0 0 0 0 4 32768 0 0 0 0 64 8 0 16777220 0 0 0 65536 2 0 2147483648 1 0 0 0 0 512 268468224 0 0 0 0 0 0 0 2 1 0 128 0 0 0 128 0 0 4096 0 0 0 0 4096 33554432 0 0 0 1024 0 0 0 0 0 0 0 0 0 0 0 0 0 0 0 0 0 2147483648 134217728 0 0 16
is_linear=0
shrinkage=0.05


Tree=77
num_leaves=31
num_cat=23
split_feature=16 20 3 1 0 0 16 9 0 0 0 0 19 0 20 0 6 0 0 0 0 0 0 0 0 0 0 0 0 16
split_gain=7469.21 472.978 186.516 151.947 122.285 83.6595 83.377 77.0211 70.1828 65.7376 68.8828 61.0414 56.6971 55.4263 52.7965 49.6537 49.5404 57.2177 53.5951 48.2317 48.6337 47.5279 51.6163 47.4859 52.32 45.473 44.01 49.4206 45.5848 44.562
threshold=1.0000000180025095e-35 0.30358886718750006 0 1 2 3 12.472656250000002 4 5 6 7 8 0.78564453125000011 9 0.16070556640625003 10 3.5000000000000004 11 12 13 14 15 16 17 18 19 20 21 22 15.875000000000002
decision_type=10 2 1 1 9 9 10 9 9 9 9 9 2 9 2 9 2 9 9 9 9 9 9 9 9 9 9 9 9 10
left_child=-1 2 3 13 -4 -6 14 -3 -9 -7 -11 -12 19 -2 -5 -10 17 -17 -18 -13 -21 -22 -23 -24 -25 -15 -26 -28 -29 -30
right_child=1 7 4 6 5 9 -8 8 15 10 11 12 -14 25 -16 16 18 -19 -20 20 21 22 23 24 26 -27 27 28 29 -31
leaf_value=-0.0076188576668176694 0.10021331999581135 -0.053848283189955659 -0.020085708379230863 -0.0073378829042452859 -0.019987185051965253 -0.02579911243466966 9.3467208605452212e-05 0.08195667303919224 0.031614344295316531 -0.012064543838840747 -0.014755124611232229 -0.023554737992404828 0.038424471630568571 0.050297632633319572 -0.006060440744039464 0.067288083534230339 0.030928232284341363 -5.4627114478273585e-05 -0.0043962498651350934 -0.016785744582281215 -0.027850817049366608 -0.017688213761213791 -0.021916947435433733 -0.018270789718290804 0.29918256015136785 -0.008586665093493151 0.09600692842569522 0.08664266092931093 -0.0020122548202719829 0.0019945433992964666
leaf_weight=4726430 3316 32771 115533 694117 97587 82649 64909 177940 190194 88458 81221 66484 31990 4462 285802 75394 89010 4812810 6397642 68739 68481 75086 69243 76728 8107 804193 15524 15539 2922686 75635
leaf_count=4726430 3316 32771 115533 694117 97587 82649 64909 177940 190194 88458 81221 66484 31990 4462 285802 75394 89010 4812810 6397642 68739 68481 75086 69243 76728 8107 804193 15524 15539 2922686 75635
internal_value=-0.000735315 -0.000261205 -0.000630092 -0.00104356 -0.000436202 -0.000388028 -0.0014423 -7.89978e-05 -7.22415e-05 -0.00035038 -0.000318921 -0.000284818 -0.000253318 -0.000530466 -0.00155727 -8.74039e-05 -0.000100801 1.94012e-05 -0.000191383 -0.000272679 -0.000246563 -0.000219362 -0.000191963 -0.000161398 -0.000132601 -0.000556952 -0.000100026 -0.000109877 -0.000124376 -0.000138378
internal_weight=2.23187e+07 1.75922e+07 5.81649e+06 1.8568e+06 3.95969e+06 3.84416e+06 1.04483e+06 1.17758e+07 1.1743e+07 3.74657e+06 3.66392e+06 3.57546e+06 3.49424e+06 811971 979919 1.1565e+07 1.13749e+07 4.8882e+06 6.48665e+06 3.46225e+06 3.39577e+06 3.32703e+06 3.25855e+06 3.18346e+06 3.11422e+06 808655 3.03749e+06 3.02938e+06 3.01386e+06 2.99832e+06
internal_count=22318680 17592250 5816489 1856799 3959690 3844157 1044828 11775761 11742990 3746570 3663921 3575463 3494242 811971 979919 11565050 11374856 4888204 6486652 3462252 3395768 3327029 3258548 3183462 3114219 808655 3037491 3029384 3013860 2998321
cat_boundaries=0 1 2 96 181 182 256 351 446 535 614 687 764 853 949 1045 1130 1225 1318 1411 1490 1582 1678 1774
cat_threshold=8 39 0 0 8192 0 0 0 0 0 0 0 131072 0 0 0 0 0 0 0 0 0 67108864 0 0 0 32768 0 0 0 0 0 0 0 0 0 0 0 0 0 0 0 0 0 0 0 0 128 262144 0 0 0 8396800 32768 1024 131072 132 0 0 0 1149239296 524290 2147485696 524288 0 0 0 0 0 0 0 0 4194304 0 0 0 32 0 0 0 256 2147484672 1 0 0 0 0 0 33555456 0 33554432 0 1024 0 0 1048576 0 536870912 0 0 0 0 0 0 8388608 0 0 0 0 0 0 0 0 0 0 4194320 0 0 0 8192 16 0 1 256 0 536870912 0 512 0 0 0 0 0 0 0 0 0 0 0 0 0 0 0 0 256 0 0 0 268435456 1 16400 16 2 0 133184 1067008 0 64 72 0 0 0 0 0 0 0 81920 8388608 0 0 0 0 0 0 262144 0 0 0 0 2097152 4 2 1073741824 2097152 0 0 4096 0 0 0 0 0 0 0 1 0 16384 0 131072 0 0 0 0 1073741824 270532608 0 1048576 0 0 536870912 0 131072 32768 0 0 0 0 0 268435456 0 0 0 16 16777216 0 0 512 36864 1073745920 0 0 0 1024 3221225472 67108864 2048 0 2097664 64 2097156 0 0 0 0 0 0 0 0 0 0 0 0 0 0 0 8 0 0 0 0 0 0 256 0 0 0 0 0 33554432 0 0 0 0 2097280 0 0 0 262156 0 0 32 134217728 0 0 1073741824 1048576 0 0 0 0 0 2147483648 65536 0 0 2147483664 0 0 142606336 0 0 0 0 0 0 0 536871040 0 16777216 0 0 0 0 33 0 0 67108896 0 0 0 0 0 0 0 0 0 0 0 16777216 0 0 0 16384 0 16777216 0 0 0 0 0 0 16 8388608 64 0 0 0 0 536870912 0 268435456 0 0 16 0 0 0 0 0 0 134217728 0 262144 524288 0 2048 0 0 256 0 134217728 8388608 0 0 0 0 0 0 0 0 0 0 0 0 268435456 260 0 262148 0 262144 262144 0 0 0 16384 33554432 0 0 1073741824 0 67108864 0 0 0 0 0 0 0 0 0 1073750016 0 0 0 0 256 0 0 0 0 0 0 1048576 134217728 0 0 0 0 0 0 0 0 0 256 0 524288 1073741824 0 16777220 0 0 0 0 131080 0 2048 0 0 537133056 0 0 0 0 0 134217728 0 0 0 0 2147483648 1048576 0 0 0 81920 0 0 0 0 0 128 0 0 0 2147483648 0 0 0 0 134217728 524288 1073741824 512 8388608 0 2048 0 65536 1028 0 8 2147483648 0 33554432 0 0 0 32 0 0 0 0 33554432 0 0 0 64 33554432 0 0 0 0 0 0 2 0 0 0 0 0 16384 0 0 0 0 0 10240 0 1024 0 0 4194304 0 0 64 0 0 0 0 1073741824 0 0 33554432 4 0 0 0 0 0 0 0 142606336 16384 2101248 4 131072 1073741840 0 0 134217730 0 0 8192 16778240 65536 0 18 0 128 67239936 0 0 128 0 32 0 16384 0 16778240 0 0 0 0 0 0 0 0 0 0 0 0 0 0 0 0 0 0 0 0 0 0 0 0 0 0 1024 32 0 0 0 32 0 0 16384 0 0 2097160 0 0 1073741824 33554432 0 0 0 0 0 0 0 8192 0 512 0 0 131072 0 524288 0 0 262144 0 0 2097152 0 1073741824 0 0 0 0 0 0 0 0 1048576 256 134217728 0 0 262144 0 268435456 0 1049616 0 0 0 0 4608 134218752 528384 65536 128 256 0 0 0 0 0 0 0 0 32768 0 33554432 16777216 0 0 4096 0 0 0 0 0 0 0 0 0 0 1024 1 0 0 128 2 0 589824 67125248 0 0 0 0 512 0 32768 0 1073741824 2064 8200 268451840 67108864 2048 1073741824 33554464 536870912 2 0 2147483648 0 0 0 262144 1 0 0 0 0 0 0 0 0 256 0 0 1073741824 0 0 0 0 0 0 0 0 0 0 0 67108864 0 0 0 0 0 0 0 0 536870913 2097184 33685504 1074790400 1073743872 131072 578 1024 0 0 0 0 67108864 0 0 32768 0 256 0 0 0 0 0 0 32768 0 0 0 0 2097152 0 0 0 268435456 128 8192 0 0 0 0 0 0 4 524288 0 0 0 0 0 1073741824 2048 0 0 1048641 2 0 0 1024 0 0 0 0 0 0 0 0 0 0 0 0 0 0 0 0 0 0 0 0 131072 0 0 0 0 0 0 0 0 0 0 16777216 0 0 0 0 0 0 20971522 0 0 0 0 0 0 0 0 32768 134250496 1024 0 0 0 0 0 0 0 1 0 16 0 0 8388608 0 2147483648 8 0 0 0 0 0 1073741824 0 0 0 2164260864 0 0 67108864 0 0 0 0 0 0 67108864 0 0 0 0 2147483648 65536 268435456 256 536870912 512 0 0 0 0 0 262144 0 2 0 8388608 536870912 0 0 0 0 0 0 0 0 0 1024 0 0 0 1073741824 0 131072 0 4194304 0 0 128 0 0 0 134217736 1073741824 0 0 0 4 1 2048 0 0 16777216 0 4 0 0 0 0 0 0 0 0 512 0 0 0 34078721 2097152 0 0 0 0 0 512 0 0 128 0 33554432 0 0 0 0 0 0 0 0 0 0 4096 0 0 0 134217728 0 0 0 0 0 0 0 2097152 98304 0 0 0 0 0 33554432 268435456 131072 0 16777216 65536 0 0 0 0 0 0 33587200 0 128 0 0 0 0 0 0 65536 0 16384 0 256 0 1073741824 0 524289 0 0 268435456 0 0 0 0 0 0 0 0 0 16384 0 0 0 0 0 2147483648 2097152 16777216 272629760 262144 0 1536 0 4096 0 0 0 0 16384 0 0 67108864 0 4 0 0 0 2147483648 0 0 0 0 0 0 0 0 0 0 0 0 0 0 536870912 0 2 0 32 0 4195464 2097152 8 0 524288 64 0 0 0 0 0 0 8192 1 0 0 0 0 0 8192 269484096 0 2099200 0 1024 0 64 1 0 0 0 0 0 0 4194816 0 0 0 0 0 0 0 2 0 0 0 2147483648 0 0 0 0 131072 0 512 0 134217728 0 0 0 0 0 0 0 8388608 0 0 33554432 4194432 0 0 0 0 0 0 32 32 0 0 0 0 0 0 512 8 0 0 0 128 1024 0 0 0 0 0 0 0 0 0 0 268435456 0 0 65536 0 0 64 0 0 8388608 0 0 0 1024 0 262145 0 8388608 0 0 0 256 0 1073741824 0 0 0 0 0 0 0 0 0 0 67112960 0 8192 0 0 0 0 0 32768 262656 0 0 16 0 0 0 1073741824 0 256 16 0 64 0 0 8 0 0 0 0 0 16384 0 0 0 0 0 33554432 0 0 0 1024 268435472 0 0 0 0 1048576 0 536870912 0 2097152 32 0 8192 0 0 33554432 0 1082130432 1 0 8192 0 0 0 0 0 0 65536 0 0 0 0 0 262144 0 0 0 0 0 0 32768 0 0 0 0 0 262144 0 0 0 0 0 1024 0 0 268435456 0 0 0 32 1048576 0 0 0 0 268435456 33554432 256 0 0 0 0 0 0 512 0 16384 2048 262145 0 0 0 0 4 0 0 0 0 32768 0 134217728 1140850688 40960 134217728 0 0 0 0 16777216 67239936 0 0 0 0 2147483649 0 0 0 0 0 0 1075838976 0 0 0 262144 0 0 0 0 0 4194304 0 0 0 0 256 0 0 0 1073741824 0 536870912 0 0 0 134217760 0 0 8192 0 32768 131072 0 4096 67125248 8 0 65568 0 0 33554432 0 0 2097152 0 0 0 536870912 2097152 0 0 16908288 4194432 2 16777472 0 0 0 0 0 0 0 0 0 0 0 0 0 0 0 0 0 0 0 0 0 0 0 4194304 0 2048 0 32768 0 0 0 0 256 0 0 0 1 0 0 262144 0 0 0 0 0 0 16 0 0 0 0 0 0 0 0 0 0 0 0 67117056 0 1073741824 268435456 0 0 0 0 1073741824 536870912 0 0 0 0 262144 0 0 0 0 8 0 8192 0 0 1 0 4 524304 2147483648 0 135168 0 1107296256 8192 0 0 0 8388608 0 0 1 0 0 0 16 0 0 0 16777216 16384 8388608 0 0 0 4 0 1024 34078720 0 0 0 0 0 0 0 0 0 524288 0 0 0 0 32768 24 16777216 0 32 0 8388608 2097152 0 0 0 0 0 0 0 64 0 0 131072 0 0 0 16384 0 0 0 0 16384 128 0 8 0 0 0 0 0 0 0 0 0 0 0 0 536870912 0 0 0 0 0 1048576 0 0 536870912 4 0 0 4 0 0 0 0 0 0 1024 0 0 0 0 0 0 65536 0 0 536870912 1024 0 0 66048 0 0 0 1024 65536 0 524288 0 0 0 0 0 0 2097184 0 0 67108928 512 2 0 2097408 0 0 2155888640 0 0 32768 536870912 0 0 268435456 0 0 0 0 0 0 0 0 32 0 196608 0 0 0 0 0 0 8192 0 67108864 0 0 0 0 0 32 0 0 0 33554432 0 34603008 0 0 128 0 0 0 16 0 0 0 0 2097152 0 0 0 0 0 0 16777216 0 0 0 268435456 0 0 0 0 0 262144 0 0 1140850688 0 0 0 0 0 32768 0 0 0 0 0 16 0 67108864 135266304 8388608 0 0 0 4
is_linear=0
shrinkage=0.05


Tree=78
num_leaves=31
num_cat=23
split_feature=16 20 3 1 0 0 16 9 0 0 0 0 0 20 0 0 13 0 19 0 0 0 0 0 0 3 0 0 0 7
split_gain=7497.8 462.891 191.058 151.566 116.332 90.3277 83.0187 77.1692 68.125 67.1754 54.3384 54.3845 53.9426 52.5465 51.8052 52.6294 49.7708 63.4645 49.1371 47.833 52.1001 43.3179 48.3149 42.5816 41.316 41.023 61.4727 43.6876 40.4745 39.5082
threshold=1.0000000180025095e-35 0.30358886718750006 0 1 2 3 12.472656250000002 4 5 6 7 8 9 0.16070556640625003 10 11 1.0000000180025095e-35 12 0.64282226562500011 13 14 15 16 17 18 19 20 21 22 10.500000000000002
decision_type=10 2 1 1 9 9 10 9 9 9 9 9 9 2 9 9 2 9 2 9 9 9 9 9 9 1 9 9 9 2
left_child=-1 2 3 -2 -4 -6 13 -3 -9 -7 -11 -12 -13 28 -14 -16 -10 -18 19 -17 -21 -22 -23 -8 -24 26 -19 -28 -5 -26
right_child=1 7 4 6 5 9 23 8 16 10 11 12 14 -15 15 18 17 25 -20 20 21 22 24 -25 29 -27 27 -29 -30 -31
leaf_value=-0.0072379147834767859 -0.0074184518402198862 -0.051155869030457879 -0.020804144474237563 0.10145213020910529 -0.019447013740205934 -0.015770082362113479 0.00040260371919175755 0.061594974152167616 -0.003573051081059589 -0.024994588673211041 -0.013499390116380339 -0.017709512753127054 -0.022647358871959657 -0.0057574187068374916 -0.024322820358351462 -0.015936009595952049 0.13303305648961669 0.18795380805676243 0.023884060946947595 -0.024274129211266506 -0.021047443606325791 -0.013889625690757424 0.37137430059608884 -0.00058654379810284545 4.3406649976168723e-05 -0.0031146155522914221 0.10990452076268352 0.0028006560887231524 -0.0069709887590330257 -0.0072857531240545286
leaf_weight=4726430 811971 32771 108484 2404 106968 85779 25539 181769 7770317 71717 73718 74686 74035 285802 76381 71166 58509 29068 64420 79555 66378 73564 8907 39370 2446080 1676859 30454 1996014 691713 477852
leaf_count=4726430 811971 32771 108484 2404 106968 85779 25539 181769 7770317 71717 73718 74686 74035 285802 76381 71166 58509 29068 64420 79555 66378 73564 8907 39370 2446080 1676859 30454 1996014 691713 477852
internal_value=-0.000731941 -0.000256925 -0.000621857 -0.00104033 -0.00042562 -0.000380131 -0.00143857 -7.6671e-05 -6.99082e-05 -0.0003392 -0.000306768 -0.000279517 -0.00025131 -0.00155329 -0.000222432 -0.000193638 -8.50091e-05 6.35172e-05 -0.000163494 -0.000190819 -0.000161877 -0.000129167 -0.00010127 0.000293141 -6.95226e-05 3.79006e-05 0.000187619 0.000154864 -0.00178823 -7.98859e-05
internal_weight=2.23187e+07 1.75922e+07 5.81649e+06 1.8568e+06 3.95969e+06 3.85121e+06 1.04483e+06 1.17758e+07 1.1743e+07 3.74424e+06 3.65846e+06 3.58674e+06 3.51302e+06 979919 3.43834e+06 3.3643e+06 1.15612e+07 3.7909e+06 3.28792e+06 3.2235e+06 3.15234e+06 3.07278e+06 3.0064e+06 64909 2.93284e+06 3.7324e+06 2.05554e+06 2.02647e+06 694117 2.92393e+06
internal_count=22318680 17592250 5816489 1856799 3959690 3851206 1044828 11775761 11742990 3744238 3658459 3586742 3513024 979919 3438338 3364303 11561221 3790904 3287922 3223502 3152336 3072781 3006403 64909 2932839 3732395 2055536 2026468 694117 2923932
cat_boundaries=0 1 2 96 189 190 284 379 472 568 664 758 853 926 1021 1109 1201 1295 1391 1486 1487 1556 1630 1719
cat_threshold=8 39 0 0 0 0 0 0 0 0 0 0 131072 0 0 0 0 0 0 0 0 0 67108864 0 0 8192 32768 0 1 256 0 0 0 0 0 0 0 0 0 0 0 0 0 0 0 0 0 128 262144 0 0 0 8396800 32768 1024 0 4 16 0 0 1149239296 524290 2147485696 524288 0 0 0 0 0 0 0 0 4194304 0 0 0 32 0 0 0 256 2147483648 1 0 0 0 0 0 33555456 0 33554432 0 1024 0 0 1048576 0 0 8192 0 0 0 0 0 8388608 0 0 0 0 0 0 0 0 0 0 4194320 0 0 0 0 16 0 0 0 0 536870912 0 512 0 0 0 0 0 0 0 16 0 0 0 0 0 0 0 0 256 0 0 0 268435456 1 16384 0 2 0 133184 1067008 32 64 72 0 0 0 0 0 0 0 81920 8388608 0 0 0 0 0 0 17039360 0 0 0 0 2097152 0 16 8388608 0 0 0 0 0 536870912 2 33554432 0 0 0 524288 0 0 0 0 2 0 0 0 0 0 0 0 0 0 34078720 0 1073741824 268435712 0 0 0 0 536870912 0 1312000 0 0 0 0 0 0 0 0 0 0 0 0 4096 0 512 270565376 1073741824 0 0 0 268435456 2147483648 0 134219776 4096 512 64 2097424 0 0 0 0 0 0 0 0 0 4 0 4 0 0 0 0 0 0 0 0 0 0 0 0 0 0 0 0 0 0 0 0 0 0 0 8 0 536870912 0 0 0 0 256 0 0 134217728 0 0 34078720 0 0 0 0 2097152 0 0 0 262152 0 0 32 134217728 0 0 1073741824 1048576 0 0 0 268435456 256 0 65536 0 0 2147483648 0 0 0 0 0 0 0 1073741824 0 67108864 536871040 0 0 0 0 0 0 1 0 0 67108864 0 0 0 0 0 0 0 0 0 0 1048576 150994944 0 0 0 16384 0 0 0 0 0 256 0 524288 0 0 68 0 0 0 0 131072 0 268435456 0 0 262160 0 0 0 0 0 0 0 0 262144 0 0 1050624 0 0 256 0 134217728 8388608 0 0 0 0 0 0 0 2147483648 0 0 0 0 134217728 524292 3221225472 262660 0 262144 264192 0 0 4 16384 33554440 0 0 33554432 0 0 0 0 0 0 0 0 0 32 0 8192 0 0 0 0 256 0 0 0 0 0 0 0 0 0 16384 0 0 0 0 0 0 0 0 0 0 4194304 0 16777216 0 0 0 0 8 0 0 536870912 0 0 0 20971520 0 134217728 0 0 0 0 2147483648 0 0 0 0 16384 0 0 4 0 0 128 1 0 16 0 0 0 0 0 0 0 0 0 8388608 0 0 0 0 134218752 0 0 2147483648 67108864 0 0 0 0 0 0 0 0 0 33554432 0 2147483648 0 64 33554688 0 512 0 0 0 0 2 0 0 2 0 8388608 536870912 0 0 0 0 0 10240 0 1024 0 1024 0 0 0 64 0 0 0 4194304 0 0 128 0 0 0 8 0 0 0 0 0 0 0 0 0 0 0 4 134250496 1152 0 0 0 0 0 0 512 0 0 0 34078721 0 8388608 0 2147483648 8 0 512 0 0 128 1073741824 33554432 0 0 2147483648 0 0 0 0 0 0 0 4128 0 67108864 0 0 0 0 0 65536 268435456 0 536870912 0 0 0 0 0 0 262144 0 268435456 0 0 0 0 0 0 0 0 0 0 32768 0 128 0 0 0 1073741824 0 131072 65536 0 0 0 256 1048576 0 0 134742017 1073741824 0 2 1 0 1 0 0 0 16777216 0 32768 0 0 65536 0 0 0 0 0 0 268435456 0 0 1024 0 4096 0 0 0 0 0 0 0 0 0 0 0 8388608 0 0 0 0 0 0 0 0 0 0 0 0 134217728 0 0 0 536870912 0 2 0 2097184 98304 4195336 0 8 0 0 33554432 0 131072 0 0 0 0 8192 0 0 0 0 33554432 0 8192 0 0 0 0 0 0 0 0 16384 64 0 2099200 0 1024 0 268435520 0 0 0 0 0 0 0 4194304 0 0 0 4096 0 0 0 2147483648 0 0 0 2147745792 0 512 0 0 131072 0 0 0 16384 0 0 67108864 64 4 0 8 8388608 2147483648 0 0 4194432 0 0 0 0 16777216 0 32 0 0 0 0 0 0 0 512 0 0 128 536870912 0 0 524288 0 0 0 0 0 0 0 0 0 0 0 0 65536 0 0 64 0 0 0 0 0 0 1024 0 262144 0 0 0 0 0 0 0 1053696 0 512 4194304 8192 402653184 0 0 134217984 0 1073872896 0 4096 0 1024 32 0 0 0 16512 1073741824 0 0 0 0 1 1024 4194304 0 130 256 8 0 0 1024 131648 268435456 131072 0 0 0 0 0 0 0 0 0 0 0 0 0 0 0 0 0 0 0 0 0 0 0 0 0 0 0 4 268435456 1082130432 0 0 0 0 0 0 4 0 2048 0 262144 0 0 0 0 0 0 0 8192 268435456 0 2097152 0 0 0 512 0 0 0 268435456 0 512 0 0 0 0 0 0 0 0 0 0 0 0 33554432 0 16384 0 0 0 0 0 33554432 32 0 0 1024 268435456 0 0 0 8 0 0 0 384 1024 32 0 8192 0 0 16777216 0 0 0 1 268435456 0 0 0 0 0 0 65536 0 8388608 0 0 0 262400 0 1 0 0 0 0 0 0 0 0 0 0 0 0 0 512 0 0 0 0 67109888 0 0 0 0 0 16777216 0 0 0 0 0 0 0 0 256 0 16 33554688 16 0 0 0 0 16384 16777216 1 0 0 0 0 4 0 0 0 0 32768 0 0 1140850688 40960 134217744 0 0 0 0 17825792 67239936 2097152 0 0 0 0 0 8 0 33554432 0 1073741824 1073741825 0 8192 0 0 0 0 0 0 0 4194304 0 0 0 0 65536 0 0 0 0 0 4096 2097152 0 524289 512 0 0 0 0 0 0 0 2 0 0 4194336 1081344 65536 0 0 0 0 33587200 0 0 0 134217728 0 0 16777216 0 0 0 0 262144 0 0 0 0 0 0 0 0 0 0 0 134217728 0 256 0 0 4096 0 0 0 0 0 0 0 0 2147484225 0 268451840 0 0 0 0 2097152 0 0 0 262144 1073741824 4 0 0 128 0 0 0 0 8192 0 0 0 64 0 0 0 0 0 0 2097152 0 0 0 4096 1073741824 33570821 0 144 0 0 0 0 0 0 0 0 0 0 0 20 0 0 0 0 1048576 0 0 0 0 512 0 0 0 0 0 0 4096 0 0 83886080 0 32768 0 0 8 0 0 262144 1024 8192 8388624 262144 0 8 0 2147483649 0 2097152 0 0 0 0 0 0 0 0 0 0 0 0 0 0 0 0 131072 0 0 0 0 0 0 128 1073741824 0 0 0 0 0 0 0 0 0 0 0 0 0 0 0 0 0 0 0 0 0 0 0 0 0 0 0 0 0 0 0 0 0 0 0 0 0 0 0 0 0 0 0 0 0 545325056 8388624 8527872 536879120 524288 163840 0 4460608 64 0 536870912 268436992 512 0 0 0 0 0 0 0 0 0 0 0 0 0 0 0 0 0 0 0 0 0 0 0 0 0 536875008 0 1114240 8 0 0 256 0 0 0 0 0 64 8 0 0 32 2147483648 0 2097168 0 0 0 16777216 0 0 0 0 0 0 131072 0 0 0 1073741824 268435456 0 0 0 0 1073741824 536870912 8 0 0 0 262144 0 0 0 0 8 0 8192 0 536870912 1 0 0 0 2147483648 0 0 0 0 8192 0 0 0 8388608 0 0 1 0 0 0 16 0 0 0 0 0 25165824 0 0 536870912 1024 0 0 524288 0 0 0 0 8192 0 524288 0 0 0 0 0 0 0 32768 0 0 512 5 0 0 0 0 0 0 0 0 0 0 0 0 0 1048576 66560 33555456 134217728 0 0 0 8 0 0 1073758208 0 524288 0 0 0 8192 268451840 0 0 1073741825 8388608 136 0 4194308 2147483648 655360 1056768 1048578 32 786432 4096 0 0 0 0 0 0 0 0 0 0 0 0 0 0 0 0 0 0 0 0 0 0 0 64 8 1024 0 0 0 0 0 0 0 0 0 0 2147485696 0 64 0 269484032 0 4096 0 0 131072 0 67108872 0 24576 33619984 0 16 8 0 0 0 16777216 1 2 0 32768 0 0 17408 32 0 1 1048576 0 0 0 0 0 0 0 2097152 0 0 65536 0 0 0 0 0 0 0 0 0 0 0 0 0 16777216 0 0 4096 524288 0 0 0 0 0 0 0 0 0 0 0 0 0 0 0 0 0 0 0 0 0 0 0 0 0 0 0 0 0 0 0 0 0 0 0 0 0 0 0 0 0 0 0 0 0 32 2099200 524296 69763072 33964040 1024 2147500032 0 268437504 1073745920 274441 64 36700416 0 0 0 0 0 0 0 0 0 0 0 0 0 0 0 0 0 0 0 0 0 0 0 0 0 0 0 0 0 0 1024
is_linear=0
shrinkage=0.05


Tree=79
num_leaves=31
num_cat=22
split_feature=16 20 3 1 0 0 16 9 0 0 0 20 17 3 0 0 5 0 0 16 3 0 0 0 0 0 0 5 20 16
split_gain=7548.31 444.828 196.086 160.119 120.627 83.5032 83.1932 77.4237 67.1236 61.4837 56.0369 53.1956 49.5068 47.6047 102.696 64.5108 49.8927 49.4183 48.6049 46.3198 46.2712 44.954 43.6765 44.2435 42.5816 41.9436 43.5214 39.2226 39.1555 76.8111
threshold=1.0000000180025095e-35 0.30358886718750006 0 1 2 3 12.472656250000002 4 5 6 7 0.16070556640625003 1.5000000000000002 8 9 10 11 12 13 15.875000000000002 14 15 16 17 18 19 20 21 0.51782226562500011 3.5498046875000004
decision_type=10 2 1 1 9 9 10 9 9 9 9 2 2 1 9 9 1 9 9 10 1 9 9 9 9 9 9 1 2 10
left_child=-1 2 3 -2 -4 -6 11 -3 -9 -7 -11 -5 19 14 -10 -16 18 -17 -15 25 -20 -14 -19 -24 -8 -12 -27 -28 29 -22
right_child=1 7 4 6 5 9 24 8 13 10 12 -13 21 16 15 17 -18 22 20 -21 28 -23 23 -25 -26 26 27 -29 -30 -31
leaf_value=-0.0068760190443029464 -0.0070475292482088947 -0.048598075578934988 -0.020317001733270813 -0.006622439321081375 -0.019795446051071655 -0.014955342803094974 0.00038247353323216939 0.093897557217244312 0.47042733390379132 -0.019749265747516832 0.40456075326024749 -0.0054695477714956199 0.13160650062862977 0.086343636410606203 0.21964245428066276 0.13139855446355792 -0.0054239624698274452 0.088864066354034335 0.0019682432934380544 0.0017866155075594915 -0.018328511797875292 0.020198693884939462 0.080123409769500595 -0.0010214839811925947 -0.00055721660819770815 0.12206676425646833 -0.002346984966924948 -0.0069214654678518067 -0.011233958616580164 0.0064532364647363234
leaf_weight=4726430 811971 32771 111700 694117 99748 78753 25539 184892 49204 75183 8002 285802 691 49130 47477 44061 4735445 41614 2456681 80327 110250 68739 44416 3029466 39370 13447 1954607 1468493 793324 157030
leaf_count=4726430 811971 32771 111700 694117 99748 78753 25539 184892 49204 75183 8002 285802 691 49130 47477 44061 4735445 41614 2456681 80327 110250 68739 44416 3029466 39370 13447 1954607 1468493 793324 157030
internal_value=-0.000725996 -0.000249382 -0.000607123 -0.00103107 -0.000408321 -0.000361299 -0.00144039 -7.26798e-05 -6.59058e-05 -0.000323299 -0.00029363 -0.00155523 -0.000265368 -8.10255e-05 8.09991e-05 4.62149e-05 -0.000144576 1.87227e-05 -3.33377e-06 -0.000291412 -2.51513e-05 0.00105682 -4.79596e-06 -2.65809e-05 0.000293141 -0.000319091 -0.000327514 -0.000338669 -0.000301156 0.000222238
internal_weight=2.23187e+07 1.75922e+07 5.81649e+06 1.8568e+06 3.95969e+06 3.84799e+06 1.04483e+06 1.17758e+07 1.1743e+07 3.74824e+06 3.66949e+06 979919 3.59431e+06 1.15581e+07 3.25624e+06 3.20703e+06 8.30186e+06 3.15956e+06 3.56642e+06 3.52488e+06 3.51728e+06 69430 3.1155e+06 3.07388e+06 64909 3.44455e+06 3.43655e+06 3.4231e+06 1.0606e+06 267280
internal_count=22318680 17592250 5816489 1856799 3959690 3847990 1044828 11775761 11742990 3748242 3669489 979919 3594306 11558098 3256238 3207034 8301860 3159557 3566415 3524876 3517285 69430 3115496 3073882 64909 3444549 3436547 3423100 1060604 267280
cat_boundaries=0 1 2 96 191 192 279 367 460 461 540 617 618 714 795 796 890 969 1064 1160 1246 1327 1328
cat_threshold=8 39 0 0 0 0 0 0 0 0 0 0 131072 0 0 0 0 0 0 0 0 4194304 67108864 0 0 8192 32768 0 1 256 0 0 0 0 0 0 0 0 0 0 0 0 0 0 0 0 0 128 262144 0 0 0 8396800 32768 268435456 0 4 16 0 0 1149239296 1572866 2147485696 524288 0 0 0 0 0 0 0 0 4194304 0 0 0 32 0 0 0 256 0 0 0 0 0 0 0 33555456 0 33554432 0 1024 0 0 1048576 0 0 8192 0 0 0 0 0 8388608 0 0 0 0 0 0 0 0 0 0 0 0 8 0 0 48 134217728 0 0 0 536870912 0 512 0 0 0 0 0 0 0 16 0 0 0 0 0 0 0 0 256 0 0 0 0 1 16384 0 2 1 133184 18432 32 64 72 0 0 0 0 0 0 0 81920 0 16777216 0 0 0 0 0 17039360 0 0 0 0 0 0 16 8388608 0 0 0 0 0 536870912 0 268435456 2 0 0 131072 0 0 131584 0 0 0 0 0 0 0 0 0 0 0 0 0 0 0 1073741824 268451840 0 0 0 0 536870912 0 4 269484032 0 0 32 0 0 0 0 0 0 0 0 0 0 1536 16 1073741952 1049600 0 0 1048576 2147483648 512 2099202 0 65536 8519872 2097152 0 0 0 0 0 0 0 0 0 0 0 0 0 0 0 0 0 0 0 0 0 0 0 0 0 1073741824 0 0 1048576 0 536870912 0 0 0 0 256 0 0 134217728 0 0 34078720 0 2048 0 0 2097408 0 0 8388608 262144 0 0 0 0 0 0 1073741824 1048576 0 0 0 268435456 256 0 65536 0 262144 2147745792 0 0 0 16384 0 0 0 1073741824 0 67108864 128 0 0 0 0 0 0 0 0 8192 67108864 0 0 0 256 0 0 0 0 0 0 0 134217728 0 0 0 16384 0 0 0 0 0 256 0 524288 0 0 16777284 0 0 537133072 0 0 0 0 0 134217728 0 0 262144 0 0 0 0 0 0 0 134217744 0 4 0 0 128 0 0 0 2147483648 0 0 0 0 134217728 4 3221225472 512 8388608 0 2048 0 0 134218756 0 33554440 2147483648 0 33554432 0 0 0 0 0 0 0 0 33554432 32 0 0 0 0 0 0 0 0 0 0 2 0 0 0 0 0 0 0 0 0 0 0 10240 0 1024 0 0 0 0 0 64 0 0 0 8 4 0 512 0 0 0 0 0 0 0 0 0 0 0 0 0 0 0 0 0 0 0 1024 131072 0 0 16384 16384 1073741824 16 8 16384 0 0 265217 12582912 65536 2 32768 2147483656 0 8192 4195328 131072 4 0 0 0 2147483648 0 0 0 0 0 0 0 0 0 0 0 0 0 0 0 16 0 0 0 0 0 0 0 67108865 1073741824 0 0 1024 0 0 131072 8 0 0 2080 64 1048576 0 0 0 0 0 0 0 0 0 0 0 1073741824 0 0 0 67108864 0 0 0 0 33554432 0 0 0 0 8388608 1 1073741824 134217728 0 128 2147483904 0 0 0 67108864 536870912 5242880 4128 0 0 0 0 0 0 0 524288 0 0 0 0 0 0 0 0 0 0 16777216 0 16777216 0 0 1 0 0 0 33816576 0 32768 2147483712 34078720 13 0 16777216 2 0 0 0 0 0 0 0 0 0 0 0 0 1024 0 0 0 4096 0 0 0 0 0 2147483648 2048 8388608 256 8192 0 524288 0 4 0 0 0 67108928 0 0 16384 0 4259856 1 131072 0 0 0 0 0 0 1073741824 0 0 0 0 0 0 0 0 0 0 0 4 4 268451840 8 16 0 0 0 0 0 1024 0 545259780 0 0 0 0 0 0 0 0 0 0 0 0 0 0 0 0 0 0 0 32 1074266112 4096 1638400 16386 1073741824 67108864 4194304 0 0 16777216 0 0 0 0 0 0 0 0 0 0 4096 16 0 0 0 1048576 1024 1 0 16384 0 0 0 0 0 0 1 2 16777216 0 0 8192 524288 0 0 2048 0 0 0 16400 2 0 0 0 0 1073741824 0 0 2147483648 0 0 1024 1 0 0 0 0 0 0 0 0 0 0 0 0 0 0 0 0 0 131072 3 0 0 256 0 0 0 0 0 2048 0 0 0 0 0 32768 0 0 0 0 0 0 0 0 0 0 0 0 0 0 0 0 262144 0 0 0 32768 0 0 16384 2097152 0 0 0 0 16777216 0 0 0 0 32 0 8396800 0 16793600 0 16908296 0 0 0 0 0 0 0 0 0 0 0 0 0 4194304 0 0 0 0 0 4 8 33587200 0 0 4096 0 16777216 0 0 0 0 1073741824 32 0 0 33554432 134217728 32 2048 0 0 0 2048 0 2097152 0 0 0 0 0 0 0 0 0 0 0 0 67108864 0 64 0 67108864 0 0 65536 0 0 67108864 0 16785408 537001984 16777216 0 0 0 0 8192 0 1024 0 32 65536 0 0 0 0 0 0 0 0 0 0 0 0 0 131072 0 0 0 0 2097152 0 2 0 0 0 4198400 8 17039360 0 1572864 0 0 1 4194306 0 2147483652 0 2105344 0 2097152 2147483648 0 0 1048576 0 0 0 16384 0 0 0 0 256 0 0 128 0 0 0 1 0 0 2105344 0 32768 8388864 8 262144 4 0 0 0 0 4194304 0 0 1048576 2 0 0 4 0 0 0 0 0 0 0 0 0 0 512 0 0 0 0 0 0 0 16384 8192 0 0 0 0 0 0 0 0 36868 0 0 0 0 1024 0 0 8 0 0 0 0 0 0 1024 1073741824 0 0 0 0 2 0 0 0 0 0 0 0 0 0 0 0 0 0 0 0 0 0 0 0 0 0 0 0 0 0 0 0 0 0 0 0 0 0 0 0 0 0 0 0 0 0 0 0 0 0 545325056 8388624 8527872 536879120 524288 163840 0 4460608 64 0 536870912 268436992 512 0 0 0 0 0 0 0 0 0 0 0 0 0 0 0 0 0 0 0 0 0 0 0 0 0 536875008 0 1114240 8 0 0 256 0 0 0 0 0 64 0 256 0 8194 16384 1 0 0 0 0 0 128 0 0 0 0 0 0 0 0 0 1073741824 268632064 0 0 0 33554432 0 536870912 8 0 67108864 0 262144 0 0 0 0 8 4 8192 0 536870912 33554432 0 0 0 2147483648 0 0 0 0 8192 0 0 35651584 8388608 0 0 0 0 0 0 16 0 0 268435456 0 0 8388608 0 0 0 0 0 1073741824 524288 0 0 0 0 0 0 524288 0 256 48 18874368 2147483648 32 0 0 2097152 0 1024 128 64 0 0 0 16384 65536 0 65536 0 0 0 0 8404992 262144 0 0 0 0 64 8192 0 0 2 0 0 0 131072 131072 0 0 0 0 0 0 268435456 8192 0 0 0 0 0 0 0 0 1024 0 0 0 0 0 0 0 0 16384 0 0 0 4194304 32768 0 0 1073741824 262144 1024 0 0 33554432 0 0 0 4194304 15
is_linear=0
shrinkage=0.05


Tree=80
num_leaves=31
num_cat=23
split_feature=16 20 3 1 0 16 9 0 0 0 20 0 0 8 0 16 0 0 0 0 0 0 0 0 17 0 0 0 0 1
split_gain=7599.05 412.917 203.626 166.938 126.441 84.6714 77.4937 69.5402 64.6191 62.1936 54.2504 51.9663 55.327 46.8186 69.7464 58.5509 50.7605 46.5115 47.0879 52.1863 48.5061 53.7076 55.0035 43.9937 43.5197 43.8627 43.3113 53.5721 43.0802 42.5473
threshold=1.0000000180025095e-35 0.30358886718750006 0 1 2 12.472656250000002 3 4 5 6 0.16070556640625003 7 8 2013.5000000000002 9 1.1000976562500002 10 11 12 13 14 15 16 17 2.5000000000000004 18 19 20 21 22
decision_type=10 2 1 1 9 10 9 9 9 9 2 9 9 2 9 10 9 9 9 9 9 9 9 9 2 9 9 9 9 1
left_child=-1 2 3 26 -4 10 -3 -6 -8 -9 -5 -11 -13 15 -15 -10 -17 -14 -19 -20 -21 -22 -23 -16 25 -24 -2 -28 -7 -27
right_child=1 6 4 5 7 28 8 9 13 11 -12 12 17 14 23 16 -18 18 19 20 21 22 24 -25 -26 29 27 -29 -30 -31
leaf_value=-0.0065322180920877994 0.080971295124429965 -0.046168171799988236 -0.019301151646607274 -0.0062913173550273038 -0.02075095009442084 0.00036334985657056064 0.051656592837826802 -0.020883100061029371 0.036179018940716144 -0.022849478817696403 -0.0051960703829208371 -0.014551259294343101 -0.021386759166249315 0.047351324388751628 0.029161446555965004 0.09551602687713337 -0.00083382039213929736 -0.017312657372727282 -0.015260777936511961 -0.019914872621511592 -0.019945657087956314 -0.014623538394250103 -0.032532028474256645 -0.0045925147101870383 0.056369784872520513 0.0039216283663243701 0.043353359560223292 -0.0074903534479138778 -0.00052935577778782104 -0.0013283434139626405
leaf_weight=4726430 2778 32771 114724 694117 82039 24902 179275 78580 566820 69324 285802 76002 66164 87241 85116 27858 4821284 68397 75883 71085 79663 81242 65050 5975396 16938 1280311 5691 803502 40007 1734288
leaf_count=4726430 2778 32771 114724 694117 82039 24902 179275 78580 566820 69324 285802 76002 66164 87241 85116 27858 4821284 68397 75883 71085 79663 81242 65050 5975396 16938 1280311 5691 803502 40007 1734288
internal_value=-0.000720043 -0.00024183 -0.000586501 -0.00101852 -0.000383912 -0.00143646 -7.15843e-05 -0.000335104 -6.48073e-05 -0.000303704 -0.00155232 -0.000274015 -0.000248009 -7.94116e-05 -0.000173842 2.77775e-05 -2.84293e-05 -0.000219341 -0.000194319 -0.000168221 -0.000138661 -0.000110463 -7.83156e-05 -0.000194048 -4.46197e-05 -5.85211e-05 -0.000480711 -0.00050214 0.000312398 -3.07998e-05
internal_weight=2.23187e+07 1.75922e+07 5.81649e+06 1.8568e+06 3.95969e+06 1.04483e+06 1.17758e+07 3.84497e+06 1.1743e+07 3.76293e+06 979919 3.68435e+06 3.61502e+06 1.15637e+07 6.14775e+06 5.41596e+06 4.84914e+06 3.53902e+06 3.47286e+06 3.40446e+06 3.32858e+06 3.25749e+06 3.17783e+06 6.06051e+06 3.09659e+06 3.07965e+06 811971 809193 64909 3.0146e+06
internal_count=22318680 17592250 5816489 1856799 3959690 1044828 11775761 3844966 11742990 3762927 979919 3684347 3615023 11563715 6147753 5415962 4849142 3539021 3472857 3404460 3328577 3257492 3177829 6060512 3096587 3079649 811971 809193 64909 3014599
cat_boundaries=0 1 2 96 97 192 270 363 452 548 631 716 810 905 1000 1093 1185 1279 1365 1441 1520 1596 1692 1693
cat_threshold=8 39 0 0 0 0 0 0 0 0 0 0 131072 0 0 0 0 0 0 0 0 4194304 67108864 0 0 0 32768 0 1 256 0 0 0 0 0 0 0 0 0 0 0 0 0 0 0 0 0 128 262144 0 0 0 8396800 32768 0 0 16388 16 0 0 1149239296 1572866 2147485696 524288 8 0 0 0 0 0 0 0 4210688 0 0 0 32 0 0 0 256 0 0 0 0 0 0 0 33555456 0 33554432 0 0 0 0 1048576 2 0 536870912 0 0 0 0 256 0 8388608 0 0 0 0 0 0 0 0 2097152 0 0 0 262152 0 8192 48 134217728 0 0 0 536870912 0 512 0 0 0 0 0 0 0 16 0 0 0 0 0 0 0 0 256 0 0 0 0 1 0 0 0 1 133184 18432 32 64 64 0 0 0 0 0 0 0 65536 0 16777216 0 0 0 0 0 17039360 0 0 0 0 0 0 16 8388608 64 0 0 0 0 0 0 268435456 0 0 2097154 0 2147483648 0 34078720 0 1048576 0 8192 0 0 0 2097152 0 0 0 0 0 0 1073741824 268435456 0 0 0 0 541065216 0 0 0 0 4096 0 570458112 0 0 0 0 0 0 0 0 0 512 335548416 0 0 0 131072 0 2147483648 2097152 2048 0 2097152 0 4352 0 0 0 0 2097152 0 0 16 0 1024 0 0 0 0 1048576 0 0 0 0 32 0 0 8208 0 0 0 0 0 0 134217728 0 262144 34078720 0 2048 0 0 256 0 0 8388608 0 0 0 0 0 0 0 1073741824 1048576 0 0 0 268435456 260 3221225472 65536 0 262144 2147745792 0 0 0 16384 33554432 0 0 1073741824 0 67108864 128 0 0 0 0 0 0 0 0 8192 67108864 0 0 0 0 0 0 0 0 0 0 0 134217728 0 0 0 0 0 0 0 0 0 0 0 524288 0 0 16777220 0 0 0 0 8 0 0 537133056 0 0 0 16777216 0 134217728 0 0 0 0 2147483648 0 0 0 0 16384 134217728 0 4 0 0 128 0 0 16 2147483648 0 0 0 0 0 0 0 512 8388608 0 2048 0 0 134218756 0 8 2147483648 0 0 0 0 0 0 0 0 0 0 33554432 32 0 0 0 33554688 0 512 0 0 0 0 2 0 0 2 0 8388608 536870912 0 0 0 0 0 8192 0 1024 0 0 0 0 0 64 0 0 0 8 0 0 4194304 0 0 0 0 0 0 0 0 0 134250496 1152 0 0 0 0 0 0 512 1 0 0 34078720 0 8388608 0 2147483648 8 524288 512 0 0 0 0 33554432 0 0 2147483648 0 0 67108864 0 0 0 0 4128 0 67108864 0 0 0 0 0 65536 0 0 536870912 0 256 0 0 0 0 262144 0 0 0 0 0 0 0 0 0 0 0 0 32768 0 1024 0 0 0 1073741824 0 131072 0 4194304 0 0 384 131072 0 0 0 0 0 0 0 16384 0 536870912 0 8192 0 0 524544 268435456 0 536870912 0 0 64 32 1048576 0 0 16 0 16842752 16640 0 0 0 144 0 0 1 64 0 256 134225920 67108864 64 262144 1024 0 0 0 0 0 0 0 0 2097152 0 0 0 0 0 0 0 0 0 0 0 0 2097152 0 33554432 0 0 0 65536 0 0 0 0 0 0 0 0 0 512 33554432 4194304 0 0 8 0 17408 0 0 0 0 8192 0 0 0 0 0 0 0 128 16777216 8192 0 0 0 0 0 1073741824 0 8192 8 0 0 1073774592 0 32768 0 0 0 0 1048576 32 67108864 0 4096 4194304 0 0 1048576 524296 0 0 262144 0 0 0 536870912 0 0 0 0 0 0 0 0 268451840 16 4194304 0 0 0 0 0 16384 0 2 0 0 0 0 0 0 0 0 512 0 0 0 134742016 1073741824 0 2 1 0 1 0 0 0 16777216 0 0 0 0 65536 0 0 0 0 0 0 268435456 0 0 1025 0 4096 0 0 134217728 0 0 4 0 128 0 0 0 0 0 0 0 0 0 0 0 0 0 0 0 0 134217728 0 0 0 536870912 268435456 2 0 2097184 98304 8 0 8 0 0 33554432 268435456 131072 0 0 0 16384 0 0 0 0 0 33554432 0 8192 0 0 0 0 0 0 0 0 16384 64 0 2097152 1 1024 256 268435520 0 0 0 0 0 0 0 0 4 0 0 0 16 0 0 2147483648 0 0 0 2147745792 0 0 0 0 131072 0 0 0 0 0 0 0 1073741824 0 0 8388608 8388608 2147483648 0 0 4194432 0 0 0 0 16777216 0 32 0 0 0 0 0 0 0 512 0 0 4194432 0 384 0 524288 0 0 0 0 16384 0 0 0 0 0 0 0 65536 0 0 64 0 0 0 0 0 0 1024 0 262144 269484032 0 2048 0 0 0 0 0 0 0 2048 0 0 0 1048576 32768 0 0 4096 0 8192 0 0 2097152 16777216 0 0 0 512 0 0 0 33554432 512 0 16384 0 0 67108864 64 4 0 8 0 0 0 33554432 0 16384 0 0 0 0 0 33554432 0 0 0 0 268435472 0 0 0 8 0 0 536870912 0 1024 0 0 0 0 0 0 0 0 0 1 268435456 0 0 0 0 0 0 65536 0 8388608 0 0 0 262144 0 1 0 1073741824 0 0 0 0 0 0 4 0 0 0 262144 0 0 1073741824 0 0 0 0 0 0 0 0 0 32 1048576 0 0 0 0 268435456 0 0 0 262144 262400 16 0 0 0 0 0 0 0 0 0 0 0 4 0 0 0 0 32768 0 0 0 9216 134217728 0 0 0 1024 16777216 67239936 0 0 0 32 64 8192 0 0 50331648 0 1073741824 1075838976 0 8192 0 0 0 0 0 0 0 4194304 0 0 0 65536 256 0 8388608 0 0 0 0 0 0 0 0 0 2097152 0 0 4198912 0 0 0 0 0 64 0 0 0 0 4194304 0 0 0 0 4 0 0 2147483648 0 16 134217760 0 0 0 0 0 0 16777216 1 0 0 0 0 0 0 0 32768 0 0 0 134217728 1140850688 33024 0 0 4096 0 0 0 0 0 0 2097152 0 2147483648 262144 268451840 0 256 0 0 1 0 0 0 262144 0 0 128 0 128 0 0 0 0 8192 256 0 0 0 0 0 0 0 0 0 0 0 0 0 33554432 0 33554437 0 0 0 0 268435456 0 0 0 0 0 66048 0 0 16 16 0 0 0 0 0 0 0 16777216 0 0 2 2048 0 0 0 4096 0 0 553648128 0 0 0 4194304 0 0 0 262144 1024 8192 8388624 0 0 8 1024 2097152 0 0 0 0 0 40 0 0 0 0 0 0 0 0 0 1073741824 4 0 131072 0 0 0 0 0 0 128 1073741824 0 0 32768 0 64 0 8 33685504 0 0 0 16384 0 0 0 0 256 0 0 0 0 67108864 0 0 0 0 0 2097152 0 0 524288 0 4 16384 0 0 0 0 0 32768 1040 2048 2097152 1 0 0 0 0 0 0 0 8388608 0 0 1052672 0 0 0 536870912 0 0 0 0 0 0 0 32768 1342177280 4096 0 0 0 0 0 0 0 4194304 0 0 32 0 0 0 0 2097152 536936450 0 0 134217728 1048576 131072 0 536870912 1073741824 0 0 4096 4194304 0 512 0 262144 0 0 16 0 0 0 2 0 0 0 32768 0 0 33554432 2 0 1073741824 256 0 1048576 0 0 0 0 0 0 16384 0 262144 0 0 0 4 0 0 0 0 0 0 0 0 0 0 2097152 0 0 262144 1048576 1048576 0 0 0 2147483664 2147483648 201327104 0 2147483648 0 0 33554432 8388608 0 0 0 1073741824 536870912 0 0 0 0 0 0 16777216 66560 4194304 0 134217728 16384 2101248 0 0 1073807376 16 4 0 0 0 8192 0 589824 0 0 4194304 128 0 4194336 4194304 65536 0 32 0 16388 0 0 0 0 0 0 0 0 0 0 0 0 0 0 0 0 0 0 0 0 0 0 0 0 0 262144 0 0 1024 0 0 0 0 32 0 0 262144 0 0 1048576 1073741824 0 0 0 0 0 134283296 0 16386 0 0 0 268566528 0 8392704 67125248 0 32768 0 0 0 0 0 0 0 0 0 0 0 69206016 0 0 16908416 128 130 256 0 0 0 0 67108864 0 0 0 0 0 0 0 0 0 0 0 0 0 0 0 0 0 0 2147483648 0 34816 0 8421376 0 0 0 0 256 0 134217728 0 1 0 0 0 0 0 0 0 0 0 0 0 0 0 0 0 0 0 0 0 0 0 0 0 0 0 0 0 0 0 0 0 0 0 0 0 0 0 0 0 0 0 0 0 0 0 545325056 8388624 8527872 536879120 524288 163840 0 4460608 64 0 536870912 536872448 16896 0 0 0 0 0 0 0 0 0 0 0 0 0 0 0 0 0 0 0 0 0 0 0 0 0 536875008 0 1114112 8 0 0 256 0 0 0 0 0 64 39
is_linear=0
shrinkage=0.05


Tree=81
num_leaves=31
num_cat=23
split_feature=16 20 3 1 0 16 9 0 0 0 0 0 20 16 0 0 0 0 9 6 0 0 0 3 0 19 0 0 0 3
split_gain=7620.92 408.307 210.645 164.229 123.982 82.7024 77.6401 71.2967 61.1633 56.7425 55.147 55.1237 54.1331 51.8012 44.3618 56.1715 60.9235 45.0297 44.2878 45.8995 48.7703 48.1304 42.5816 42.4215 42.8101 41.0093 46.4018 40.8838 39.3015 38.477
threshold=1.0000000180025095e-35 0.30358886718750006 0 1 2 12.472656250000002 3 4 5 6 7 8 0.16070556640625003 12.972656250000002 9 10 11 12 13 2.5000000000000004 14 15 16 17 18 0.49987792968750006 19 20 21 22
decision_type=10 2 1 1 9 10 9 9 9 9 9 9 2 10 9 9 9 9 9 2 9 9 9 1 9 2 9 9 9 1
left_child=-1 2 3 -2 -4 12 -3 -6 -8 -9 -11 -12 -5 14 -13 -16 -17 -18 -10 21 -21 -20 -7 -23 -25 -19 -27 -22 -26 -29
right_child=1 6 4 5 7 22 8 9 18 10 11 13 -14 -15 15 16 17 25 19 20 27 23 -24 24 28 26 -28 29 -30 -31
leaf_value=-0.0062056071874834091 -0.0064240151831261531 -0.043859763209988828 -0.019344092297494165 -0.0059767514872759442 -0.01983945696880194 0.0003451823637420304 0.050034229961800764 -0.020251336617123129 0.019181155860229684 -0.020849405443267934 -0.014844944910944702 0.18570942107783756 -0.0049362668637747964 0.001772018226355321 0.12863043956073791 0.090124951933591033 0.092815003583456651 -0.0048327006199634821 0.13719302995010044 0.02615054783117246 0.021594941988845984 -0.0066250615318792123 -0.00050288798889842618 0.16501951969584527 0.11078618187753797 0.21271760516677685 0.0088968352212629841 -5.2482778035756044e-05 0.0020857415275404574 -0.005287244807885139
leaf_weight=4726430 811971 32771 110989 694117 84110 25539 171764 72121 126262 74041 77069 9336 285802 137583 18574 21729 16705 3193441 46846 107384 107767 708549 39370 37178 39089 904 143088 2229979 2486709 5681463
leaf_count=4726430 811971 32771 110989 694117 84110 25539 171764 72121 126262 74041 77069 9336 285802 137583 18574 21729 16705 3193441 46846 107384 107767 708549 39370 37178 39089 904 143088 2229979 2486709 5681463
internal_value=-0.000717485 -0.000238584 -0.000581326 -0.00102073 -0.000375275 -0.00143527 -6.92914e-05 -0.00032776 -6.2508e-05 -0.00029559 -0.000268458 -0.000240815 -0.00154977 -0.000212023 -0.00025047 -0.00025994 -0.000275031 -0.00029213 -7.64112e-05 -8.66858e-05 -0.00015067 7.00104e-05 0.000293141 4.72211e-05 0.000141889 -0.000305094 0.000520306 -0.000164845 0.000117093 -0.000178022
internal_weight=2.23187e+07 1.75922e+07 5.81649e+06 1.8568e+06 3.95969e+06 1.04483e+06 1.17758e+07 3.8487e+06 1.1743e+07 3.76459e+06 3.69247e+06 3.61843e+06 979919 3.54136e+06 3.40378e+06 3.39444e+06 3.37587e+06 3.35414e+06 1.15712e+07 1.1445e+07 8.12659e+06 3.31837e+06 64909 3.27152e+06 2.56298e+06 3.33743e+06 143992 8.01921e+06 2.5258e+06 7.91144e+06
internal_count=22318680 17592250 5816489 1856799 3959690 1044828 11775761 3848701 11742990 3764591 3692470 3618429 979919 3541360 3403777 3394441 3375867 3354138 11571226 11444964 8126593 3318371 64909 3271525 2562976 3337433 143992 8019209 2525798 7911442
cat_boundaries=0 1 2 96 97 192 266 359 455 551 642 737 833 926 927 1018 1108 1204 1205 1292 1385 1468 1558 1559
cat_threshold=8 39 0 0 0 0 0 0 0 0 8388608 0 131072 0 0 0 0 0 0 0 0 4194304 67108864 0 0 0 32768 0 1 256 0 0 0 0 0 0 0 0 0 0 0 0 0 0 0 0 0 128 262144 0 0 0 8396800 32768 0 0 4 16 0 0 1149239296 1572866 2147485696 524288 8 0 0 0 0 0 0 0 4210688 0 0 0 32 0 0 0 256 0 0 0 0 0 0 0 33555456 0 33554432 0 0 0 0 1048576 2 0 536870912 0 0 0 0 256 0 0 0 0 0 0 0 0 0 0 2097152 0 0 0 262152 0 8192 48 134217728 0 0 0 536870912 0 512 0 0 0 0 65536 0 0 2147483664 0 0 0 0 0 0 0 0 256 0 0 0 0 1 0 0 0 1 133184 18432 67108896 64 64 0 0 0 0 0 0 0 65536 0 0 0 0 0 0 0 16777216 0 0 0 0 0 0 16 8388608 64 0 0 0 0 0 0 268435456 0 33554432 0 0 0 65540 67108865 0 0 0 0 0 0 0 0 0 512 0 67108864 0 0 1073742336 268435456 0 0 0 0 536870912 1024 16 0 0 0 524288 0 262144 1073741824 0 1048576 0 0 2 266240 0 512 36896 4096 0 0 2048 0 2147483648 0 2048 0 33554432 0 4 0 0 0 0 0 0 1 0 0 0 0 0 0 0 0 16 0 0 16 0 0 0 0 0 0 134217728 0 262144 34078720 0 2048 0 0 256 0 134217728 8388608 0 0 0 0 0 0 0 3221225472 1048576 0 0 0 268435456 260 3221225472 512 0 262144 264192 0 0 0 0 33554440 0 0 1073741824 0 67108864 128 0 0 0 0 0 0 0 0 8192 0 0 0 0 0 0 0 0 0 0 0 0 150994944 0 0 0 0 0 0 0 0 0 0 0 524288 0 0 4 0 0 0 0 8 0 0 537141248 0 0 0 20971520 0 134217728 0 0 0 0 2147483648 0 0 134217728 0 16384 0 0 4 0 0 128 1 0 16 0 0 0 0 0 8 524288 0 0 0 0 0 0 0 134218752 0 0 2147483648 67108864 0 0 0 0 0 0 67108864 0 0 33554432 32 0 0 0 33554688 0 512 0 0 0 0 2 0 0 2 0 8388608 0 0 0 0 0 0 8192 0 1024 0 0 0 0 0 0 0 131072 0 0 0 0 128 0 0 0 8 1073741824 0 2 0 0 0 0 0 0 16777216 0 0 32768 1152 0 0 0 0 0 0 512 0 0 0 34079744 0 8388608 0 0 134217728 0 512 0 0 0 0 33554432 0 0 16384 0 0 0 0 0 0 0 4128 0 0 0 0 0 0 0 65536 0 0 536870912 2097152 98304 8 0 0 0 262144 0 268435456 0 0 0 0 0 0 0 0 0 0 33587200 0 0 0 0 0 1073741824 0 0 0 4194304 16384 0 256 16 0 0 2048 0 0 4112 0 0 0 0 0 0 4 0 0 0 0 0 0 0 1073741824 268451840 0 0 131072 0 0 536870912 0 0 0 0 262144 4194304 0 0 0 8 0 8192 536870912 0 0 0 0 134217728 2147483649 0 64 0 0 8192 0 0 0 8388608 134217728 0 0 0 0 0 16 0 268435456 0 0 16384 8388608 0 0 0 0 64 0 0 0 0 0 1024 0 0 0 0 0 268435456 0 1 0 3 0 2097152 0 48 0 0 524288 0 0 128 0 0 0 0 0 0 0 8388608 0 0 0 131072 131072 0 0 0 65536 0 0 8192 0 0 0 0 1 0 0 0 16385 0 0 1024 536870912 1048576 0 67108865 0 0 0 0 0 0 0 0 0 0 0 0 0 1 0 0 0 0 0 2147483648 268435456 0 4096 0 0 4096 33816576 0 0 320 4194304 0 32 0 0 0 0 0 0 8 0 0 0 0 0 0 0 8388608 512 0 134217744 256 0 16384 9437184 0 0 0 0 0 268435456 536870913 0 64 0 0 0 0 8192 524288 0 32 0 0 0 0 128 0 0 0 0 0 0 0 0 131072 134217728 2147483648 0 0 2151677952 0 0 0 16 0 65536 0 0 0 0 0 0 0 0 0 0 0 0 0 0 0 0 0 0 1073741824 0 0 128 0 131072 0 32 0 525312 33554432 0 0 0 0 1 16777216 0 131072 0 0 0 0 0 0 0 0 0 0 2 8 0 2147483648 0 0 268435456 0 32768 536870912 0 0 0 16384 0 0 256 0 0 536870912 0 0 0 0 17039360 0 262144 33554432 32768 2048 0 0 67108864 0 2048 33554432 256 0 67108864 33554432 0 0 0 1048576 0 268435456 0 0 0 0 0 0 0 0 0 0 0 16384 0 0 0 0 0 0 2 4 16384 0 0 0 0 0 65536 0 512 1024 0 0 0 0 0 0 0 0 0 0 0 0 1024 0 0 0 0 16384 4219904 2097184 131072 2129920 0 0 536870976 0 262144 0 8192 8192 67108864 524288 0 0 0 0 0 0 0 67108864 0 0 32768 268435456 0 536870912 0 2113536 0 0 0 268435456 0 0 0 0 0 0 0 0 0 0 0 537395200 0 512 256 1073741824 0 0 0 2 0 2097152 2097152 64 0 0 0 0 0 0 16384 0 0 0 0 0 0 0 0 0 0 0 0 0 0 524288 0 0 0 0 0 0 0 0 0 268435456 0 16777216 1073741824 4096 0 0 0 0 4194304 0 0 0 0 0 32 524288 0 2 0 0 0 0 0 8192 16384 0 0 0 1024 1073741825 8388624 12 16384 0 4 1074003968 0 256 3 0 2147483648 0 16785408 4194304 32 0 268435456 2048 0 0 0 0 0 0 0 0 33554432 1073741824 0 0 0 0 0 0 0 0 0 0 0 0 0 0 0 0 0 0 0 0 0 0 0 0 0 0 0 0 0 0 0 0 0 33554432 0 0 0 0 0 0 0 0 0 0 0 0 0 0 0 0 0 0 0 0 0 0 0 0 0 0 0 0 0 0 0 0 0 0 0 0 0 0 0 0 0 0 0 0 0 545325056 8388624 8527872 536879120 524288 163840 0 4460608 64 0 536870912 268436992 512 0 0 0 0 0 0 0 0 0 0 0 0 0 0 0 0 0 0 0 0 0 0 0 0 0 536875008 0 1114240 8 0 0 256 0 0 0 0 0 64 8 16 0 4194304 0 0 524288 0 0 0 0 0 0 0 0 0 0 0 0 0 0 0 0 0 0 0 0 8192 0 2048 8192 0 67108864 0 1 33554433 0 0 51200 8 0 0 8192 33685504 4194305 4096 0 0 2147483648 0 0 0 0 0 0 0 0 0 0 0 0 0 0 0 0 0 16777216 0 0 4096 2048 4 67108864 0 0 0 2147483712 524288 0 2147614720 0 0 0 0 0 0 0 2 0 0 0 4096 0 0 0 0 0 0 0 0 0 0 0 0 0 0 64 0 0 2147491840 32768 134283264 0 0 0 0 0 16 1073741824 128 0 1 512 64 0 1 0 2129920 0 0 0 0 16777216 131072 0 256 0 1073741824 0 2147483648 0 0 536870913 0 0 0 0 0 0 0 0 65536 0 0 0 0 0 4194304 0 0 0 16384 0 0 8 32768 0 0 0 0 0 0 0 512 0 0 0 0 8388608 0 134217728 0 0 0 0 4096 134217728 0 0 8192 134217728 0 2 0 0 8192 0 256 0 0 0 0 0 0 0 2064 0 0 2097152 536870912 0 0 0 0 128 0 0 4194304 65536 0 0 0 0 0 0 0 0 0 528 1048576 0 0 8388608 1114176 2 16781312 4096 268436480 2097424 0 0 0 262144 0 0 0 0 0 0 0 0 0 0 0 0 0 0 0 0 0 0 0 0 536870912 8 0 0 32 0 0 0 0 0 0 0 0 0 0 128 0 0 0 0 33554432 0 0 537001984 513 0 0 33570818 0 0 0 33 0 0 0 32768 0 0 0 8192 0 0 0 0 0 32 8192 0 0 0 0 0 1073741824 524288 0 0 0 8388608 0 0 0 0 0 0 16 4 0 8 0 0 0 0 0 570425344 1152 32768 1024 33554432 0 0 32 0 0 0 0 0 0 0 0 0 1048576 4
is_linear=0
shrinkage=0.05


Tree=82
num_leaves=31
num_cat=22
split_feature=16 20 3 1 0 16 9 0 0 0 0 20 16 0 0 13 0 0 0 0 0 19 0 0 17 3 0 1 0 0
split_gain=7651.73 397.005 211.964 168.179 125.019 84.2641 77.7813 76.0102 61.786 57.6439 55.4663 54.3596 49.2338 48.6483 43.0802 42.6598 56.4628 42.0519 44.8659 41.9405 47.0494 40.3708 50.1023 37.3523 37.234 34.858 56.9973 39.2704 34.8249 34.0462
threshold=1.0000000180025095e-35 0.30358886718750006 0 1 2 12.472656250000002 3 4 5 6 7 0.16070556640625003 12.972656250000002 8 9 1.0000000180025095e-35 10 11 12 13 14 0.35705566406250006 15 16 181.50000000000003 17 18 19 20 21
decision_type=10 2 1 1 9 10 9 9 9 9 9 2 10 9 9 2 9 9 9 9 9 2 9 9 2 1 9 1 9 9
left_child=-1 2 3 -2 -4 11 -3 -6 24 -9 -11 29 13 -12 -7 28 -17 -15 -19 -20 -21 -22 -23 -14 -8 26 -18 -28 -10 -5
right_child=1 6 4 5 7 14 8 9 15 10 12 -13 23 17 -16 16 25 18 19 20 21 22 -24 -25 -26 -27 27 -29 -30 -31
leaf_value=-0.0058953268281092394 -0.0061028144239698495 -0.041666775049489381 -0.01837334335937061 0.14716279985655686 -0.018721429741259711 0.00032792324555492859 0.046363097737123861 0.17613146476081171 0.033679875025837865 -0.023335716053861977 0.11895696596419725 -0.0046894535205860514 -0.00088335507235913773 0.098318066827095832 -0.00047774358945350541 0.10971348197063557 0.21845527748597085 0.084613417090697307 0.062123387946185049 0.051676601850079773 -0.0058897649538265486 0.22775980584116182 0.0016418989877749757 0.0022498119338547839 5.5421574804030209 -0.0027029457506231153 0.012392134014173007 -0.00088638821806935521 -0.003516377433396656 -0.0056779139129121475
leaf_weight=4726430 811971 32771 110692 2637 89315 24902 180162 14572 90245 72358 17019 285802 50537 15541 40007 58544 31027 17184 16395 18771 3110562 1184 334952 90608 629 1676802 884220 1140631 7680730 691480
leaf_count=4726430 811971 32771 110692 2637 89315 24902 180162 14572 90245 72358 17019 285802 50537 15541 40007 58544 31027 17184 16395 18771 3110562 1184 334952 90608 629 1676802 884220 1140631 7680730 691480
internal_value=-0.000713885 -0.000234017 -0.000571982 -0.00101276 -0.000365287 -0.00143225 -6.70835e-05 -0.00031764 -6.0294e-05 -0.00028339 -0.000295606 -0.00154783 -0.000268595 -0.000305193 0.000312398 -7.46358e-05 6.28656e-05 -0.000318109 -0.000329638 -0.000342219 -0.000354157 -0.000367756 0.000152795 0.000647118 0.000856867 3.8698e-05 0.000176689 0.000144094 -0.000141719 -0.00178679
internal_weight=2.23187e+07 1.75922e+07 5.81649e+06 1.8568e+06 3.95969e+06 1.04483e+06 1.17758e+07 3.849e+06 1.1743e+07 3.75968e+06 3.74511e+06 979919 3.67275e+06 3.53161e+06 64909 1.15622e+07 3.79122e+06 3.51459e+06 3.49905e+06 3.48186e+06 3.46547e+06 3.4467e+06 336136 141145 180791 3.73268e+06 2.05588e+06 2.02485e+06 7.77098e+06 694117
internal_count=22318680 17592250 5816489 1856799 3959690 1044828 11775761 3848998 11742990 3759683 3745111 979919 3672753 3531608 64909 11562199 3791224 3514589 3499048 3481864 3465469 3446698 336136 141145 180791 3732680 2055878 2024851 7770975 694117
cat_boundaries=0 1 2 96 97 192 266 343 436 530 626 671 764 855 950 1042 1136 1232 1233 1286 1287 1379 1468
cat_threshold=8 39 0 0 0 0 0 0 0 0 0 0 131072 0 0 0 0 0 0 0 0 4194304 67108864 0 0 8192 32768 0 1 256 0 0 0 0 0 0 0 0 0 0 0 0 0 0 0 0 0 128 262144 0 0 0 8396800 32768 0 0 4 16 0 0 1149239296 1572866 2147485696 524352 8 0 0 0 0 0 0 0 4194304 0 0 0 32 0 0 0 256 0 0 0 0 0 0 0 33555456 0 33554432 0 0 0 0 1048576 2 0 536870912 0 0 0 0 0 0 0 0 0 0 524288 0 0 0 0 2097152 0 0 0 8 0 0 48 134217728 0 0 0 536870912 0 512 0 0 0 0 65536 0 0 2147483664 0 0 0 0 0 0 0 1073741824 256 67108864 0 0 0 1 0 0 0 1 133184 18432 67108896 0 64 0 0 0 0 0 0 0 81920 0 16777216 0 0 0 0 0 16777216 0 0 0 0 0 0 16 8388608 0 0 0 0 0 0 0 268435456 0 8 8 8192 0 0 0 0 0 0 0 0 0 0 0 0 0 0 537411584 0 0 1073741824 268435456 262144 0 0 0 536870912 0 65536 0 0 0 0 32768 32 603979776 32 0 0 0 16 0 0 512 268468225 0 0 0 0 0 2147483776 0 2048 0 520 8388768 4 0 0 0 0 0 0 0 0 0 0 67108864 0 0 0 0 524288 16 2097152 0 2048 0 0 524288 0 0 0 0 256 0 0 0 0 0 0 0 0 0 1073872896 268582912 0 0 0 0 0 536870912 8192 0 0 0 262144 4194305 0 0 0 8 0 8192 1024 536870912 0 0 1 0 2147483648 0 0 0 0 8192 0 0 0 8388608 0 2 0 0 0 0 16 0 2415919104 0 0 16384 8388608 0 0 33554432 0 0 64 4194304 0 0 262160 0 0 0 256 0 0 134217728 0 262144 0 0 2048 0 0 256 0 134217728 8388608 262144 0 0 128 0 0 0 2147483648 0 0 0 0 268435456 4 3221225472 512 0 262144 264192 0 0 1024 0 33554440 2147483648 0 0 0 0 128 0 0 0 0 0 0 32 0 8192 0 0 0 0 0 0 0 0 2 0 0 0 134217728 0 0 0 0 0 0 0 0 0 0 0 524288 0 0 4 0 0 0 0 8 0 134217728 256 0 16384 9437184 0 0 0 128 0 0 536870912 0 64 256 0 8388608 0 8192 524288 16384 0 0 0 0 33554432 128 2048 0 0 0 2 32768 0 0 131072 134217728 0 0 32 4194304 1048576 1048576 0 16 0 0 0 0 0 0 0 0 0 0 0 0 0 0 0 0 0 0 0 0 0 0 4096 0 0 131072 262144 0 0 1024 33554432 0 0 0 1024 0 0 0 0 0 0 0 0 0 0 0 0 8388608 0 0 0 0 0 0 0 0 0 0 0 0 0 0 0 0 0 0 0 0 0 0 0 0 0 0 0 0 0 0 0 0 0 0 0 0 0 0 0 0 0 0 0 0 0 545325056 8388624 8527872 536879120 524288 163840 0 4460608 64 0 536870912 536872448 16896 0 0 0 0 0 0 0 0 0 0 0 0 0 0 0 0 0 0 0 0 0 0 0 0 0 536875008 0 1114112 8 0 0 256 0 0 0 0 0 64 0 0 0 0 0 0 0 1052672 0 32 4194304 67108864 150994976 2147483648 0 0 262146 1610743808 0 4096 0 1024 2097152 0 0 0 16384 1073741824 0 0 0 0 268435457 1024 4194304 8 128 256 8 65536 0 1024 131584 0 131072 8 1040 0 0 0 0 2101760 32768 536870912 0 0 0 0 0 0 0 0 0 0 0 0 0 0 262144 0 0 0 32768 0 8 0 67108864 2048 2048 33554432 0 0 67108896 0 0 0 0 67141632 0 0 0 1048578 0 0 0 0 0 0 0 0 0 0 0 0 0 0 0 0 0 131076 0 0 0 32768 268435456 134 0 0 1024 0 524288 0 0 0 1 0 0 0 0 0 0 0 0 0 0 0 0 33554432 0 1048576 0 0 0 4 8388608 1048576 0 258 0 0 1 4 32768 0 0 1073741824 0 0 1073758208 0 0 16777472 0 0 16384 0 262144 64 0 0 4194304 0 0 2 0 0 0 0 0 0 4194304 1 0 0 0 0 0 0 0 0 0 0 0 12288 32768 0 0 0 0 0 0 0 2 0 0 0 0 33554432 0 0 0 0 0 0 256 0 1048576 0 0 0 0 0 0 536870920 0 0 0 1048576 2 0 64 0 0 2147483648 0 67108865 0 0 0 0 16384 0 0 0 0 0 0 8388608 67108864 0 0 536870916 0 0 131072 0 0 0 0 0 0 0 4 0 33554688 0 262144 1 0 0 536870912 0 18 0 0 0 0 0 0 0 0 0 0 0 2097152 16777216 1048576 0 0 0 0 0 0 0 0 268435456 0 0 0 0 0 0 285212672 0 0 0 32768 64 65536 0 4 0 0 131072 0 0 1024 0 0 0 536870912 0 0 128 0 512 65536 0 524288 0 0 0 4194304 0 0 524288 0 0 0 0 0 0 64 0 0 8192 8192 0 0 0 0 536870912 131136 8388608 268959744 0 0 0 134217728 0 0 32768 4 0 0 0 0 0 0 0 0 65536 0 0 0 8192 134217728 0 0 0 0 0 0 0 0 0 134217728 0 0 0 0 0 0 256 0 0 0 2147484160 0 0 0 0 8194 0 256 0 0 0 268435456 0 0 0 2048 268435456 134217728 512 0 0 0 16 4096 0 0 0 0 0 0 0 0 0 4194304 0 0 0 67108864 0 8 2147483648 32768 65536 0 262144 0 0 0 0 1073741825 0 0 1 512 0 2 1 16384 131072 0 0 0 0 16777216 524288 0 0 0 64 0 2147483648 1 0 0 8 0 0 0 0 0 0 0 65536 0 0 0 0 0 0 32768 0 16 16384 0 4 8 1024 0 0 0 0 0 0 0 0 0 0 0 0 0 0 134217728 32 0 0 0 0 0 0 0 0 0 0 0 65536 0 0 0 0 524289 0 134217728 0 0 8388608 0 0 131072 0 0 0 16384 0 0 0 0 0 0 0 0 0 0 0 0 0 0 0 0 4194304 1024 134225921 1 0 0 12582912 65792 0 2048 536870912 0 0 0 0 0 0 0 0 0 8 4194304 0 0 0 2147483648 0 0 0 16 0 0 16416 0 0 0 0 0 536875008 0 128 8 0 256 0 0 0 0 0 8192 64 5 0 0 0 0 0 0 0 1024 0 0 0 0 0 1048576 1024 1024 134217728 0 0 0 8 131072 0 16384 0 0 33554560 0 0 8192 268451840 0 0 1073741825 8388608 192 2 4194308 2147483648 524288 1056768 2 96 786432 4096 0 0 0 0 0 0 0 2097152 6 0 2097152 4 16777216 8388608 67108864 2097176 0 0 0 0 0 0 0 2097152 0 0 0 0 131072 0 8704 0 0 0 2147483648 536870912 4194304 0 4 32768 0 0 0 0 0 0 0 0 0 0 0 2162688 0 0 0 8 0 262144 0 0 1073741824 0 0 512 0 0 0 1048576 0 0 536870912 1024 0 0 0 0 0 0 65536 0 128 0 0 0 0 0 0 0 512 0 0 536870912 0 0 0 0 0 0 0 32768 4194304 0 0 0 0 0 0 0 0 0 0 0 0 0 0 0 0 0 0 0 0 0 0 0 0 0 0 0 0 0 0 0 0 0 0 0 0 0 0 0 0 0 0 0 0 0 32 1073743872 2097160 103284736 16384 0 2147500048 512 268437506 1073745920 12809 64 35651856 0 0 0 0 0 0 0 0 0 0 0 0 0 0 0 0 0 0 0 0 0 0 0 0 0 0 0 0 0 0 4
is_linear=0
shrinkage=0.05


Tree=83
num_leaves=31
num_cat=23
split_feature=16 20 3 1 0 0 9 0 20 0 16 0 0 0 8 0 0 16 8 0 0 0 0 0 0 0 0 0 0 0
split_gain=7667.8 392.69 221.331 180.798 127.921 79.1472 77.8753 59.574 56.2214 74.8848 49.5351 52.8966 47.1593 44.1812 41.143 62.1097 55.4865 44.7475 40.0782 203.865 116.344 98.1722 73.2318 63.1697 46.5352 39.8603 40.5078 48.7606 46.6408 39.1631
threshold=1.0000000180025095e-35 0.30358886718750006 0 1 2 3 4 5 0.16070556640625003 6 12.472656250000002 7 8 9 2013.5000000000002 10 11 1.1000976562500002 2011.5000000000002 12 13 14 15 16 17 18 19 20 21 22
decision_type=10 2 1 1 9 9 9 9 2 9 10 9 9 9 2 9 9 10 2 9 9 9 9 9 9 9 9 9 9 9
left_child=-1 2 3 -2 -4 -6 -3 -8 9 -5 12 -12 -7 -14 16 -16 -9 -18 19 -15 -21 -20 -22 -23 -24 -25 -27 -28 -29 -17
right_child=1 6 4 8 5 10 7 14 -10 -11 11 -13 13 18 15 29 17 -19 21 20 22 23 24 25 -26 26 27 28 -30 -31
leaf_value=-0.0056005604867037772 -0.0057976737027713556 -0.039583436297014912 -0.017702235591677783 0.029620084289979112 -0.017127451919785219 0.40414264192010835 0.048196805553386644 0.15992615514054448 -0.0034133603217225365 -0.0049917592291374496 -0.0032972240125334175 0.0018517083964943394 0.13536773561705609 0.391767047877491 0.047586104398739254 0.027998334237647245 0.031232732843094985 -0.00069341204895593525 0.19702683514547145 0.23241155892778492 0.15170764210510726 0.094079857229606156 0.1402374528739819 0.069332750058159198 -0.001438017190469021 0.06926801474394495 0.096994802896968213 0.048452777051139234 -0.0065367626207631967 -0.0042959546151343673
leaf_weight=4726430 811971 32771 112753 5381 92192 8007 179588 36562 307289 732158 51007 147098 15621 2684 86627 84489 553770 4826277 8639 3434 2983 13197 2758 13418 303915 14817 18618 18413 3130136 5975677
leaf_count=4726430 811971 32771 112753 5381 92192 8007 179588 36562 307289 732158 51007 147098 15621 2684 86627 84489 553770 4826277 8639 3434 2983 13197 2758 13418 303915 14817 18618 18413 3130136 5975677
internal_value=-0.00071201 -0.000231638 -0.000567761 -0.00101817 -0.000356549 -0.000307892 -6.56144e-05 -5.88207e-05 -0.00145312 -0.00168987 -0.000272352 0.000497147 -0.000315214 -0.000323866 -7.28558e-05 -0.000161391 2.7614e-05 1.44198e-05 -0.0003356 0.000201932 8.4078e-05 -0.00038836 -1.75679e-05 -0.000402698 -9.35255e-05 -0.000416959 -0.00042843 -0.000440635 -0.000455724 -0.000180394
internal_weight=2.23187e+07 1.75922e+07 5.81649e+06 1.8568e+06 3.95969e+06 3.84694e+06 1.17758e+07 1.1743e+07 1.04483e+06 737539 3.75474e+06 198105 3.55664e+06 3.54863e+06 1.15634e+07 6.14679e+06 5.41661e+06 5.38005e+06 3.53301e+06 315774 313090 3.21724e+06 309656 3.2086e+06 306673 3.1954e+06 3.18198e+06 3.16717e+06 3.14855e+06 6.06017e+06
internal_count=22318680 17592250 5816489 1856799 3959690 3846937 11775761 11742990 1044828 737539 3754745 198105 3556640 3548633 11563402 6146793 5416609 5380047 3533012 315774 313090 3217238 309656 3208599 306673 3195402 3181984 3167167 3148549 6060166
cat_boundaries=0 1 2 96 191 192 284 373 468 545 626 712 797 888 973 1037 1125 1220 1312 1408 1502 1594 1682 1768
cat_threshold=8 39 0 0 0 0 0 0 0 0 0 0 131072 0 0 0 0 0 0 0 0 4194304 67108864 0 0 0 32768 0 1 256 0 0 0 0 0 0 0 0 0 0 0 0 0 0 0 0 0 128 262144 0 0 0 8396800 32768 0 0 4 16 0 0 1149241344 1572866 2147485696 524352 8 0 0 0 0 0 0 0 4194304 0 0 0 32 0 0 0 256 0 0 0 0 0 0 0 33555456 0 33554432 0 0 0 0 1048576 0 536870912 0 0 0 0 256 0 0 0 0 0 0 0 0 0 0 2097152 0 0 0 8 0 0 48 134217728 0 0 0 0 0 512 0 268435456 0 0 65536 0 0 16 0 0 0 0 0 0 0 1073741824 256 67108864 128 0 0 1 0 0 0 1 131138 18432 67108896 0 64 0 0 0 0 0 0 0 81920 0 16777216 0 0 0 0 0 16777216 0 0 0 0 0 0 16 8388608 0 0 0 0 0 0 0 268435456 2 2048 0 0 0 0 1073741824 1048576 0 0 0 0 0 0 0 0 131072 536870912 0 0 0 0 1073741824 268435456 0 0 0 0 32896 536870912 1073872896 0 0 0 0 0 32768 67108864 0 0 0 0 0 0 0 1049088 36864 1073741824 0 0 0 1024 2147483648 4096 2048 524288 512 128 256 0 0 0 0 1024 0 0 0 4096 0 0 0 0 0 0 64 0 0 0 0 0 0 0 0 0 0 0 0 0 0 131072 0 0 512 0 0 0 0 0 0 0 0 0 0 0 0 0 0 0 0 0 0 0 0 0 0 0 0 0 0 0 0 0 0 0 0 0 0 0 0 0 0 0 0 0 0 0 0 0 8454176 2064 8397832 69730304 540672 32768 2147483664 262144 402655232 1073745920 513 72 2097920 0 0 0 0 0 0 0 0 0 0 0 0 0 0 0 0 0 0 0 0 0 0 0 0 0 0 0 0 0 0 4 0 0 0 0 0 0 0 0 0 0 0 65536 0 0 0 0 524289 0 134217728 0 0 8388608 0 0 131072 0 0 0 16384 0 0 0 0 0 0 0 0 0 0 0 0 0 0 0 0 4259840 1024 134349057 0 0 0 0 33620224 256 2048 8 0 0 0 0 0 0 0 0 0 8 4194304 16392 0 0 2147483648 0 0 0 16 128 0 16384 0 0 0 0 0 4096 0 0 8 0 256 0 0 0 0 0 8192 0 0 0 0 16640 1048576 524288 0 0 0 0 0 0 0 0 0 0 0 0 0 0 1073741824 268582912 0 0 0 0 0 536870912 8192 0 0 0 262144 4194304 0 0 0 8 0 8192 1024 0 1048576 0 1 0 131072 0 0 0 0 33562624 256 0 8 8388608 0 0 0 0 0 0 16 0 268435456 0 67108864 16384 8388608 0 0 33554432 0 0 64 37748736 24 0 0 2048 0 0 0 32768 0 0 0 1 0 0 64 0 0 0 0 8192 524288 131072 0 262144 0 0 33554432 402653184 0 0 4194304 67108864 0 2048 0 0 131072 67108864 2147483648 0 0 4194304 1048576 0 0 16 1048576 0 0 0 0 0 0 0 0 0 0 0 0 0 0 0 0 0 4 0 0 0 4096 0 134 0 262144 0 0 1024 0 0 0 1 1024 131072 0 2097152 0 0 0 0 0 0 0 536870912 16384 8192 0 0 524288 268435456 0 0 0 0 64 32 1048576 0 0 16 0 65536 16640 0 0 0 16528 0 0 1 64 0 256 134225920 67108864 64 262144 1024 0 0 0 0 0 0 0 0 2097152 0 0 0 0 0 0 0 0 0 0 0 0 2097152 0 33554432 0 0 0 65536 0 0 0 0 0 0 0 0 0 512 0 0 65536 33554432 4194304 0 0 8 67108864 37749760 0 0 0 0 8192 0 0 0 0 0 0 0 128 16777216 8192 0 0 0 0 0 1610612736 0 8196 0 0 0 1073741824 32768 0 0 0 0 0 1048576 32 67108864 0 4096 0 0 0 0 524296 0 0 262144 0 0 0 545259520 0 0 0 0 0 0 0 0 268451840 0 0 0 0 0 0 0 16384 0 2 0 0 0 0 0 0 0 0 512 0 0 0 16 0 4 8388608 0 0 0 4194304 0 0 0 0 256 0 4194320 0 0 536870912 0 34636800 0 0 0 0 0 0 0 0 0 0 0 0 0 2147483648 262144 8192 8389632 0 0 541065216 2097152 0 2097152 0 0 0 66 0 2147483648 0 0 0 0 0 0 0 0 0 0 0 41943040 0 262144 131584 0 0 0 0 0 0 16777216 0 0 0 32768 0 0 0 0 0 0 0 0 0 0 0 0 64 0 0 0 0 4194304 0 0 0 0 0 0 0 0 0 0 0 262160 0 262144 0 0 524288 0 64 0 4096 1610612736 0 4 0 524288 262400 2097160 0 0 264 0 2097152 0 0 2 0 8192 0 16777216 532480 2048 0 0 0 0 0 0 0 0 0 0 8192 0 0 0 0 0 2147483648 0 0 536870912 0 0 0 32768 0 0 0 8388608 0 262144 0 512 0 0 0 0 0 16 0 0 0 0 0 0 0 0 0 8192 8192 0 0 0 0 0 0 0 64 33554432 8 0 0 16777728 0 2214592512 16 541065248 2050 75497472 1 0 1048576 0 33587200 0 0 0 0 0 16777216 67108864 528 4 8388608 0 0 0 0 0 0 0 0 0 536870912 0 163840 0 0 0 0 0 0 16781312 0 0 16384 0 0 0 32 0 0 0 2 0 0 0 0 0 0 0 0 0 1 0 65536 0 0 192 0 0 72 2147745792 0 128 67108864 0 0 0 0 8192 65536 0 0 0 32768 0 1048576 0 0 0 0 0 0 8192 2 0 1 0 0 0 0 0 0 0 536870912 64 0 16 1073745920 0 0 2048 0 0 0 0 0 524288 0 0 0 0 0 512 0 2 0 0 0 134217728 0 128 256 0 0 2155888640 0 0 2048 0 0 0 0 0 0 4194304 0 0 0 0 0 0 0 0 8192 0 0 0 0 14 0 0 8388608 0 134217728 0 3 32 0 65536 8 0 0 1 0 0 0 0 0 0 0 0 0 0 0 64 0 0 0 1 0 0 0 0 0 0 0 0 1 0 0 0 0 8 4 256 32 67108864 2 0 0 0 16777216 0 0 0 0 1024 0 1048576 0 0 0 0 512 0 2097152 0 0 16 65536 1 536870912 2097152 0 0 10 0 0 0 268435456 0 0 0 524288 0 0 0 0 64 0 16384 32768 0 0 0 0 0 0 0 0 0 0 0 512 0 0 0 0 0 0 0 536870912 0 2048 0 0 0 2105344 0 0 0 0 0 0 0 0 1024 0 536887296 0 0 538968064 0 0 1073741824 16 0 512 0 1 0 0 805306368 131072 0 0 0 0 0 0 0 0 0 0 33554432 33554432 32 1048576 0 0 0 2097152 4096 0 0 0 0 67108864 536870912 4 0 0 0 2147483648 0 0 0 0 512 0 0 0 0 16777216 16777216 64 8 8 0 0 0 536870914 0 0 0 0 0 0 0 0 0 0 0 65792 0 0 0 0 0 0 0 0 0 0 0 0 0 0 1073741824 16384 2 0 0 0 0 0 0 4096 0 33792 2097152 0 264 0 0 0 0 131072 0 0 0 536870912 0 0 0 0 0 32768 33554432 0 0 8 0 1536 131072 0 2147483648 0 0 0 536870912 0 0 0 0 0 32768 0 0 1073741824 0 67108864 1073758208 0 4 0 0 131072 0 0 0 0 0 0 0 4 0 0 0 32768 4 2097152 0 0 0 0 0 0 0 2147483648 0 0 0 0 0 0 0 2101248 0 0 0 0 0 0 4194304 0 0 0 268435456 0 0 0 0 0 0 2415919104 0 0 0 0 8192 0 0 0 0 0 2228224 0 0 0 8192 1073741824 262146 0 16384 8388608 0 16777216 0 0 0 0 1048576 34603008 0 128 0 64 0 0 1 0 0 0 536870912 0 0 8192 0 0 0 0 0 0 0 0 0 0 536872960 65536 0 2048 1024 2048 16384 0 1048576 33554432 131072 268435456 0 0 0 0 0 0 0 1073741828 0 0 0 0 0 0 0 0 128 0 134217728 0 131072 0 0 0 0 128 0 0 0 0 2048 0 65664 0 131072 0 0 256 0 0 0 0 0 0 0 0 0 512 0 0 0 65536 0 1 16384 4096 0 0 1 268435456 0 2048 0 0 536879104 0 0 0 0 0 0 268435456 1073741824 0 65536 8388608 0 1073741824 32 4 0 0 0 0 0 0 0 131072 0 0 0 134217728 268435456 0 0 16384 0 0 0 0 0 0 0 524288 0 0 0 0 0 0 0 0 0 2097152 0 512 32 0 0 2048 512 0 0 0 0 0 0 0 0 34816 786432 0 536870912 0 0 4096 0 0 32770 0 64 0 8 33685504 16384 0 0 0 0 64 0 256 0 1024 536870912 0 0 67108864 0 32768 0 0 0 0 16777216 0 524288 0 0 0 0 0 0 0 0 32768 1040 0 2097152 1 0 1048576 0 0 0 0 0 256 0 0 2 0 0 0 536870912 0 0 0 0 0 0 0 0 1342177280 4096 0 0 0 0 0 0 0 4194304 0 0 0 0 0 0 0 2228224 536870914
is_linear=0
shrinkage=0.05


Tree=84
num_leaves=31
num_cat=26
split_feature=16 20 3 1 0 0 9 16 0 0 0 20 0 0 0 0 0 0 0 0 0 0 0 0 0 0 5 0 0 1
split_gain=7709.4 372.583 217.981 174.413 129.904 78.1716 77.993 75.2401 56.1992 54.6242 53.3794 52.8329 49.8412 45.6779 45.2386 48.3315 44.7731 49.9323 41.8937 44.5901 46.0341 41.8382 44.6328 48.3234 44.8707 41.6155 40.7913 47.8332 39.4893 42.6539
threshold=1.0000000180025095e-35 0.30358886718750006 0 1 2 3 4 12.472656250000002 5 6 7 0.16070556640625003 8 9 10 11 12 13 14 15 16 17 18 19 20 21 22 23 24 25
decision_type=10 2 1 1 9 9 9 10 9 9 9 2 9 9 9 9 9 9 9 9 9 9 9 9 9 9 1 9 9 1
left_child=-1 2 3 -2 -4 -6 -3 11 -8 -7 -11 -5 -12 -14 -15 -16 -17 -18 -19 -20 -21 -22 -23 -24 -25 -9 27 -10 -26 -30
right_child=1 6 4 7 5 9 8 25 26 10 12 -13 13 14 15 16 17 18 19 20 21 22 23 24 28 -27 -28 -29 29 -31
leaf_value=-0.0053205324623685881 -0.0055077900176327861 -0.037604264482164168 -0.016817123812093892 -0.0051444302558096627 -0.015796422631923424 0.11652595049978504 0.048747127326861005 0.00038193583810391398 0.092077400257883441 -0.023613870805353456 -0.01981448420087234 -0.0042843128284706161 -0.020864297932210132 -0.024190501176615122 -0.021568742170857802 -0.023100994699719633 -0.018119225733122631 -0.012766886505746866 -0.016137043673344665 -0.014200098039045463 -0.022395994656910018 -0.017397857872172458 -0.0072287332878984995 -0.011927962684715632 -0.015036532591885855 -0.00020426844852395877 -0.0038560445711022687 -0.000132363151536663 0.0078036733082685441 -9.3769681725186518e-05
leaf_weight=4726430 811971 32771 112753 694117 89468 14205 170176 23433 113205 69350 67487 285802 65238 66765 72283 68268 77224 64901 69043 70941 64569 68915 74851 70160 62534 41476 4946717 6512892 1106288 1604447
leaf_count=4726430 811971 32771 112753 694117 89468 14205 170176 23433 113205 69350 67487 285802 65238 66765 72283 68268 77224 64901 69043 70941 64569 68915 74851 70160 62534 41476 4946717 6512892 1106288 1604447
internal_value=-0.000707166 -0.000225493 -0.000552898 -0.000999887 -0.00034329 -0.000294258 -6.37759e-05 -0.00142708 -5.69771e-05 -0.000259476 -0.000271223 -0.0015363 -0.000245279 -0.000220084 -0.000195929 -0.000171154 -0.000143969 -0.000118011 -8.82114e-05 -6.26369e-05 -3.48461e-05 -5.5744e-06 2.16459e-05 5.1348e-05 8.43612e-05 0.000221502 -7.02414e-05 1.08666e-05 0.000115955 0.000144614
internal_weight=2.23187e+07 1.75922e+07 5.81649e+06 1.8568e+06 3.95969e+06 3.84694e+06 1.17758e+07 1.04483e+06 1.1743e+07 3.75747e+06 3.74326e+06 979919 3.67391e+06 3.60643e+06 3.54119e+06 3.47442e+06 3.40214e+06 3.33387e+06 3.25665e+06 3.19175e+06 3.1227e+06 3.05176e+06 2.9872e+06 2.91828e+06 2.84343e+06 64909 1.15728e+07 6.6261e+06 2.77327e+06 2.71074e+06
internal_count=22318680 17592250 5816489 1856799 3959690 3846937 11775761 1044828 11742990 3757469 3743264 979919 3673914 3606427 3541189 3474424 3402141 3333873 3256649 3191748 3122705 3051764 2987195 2918280 2843429 64909 11572814 6626097 2773269 2710735
cat_boundaries=0 1 2 96 191 192 281 369 462 558 652 747 840 933 1027 1120 1215 1305 1399 1487 1581 1674 1770 1771 1858 1953 1954
cat_threshold=8 39 0 0 0 0 0 0 0 0 0 0 131072 0 0 0 0 0 0 0 0 4194304 67108864 0 0 0 32768 0 1 256 0 0 0 0 0 0 0 0 0 0 0 0 0 0 0 0 0 128 262144 0 0 0 8396800 32768 0 0 4 16 0 0 1149241344 1572866 2147485696 524352 8 0 0 0 0 0 0 0 4194304 0 0 0 32 0 0 0 256 0 0 0 0 0 0 0 33555456 0 33554432 0 0 0 0 1048576 0 536870912 0 0 0 0 0 0 0 0 0 0 524288 0 0 0 0 2097152 0 0 8388608 8 0 0 16 134217728 0 0 0 0 0 512 0 268435456 0 0 65536 0 0 262160 0 0 0 0 0 0 0 1073741824 256 67108864 128 0 0 1 0 0 0 1 131138 18432 67108896 0 64 0 0 0 0 0 0 0 81920 0 0 0 0 0 0 0 16777216 0 0 0 0 0 0 16 8388608 0 0 0 0 0 0 0 268435456 2 0 0 0 65536 8388672 0 0 0 0 134217728 0 0 0 0 8192 0 0 0 0 128 0 1073741824 268435456 0 0 8192 0 2097152 0 0 0 0 0 0 0 2048 0 0 0 4 0 0 0 0 512 268472320 1073741824 0 0 0 1024 3221225472 2048 2050 1048576 65536 32 256 0 131072 0 0 0 4 0 0 0 0 0 0 0 0 0 0 0 0 0 64 0 0 0 0 0 0 0 0 268435456 0 1024 8 0 0 0 0 1048576 524288 0 0 0 0 0 0 0 0 0 0 0 0 8192 0 1073741824 268451840 0 0 0 0 0 536870912 8192 32768 67108864 0 262144 4194304 0 131072 0 8 0 8192 1024 0 0 0 16 0 0 0 0 0 0 8192 0 0 0 8388608 0 0 256 0 0 0 16 0 1048576 0 0 16384 8388608 0 0 33816576 16 0 1024 33554432 0 32 0 0 0 0 0 0 0 0 32 0 0 262160 0 0 0 16777472 0 0 134217728 0 262144 0 2147483648 2048 0 0 256 16384 134217728 0 0 0 0 128 0 0 16 2147483648 536870912 0 0 0 0 4 3221225472 512 0 0 2048 0 0 0 0 33554440 2147483648 0 0 0 0 0 0 0 0 0 0 0 32 0 8192 0 0 0 512 0 0 0 0 2 0 0 2 16777216 0 0 0 0 0 0 0 8192 0 1024 0 0 0 0 0 0 0 0 0 8 0 0 8192 0 0 0 4194304 0 134217728 0 0 0 33554432 0 0 0 134217728 1152 0 0 0 262148 0 0 0 0 0 0 1107820544 0 0 0 0 8 524288 512 0 0 262144 0 33554432 0 134218752 0 0 0 67108864 0 0 0 0 4096 0 67108864 0 0 0 0 0 65536 0 33554688 536870912 0 0 0 0 0 0 262144 0 0 134217728 8388608 0 0 0 0 0 0 0 0 0 0 0 0 0 0 1073741824 0 131072 0 0 0 0 128 0 0 0 134742024 1073741824 0 0 1 0 0 0 0 0 16777216 4194304 0 32768 0 0 0 0 0 0 8192 512 268435456 262144 0 1024 0 8392704 0 0 0 0 0 4 0 0 2147483648 0 0 0 8388608 0 0 0 0 0 0 0 32 0 0 0 0 0 0 0 536870912 0 2 0 2097152 65536 8 536870912 256 0 0 0 268435456 131072 0 0 0 0 0 262144 0 0 0 0 0 0 0 0 0 0 0 0 0 4195328 16384 0 0 2099200 1 0 0 268435522 0 0 0 2048 0 0 0 0 32768 0 0 4096 16 0 0 2147483648 0 32 0 2147483648 0 0 1048576 0 0 0 0 0 0 0 0 0 1073741888 4 0 8388608 0 0 0 0 128 0 0 0 0 16777216 0 33554464 134217728 0 0 0 0 268435456 0 512 0 0 4194432 0 128 0 524288 0 0 0 0 0 0 0 0 0 268435456 0 0 0 0 0 64 0 0 0 0 0 0 0 0 1 269484032 1073741824 536870912 0 0 0 0 0 8388612 0 0 0 0 0 1048576 0 0 0 65536 0 8192 0 0 0 0 33 1048576 0 0 0 0 0 2147483648 0 0 16384 0 16 67108864 0 0 0 12 2147483648 2147483648 0 0 0 0 0 0 0 0 0 32768 0 0 0 1024 268435472 0 0 0 8 0 67239936 0 8 1024 32 0 0 0 0 0 0 0 0 0 0 0 0 0 0 0 0 0 0 8388608 0 0 0 262144 64 0 0 0 1024 0 0 0 0 1 0 2097152 262144 0 4096 1073741824 0 0 0 0 0 0 0 0 0 0 0 0 1 0 4 131072 0 0 0 262160 288 8388608 0 0 0 0 0 0 0 0 33554432 0 0 0 0 0 0 0 0 0 134217728 67108864 8192 134217728 0 0 0 1056 256 0 0 0 2097152 0 33554432 0 0 0 536870912 0 1073741824 1073741824 1 8192 0 0 0 0 0 0 0 0 0 0 0 8192 256 0 8388608 0 1048576 0 0 0 0 0 0 0 0 0 0 512 0 0 0 0 0 64 0 0 0 0 0 0 0 0 0 0 0 0 2147483648 256 0 134217728 0 128 16777216 0 65536 2 18432 0 0 0 4096 0 0 16777216 0 0 0 0 0 0 1073741824 33024 1024 0 4096 0 0 0 0 2097152 0 0 0 2147483712 0 16392 0 16777472 0 0 2097152 0 0 0 262144 0 4 0 0 128 0 0 0 0 0 0 1073741824 256 0 0 0 0 0 0 1073741824 0 2048 0 0 0 0 33554432 2359300 0 0 16 0 0 0 0 0 0 4194304 0 67108864 0 0 16 0 0 134217728 0 0 0 0 0 0 0 0 0 16777216 262145 0 0 0 4 0 0 0 32768 0 4194304 0 0 0 262144 0 8192 8388624 0 1048576 1048576 0 0 0 0 2147483648 0 8192 32 0 33554432 33554432 0 0 0 0 0 0 65536 0 0 131072 0 0 0 0 0 0 128 0 4096 0 64 65536 256 536870912 0 0 0 2097152 0 0 0 0 0 5 0 128 0 0 0 2 0 16777216 0 0 0 0 0 134217730 2415919104 1073741824 0 0 0 0 536870912 0 0 0 0 0 0 0 8 0 4194304 0 0 0 0 0 0 0 0 0 0 0 2097152 0 0 262144 0 0 0 2147483648 0 16 0 201326592 262144 0 0 0 0 16384 0 0 0 0 0 1073741824 0 8 0 0 0 0 0 0 128 0 0 262148 0 0 0 0 32 0 0 0 0 0 0 0 0 547 0 0 33554432 0 0 32 32768 0 0 0 0 0 8 0 4194816 0 0 65552 0 0 0 8192 0 0 0 0 0 0 0 0 1073741824 0 65536 0 0 4 256 131072 0 0 8 8 0 0 0 0 536870912 0 0 0 8 1024 0 8388608 0 0 0 0 0 0 0 16842752 4096 8192 0 0 0 0 67108864 0 16384 0 0 0 0 131072 131072 0 0 0 0 0 0 0 0 0 1073774592 4194304 8389120 0 4 16512 0 0 201326592 0 268435456 0 0 0 0 0 16809984 65536 0 134217728 0 0 0 512 0 1048576 0 0 0 0 512 0 0 0 0 0 0 0 0 0 0 0 0 0 0 0 0 0 1 0 16384 0 2048 0 16777216 8256 0 16384 0 0 512 33554432 0 2048 0 32768 0 0 0 0 0 0 0 0 0 0 65536 0 0 0 0 0 0 65536 0 0 0 0 0 134217728 0 0 0 0 0 0 0 524288 0 0 0 0 1 1048640 262144 268435456 0 35651584 0 0 0 512 0 0 0 0 512 0 0 0 262144 0 0 67108864 524288 0 18432 0 0 0 0 0 512 0 0 0 0 16 0 2 0 8388608 524288 0 0 0 4096 0 32768 0 262144 0 0 0 0 0 2147483648 0 16384 0 0 1 2097152 0 0 0 33554432 0 128 4 0 4194304 0 0 142606336 4 0 0 0 0 33554432 0 134217728 1073741824 0 0 0 0 0 8192 0 0 0 0 0 0 0 0 0 0 0 33554432 2147483648 2097152 0 0 0 4 33554432 0 536870928 0 0 0 0 0 0 0 16777216 0 16778240 0 536870912 0 0 0 0 0 8192 0 0 8 0 4194304 128 786432 0 0 0 0 0 0 0 0 0 33554432 0 134217728 0 0 0 32768 0 2097152 0 0 0 0 16 2048 0 0 0 0 4096 262144 2147483648 524288 0 0 131073 0 0 0 0 2097152 4096 0 0 0 0 0 512 0 0 0 0 128 0 0 0 0 0 262144 0 0 0 0 0 0 0 0 536870912 0 0 0 0 134221824 0 0 2097152 0 0 0 0 0 71303168 0 0 2147483648 0 1073741824 16 0 2097152 0 0 0 32 1 32 0 1 0 2416967680 0 0 0 0 0 0 0 8388608 0 0 0 0 0 0 0 2 0 0 0 0 16842752 16384 0 2097152 0 0 0 0 0 0 0 0 0 0 0 0 0 0 0 0 0 0 0 0 0 0 0 0 0 0 0 0 0 0 0 0 0 0 0 0 0 0 0 0 0 0 0 0 0 545325056 8388624 139264 536879120 524288 131072 0 4198464 64 0 536870912 805307904 16384 0 0 0 0 0 0 0 0 0 0 0 0 0 0 0 0 0 0 0 0 0 0 0 0 0 536875008 0 1114240 8 0 0 256 0 0 0 32768 0 64 15 1073741824 4096 0 0 0 0 4194304 128 0 0 0 0 0 0 0 0 0 0 0 0 0 0 131072 0 0 2214625280 0 536870913 2064 8912908 268435456 0 0 262144 32800 0 2 32768 2147483648 0 8192 4202496 0 1 268435488 2048 0 0 0 0 0 0 0 0 0 0 0 0 0 0 0 0 0 0 0 0 0 0 0 0 0 16384 0 0 0 0 0 0 0 0 0 0 0 0 0 0 4194304 134217728 32768 0 256 0 0 32776 16384 256 0 2147483648 1024 0 0 0 0 16384 0 0 0 512 0 0 4 0 0 0 0 0 2097152 2048 0 33587200 0 0 0 16777216 0 0 0 0 0 268435456 0 0 0 0 0 0 0 0 524288 0 0 0 0 0 0 0 0 0 0 0 0 134234112 0 0 65568 134217728 0 524289 0 0 0 4096 0 0 0 0 0 0 0 16384 0 0 0 0 0 0 2 2147483656 0 0 0 131072 39
is_linear=0
shrinkage=0.05


Tree=85
num_leaves=31
num_cat=23
split_feature=16 20 3 1 0 0 9 16 0 0 20 0 0 0 0 0 0 0 0 0 9 6 0 0 0 0 0 20 16 1
split_gain=7731.79 366.87 216.804 178.337 130.721 78.6353 77.4417 74.0551 55.2991 54.8587 52.8074 47.8697 47.4429 46.8573 41.0711 49.9609 48.4514 40.6779 40.0254 50.7721 39.7249 40.3296 47.8293 40.296 39.705 39.3472 46.734 38.6312 289.827 57.2941
threshold=1.0000000180025095e-35 0.30358886718750006 0 1 2 3 4 12.472656250000002 5 6 0.16070556640625003 7 8 9 10 11 12 13 14 15 16 2.5000000000000004 17 18 19 20 21 0.55346679687500011 3.5498046875000004 22
decision_type=10 2 1 1 9 9 9 10 9 9 2 9 9 9 9 9 9 9 9 9 9 2 9 9 9 9 9 2 10 1
left_child=-1 2 3 18 -4 -6 -3 10 -7 -8 24 -10 -13 -14 -15 -16 -17 -9 -2 -20 -11 23 -23 -22 -5 -18 -27 28 -24 -29
right_child=1 6 4 7 5 8 9 17 11 20 -12 12 13 14 15 16 25 -19 19 -21 21 22 27 -25 -26 26 -28 29 -30 -31
leaf_value=-0.0050545058392501589 0.10063848902555012 -0.035724051258055965 -0.015976267621489192 0.13121364815991812 -0.01456055830584424 -0.020934266652983955 0.047694161574471414 0.00036283904619872079 -0.020971419849365906 0.018301221811918799 -0.0040700971870470835 -0.022622826038643309 -0.022925303951054188 -0.021211591752873973 -0.015693681205401787 -0.013675465106087593 -0.01682584204967006 -0.00019405502609776137 0.050072182394845725 -0.0058679004456263619 0.12864642744367652 0.027454454965225323 -0.0177324219459877 0.0011617974747368809 -0.004887208743019178 -0.016829232714037901 -0.00014752851826002058 -0.0026454723971312214 0.0051217750778757235 -0.0081269700861471336
leaf_weight=4726430 2212 32771 112753 2705 89002 70988 169516 23433 64975 126319 285802 68117 69642 62489 77671 75624 61713 41476 5231 804528 43537 119237 653615 3275471 691412 73163 3133553 4369742 1042763 1942790
leaf_count=4726430 2212 32771 112753 2705 89002 70988 169516 23433 64975 126319 285802 68117 69642 62489 77671 75624 61713 41476 5231 804528 43537 119237 653615 3275471 691412 73163 3133553 4369742 1042763 1942790
internal_value=-0.000704565 -0.000222194 -0.000547078 -0.000992859 -0.000338038 -0.000288851 -6.17208e-05 -0.00142483 -0.000254059 -5.49461e-05 -0.00153319 -0.000227442 -0.000203309 -0.000178254 -0.000152583 -0.000129382 -0.000100263 0.000210717 -0.000436991 -0.000455374 -6.80255e-05 -7.77567e-05 -0.000137728 6.91104e-05 -0.00176871 -7.13106e-05 -4.72419e-05 -0.000152527 5.93052e-05 -0.000209454
internal_weight=2.23187e+07 1.75922e+07 5.81649e+06 1.8568e+06 3.95969e+06 3.84694e+06 1.17758e+07 1.04483e+06 3.75794e+06 1.1743e+07 979919 3.68695e+06 3.62197e+06 3.55386e+06 3.48421e+06 3.42172e+06 3.34405e+06 64909 811971 809759 1.15735e+07 1.14472e+07 8.12815e+06 3.31901e+06 694117 3.26843e+06 3.20672e+06 8.00891e+06 1.69638e+06 6.31253e+06
internal_count=22318680 17592250 5816489 1856799 3959690 3846937 11775761 1044828 3757935 11742990 979919 3686947 3621972 3553855 3484213 3421724 3344053 64909 811971 809759 11573474 11447155 8128147 3319008 694117 3268429 3206716 8008910 1696378 6312532
cat_boundaries=0 1 2 96 191 192 285 380 476 569 664 753 847 940 1036 1112 1188 1189 1278 1364 1453 1548 1638 1639
cat_threshold=8 39 0 0 0 0 0 0 0 0 0 0 131072 0 0 0 0 0 0 0 0 4194304 67108864 0 0 0 32768 0 1 256 0 0 0 0 0 0 0 0 0 0 0 0 0 0 0 0 0 128 262144 0 0 0 8396800 32768 0 0 4 16 0 0 1149241344 1572866 2147485696 524352 8 0 0 0 0 0 0 0 4194304 0 0 0 32 0 0 0 256 0 0 0 0 0 0 0 33555456 0 33554432 0 0 0 0 1048576 0 536870912 0 0 0 0 0 0 0 0 0 0 524288 0 0 0 0 2097152 0 0 8388608 8 0 0 16 134217728 0 0 0 0 0 512 0 268435456 0 0 65536 0 0 262160 0 0 0 0 0 0 0 1073741824 256 0 128 0 0 1 0 0 0 1 131138 18688 67108896 0 64 0 0 0 0 0 0 0 81920 0 0 0 0 0 0 0 16777216 0 0 0 0 0 0 16 8388608 0 0 0 0 0 0 0 268435456 2 0 0 262160 0 0 0 20971520 0 134217728 134217728 0 262144 0 2147483648 2048 0 0 256 16384 134217728 0 4 0 0 0 0 0 16 0 0 0 0 0 0 4 1073741824 0 0 0 2048 0 0 0 0 33554440 2147483648 67108864 0 0 0 0 0 0 0 0 0 0 32 0 8192 0 0 536870912 512 0 0 0 0 2 0 0 2 150994944 8388608 0 0 0 0 0 0 0 0 1024 0 0 0 0 0 0 0 0 0 8 0 2097152 0 2097152 0 536870912 524288 0 0 4096 0 0 0 0 0 8396800 0 0 0 0 0 1074266112 268435456 8388608 16 0 2097152 0 0 0 0 0 0 0 0 262144 0 67108864 0 0 0 16777216 0 0 768 268468224 1073741824 0 0 0 0 2147483648 0 3072 4096 2162688 8388608 0 0 0 0 0 0 0 0 1073743872 0 0 0 0 0 0 0 0 0 0 0 0 0 0 0 0 0 0 0 0 0 0 16777216 0 0 0 0 0 512 0 0 0 8 1073741824 0 256 0 0 0 0 0 33554432 16777216 0 0 134217728 1152 0 0 0 262144 0 0 640 0 0 0 1107820544 0 8388608 0 0 8 0 512 0 0 0 0 33554432 0 134218752 0 0 0 0 0 0 0 0 0 0 67108864 0 0 0 0 0 65536 0 33554688 0 2097152 65536 0 0 0 0 262144 0 268435456 0 0 0 0 0 0 0 0 0 0 0 0 0 0 0 0 1073741824 0 131072 0 0 16384 0 128 0 0 2105344 134742017 0 0 64 0 0 0 0 0 0 0 4194304 0 32768 0 0 0 0 0 2147483648 8192 0 268435456 262144 0 0 536870912 4096 0 0 0 524288 0 4 0 262144 2147483648 0 0 8388608 8388608 0 0 0 0 0 0 0 32 16777216 0 0 134217728 0 0 0 0 268435456 2 0 0 0 8 536870912 256 0 524288 0 0 0 0 0 0 0 0 262144 0 0 0 0 0 0 0 0 0 0 0 0 0 4195328 1048576 0 0 0 0 0 268435458 0 8388608 0 2048 0 0 0 1048576 0 0 0 69632 16 8192 0 0 0 32 0 0 0 2147484672 1048576 0 0 2147483648 0 0 0 0 0 0 1073741888 0 0 4 0 2147483648 0 0 0 0 0 0 0 0 0 32 0 0 0 1024 536870928 0 0 512 0 0 4194304 0 128 1024 32 0 0 131072 0 0 0 0 0 0 268435456 0 0 0 0 0 0 0 0 0 0 0 0 262144 0 1 268435520 1073741824 536870912 0 1024 0 0 0 0 0 0 0 0 0 0 1073741824 0 0 0 0 0 0 0 0 0 32 1048576 0 0 0 4 0 0 0 0 262144 512 8388624 67108864 0 4 0 8 0 0 0 0 0 0 0 0 0 0 0 32768 0 134217728 67108864 8192 402653184 0 0 0 1056 0 67239936 0 0 2097152 0 0 0 0 0 536870912 0 1073741824 1073741824 1 0 0 0 0 0 0 0 0 0 8388608 0 8388608 2048 0 0 0 0 1 4 0 0 0 262144 0 0 0 0 0 0 0 64 0 0 0 0 0 0 0 0 0 0 131072 0 0 0 2147483648 134218016 0 128 0 0 0 0 2147502080 0 0 0 0 0 0 16777216 4096 0 0 0 0 0 1073741824 0 0 0 0 0 8 256 0 0 0 0 0 2181038144 0 16392 0 16777472 0 0 2097152 0 8192 0 0 0 4 0 0 128 0 0 0 0 0 0 1073741824 0 0 0 0 0 0 0 0 0 0 0 2097152 0 0 33558528 262148 0 0 0 0 0 0 0 0 0 4194305 0 67108864 1 0 0 0 0 0 0 0 0 0 0 16777216 0 0 2 16777216 1 0 0 4096 0 0 0 0 32768 0 4194304 0 0 0 295168 1024 8192 8392720 0 0 1048576 0 2097152 0 0 2147483648 0 0 32 0 33554432 0 0 0 0 0 0 0 0 0 0 131072 0 0 0 0 0 8192 128 0 0 0 0 0 0 0 0 0 0 0 0 0 0 0 0 0 0 0 0 0 0 0 0 0 0 0 0 0 0 0 0 0 0 0 0 0 0 0 0 0 0 0 0 0 545325056 8388624 139264 536879120 524288 131072 0 4198464 64 0 536870912 805307904 16384 0 0 0 0 0 0 0 0 0 0 0 0 0 0 0 0 0 0 0 0 0 0 0 0 0 536875008 0 1114240 8 0 0 256 0 0 0 32768 0 64 0 2048 0 0 1073741824 0 0 0 0 0 0 0 2147483648 0 0 0 134217728 0 2101248 0 0 1073741840 0 32 0 16384 2 8192 0 65536 0 0 131072 128 67108864 32768 268435456 0 133120 32 1024 16384 0 32768 0 0 0 0 0 0 0 0 0 0 0 0 0 0 0 0 0 0 0 0 0 0 0 64 33554432 65600 1024 0 0 0 8392704 32 0 0 0 1073741824 16777216 536870912 0 0 0 134217760 0 0 0 0 32768 131072 0 20480 67125248 8 0 65568 0 0 33554432 0 0 2097152 1024 0 0 536875008 0 0 0 16908288 4194432 128 16777472 0 0 0 0 0 0 0 0 0 0 0 0 0 0 0 0 0 0 0 0 0 0 0 4194304 0 6144 128 32768 0 0 0 0 0 0 0 0 1 4219904 2097184 131072 2129920 0 4096 64 0 262144 0 8192 8192 2 524288 0 0 0 0 0 0 0 67108864 0 0 32768 268437504 0 0 0 2113536 0 0 0 268435456 0 0 0 0 0 0 32768 0 0 0 0 524288 0 0 256 1073741824 2048 0 0 2 0 2097152 0 64 2097408 0 0 0 262144 0 16384 0 0 0 0 0 0 0 0 0 0 0 0 0 0 0 0 0 0 0 0 0 0 0 0 268435456 1082130432 0 65536 4096 0 0 4194304 0 0 0 0 0 0 524288 0 0 0 0 0 0 0 8192 16384 8 0 0 0 1073741825 16 12 268451840 0 0 262144 0 8 2 0 2147484672 0 16785408 4194304 0 0 268435456 2048 0 0 0 0 0 0 256 0 0 1073741824 0 0 0 0 0 0 0 0 512 0 0 0 0 0 0 0 0 0 0 0 0 33554432 0 0 0 0 1024 0 0 1 0 0 0 0 0 0 0 0 0 0 0 0 0 0 0 0 0 0 0 0 0 0 0 0 0 0 0 0 0 0 0 0 0 0 0 0 0 0 0 0 0 0 0 0 0 32 2048 2097160 103284736 2147500032 0 2147483668 512 268441602 1073745920 649 1073741888 136315136 0 0 0 0 0 0 0 0 0 0 0 0 0 0 0 0 0 0 0 0 0 0 0 0 524288 0 0 0 0 0 4 0 4096 0 1048640 0 256 0 0 0 2049 0 0 0 0 0 32768 0 0 16 0 0 0 2 0 16777216 0 0 0 0 0 18 2415919104 1073741824 0 0 0 0 0 0 0 0 65536 0 0 262144 8 0 4194304 4 0 0 0 0 0 0 0 0 0 0 2097152 0 0 262144 0 0 0 2147483648 0 0 0 201326592 270336 0 0 0 0 16384 0 0 0 0 262144 0 0 8 0 0 0 0 0 0 128 0 0 4 0 0 0 0 0 0 536870912 0 0 0 2097152 0 0 67109379 0 0 1 0 0 32 32768 0 0 0 0 0 0 0 512 0 134217728 16 0 134217728 256 24592 0 0 0 0 0 0 0 0 1073741824 0 65536 0 0 0 256 131072 0 0 8 8 0 0 0 0 536870912 0 0 0 0 1152 0 0 0 0 0 0 0 0 0 16842752 4096 8192 0 0 0 0 0 0 16384 0 0 0 0 131072 15
is_linear=0
shrinkage=0.05


Tree=86
num_leaves=31
num_cat=23
split_feature=16 20 3 1 0 0 9 16 0 0 0 0 20 0 0 13 0 16 0 0 7 0 0 0 0 0 0 0 0 0
split_gain=7763.35 351.565 212.473 162.568 130.32 80.8427 77.3276 70.8745 55.9306 48.2983 49.3734 48.7615 46.4413 45.3446 40.6779 39.34 50.913 37.5584 43.4875 40.122 39.3494 104.178 82.8828 65.8346 78.6608 63.673 53.6877 53.2425 52.976 35.9107
threshold=1.0000000180025095e-35 0.30358886718750006 0 1 2 3 4 12.472656250000002 5 6 7 8 0.16070556640625003 9 10 1.0000000180025095e-35 11 12.472656250000002 12 13 10.500000000000002 14 15 16 17 18 19 20 21 22
decision_type=10 2 1 1 9 9 9 10 9 9 9 9 2 9 9 2 9 10 9 9 2 9 9 9 9 9 9 9 9 9
left_child=-1 2 3 -2 -4 -6 -3 12 -8 -7 -11 -12 29 -13 -9 -10 -17 18 -15 -19 22 -22 -20 -24 -25 -23 -27 -26 -29 -5
right_child=1 6 4 7 5 9 8 14 15 10 11 13 -14 17 -16 16 -18 19 20 -21 21 25 23 24 27 26 -28 28 -30 -31
leaf_value=-0.0048017805472876512 -0.0049390054944698286 -0.033937848695153164 -0.015177454240414735 0.10753939022631682 -0.015085250979218069 -0.021154571336018248 0.062173840078672452 0.00034469709388878502 -0.0029481987853745562 -0.018066226845059385 -0.025335576886946373 -0.020165127608867274 -0.0038665923276947293 0.35366535444575287 -0.0001843522747928761 0.11761105920780973 0.0009030208661560124 -0.0023094529914933258 0.15972668178821081 0.0017365449461478055 0.32682225195938819 0.11899248730075834 0.094956515129113225 0.066022367956379155 0.087863718198212551 0.092148052676349276 -0.0084553071148558926 0.077816323114821034 -0.002925918216893364 -0.0046428483058682194
leaf_weight=4726430 811971 32771 112753 3249 90867 62118 180516 23433 7771159 68480 71004 68026 285802 10154 41476 57522 3733793 45442 14966 149101 2938 4354 17246 24570 18359 5239 524012 19765 2650296 690868
leaf_count=4726430 811971 32771 112753 3249 90867 62118 180516 23433 7771159 68480 71004 68026 285802 10154 41476 57522 3733793 45442 14966 149101 2938 4354 17246 24570 18359 5239 524012 19765 2650296 690868
internal_value=-0.000700905 -0.00021755 -0.000535585 -0.00097689 -0.000328643 -0.000279532 -6.04597e-05 -0.00138933 -5.369e-05 -0.000243879 -0.000220625 -0.0001955 -0.00149533 -0.000169581 0.000210717 -6.73248e-05 6.47164e-05 -0.000144633 -0.000184529 0.000530435 -0.000194641 -0.000586268 -0.000118099 -0.000138446 -0.000158027 -0.000638031 -0.000687615 -0.00018377 -0.000202225 -0.0017162
internal_weight=2.23187e+07 1.75922e+07 5.81649e+06 1.8568e+06 3.95969e+06 3.84694e+06 1.17758e+07 1.04483e+06 1.1743e+07 3.75607e+06 3.69395e+06 3.62547e+06 979919 3.55447e+06 64909 1.15625e+07 3.79132e+06 3.48644e+06 3.2919e+06 194543 3.28174e+06 536543 2.7452e+06 2.73024e+06 2.71299e+06 533605 529251 2.68842e+06 2.67006e+06 694117
internal_count=22318680 17592250 5816489 1856799 3959690 3846937 11775761 1044828 11742990 3756070 3693952 3625472 979919 3554468 64909 11562474 3791315 3486442 3291899 194543 3281745 536543 2745202 2730236 2712990 533605 529251 2688420 2670061 694117
cat_boundaries=0 1 2 96 191 192 262 355 451 544 639 735 780 860 944 1038 1133 1219 1314 1403 1498 1593 1689 1780
cat_threshold=8 39 0 0 0 0 0 0 0 0 0 0 131072 0 0 0 0 0 0 0 0 4194304 67108864 0 0 0 32768 0 1 256 0 0 0 0 0 0 0 0 0 0 0 0 0 0 0 0 0 128 262144 0 0 0 8396800 32768 0 0 4 16 0 0 1149241344 1572866 2147485696 524352 8 0 0 0 0 0 0 0 4194304 0 0 0 32 0 0 0 256 0 0 0 0 0 0 0 33555456 0 33554432 0 0 0 0 1048576 0 536870912 0 0 0 0 0 0 0 0 0 262144 0 0 2048 0 0 2097152 0 0 0 8 0 0 16 134217728 0 0 0 0 0 512 0 268435456 0 0 0 0 0 262160 0 0 0 0 0 0 0 0 256 0 128 0 0 1 0 0 0 1 131138 26880 67108896 0 64 0 0 0 0 0 0 0 81920 0 16777216 0 0 0 0 0 16777216 0 0 0 0 0 0 16 8388608 0 0 0 0 0 0 0 268435456 2 0 0 0 0 0 512 8388609 0 0 0 0 0 0 0 0 0 0 0 0 0 8 1073742336 268435456 0 1048576 0 0 0 0 262144 0 0 0 0 33554432 0 0 32 0 0 0 2 1 0 512 268468224 1073746048 1048576 0 0 0 2147483648 0 134219776 0 66048 8388640 0 0 8388608 0 0 0 2 0 0 0 1024 0 260 0 0 262160 0 0 0 4194304 0 134217728 134217728 0 0 524288 2147483648 0 0 134217728 256 16384 134217728 8388608 262144 0 0 128 0 0 16 34078720 0 0 0 0 8 4 1073741824 0 0 0 2048 33554432 0 0 0 33554440 2147483648 0 0 0 0 0 0 0 67108864 0 0 0 32 0 0 0 0 0 512 0 0 0 0 2 0 0 2 0 8388608 0 0 0 0 0 0 0 0 0 0 0 0 0 0 0 0 0 0 8 0 0 0 524296 1073741824 0 16777472 0 0 0 0 0 0 16777216 0 0 32768 1024 0 0 0 4 0 0 512 0 0 0 1073741824 0 8392704 0 0 0 0 512 0 0 0 0 0 0 1024 0 0 0 67108864 0 0 0 0 0 0 0 0 0 0 0 0 65536 0 33554688 536870912 2097152 65536 8 0 0 0 262144 0 268435456 134217728 0 0 0 0 0 262144 0 0 0 1024 0 0 0 0 0 1073741824 0 0 0 4194304 16384 0 128 0 0 2105344 134217729 0 0 64 0 0 0 2048 0 33554432 0 4194304 0 0 0 4096 0 0 0 2147483648 8192 0 268435456 262144 0 2147484672 537919488 0 0 0 0 0 0 65540 0 262144 3221225472 0 0 142606336 0 0 0 0 0 0 0 0 32 0 0 32 134217728 0 0 0 536870912 0 2 0 0 0 0 536870912 0 0 0 0 0 131072 0 0 0 0 0 0 0 0 0 0 0 0 0 0 0 0 0 0 0 1024 0 1073741824 0 0 0 0 268435456 0 8388608 0 0 0 0 0 1048576 0 0 0 65536 0 8192 0 0 0 32 32 1048576 0 0 0 0 0 2147483648 0 0 0 0 16 67108864 64 0 0 12 8388608 2147483648 0 0 0 0 0 0 0 16777216 0 32768 0 0 0 1024 268435456 268435456 0 512 1024 0 71434240 0 128 0 32 0 0 0 0 0 0 0 0 0 268435456 0 0 0 0 0 0 0 0 0 0 0 0 262144 0 1 0 0 0 0 0 0 0 0 0 0 0 0 0 0 0 0 0 0 0 0 0 0 0 0 0 0 0 0 0 0 0 0 0 0 0 0 0 0 0 0 0 0 0 0 0 545325056 8388624 139264 536879120 524288 131072 0 4198464 64 0 536870912 805307904 16384 0 0 0 0 0 0 0 0 0 0 0 0 0 0 0 0 0 0 0 0 0 0 0 0 0 536875008 0 1114240 8 0 0 256 0 0 0 32768 0 64 8 0 0 0 0 0 0 135271424 1048576 0 4227136 0 134234112 2147483648 0 0 0 1073774592 524320 4096 0 1024 0 0 0 0 16384 1073741824 0 0 0 0 65537 1024 4194304 0 130 256 8 0 0 1024 131584 0 131072 8 0 0 2048 0 1048576 524288 0 0 0 0 0 0 0 0 0 0 0 0 8192 0 1073741824 268451840 0 0 0 0 0 536870912 8192 0 67108864 0 262144 4194304 0 131072 0 8 0 8192 1024 1048576 0 0 0 1048576 131072 0 0 0 0 33562624 256 0 8 8388608 0 0 0 0 0 0 16 0 0 0 0 20480 0 128 0 33554432 0 0 0 33554432 0 0 1 0 0 0 0 0 0 0 0 0 0 0 65536 0 0 0 0 524289 0 134217728 0 0 8388608 0 0 131072 0 0 0 16384 0 0 0 0 0 0 0 0 0 0 0 0 0 0 0 0 4259840 1040 134349057 1 0 0 8388608 33620224 256 2048 536870920 0 0 0 0 0 0 0 0 0 0 4194304 16392 0 0 2147483648 0 0 0 16 128 0 16384 0 0 0 0 0 4096 1073741824 0 0 0 0 0 0 1048576 0 0 0 0 0 0 0 0 0 0 0 33554432 0 66048 0 512 0 0 16384 0 0 0 136 524288 0 0 0 8 0 0 1108344832 0 16777216 0 536870912 0 0 0 0 0 0 0 0 0 8388608 0 0 0 0 0 0 8388608 0 0 8389632 2147483648 131072 2147487760 0 0 0 0 268435456 0 0 0 0 4 256 32768 0 0 0 0 0 0 0 0 0 0 0 524288 0 0 0 8192 67108864 0 131082 0 0 0 1 4096 0 0 4194304 0 0 0 0 0 0 1073741824 0 0 0 1024 0 268435456 0 0 0 0 0 8 0 16777216 0 0 0 65536 2 0 2147484672 1 0 0 0 2097157 512 268468224 0 0 0 1073741824 0 0 0 2 0 65536 128 0 0 0 128 0 0 0 0 0 0 0 0 0 0 0 0 1024 0 0 0 0 2 0 0 0 0 0 0 0 0 0 32 0 0 0 0 0 2147483648 512 0 0 0 128 516 8388608 0 0 64 512 67108864 16 0 0 0 0 0 0 0 0 0 131072 32768 0 2 0 2684354560 8388672 67108864 0 32 1 0 0 33554432 65 4196352 0 0 0 0 0 8 0 0 0 0 0 0 0 0 0 2099200 1 0 0 0 0 0 0 0 0 0 0 0 0 0 0 33554432 0 0 0 0 0 536870913 0 0 0 0 0 0 0 0 0 2147483648 0 0 67108864 131072 8210 0 0 0 2048 0 0 0 1 0 0 0 0 0 0 0 0 64 4 8388608 0 0 0 134217728 134217728 0 0 0 128 0 0 0 0 0 0 0 0 0 0 0 0 0 1073741824 67125248 0 0 1026 0 0 134217728 0 67108864 0 0 0 0 0 0 134217728 0 1028 0 0 0 0 10240 0 0 0 0 0 8388608 32 0 65536 0 0 0 0 0 0 0 0 1073741824 1024 0 0 0 16 0 524288 1 8 0 0 0 0 0 0 524288 128 0 256 0 0 2097160 0 0 4194304 0 0 0 139264 8 0 65536 67108864 0 8388640 0 0 1 0 0 0 8192 0 0 67108864 16777216 0 0 16 0 1073741824 16777216 0 0 0 0 0 0 1073741824 4 0 1073741824 0 0 0 0 0 0 0 268435456 67108864 524288 0 0 0 0 4096 0 0 0 65536 0 0 0 0 0 0 0 0 16777216 0 0 0 0 0 524288 8192 0 0 0 0 0 0 0 67108928 0 0 4096 0 0 0 1 0 0 536870912 0 524288 0 1 16777218 16384 512 0 0 0 66 16384 0 0 0 0 0 0 0 0 0 0 0 32768 0 0 0 0 0 1342177280 64 0 0 0 0 0 0 0 0 0 0 65536 0 0 0 0 0 1073741824 2 131072 4194304 8388608 1024 0 0 0 0 0 0 0 0 0 0 0 0 0 0 0 0 0 0 2097152 0 34816 0 1024 0 134217732 0 0 64 32776 36 0 0 0 0 0 64 0 0 0 0 0 0 536870912 0 0 262144 0 0 262144 0 0 0 0 256 8388612 536870912 1 0 32768 0 0 0 0 2097152 0 67108864 0 268435456 0 0 0 0 0 0 0 2097154 0 0 0 0 0 0 0 0 0 0 0 67108864 0 268435456 0 0 0 0 0 1048576 0 268435456 8 131072 0 0 0 0 0 0 65536 0 0 4096 0 0 0 0 2097152 0 0 2 0 0 256 0 0 8388608 0 0 536870912 0 0 0 0 0 0 0 0 0 262208 0 4096 1 0 0 2097152 0 0 32768 0 0 0 0 4 4 0 0 0 0 0 0 64 0 33554944 2 256 16 0 0 0 2 0 0 513 0 0 2228224 0 131076 0 0 0 0 0 268435456 0 0 0 0 0 0 4 0 0 0 0 524352 0 0 0 0 0 0 0 1073741824 0 0 0 0 8192 64 0 0 0 0 0 16 0 0 0 0 0 0 0 0 0 0 0 0 0 0 0 0 0 0 0 0 0 0 0 0 0 0 0 0 0 0 0 0 0 0 0 0 0 0 0 0 0 0 0 0 0 32 2048 2098432 102891520 86016 2 2148532240 512 268437504 1073745920 585 64 2097408 0 0 0 0 0 0 0 0 0 0 0 0 0 0 0 0 0 0 0 0 0 0 0 65536 0 0 0 0 0 0 4 0 2097152
is_linear=0
shrinkage=0.05


Tree=87
num_leaves=31
num_cat=20
split_feature=16 20 3 1 0 0 9 16 0 20 0 0 0 0 0 16 3 0 0 16 20 20 0 0 19 0 0 7 0 0
split_gain=7785.73 349.052 214.12 165.366 131.887 79.7927 76.8213 70.1297 54.3168 47.2768 46.5198 46.7681 48.9629 42.2082 39.8827 39.1451 38.7845 92.478 53.4901 48.7324 223.184 97.9006 55.8482 44.9723 44.1811 43.6846 37.7992 37.5905 104.403 73.5119
threshold=1.0000000180025095e-35 0.30358886718750006 0 1 2 3 4 12.472656250000002 5 0.16070556640625003 6 7 8 9 10 12.472656250000002 11 12 13 3.4902343750000004 0.55346679687500011 0.55346679687500011 14 15 1.2143554687500002 16 17 10.500000000000002 18 19
decision_type=10 2 1 1 9 9 9 10 9 2 9 9 9 9 9 10 1 9 9 10 2 2 9 9 2 9 9 2 9 9
left_child=-1 2 3 -2 -4 -6 -3 9 -8 -5 -7 -12 -13 -14 -9 27 17 -10 -19 21 22 24 -21 -20 -18 -24 -25 29 -29 -15
right_child=1 6 4 7 5 10 8 14 16 -11 11 12 13 15 -16 -17 19 18 23 20 -22 -23 25 26 -26 -27 -28 28 -30 -31
leaf_value=-0.0045616915199232682 -0.0046920552197463388 -0.032240956260395505 -0.013710595263966376 -0.0044107058905748066 -0.014935098895804811 -0.023021389637695566 0.050972372701380414 0.00032746223919434829 0.47318427987322531 -0.0036732627113099884 -0.021771404164092834 -0.02301229532312923 -0.020381480221381112 0.35085240571424792 -0.00017513466105323339 0.0013208988821180444 -0.017427183664249238 0.22242406544189863 0.15112514831164092 0.049304455326074074 -0.0043245499444266762 -0.0039167923891628934 0.032710232623030071 0.071615155041945655 0.038070965690925128 0.0046927793706122659 -0.00041719759416336435 0.44183400795332467 -0.0071415687747894314 -0.001297118122830443
leaf_weight=4726430 811971 32771 114217 694117 89804 60083 177108 23433 48504 285802 66350 73146 64639 11579 41476 191533 703331 45354 44684 4757 2425374 3970038 9989 41083 25010 1169963 3077795 2490 537037 2748812
leaf_count=4726430 811971 32771 114217 694117 89804 60083 177108 23433 48504 285802 66350 73146 64639 11579 41476 191533 703331 45354 44684 4757 2425374 3970038 9989 41083 25010 1169963 3077795 2490 537037 2748812
internal_value=-0.000698313 -0.000214261 -0.000531158 -0.000974171 -0.000323415 -0.000273681 -5.77338e-05 -0.00139014 -5.09863e-05 -0.00149558 -0.000238459 -0.000216019 -0.000191966 -0.000165624 0.000201474 -0.000142184 -6.42935e-05 8.19352e-05 4.91779e-05 -0.000121624 1.65205e-05 -0.00022777 0.000579026 2.47325e-05 -0.000760637 0.000557195 2.16524e-06 -0.000182519 -0.000564231 -0.000107912
internal_weight=2.23187e+07 1.75922e+07 5.81649e+06 1.8568e+06 3.95969e+06 3.84547e+06 1.17758e+07 1.04483e+06 1.1743e+07 979919 3.75567e+06 3.69559e+06 3.62924e+06 3.55609e+06 64909 3.49145e+06 1.15659e+07 3.25742e+06 3.20892e+06 8.30846e+06 3.61008e+06 4.69838e+06 1.18471e+06 3.16356e+06 728341 1.17995e+06 3.11888e+06 3.29992e+06 539527 2.76039e+06
internal_count=22318680 17592250 5816489 1856799 3959690 3845473 11775761 1044828 11742990 979919 3755669 3695586 3629236 3556090 64909 3491451 11565882 3257420 3208916 8308462 3610083 4698379 1184709 3163562 728341 1179952 3118878 3299918 539527 2760391
cat_boundaries=0 1 2 96 191 192 278 371 467 562 641 737 738 811 890 970 1057 1147 1243 1321 1410
cat_threshold=8 39 0 0 0 0 0 0 0 0 0 0 131072 0 0 0 0 0 0 0 0 4194304 67108864 0 0 0 32768 0 0 256 0 0 0 0 0 0 0 0 0 0 0 0 0 0 0 0 0 128 262144 0 0 0 8396800 32768 0 0 4 16 0 0 1149241346 1572866 2147485696 524352 8 0 0 0 0 0 0 0 4194304 0 0 0 32 0 0 0 256 0 0 0 0 0 0 0 33555456 0 33554432 0 0 0 0 1048576 0 536870912 16 0 0 0 0 0 0 0 0 262144 0 0 2048 0 0 2097152 0 0 0 8 0 0 16 134217728 0 0 0 0 0 512 0 268435456 4 0 0 0 0 262144 0 0 0 0 0 0 0 0 256 0 128 0 0 1 0 0 0 1 131136 26880 67108896 0 64 0 0 0 0 0 0 0 81920 0 16777216 0 0 0 0 0 16777216 0 0 0 0 0 0 16 8388608 0 0 0 0 0 0 0 268435456 2 2048 0 0 2048 0 0 0 0 0 0 0 0 0 0 0 0 0 0 0 0 0 1073741824 268435456 0 0 0 0 0 537133056 0 4718592 0 0 16777216 0 0 67108864 2 8192 1073741824 0 0 4194320 0 8389120 268435472 0 0 0 0 1049602 2147483648 67108864 2048 0 0 0 4096 0 0 0 0 0 0 0 0 32768 4 0 65536 0 0 4096 0 0 0 0 0 4 0 0 0 0 0 0 536870912 0 0 262144 0 0 0 4194560 0 0 134217728 0 0 524288 2147483648 0 0 134217728 1280 16384 134217728 8388608 262144 0 0 128 0 0 16 1107820544 0 0 0 0 8 0 1073741824 0 0 0 2064 0 0 0 0 33554440 2147483648 0 0 0 0 0 0 0 0 0 0 0 32 0 0 0 33554432 0 0 0 0 0 0 2 0 0 2 134217728 8388608 0 0 0 0 0 0 0 0 0 0 0 0 0 0 0 0 0 0 8 0 0 0 134742025 1073741824 0 16777216 0 0 0 0 0 0 16777216 4194304 0 32768 0 0 0 0 4 0 8192 512 0 1 0 0 536870912 8392704 0 0 0 0 512 4 0 0 0 0 0 1024 0 0 0 0 0 0 0 0 0 0 0 0 0 0 0 0 65536 0 258 536870912 2097152 65536 8 0 0 0 262144 0 268435456 0 0 0 0 0 0 262144 0 0 0 0 0 0 0 0 0 1073741824 0 0 0 4194304 0 0 128 0 0 2105344 0 0 0 0 0 0 0 2048 0 33554432 0 0 0 0 0 4096 0 8192 0 0 0 32 268435456 262144 0 2147484672 1048576 0 0 0 0 0 0 0 0 262144 3221225472 0 0 142606340 8388608 0 0 0 0 0 0 0 32 0 0 32 8 0 0 0 536870912 268435456 0 512 0 0 4194304 536870912 128 0 0 0 0 131072 0 0 0 0 0 0 268435456 0 0 0 0 0 0 0 0 0 0 0 0 262144 0 1 1048576 1073741824 536870912 0 1024 0 2 0 142606336 0 0 0 0 0 1048576 0 0 0 65536 16 0 0 2147483648 0 0 32 1048576 0 0 0 0 0 2147483648 0 0 262144 65536 16 67108864 64 0 0 8 0 2147483648 0 0 0 0 0 0 0 16777216 0 32768 134217728 0 0 1024 268435472 0 0 0 1024 0 67239936 0 0 0 32 0 0 0 0 0 0 0 0 1 0 0 0 0 0 0 0 0 0 0 0 0 0 0 0 0 0 0 0 0 0 0 0 0 0 0 0 0 0 0 0 0 0 0 0 0 0 0 0 0 0 0 0 0 0 545325056 8388624 139264 536879120 524288 131072 0 4198464 64 0 536870912 805307904 16384 0 0 0 0 0 0 0 0 0 0 0 0 0 0 0 0 0 0 0 0 0 0 0 0 0 536875008 0 1114240 8 0 0 256 0 0 0 32768 0 64 4 0 512 0 0 0 0 0 0 0 0 0 0 0 0 0 0 0 0 0 0 0 0 131072 0 0 16384 16384 1610612736 16 12 268451840 0 0 2049 12582912 0 2 2147516672 2147483656 0 8192 4195328 131072 4194308 32 0 0 2147483648 0 0 0 0 0 0 0 0 0 0 0 0 0 0 0 0 0 0 0 0 0 0 0 1 1074003968 8 0 0 0 64 1048576 0 0 0 0 0 0 0 0 0 0 0 1073741824 0 0 0 67109888 0 0 0 0 33554432 0 0 0 0 8388608 1 263168 134217728 65536 0 0 0 0 0 0 536936448 1048576 4096 0 0 0 0 0 0 0 524288 0 0 0 0 0 0 0 0 0 0 16 0 285212672 0 0 1 0 0 67108864 33554432 1024 0 2155873344 34078720 0 131072 0 0 0 0 0 0 0 0 0 0 0 8 0 0 0 0 0 0 0 268435456 0 128 0 8421376 0 32768 0 0 65536 0 0 266240 64 33554432 16384 64 0 0 268435456 8388608 0 0 0 0 0 0 0 0 0 4194304 0 0 0 0 0 8 0 0 0 0 0 0 1048576 98304 524288 1048576 0 1090519040 262144 0 0 0 0 402653186 128 32 0 0 0 32 0 16777216 2 32 0 0 0 0 0 0 0 0 0 0 0 0 0 0 0 67112960 0 0 0 67108864 0 2147483648 0 0 256 67117056 0 17301504 537001984 4 0 0 128 0 0 0 0 0 0 1 131072 0 1073741824 0 0 0 0 1073741824 0 0 0 0 0 0 0 0 0 0 2097152 16777216 0 0 8 16 0 0 262144 0 524288 0 32768 256 4202498 0 0 0 0 0 0 0 0 0 2147483648 0 0 0 0 0 0 0 0 0 32 0 0 16777216 0 524288 33554688 0 0 0 0 2 0 0 0 0 0 512 0 0 0 0 0 0 0 1048576 33554432 0 0 0 0 0 0 0 0 67108864 0 0 0 0 528416 0 2048 0 0 0 0 0 33554432 0 0 0 0 0 16781312 144 6144 8389120 0 512 0 32768 32 0 131072 0 4 536870912 65536 64 0 0 0 0 0 0 0 0 0 0 524288 0 0 67108864 0 2048 512 2113536 0 0 0 0 128 0 0 0 1024 131072 0 0 0 0 0 0 0 0 0 8192 0 32768 0 0 270340 0 0 0 67108864 0 67108928 0 0 16384 0 0 65536 0 0 0 0 0 0 0 0 0 0 0 512 0 0 0 0 0 0 0 8192 8198 0 0 0 0 8 0 0 536870912 0 0 0 0 0 2147483656 0 0 0 0 0 0 0 0 0 32 1207959552 2 0 0 0 0 32 0 0 0 0 0 0 0 1048576 0 0 0 0 0 0 0 0 0 0 0 33554432 0 74240 0 512 65536 0 16384 32 0 8192 137 0 0 0 0 8 0 0 1090519040 0 0 16 537919488 0 0 0 0 0 0 0 0 1073741824 8396800 0 1073741824 0 0 0 0 8388608 0 0 1024 2147483648 0 2147487760 0 0 0 0 268435456 0 0 0 0 0 256 32768 0 0 131082 0 0 0 1 4096 0 0 4194304 0 0 0 0 0 0 1073741824 0 0 0 1073742848 268435456 0 0 0 0 0 536870912 8 0 16777216 0 262144 0 65536 2 0 2147484672 0 8192 0 0 1 512 268468224 0 131072 0 0 0 0 0 2 0 0 8388736 0 0 0 128 0 0 16 0 0 0 0 4096 0 0 0 0 1024 0 0 0 0 0 0 0 0 0 0 0 0 0 0 32
is_linear=0
shrinkage=0.05


Tree=88
num_leaves=31
num_cat=24
split_feature=16 20 3 1 0 0 9 16 0 0 20 0 0 0 0 0 0 0 0 0 8 0 0 16 3 0 0 0 0 0
split_gain=7810.63 336.756 210.718 163.577 131.159 81.9363 76.586 67.0705 54.2796 47.1298 44.5822 44.5338 43.7953 42.8166 49.0744 43.2465 38.9877 38.2015 41.5931 38.1868 38.1275 54.7686 46.9753 37.5756 39.4979 54.8828 39.4638 36.6137 50.9407 36.4253
threshold=1.0000000180025095e-35 0.30358886718750006 0 1 2 3 4 12.472656250000002 5 6 0.16070556640625003 7 8 9 10 11 12 13 14 15 2013.5000000000002 16 17 1.0297851562500002 18 19 20 21 22 23
decision_type=10 2 1 1 9 9 9 10 9 9 2 9 9 9 9 9 9 9 9 9 2 9 9 10 1 9 9 9 9 9
left_child=-1 2 3 27 -4 -6 -3 10 -8 -7 -5 -11 -13 -14 -15 -16 -17 -18 -19 -9 22 -22 -10 24 25 -24 -25 -2 -29 -20
right_child=1 6 4 7 5 9 8 19 20 11 -12 12 13 14 15 16 17 18 29 -21 21 -23 23 26 -26 -27 -28 28 -30 -31
leaf_value=-0.0043336069439271051 0.10027020170231989 -0.03062890844737573 -0.013025065500768053 -0.0041901705960460615 -0.014514151643720065 -0.020442895191905702 0.045586969239042457 0.0003110891272346317 0.14412347074376586 -0.021489511350071225 -0.0034895995757444846 -0.022761100450466157 -0.020053279636020008 -0.020797459781787722 -0.015823413947480547 0.050004154909203319 -0.01411156468255005 -0.019499293050307911 -0.028082841999664234 -0.00016637792800057173 0.052167625459271331 -0.0035709538877274579 0.68529226038679125 0.063185633339087999 0.010042901573900457 0.062433187201820443 -0.00073097349304409589 0.049535296763140724 -0.005092952387634242 -0.00016006323860929817
leaf_weight=4726430 2469 32771 114217 694117 91654 61272 181108 23433 36509 63517 285802 66121 66541 78114 68907 13822 62255 68636 60187 41476 85391 6060450 17347 43189 400629 129510 4788857 5742 803760 3144447
leaf_count=4726430 2469 32771 114217 694117 91654 61272 181108 23433 36509 63517 285802 66121 66541 78114 68907 13822 62255 68636 60187 41476 85391 6060450 17347 43189 400629 129510 4788857 5742 803760 3144447
internal_value=-0.000695434 -0.000210609 -0.000521874 -0.000961353 -0.000315788 -0.000266191 -5.68634e-05 -0.00137507 -5.01262e-05 -0.000230125 -0.00147818 -0.000207301 -0.000184326 -0.000160662 -0.000136748 -0.000108428 -8.29173e-05 -9.39023e-05 -7.05644e-05 0.000181446 -6.35806e-05 -0.000148817 3.31412e-05 2.10086e-05 0.00041359 0.001115 -2.3472e-05 -0.000428985 -0.00044756 -4.44782e-05
internal_weight=2.23187e+07 1.75922e+07 5.81649e+06 1.8568e+06 3.95969e+06 3.84547e+06 1.17758e+07 1.04483e+06 1.1743e+07 3.75382e+06 979919 3.69255e+06 3.62903e+06 3.56291e+06 3.49637e+06 3.41825e+06 3.34935e+06 3.33552e+06 3.27327e+06 64909 1.15619e+07 6.14584e+06 5.41604e+06 5.37953e+06 547486 146857 4.83205e+06 811971 809502 3.20463e+06
internal_count=22318680 17592250 5816489 1856799 3959690 3845473 11775761 1044828 11742990 3753819 979919 3692547 3629030 3562909 3496368 3418254 3349347 3335525 3273270 64909 11561882 6145841 5416041 5379532 547486 146857 4832046 811971 809502 3204634
cat_boundaries=0 1 2 96 191 192 275 371 464 538 616 710 803 898 993 1083 1179 1265 1355 1356 1433 1528 1605 1681 1775
cat_threshold=8 39 0 0 0 0 0 0 0 0 0 0 131072 0 0 0 0 0 0 0 0 4194304 67108864 0 0 0 32768 0 0 256 0 0 0 0 0 0 0 0 0 0 0 0 0 0 0 0 0 128 262144 0 0 0 8396800 32768 0 0 4 16 0 0 1149241346 1572866 2147485696 524352 8 0 0 0 0 0 0 0 4194304 0 0 0 32 0 0 0 256 0 0 0 0 0 0 0 33555456 0 33554432 0 0 0 0 1048576 0 536870912 16 0 0 0 0 0 0 0 0 262144 0 0 2048 0 0 2097408 0 0 0 0 0 0 16 134217728 0 0 0 0 0 512 0 268435456 4 0 0 0 0 262144 0 0 0 0 0 0 0 0 256 0 128 0 0 1 0 0 0 1 131136 26880 67108896 0 64 0 0 0 0 0 0 0 81920 0 16777216 0 0 0 0 0 16777216 0 0 0 0 0 0 16 8388608 0 0 0 0 0 0 0 268435456 2 0 0 131072 0 8388608 0 0 0 0 0 0 0 0 0 0 0 0 0 0 524288 0 1073741824 268435456 0 0 0 0 4194304 0 132112 4194304 0 0 0 0 0 1073741888 0 0 524288 0 0 0 0 512 67108864 0 16 0 16384 1048578 2147483648 0 2050 524288 0 8519936 20 0 0 0 0 0 0 0 16 0 0 0 0 0 0 0 524288 0 32 0 0 0 0 0 0 524288 0 0 262144 0 0 0 4194560 0 0 134217728 0 0 524288 2147483648 0 0 0 1024 16384 134217728 0 12 0 0 128 0 0 16 1107820544 0 0 0 0 0 0 1073742336 0 0 0 2064 0 0 0 0 33554432 2147483648 0 131072 0 0 0 0 0 0 0 0 0 32 0 0 0 33554688 0 0 0 0 0 0 2 0 0 2 134217728 0 0 0 0 0 0 0 0 0 0 0 0 0 0 0 1073741824 0 0 0 8 0 0 128 0 0 0 134742025 1073741824 0 16777216 0 0 0 0 0 0 16777216 0 0 134250496 0 0 0 0 262144 0 0 512 0 1 0 0 537919488 8392704 0 0 8 0 0 4 0 262144 0 0 0 1024 0 8 0 0 0 0 0 0 0 0 0 0 8 0 0 0 536936448 0 2 536870912 2097152 65536 0 0 0 0 262144 0 268435456 0 0 0 0 0 0 262144 0 0 0 0 0 0 0 0 0 0 0 0 0 4194304 0 0 2097152 0 0 0 0 0 0 0 2048 0 33554432 0 4194304 0 0 0 4096 0 8192 0 2147483648 8192 0 268435488 1310720 0 2147484672 0 0 0 0 0 0 0 0 0 0 3221225472 0 0 142606340 8388608 2147483648 0 0 0 0 0 0 32 0 0 32 0 0 0 0 0 268435456 0 512 0 0 71434240 536870912 128 0 32 0 0 0 8388608 0 0 536879104 0 0 0 268435458 0 8388608 0 0 0 0 0 0 1073741824 0 0 65536 0 0 0 0 0 32 0 0 0 0 0 4 0 2147483648 0 524288 262144 66080 8388608 67108864 0 0 0 0 0 0 0 0 0 0 0 0 0 0 0 32768 134217728 134217728 67108864 9216 268435472 0 0 0 1056 256 0 0 0 2097152 0 0 0 131072 0 536870912 0 0 1073741824 64 0 0 0 1024 0 0 1 0 0 0 0 262144 0 0 0 0 0 0 0 64 0 0 0 0 0 0 0 0 0 0 131072 0 0 0 0 134217984 0 128 0 33554436 0 2 2147502080 0 0 0 0 0 0 16777216 0 16777216 0 0 0 0 1073741824 0 134217728 0 4096 0 520 0 0 0 256 0 0 2181038080 0 16392 0 0 0 0 2097152 1 8192 0 0 0 0 0 0 128 0 0 0 0 0 0 1073741824 1048576 1082130432 0 0 0 0 0 0 134217728 0 0 0 0 0 33558528 0 0 0 0 0 0 0 0 0 0 4194305 0 67108864 1 0 0 0 0 0 0 0 0 16 0 16777280 0 0 0 16777216 1 0 0 4096 0 0 0 0 32768 0 4194304 0 0 0 33024 1024 0 8388624 0 0 1048576 0 2097152 0 0 2147483648 64 0 32 0 16777216 0 0 0 0 0 0 0 0 4 0 131072 0 0 0 0 0 0 128 0 0 0 0 0 8388608 4096 0 0 0 0 0 536870912 4 0 0 0 0 0 0 16384 1073741824 268435456 0 0 0 16384 0 537133056 64 0 0 0 262144 4194304 2 0 0 0 0 8192 0 0 0 0 0 2 0 0 0 0 0 8192 0 0 0 8388608 0 0 67108864 0 0 83886080 16 2 0 0 0 16384 268435456 128 0 33816576 1024 0 0 33554433 0 0 0 0 0 0 0 0 0 0 0 0 0 0 0 0 0 8388608 268435456 4096 0 0 0 256 64 0 0 2048 0 2097152 0 0 0 294912 0 0 0 0 0 0 2 0 16777216 0 0 0 0 0 18 268435472 0 134217728 0 0 0 0 0 0 0 65536 0 0 1074003968 8 0 0 0 0 0 0 0 0 0 0 0 0 0 2097152 8192 0 262144 0 0 0 2147483648 0 0 0 201326592 270336 0 0 33554432 0 16384 0 0 0 0 0 0 0 8 0 0 0 0 0 0 128 0 0 4 0 0 0 1048640 0 0 536870912 0 4 1 0 0 0 32 4 4 0 0 16 32 32768 0 0 0 0 0 0 0 4194816 0 0 0 1073741824 0 256 24576 0 536870912 0 0 0 0 8 0 0 0 0 4194304 0 0 256 0 0 0 8 0 0 0 0 0 536870912 0 0 0 0 128 0 0 16 0 0 0 0 0 0 16842752 4096 8192 0 0 0 0 67108864 0 16384 0 0 0 0 131072 0 0 0 0 0 0 0 0 0 0 0 0 0 0 0 0 0 0 0 0 0 0 0 0 0 0 0 0 0 0 0 0 0 0 0 0 0 0 0 0 0 0 0 0 0 545325056 8388624 139264 536879120 524288 131072 0 4198464 64 0 536870912 805307904 16384 0 0 0 0 0 0 0 0 0 0 0 0 0 0 0 0 0 0 0 0 0 0 0 0 0 536875008 0 1114240 8 0 0 256 0 0 0 32768 0 64 131072 0 2097154 0 0 0 8 0 0 0 536870912 16384 8192 0 0 256 268435456 0 0 0 0 67108928 32 0 0 0 0 0 65536 16640 0 0 0 16512 0 0 1 64 0 256 134225920 2048 64 262144 1024 0 0 0 0 0 0 0 0 2097152 0 0 0 0 0 0 0 0 0 0 0 0 2097152 0 33558528 0 0 0 0 0 0 0 0 0 0 0 0 0 0 0 0 65538 0 4194304 0 0 0 67108864 37765120 0 0 0 0 0 0 0 0 0 0 0 0 128 0 8192 0 0 0 0 0 1610612736 0 8196 0 0 0 1073774592 8421376 32768 268435456 0 0 0 1048576 0 67108864 0 4096 0 0 0 1048576 8 0 0 262144 0 64 1048576 0 0 0 0 0 0 0 0 0 268451840 0 4194304 0 0 0 0 0 16384 0 2 0 0 0 0 0 0 2048 0 0 0 0 0 0 268435456 4 0 0 0 0 0 0 0 128 0 0 0 0 0 0 0 0 0 0 0 8192 12 1024 131072 0 0 2147483648 16384 0 2 67108872 268435456 0 0 17040388 0 0 130 0 2147483648 0 8192 4195328 131072 4 0 0 0 0 0 0 0 0 0 0 0 0 0 0 0 0 0 0 0 0 0 0 0 0 0 0 262144 1 1107296256 1024 0 0 524672 33554432 18874880 0 2097152 8 0 1024 0 0 0 64 8192 0 1024 0 0 1048576 0 0 0 16777216 0 33024 0 2048 0 0 0 32768 0 16392 0 0 0 0 0 0 0 0 536870912 0 32 1048576 0 0 4194304 0 0 0 0 0 0 0 0 0 67125248 0 33554432 0 0 0 0 1048576 16777216 0 256 16 0 0 0 0 0 0 0 0 0 0 0 1024 0 0 0 0 0 0 0 0 0 32 0 0 0 0 0 2 0 0 0 0 1073741824 537395200 0 0 0 0 1024 0 0 0 0 0 134348800 4096 69210112 1073741952 0 1073807376 64 0 0 0 0 8192 0 65536 0 0 134217744 128 0 16908416 4194304 0 0 32 0 0 0 0 16384 0 0 0 0 0 0 0 0 0 0 0 0 0 0 0 0 0 0 0 0 0 32768 0 0 0 1024 256 0 0 0 32 2 0 0 1048576 1073741824 0 0 134217728 0 0 134283296 0 16386 8192 0 0 268435456 0 8404992 536887296 0 32768 0 0 0 0 0 0 0 0 16777216 0 0 69206016 0 0 0 128 130 268435712 0 0 0 4096 603979776 0 0 0 0 0 0 0 0 0 0 0 0 0 0 0 0 0 0 0 0 34816 2097152 8388608 0 0 0 0 0 0 134217728 0 1 131072 0 0 0 65568 0 0 0 0 0 1073774592 0 512 514 512 2097280 1 0 67108864 0 268435456 0 0 0 0 0 2147516416 65536 0 0 134217728 65536 0 0 0 2147483664 0 0 0 0 0 0 0 0 0 0 0 0 4 0 0 131072 0 0 0 0 0 0 1 0 16384 0 2048 0 16777216 9280 0 0 0 0 0 0 0 2048 0 0 0 0 0 0 0 0 0 0 0 0 0 0 0 0 0 0 0 65536
is_linear=0
shrinkage=0.05


Tree=89
num_leaves=31
num_cat=25
split_feature=16 20 3 1 0 0 9 16 0 0 0 20 0 0 0 0 0 0 7 0 0 0 0 0 0 0 0 0 0 0
split_gain=7829.32 331.778 209.285 161.718 131.842 79.6718 75.9144 66.3056 49.9764 49.888 43.372 43.2786 42.5467 40.0505 51.3083 38.972 43.5083 38.1868 36.5769 152.546 76.0959 64.8243 64.0964 54.3007 42.249 37.2123 37.7423 36.1999 36.9633 36.3693
threshold=1.0000000180025095e-35 0.30358886718750006 0 1 2 3 4 12.472656250000002 5 6 7 0.16070556640625003 8 9 10 11 12 13 8.5000000000000018 14 15 16 17 18 19 20 21 22 23 24
decision_type=10 2 1 1 9 9 9 10 9 9 9 2 9 9 9 9 9 9 2 9 9 9 9 9 9 9 9 9 9 9
left_child=-1 2 3 27 -4 -6 -3 11 -7 -8 -10 -5 -12 -14 -15 -16 -17 -9 20 -20 -11 -22 -21 -23 -24 -25 -27 -2 -29 -30
right_child=1 6 4 7 5 8 9 17 10 18 12 -13 13 14 15 16 -18 -19 19 22 21 23 24 25 -26 26 -28 28 29 -31
leaf_value=-0.0041169265967307498 0.079073174238412758 -0.029097463025006945 -0.012373812225729653 -0.0039806620662437564 -0.014110573655805259 -0.019837082413430976 0.036997632992420204 0.00029553467087289897 -0.019734817195992391 0.061164335445971475 -0.020430291251634442 -0.0033151195969572615 -0.022378362534103892 -0.016653802898941163 -0.017958772082505427 -0.0098916243337109806 -0.0003863923900849775 -0.00015805903160054369 0.10795306439381479 0.056900511129193136 0.050727389947337845 0.042208161172701403 0.041175759396175571 0.028715774807859185 -0.0060013096947343142 0.029566978636062741 -0.0014919051795959232 0.040137470942520799 0.058790063306785045 -0.0053367004631808442
leaf_weight=4726430 2939 32771 114217 694117 89294 65765 162765 23433 63388 88913 65961 285802 63619 83511 63982 71772 3278181 41476 46258 48498 101771 105275 42840 88670 3794770 102202 7161028 4396 4899 799737
leaf_count=4726430 2939 32771 114217 694117 89294 65765 162765 23433 63388 88913 65961 285802 63619 83511 63982 71772 3278181 41476 46258 48498 101771 105275 42840 88670 3794770 102202 7161028 4396 4899 799737
internal_value=-0.000693276 -0.000207872 -0.000516828 -0.000954809 -0.000311445 -0.000261719 -5.52669e-05 -0.00136616 -0.000226626 -4.85593e-05 -0.000202277 -0.00146869 -0.000179614 -0.000156305 -0.000133688 -0.000103733 -8.03843e-05 0.000181446 -6.07776e-05 -0.000184702 2.94173e-06 -1.41646e-05 -0.000218682 -3.12708e-05 -0.000241511 -4.74168e-05 -5.98465e-05 -0.000425475 -0.000445626 -0.00047063
internal_weight=2.23187e+07 1.75922e+07 5.81649e+06 1.8568e+06 3.95969e+06 3.84547e+06 1.17758e+07 1.04483e+06 3.75618e+06 1.1743e+07 3.69041e+06 979919 3.62703e+06 3.56106e+06 3.49745e+06 3.41394e+06 3.34995e+06 64909 1.15802e+07 3.93237e+06 7.64786e+06 7.55895e+06 3.88611e+06 7.45718e+06 3.83761e+06 7.3519e+06 7.26323e+06 811971 809032 804636
internal_count=22318680 17592250 5816489 1856799 3959690 3845473 11775761 1044828 3756179 11742990 3690414 979919 3627026 3561065 3497446 3413935 3349953 64909 11580225 3932366 7647859 7558946 3886108 7457175 3837610 7351900 7263230 811971 809032 804636
cat_boundaries=0 1 2 96 191 192 288 383 476 554 633 726 821 913 1009 1072 1165 1255 1346 1441 1530 1624 1719 1795 1869 1945
cat_threshold=8 39 0 0 0 0 0 0 0 0 0 0 131072 0 0 0 0 0 0 0 0 4194304 67108864 0 0 0 32768 0 0 256 0 0 0 0 0 0 0 0 0 0 0 0 0 0 0 0 0 128 262144 0 0 0 8396800 32768 0 0 4 16 0 0 1149241346 1572866 2147485696 524352 8 0 0 0 0 0 0 0 4194304 0 0 0 32 0 0 0 256 0 0 0 0 0 0 0 33555456 0 33554432 0 0 0 0 1048576 0 536870912 16 0 0 0 0 0 0 0 0 262144 0 0 2048 0 0 2097408 0 0 0 8 0 0 16 134217728 0 0 0 0 0 512 0 0 4 0 0 0 0 262160 0 0 0 0 0 0 0 0 256 0 128 0 0 1 0 0 0 1 131136 26624 67108896 0 64 0 0 0 0 0 0 0 81920 0 16777216 0 0 0 0 0 16777216 0 0 0 0 0 0 16 8388608 0 0 0 0 0 0 0 268435456 2 0 0 262144 0 1073741824 0 20971520 0 0 134217728 0 0 524288 2147483648 0 0 0 1024 16384 134217728 0 4 0 0 128 0 0 16 1074266112 0 0 0 0 0 0 512 0 0 0 2048 0 0 1024 0 33554432 2147483648 0 0 0 0 0 0 0 0 0 0 0 32 0 65536 0 33554688 0 0 65536 0 0 0 2 0 0 268435458 134217728 0 0 0 0 0 0 0 0 0 0 0 0 0 0 0 1073741824 0 0 0 8 0 0 128 4194304 0 0 16384 2147483648 0 0 0 0 0 0 0 1025 4 0 0 131584 0 0 0 16392 1073741824 268435456 33 262144 0 0 4194432 0 0 0 0 0 524288 0 64 0 0 1048576 0 0 0 32768 0 512 268435488 0 0 262144 0 0 2147483648 0 2048 0 0 32 131074 0 0 0 0 0 0 0 0 0 0 16777216 0 0 0 0 0 0 0 0 0 0 0 0 0 0 0 0 0 0 0 0 0 0 0 0 0 4194304 0 0 0 134742025 0 0 0 0 0 0 2048 0 0 16777216 0 0 32768 0 4096 0 0 262144 0 0 512 268435456 262145 0 1024 537919488 4096 0 0 8 0 1073741824 4 0 262144 1073741824 0 0 0 8388608 0 0 0 0 0 0 0 0 0 0 32 8 0 0 0 536870912 268435456 2 0 2097152 0 0 0 0 0 0 0 0 0 8388608 0 0 0 0 262144 0 0 0 0 0 0 0 0 0 0 0 0 0 4194304 0 0 538968064 0 0 0 256 0 8388608 0 0 0 0 0 4194304 0 134217728 0 0 0 8192 0 2147483648 0 32 32 1048576 0 2147483648 0 8388608 0 0 0 0 262144 65536 0 0 2147483648 0 0 134217732 0 2147483648 0 0 0 0 0 0 32 0 0 0 0 0 0 1024 268435456 0 0 536871424 1024 0 71434240 536870912 128 0 32 0 0 0 0 0 0 0 1073741824 0 0 8192 0 0 0 268435458 1 0 0 0 0 33554432 0 0 0 0 0 65536 0 64 0 0 8192 0 0 0 0 0 0 0 0 2147483648 0 524288 0 134218272 8388608 67108992 0 4 0 8388608 0 0 0 0 0 0 0 0 0 16777216 0 0 134217728 134217728 0 8192 134218000 0 0 0 32 256 0 0 256 2097152 0 0 0 131072 0 536870912 0 0 0 1 64 8388608 0 0 1024 0 0 0 134217728 0 0 0 262144 0 0 0 0 0 0 0 0 0 0 0 0 1 0 0 0 0 0 131072 0 0 0 0 256 0 0 16777216 33554432 0 2 2164277248 0 0 0 4096 0 0 0 0 0 0 4194304 0 0 1073741824 33024 1024 0 4112 0 520 0 0 0 0 0 0 2147483648 0 16416 0 0 0 0 2097152 0 8192 0 0 0 4 0 0 128 0 0 0 0 0 128 269484032 0 0 0 0 256 0 0 0 2048 0 2097152 0 0 0 32768 0 0 0 0 0 0 2 0 16777216 4194304 0 0 1 0 18 268435456 0 0 0 0 0 0 0 64 0 0 0 2048 262145 8 0 0 0 0 0 0 32768 0 0 0 0 0 0 2097152 8192 8388608 262144 0 1048576 0 0 0 0 2147745792 201326592 0 0 0 16777216 0 16384 0 0 0 0 0 0 0 0 0 0 0 0 0 0 0 0 0 4 0 4096 0 0 0 0 536870976 0 4 0 0 0 0 0 4096 262144 0 0 0 32 32768 0 0 0 0 0 0 0 512 0 4 16 0 134217728 0 24576 0 536870912 0 0 0 0 0 0 1073741824 0 0 0 0 0 256 0 0 0 8 0 0 67108864 0 0 536870912 0 0 0 0 128 2097152 0 0 0 64 8192 8 0 33554432 0 4096 8192 0 0 0 0 0 0 16392 0 0 0 0 131072 0 128 0 0 0 0 0 0 0 0 0 0 0 0 0 0 0 0 0 0 0 0 0 0 0 0 0 0 0 0 0 0 0 0 0 0 0 0 0 0 0 0 0 0 0 0 0 545325056 8388624 139264 536879120 524288 131072 0 4198464 64 0 536870912 805307904 16384 0 0 0 0 0 0 0 0 0 0 0 0 0 0 0 0 0 0 0 0 0 0 0 0 0 536875008 0 1114240 8 0 0 256 0 0 0 32768 0 64 8192 2097160 4194304 32 4 65536 2098176 1048576 0 0 0 0 2147483648 1048576 2097152 131072 262160 0 0 0 2 131584 0 0 0 0 0 0 0 0 0 0 4096 0 536870944 8 0 0 0 0 0 16 0 0 524288 0 1024 0 0 0 0 8 0 0 0 0 0 0 0 8388608 0 2684354560 66560 0 0 0 0 0 0 67108864 0 0 0 0 0 0 0 32768 0 0 0 0 0 0 0 0 0 0 0 536870912 0 0 131072 269484032 16777216 0 128 1 0 2 1073741828 2147483648 0 0 2 0 33 0 0 0 0 0 0 0 0 0 0 0 8 0 0 0 0 0 0 0 16384 1 0 0 1024 0 83886080 0 8192 65536 0 0 8388864 0 131072 4 0 0 0 1048576 0 0 0 1048576 0 32 0 0 0 4 0 0 8 133120 128 0 0 134217728 0 4128 0 0 0 1024 0 0 0 0 0 0 0 524288 16384 1077936128 0 0 0 1 16 8 0 2048 0 1073741824 33554432 0 268435520 2 0 0 16 0 0 65536 1024 0 0 0 0 0 0 0 256 0 0 0 0 0 0 0 0 0 0 0 0 0 0 16384 0 0 0 0 0 0 0 66 0 65536 0 0 0 0 0 0 0 0 0 0 1024 1342177280 16 0 0 553648128 64 4096 0 0 0 134217730 0 0 0 16 0 524288 258 262144 0 1048704 0 8192 0 0 2048 0 0 0 0 4 32768 0 0 0 32768 0 0 0 33570816 0 8192 4194304 0 0 32768 0 0 0 0 0 0 0 64 0 0 0 0 0 0 0 0 4194304 0 65536 0 1048576 0 0 0 256 0 0 0 0 0 0 0 0 16384 0 0 0 0 0 0 0 0 0 1 0 65536 8 0 1048576 0 0 131072 0 0 0 0 0 8 32768 0 0 0 0 0 33554432 0 0 0 131104 262144 0 32768 33556480 2097152 0 0 0 8388608 0 393216 0 0 0 5242880 0 4 0 8192 262176 0 268435460 0 0 0 0 0 0 0 0 0 0 0 0 0 0 0 0 0 0 0 0 0 32768 0 0 0 32 0 1048576 0 0 4194304 524288 0 0 0 16777216 0 536870912 0 0 0 0 0 0 0 0 0 0 0 2 805306368 0 0 128 1074266112 0 0 0 0 512 0 0 16777216 0 0 0 536870912 0 0 0 0 0 8576 32768 65536 8388608 0 0 0 8192 4194304 0 0 1 0 0 0 67142144 0 0 0 0 0 1024 8388608 0 0 0 1024 0 0 0 0 327680 0 2 0 0 1048576 0 0 0 0 0 0 0 1073741824 0 0 0 0 0 0 0 0 4096 0 0 0 0 0 4096 0 0 0 0 268435456 0 268435456 131072 131074 0 66048 0 0 8388608 0 0 0 0 0 0 0 0 0 0 0 0 131072 0 0 0 0 128 0 0 0 34818 0 32 0 133120 0 1048576 0 67108864 262144 1024 0 0 0 0 0 131072 1073741824 0 0 0 0 0 0 2147483648 16 1048576 0 268435456 0 0 0 0 0 134217728 0 8192 0 0 0 67108864 4 0 0 0 0 32768 0 0 0 0 0 0 0 0 0 536871040 0 0 0 0 0 0 0 0 32 33554432 0 0 2097152 0 0 0 0 0 0 0 0 0 0 0 0 0 0 16384 524288 0 16 0 0 0 524288 0 0 0 268435456 0 0 0 0 8192 262176 0 0 268443680 131072 32 0 0 2 16 32768 0 0 32 0 0 0 2 0 0 0 0 0 0 0 0 0 0 2147483648 268435456 1073741824 0 0 0 0 0 67108864 262144 0 0 2147483648 0 0 163840 0 0 0 0 0 0 0 0 0 0 0 2048 1048576 0 2097152 8388608 0 0 0 0 1073741824 536870912 0 0 0 134217760 0 0 0 0 0 0 134225920 20480 67129344 0 0 1073823760 0 0 8 0 0 8192 0 65536 0 0 0 0 0 16777216 4194432 128 0 32 0 0 0 0 134217728 0 0 0 0 0 0 0 0 0 0 0 0 0 0 0 0 0 2147483648 0 0 0 32768 0 524288 0 0 32768 1024 0 0 1 0 0 1048576 1073741824 0 0 0 134217728 0 2048 0 2 0 65538 2048 8192 0 0 0 268435712 32768 32 0 4096 0 0 0 0 65536 0 0 0 67108864 0 0 131072 67108864 9437184 268435712 536936448 0 0 4096 0 0 0 0 0 0 0 0 0 0 0 0 0 0 0 0 0 0 0 0 0 2048 167772288 8388608 0 0 0 0 0 0 134217728 4194304 0 0 0 0 0 134217728 0 524288 0 0 36864 0 0 4194304 0 0 0 524288 0 8 0 8388608 16384 135268352 0 2068 2097152 0 2 0 8 0 0 67108864 96 268435456 0 0 0 0 32 0 65536 0 0 0 0 0 0 0 0 0 0 0 0 0 0 0 0 0 0 0 32772 1073741824 0 0 1 0 0 0 16777472 0 0 0 16
is_linear=0
shrinkage=0.05


Tree=90
num_leaves=31
num_cat=25
split_feature=16 20 3 1 0 0 9 16 0 0 20 0 0 0 0 0 0 0 0 0 0 0 0 0 0 0 1 7 0 0
split_gain=7843.21 326.105 213.422 161.939 132.901 83.0391 75.8636 64.7228 51.9027 46.2865 43.5251 42.9749 40.4136 39.0574 47.7397 42.7323 36.9262 38.7755 40.8829 42.5703 44.6293 41.3972 37.6235 36.654 35.9803 37.5415 37.0726 51.0197 84.0295 51.7388
threshold=1.0000000180025095e-35 0.30358886718750006 0 1 2 3 4 12.472656250000002 5 6 0.16070556640625003 7 8 9 10 11 12 13 14 15 16 17 18 19 20 21 22 10.500000000000002 23 24
decision_type=10 2 1 1 9 9 9 10 9 9 2 9 9 9 9 9 9 9 9 9 9 9 9 9 9 9 1 2 9 9
left_child=-1 2 3 -2 -4 -6 -3 10 -8 -7 -5 -11 -13 -14 -15 -16 -17 -18 -19 -20 -21 -22 -23 -9 -24 -26 27 -27 -29 -30
right_child=1 6 4 7 5 9 8 23 -10 11 -12 12 13 14 15 16 17 18 19 20 21 22 24 -25 25 26 -28 28 29 -31
leaf_value=-0.0039110802668942115 -0.0039952920799183446 -0.027642589873756597 -0.011755121614443165 -0.0037816289629315717 -0.013405044973015002 -0.018423804759034924 0.045699076794077989 0.00028075793732925682 -0.0012803119210903985 -0.019888046693239604 -0.0031493636171094023 -0.019684573135367589 -0.023093500257148972 -0.018338476207206158 -0.014151302562920865 -0.023630850774487577 -0.018376542592031263 -0.016404630418107715 -0.014766762138897899 -0.0071695229891358238 -0.016599607141299155 -0.0095732295307564119 -0.013821549522633272 -0.00015015608002051374 -0.0090214683015312994 0.013276782112193875 0.00021456458720013895 0.33304564509176054 0.10960554452321414 -0.029673516984652423
leaf_weight=4726430 811971 32771 114217 694117 93436 61742 178520 23433 11564470 62782 285802 62732 62883 78674 71132 61811 65129 68335 69799 73405 68335 62206 60590 41476 63325 727650 1904923 2881 4787 118916
leaf_count=4726430 811971 32771 114217 694117 93436 61742 178520 23433 11564470 62782 285802 62732 62883 78674 71132 61811 65129 68335 69799 73405 68335 62206 60590 41476 63325 727650 1904923 2881 4787 118916
internal_value=-0.000691675 -0.00020584 -0.000512143 -0.000954432 -0.00030474 -0.000254814 -5.45451e-05 -0.00136607 -4.78397e-05 -0.000218146 -0.00146736 -0.000195428 -0.000172979 -0.000150838 -0.000128658 -0.000100669 -7.49327e-05 -5.21852e-05 -2.77914e-05 -1.59793e-06 2.60131e-05 5.56857e-05 8.39148e-05 0.000162958 0.000110166 0.000136048 0.000163675 0.000437363 -0.000489083 -0.000685923
internal_weight=2.23187e+07 1.75922e+07 5.81649e+06 1.8568e+06 3.95969e+06 3.84547e+06 1.17758e+07 1.04483e+06 1.1743e+07 3.75204e+06 979919 3.6903e+06 3.62751e+06 3.56478e+06 3.5019e+06 3.42322e+06 3.35209e+06 3.29028e+06 3.22515e+06 3.15682e+06 3.08702e+06 3.01361e+06 2.94528e+06 64909 2.88307e+06 2.82248e+06 2.75916e+06 854234 126584 123703
internal_count=22318680 17592250 5816489 1856799 3959690 3845473 11775761 1044828 11742990 3752037 979919 3690295 3627513 3564781 3501898 3423224 3352092 3290281 3225152 3156817 3087018 3013613 2945278 64909 2883072 2822482 2759157 854234 126584 123703
cat_boundaries=0 1 2 96 191 192 286 382 461 539 626 719 814 906 1000 1093 1180 1274 1365 1459 1555 1648 1743 1744 1822 1899
cat_threshold=8 39 0 0 0 0 0 0 0 0 0 0 131072 0 0 0 0 0 0 0 0 4194304 67108864 0 0 0 32768 0 0 256 0 0 0 0 0 0 0 0 0 0 0 0 0 0 0 0 0 128 262144 0 0 0 8396800 32768 0 0 4 16 0 0 1149241346 1572866 2147485696 524352 8 0 0 0 0 0 0 0 4194304 0 0 0 32 0 0 0 256 0 0 0 0 0 0 0 33555456 0 33554432 0 0 0 0 1048576 0 536870912 262144 0 0 0 0 0 0 134217728 0 0 524288 0 0 0 0 2097408 0 0 0 0 0 0 0 134217728 0 0 0 0 0 512 0 0 0 0 0 0 0 264208 0 0 0 0 0 0 0 0 256 0 128 0 0 1 0 0 0 33 131136 26624 67108896 0 64 0 0 0 0 0 2 0 81920 0 16777216 0 0 0 0 0 16777216 0 0 0 0 0 0 16 8388608 0 0 0 0 0 0 0 268435456 2 0 33554432 0 16384 0 8388610 0 0 0 0 0 0 0 0 0 0 0 1024 0 0 0 1073741824 268435456 0 0 0 0 0 0 0 0 0 0 0 0 0 0 0 0 0 0 0 0 0 512 4096 128 1048576 0 0 1024 2147483777 1049088 2048 4096 0 8520832 2621444 0 0 0 0 0 0 0 0 0 0 128 0 0 0 0 0 0 0 0 0 262144 0 131072 0 0 0 2097152 0 0 0 0 0 0 32768 0 8 0 0 0 0 1073741824 0 20971520 0 0 0 0 262144 0 2147483648 2048 0 32768 1024 16384 134217728 0 262156 0 0 128 0 0 16 1074266112 0 0 0 0 0 0 512 0 0 0 0 0 0 1024 0 33554432 2147483648 0 0 0 0 0 0 0 0 0 0 0 0 0 65536 0 33554688 0 0 65536 0 0 0 0 0 0 268435458 134217728 0 0 0 0 0 0 0 0 0 0 0 0 0 0 0 1073741824 0 0 0 4194312 0 0 128 0 0 16 134742024 0 0 0 0 0 0 2048 0 0 16777216 0 0 0 0 4096 0 0 0 0 0 528 268435456 262145 0 2147484672 537919488 4096 0 0 8 4 1073741824 4 0 262144 1073741824 0 0 0 8388608 0 0 0 0 0 0 0 0 0 0 32 0 0 0 0 536870912 268435456 2 512 2097152 0 0 0 0 0 0 0 0 0 8388608 0 0 0 0 262144 0 0 2097152 1 0 0 256 0 8388608 0 0 0 0 0 4194304 0 134217728 0 0 0 8192 0 2147483648 0 32 32 1048576 0 0 0 0 0 0 0 0 262144 66048 0 0 2147483648 0 0 134217732 0 2147483648 0 0 0 0 0 0 32 0 0 0 0 0 0 1024 268435456 0 0 536870912 1024 0 71434240 536870912 128 0 32 0 0 131072 0 536870912 0 0 1073741824 0 0 8192 0 1024 0 268435458 1 0 0 0 0 33816576 0 0 0 0 0 0 0 64 0 0 8192 0 0 0 0 0 0 0 131072 2147483648 0 0 0 134217760 8388608 128 0 4 0 8388608 2147500032 0 0 0 0 0 0 0 0 16777216 0 0 134217728 0 0 8192 134217744 0 0 0 544 256 0 0 256 2097152 0 0 0 0 0 0 0 0 2097152 1 0 0 0 0 0 0 0 128 0 8388608 0 0 0 0 0 0 134217728 2048 0 2097152 0 0 0 0 0 0 65536 0 0 0 0 0 0 1 0 0 1 0 18 0 0 0 524288 0 256 0 0 0 33554432 0 0 16777216 1 0 0 4096 0 0 0 0 32768 0 4194304 8 0 1073741824 33024 1024 0 4112 0 8 1048576 0 0 0 0 2147483648 0 0 16416 0 0 0 16384 0 0 8192 0 0 0 0 0 0 0 0 0 0 0 0 128 269484032 4096 536870912 0 0 256 64 0 0 0 0 0 0 0 4096 294912 0 0 0 0 0 0 2 0 0 0 0 0 0 0 4 16 0 0 0 8192 0 0 67108864 16777280 0 0 0 2048 1073741824 8 0 0 0 0 0 0 0 0 8 0 134217728 0 0 2097152 8192 8388608 262144 0 0 128 0 0 0 0 201326592 8192 8 0 0 0 4096 0 0 0 0 0 0 0 0 0 0 0 0 0 0 0 0 0 4 131136 0 0 1048576 65536 0 536870912 0 4 1 0 0 0 32 33554432 4 0 0 0 32 32768 0 0 0 16777216 4194304 0 0 4194816 0 134217728 0 1073741824 0 256 0 0 536870928 0 0 0 0 8 0 8 0 0 0 0 0 256 0 0 0 0 0 0 0 0 0 536870912 0 0 0 0 64 2097152 0 0 0 64 0 0 0 16777216 0 0 8192 0 0 0 0 0 0 0 0 0 0 0 131072 0 128 256 1073741824 0 64 32 0 0 0 0 0 1073741824 0 0 514 512 2097152 0 0 201326608 0 268435456 0 0 0 0 0 2147516416 0 33554432 0 8388608 268435456 0 134217728 0 2147500032 0 0 0 0 0 0 0 0 0 0 0 0 4 0 0 0 0 0 0 0 0 67108864 0 0 0 0 2048 0 16777216 0 2147483648 16384 16 262144 0 0 0 0 0 65536 0 0 0 0 0 0 0 0 8 0 0 0 0 0 0 0 0 65536 0 0 0 0 0 0 0 0 0 0 0 0 0 524288 0 16384 1 0 0 64 0 0 0 2097152 0 0 0 0 0 0 0 0 512 0 0 0 262144 0 0 67108864 524288 0 18434 0 0 0 0 4194304 512 0 16777216 0 33554432 16 0 2 0 8388608 0 0 16384 0 0 0 32776 0 262144 0 0 524288 33554432 33816576 2147483648 0 0 33554432 0 0 0 0 0 0 0 0 128 4 0 0 0 0 0 0 262144 0 0 142606336 0 0 0 0 1073741824 0 0 134217728 1073741824 0 0 0 0 4 0 1 0 0 0 0 0 0 0 16777216 512 0 33554432 2147483648 0 0 268435456 0 4 33554432 0 16 0 0 0 0 0 262144 0 33554432 0 0 0 0 0 0 0 0 0 8192 0 786433 0 0 0 4224 0 0 8192 0 8388608 0 0 0 0 0 0 33554432 16777216 0 1 2097152 0 0 0 1140850688 0 0 0 16 0 0 2048 4 0 134217728 0 0 0 2097152 2129920 0 0 0 0 128 0 0 0 1048576 262144 0 0 0 0 0 8 65536 0 0 0 2149580800 0 512 0 0 0 0 0 0 0 0 0 0 0 0 16777216 0 16778240 0 67108864 0 0 0 0 0 16 0 2097152 8 0 4194304 0 786432 0 0 0 0 2147483648 0 0 0 0 0 256 0 0 0 0 268468224 0 2097152 0 0 0 0 0 2048 0 0 0 0 256 262144 0 0 0 0 1 0 0 0 0 0 4096 0 0 0 4 0 512 8192 128 0 0 128 0 33554432 0 0 0 262144 0 134217728 0 0 0 2147483648 0 0 536870912 0 536870912 0 0 69632 0 0 2097152 0 65536 0 0 0 541065216 0 0 2147483648 0 1073741824 0 0 0 0 0 0 32 0 0 1024 1 0 268435456 0 0 0 0 33554432 0 0 1082130432 0 0 0 0 0 0 0 2 0 0 0 0 16842752 16384 0 32768 0 0 131072 0 0 16384 33554688 0 0 4195328 0 1 0 0 33570816 0 0 0 0 0 0 4 0 0 0 0 0 2097152 2048 0 33554432 0 0 1048576 16777216 0 0 0 0 0 0 0 0 0 0 0 0 0 0 131072 0 0 0 0 0 0 0 0 0 0 0 1048577 134217728 0 0 0 1048576 0 524288 0 0 2048 4096 32768 0 0 0 0 0 0 33570816 0 0 131072 0 0 0 2 2147483648 0 2097152 1073741824 0 0 0 0 0 0 0 0 0 0 0 0 0 0 0 0 0 0 0 0 0 0 0 0 0 0 0 0 0 0 0 0 0 0 0 0 0 0 0 0 0 0 0 0 0 545325056 8388624 139264 536879120 524288 131072 0 4198464 64 0 536870912 805307904 16384 0 0 0 0 0 0 0 0 0 0 0 0 0 0 0 0 0 0 0 0 0 0 0 0 0 536875008 0 1114240 8 0 0 256 0 0 0 32768 0 64 136314880 0 32768 256 0 0 131080 0 0 8 0 0 512 0 0 0 0 0 1024 2048 0 268435456 0 0 0 0 0 0 0 0 0 0 32768 8192 2147549184 16 0 33554432 2097152 0 2 0 268435456 0 0 0 0 0 0 0 0 524288 0 0 0 0 0 0 0 0 0 0 0 0 16416 0 0 65536 134217728 0 1 0 0 0 131072 0 0 0 0 16777216 0 0 0 0 16384 0 0 0 65536 0 8 0 4096 2147500032 0 0 0 0 0 0 0 0 16384 0 0 0 0 0 0 0 0 0 0 512 0 0 16 0 4096 0 0 0 4194304 33554432 65536 0 0 16777344 0 0 0 4096 0 8388608 1073741824 0 0 0 0 0 0 8 0 0 0 0 0 2147483648 0 0 0 0 0 16777216 32 0 0 0 0 0 40 0 0 0 0 268435456 0 16384 128 0 2147483648 0 524288 0 0 536870912 128 0 67371008 0 0 0 2048 1073741824 0 0 0 131072 37 1073741824 0 0 0 0 0 0 0 0 0 0 0 0 0 0 0 0 0 0 33554432 0 197120 0 512 0 67108864 16384 32 0 8192 137 524288 0 0 8192 8 0 67108864 1090519040 0 0 16 537919488 1073741824 16777216 0 0 0 0 0 0 0 0 0 0 0 0 0 0 0 0 0 268435456 2214592512 131072 0 0 0 0 0 268435456 0 0 65536 0 0 0 32768 8193 8 0 0 0 8192 0 0 0 0 0 0 0 0 0 0 0 0 0 0 524288 8192 9 16777218 65536 1536 0 8388608 0 66 16384 0 0 0 0 0 0 0 34603008 0 16777216 0 0 0 0 0 0 0 0 0 0 0 0 0 0 0 0 0 0 0 0 0 8388608 0 524288 2147516416 1073741824 2 131072 0 8388608 1024 0 0 0 4 256
is_linear=0
shrinkage=0.05


Tree=91
num_leaves=31
num_cat=29
split_feature=16 0 0 0 0 0 0 0 9 0 3 0 0 0 0 0 0 0 0 0 0 0 0 5 0 0 0 0 0 0
split_gain=8108.66 246.777 183.682 137.581 131.438 113.069 109.994 110.848 107.696 97.4639 95.9889 84.6315 82.3949 80.9692 78.8623 68.178 66.9464 66.9087 57.3753 58.0462 54.8336 54.8425 52.3287 49.238 51.0727 46.4819 45.7162 41.8923 40.1518 36.3913
threshold=1.0000000180025095e-35 0 1 2 3 4 5 6 7 8 9 10 11 12 13 14 15 16 17 18 19 20 21 22 23 24 25 26 27 28
decision_type=10 9 9 9 9 9 9 9 9 9 1 9 9 9 9 9 9 9 9 9 9 9 9 1 9 9 9 9 9 9
left_child=-1 -2 -3 -4 -5 -6 -7 -8 -9 -10 13 -12 -13 -11 -15 -14 -17 -18 -16 -20 -19 -22 -23 24 -24 -26 -25 -21 -29 -27
right_child=1 2 3 4 5 6 7 8 9 10 11 12 15 14 18 16 17 20 19 27 21 22 23 26 25 29 -28 28 -30 -31
leaf_value=-0.0037155262535495011 -0.01420961451695545 -0.018522661145838348 -0.021555328052829947 -0.02403731368122658 0.018206615584856707 -0.025733913700962386 -0.024166352246804117 -0.026680925756707372 -0.020969149906120577 -0.050055167448572149 -0.025111350009149921 0.084703182643981273 -0.023697382451305284 0.009294868573262045 -0.0042872651457333657 -0.023742575687404222 -0.021140107375963661 0.045411584216307151 -0.0089227738197119166 0.026343906323899303 0.045760217780754377 0.046232399012936055 0.087452455489790956 0.0024357725932222189 -0.017042859876098548 -0.015343030833226058 -0.0019723449524854941 0.015088789300001472 -0.0019502749134197252 0.0016594143742421075
leaf_weight=4726430 176693 180764 164606 177848 174120 163314 179489 136988 167060 46681 117684 148057 115918 33948 39669 125777 133712 139044 46030 36833 152726 152835 86351 54620 67656 65904 4599943 45525 3789909 6072546
leaf_count=4726430 176693 180764 164606 177848 174120 163314 179489 136988 167060 46681 117684 148057 115918 33948 39669 125777 133712 139044 46030 36833 152726 152835 86351 54620 67656 65904 4599943 45525 3789909 6072546
internal_value=-0.000661328 -0.00016734 -0.000148477 -0.000131846 -0.000117973 -0.000103737 -0.000116939 -0.0001042 -9.06541e-05 -7.88764e-05 -6.63869e-05 4.40549e-06 1.75844e-05 -0.000277309 -0.000253095 2.83529e-06 1.48405e-05 2.73615e-05 -0.00027368 -0.000254522 4.04139e-05 2.82193e-05 1.5271e-05 2.44299e-06 9.36443e-05 7.68405e-05 -0.000120851 -0.000233537 -0.000249655 9.12071e-05
internal_weight=2.23187e+07 1.75922e+07 1.74156e+07 1.72348e+07 1.70702e+07 1.68923e+07 1.67182e+07 1.65549e+07 1.63754e+07 1.62384e+07 1.60714e+07 1.20328e+07 1.19151e+07 4.0386e+06 3.99191e+06 1.1767e+07 1.16511e+07 1.15253e+07 3.95797e+06 3.9183e+06 1.13916e+07 1.12526e+07 1.10999e+07 1.0947e+07 6.29246e+06 6.20611e+06 4.65456e+06 3.87227e+06 3.83543e+06 6.13845e+06
internal_count=22318680 17592250 17415557 17234793 17070187 16892339 16718219 16554905 16375416 16238428 16071368 12032773 11915089 4038595 3991914 11767032 11651114 11525337 3957966 3918297 11391625 11252581 11099855 10947020 6292457 6206106 4654563 3872267 3835434 6138450
cat_boundaries=0 95 191 278 371 443 538 633 634 724 725 818 913 1007 1103 1182 1272 1364 1458 1548 1643 1726 1815 1816 1909 2003 2099 2189 2275 2367
cat_threshold=0 0 0 0 0 0 0 0 0 0 0 0 0 0 0 0 0 0 0 4194304 0 0 0 0 0 0 0 0 0 0 0 0 0 0 0 0 0 0 0 0 0 0 0 0 0 128 262144 0 256 0 8396800 32768 0 0 4 16 0 0 1149372416 1574914 2147485728 64 72 0 0 0 0 0 0 0 16384 0 0 0 0 0 0 0 256 0 0 0 0 0 0 16 33555456 0 33554432 0 0 0 0 1048576 268435456 0 0 0 0 0 0 0 0 0 0 131072 0 0 0 0 0 0 0 0 134217728 0 0 0 0 0 0 0 16 0 0 0 0 0 0 0 0 256 0 0 0 0 0 0 0 0 2147483648 0 4194304 0 0 128 32 0 1 32 2281701376 0 1 8258 805397504 67108864 33554690 0 0 0 0 0 0 0 0 0 0 0 0 536870912 0 0 0 0 8192 0 0 0 0 0 0 8388608 0 1073741824 0 0 0 8 0 0 128 0 0 0 0 0 0 0 0 0 0 0 0 0 0 0 0 0 0 0 0 0 0 0 0 16777728 0 0 0 33554433 0 0 1 2147483648 0 2147483904 0 0 536870912 0 0 0 65536 1024 0 1 0 4 4096 512 0 0 131072 0 0 0 0 0 1073741856 2097408 16 0 8392720 4608 0 0 71303168 0 0 0 0 4194368 0 0 0 0 0 0 0 0 0 0 0 1073741824 0 0 0 128 0 8388608 0 0 0 0 0 0 0 0 0 0 0 0 0 0 0 0 0 0 8256 256 0 0 0 1 0 0 0 0 8392704 2097152 16 0 16777216 0 0 0 0 2147483648 4 0 0 0 0 512 0 0 4 0 0 524288 16777216 0 4194304 0 8192 8388608 1025 134217728 536879104 524288 0 512 0 0 0 0 0 0 134217728 0 16777216 0 16384 0 0 536870912 0 0 0 0 67108864 0 0 0 0 0 0 0 0 0 128 0 0 0 0 0 4 0 134217728 0 0 0 0 17 9216 0 0 0 0 0 0 0 1073750080 268435456 1024 0 0 2097152 32768 8388608 0 0 0 536870912 1 0 8 0 0 16384 0 0 0 4194304 0 0 545259520 8388608 0 0 0 0 2147483648 4194304 0 0 0 536870912 16384 65556 0 0 134219776 0 0 0 0 0 0 0 0 0 128 0 0 264192 0 536870912 0 0 0 0 0 0 0 0 129 0 0 4 256 0 0 0 0 0 0 32 0 9437192 0 0 134217728 0 131072 0 8 0 512 0 268435456 0 0 0 0 8388608 0 2147483648 0 0 0 0 0 0 0 0 0 0 0 0 0 0 8 268451842 32 2048 1048576 0 0 2 65536 0 0 65536 0 0 0 0 0 0 0 0 2097152 0 0 0 2147484160 0 0 0 0 0 0 0 0 0 0 131072 134217792 0 0 0 0 0 0 0 0 0 0 0 0 83886080 0 0 0 0 0 16384 0 0 0 2097152 32768 272629760 0 0 0 0 0 0 0 0 0 0 0 16 262144 67108864 33554432 0 0 2147487744 0 0 33554432 0 0 8192 0 0 0 2147483648 67108864 0 262144 0 32768 2097152 0 0 0 0 256 1024 0 0 0 0 0 0 0 0 0 0 2097152 0 0 0 0 0 0 0 128 262144 0 32768 0 0 16384 4096 256 0 4 134479874 0 0 0 1048584 0 0 536870912 16384 0 147456 2048 0 0 0 0 0 0 0 268500992 0 0 0 0 33554432 0 32 0 0 0 0 0 0 0 134217728 0 16 0 0 32768 0 0 0 8 2048 1073741960 0 65536 0 0 0 0 0 0 0 0 0 0 32768 0 32768 0 0 0 0 0 0 553648128 0 2415919104 0 33554432 0 40 0 0 0 16384 1073741824 0 0 0 0 0 0 0 0 0 0 0 2 8 0 0 8192 0 0 0 0 1073741824 142606336 0 0 0 33554432 0 4194304 2129928 32768 0 1073741825 0 0 0 0 0 0 0 1 256 0 2097152 134283264 0 33554432 268435456 0 0 65536 0 536870912 0 0 0 134217732 0 0 0 256 0 0 0 0 0 0 0 0 0 0 0 524288 0 0 0 0 2097152 0 0 0 256 2097152 262144 0 0 16384 0 0 0 0 0 0 0 0 0 0 1 0 0 0 0 0 0 0 0 4096 24 2097152 67108866 0 2147483712 8389120 10485760 1048576 0 0 0 0 0 0 32832 0 0 0 0 0 0 0 0 67108864 0 0 0 1610612736 272 8192 0 0 0 16777216 0 0 2 0 2147483648 1 8192 2 0 0 512 34816 0 0 0 0 0 0 0 0 0 0 0 0 0 0 4096 0 0 0 0 0 0 0 0 0 0 0 0 0 0 0 0 0 0 0 0 16384 0 0 0 0 0 0 0 0 0 0 0 0 8388608 0 32 0 0 0 4194304 65536 0 0 0 0 0 0 0 0 0 0 0 0 0 0 0 0 0 0 0 0 0 0 0 0 0 0 0 0 0 0 0 0 0 0 0 0 0 0 134217732 268435464 0 0 67108865 80 0 1073741824 0 33570816 268435456 67108866 65536 0 0 0 0 0 0 0 0 0 0 0 0 0 0 0 0 0 0 0 0 0 2147486720 32768 0 64 84148224 0 0 0 0 4194304 32768 0 0 537920512 16384 0 0 0 0 0 536870912 0 0 134217728 8454144 0 0 0 0 4194304 0 32768 0 2228224 0 0 0 0 0 0 0 0 0 4096 0 0 0 0 0 0 0 0 0 0 0 0 131072 4096 0 0 1048608 0 8192 393216 2048 0 0 0 0 0 1073741824 0 0 0 0 0 0 67108864 134217728 285247488 136 0 0 0 32 2147483648 8388608 0 2 0 0 0 0 0 0 0 0 0 0 0 0 0 0 0 0 0 0 0 0 16384 64 0 0 0 0 0 0 0 0 65568 1 65536 1080033280 512 0 33554432 67108864 0 0 16 0 0 262144 1073741824 8192 0 0 0 0 2147483648 0 4 0 0 512 0 0 134479872 128 0 0 0 0 0 0 0 0 0 0 0 0 0 0 0 0 0 0 0 8 0 0 0 0 32 0 65536 8 0 128 1024 0 2148532224 2 0 0 0 16777216 0 1 1 1048576 4194304 0 134217728 268436480 0 16777216 524288 0 2097152 0 131072 0 0 4096 16384 0 16785408 0 0 268435456 268435456 0 0 0 0 0 0 0 0 2048 0 0 8388608 1073741824 4 0 0 0 0 2 0 0 0 0 0 0 0 0 0 0 0 0 0 2147483648 0 0 0 0 0 0 16384 0 1 0 0 0 0 1048576 0 67108872 0 0 35651584 0 0 0 2097152 0 0 0 0 0 0 8 0 0 0 0 133120 0 0 16 0 0 0 0 0 0 8388616 0 0 0 32 0 0 16384 2048 0 0 512 0 0 0 256 0 16777216 65536 0 33587200 0 1024 1073741824 0 0 0 0 0 0 0 0 0 0 16384 262144 72 0 0 0 0 0 0 0 0 8192 0 0 0 0 0 0 4194304 0 262152 32 0 0 0 65536 524288 512 0 0 0 33554432 0 0 0 0 0 0 0 0 0 32768 4 0 0 67108864 0 16 128 0 0 0 0 0 0 0 0 0 0 0 0 0 0 0 0 0 0 0 0 0 0 0 0 0 0 0 0 0 0 0 0 0 0 0 0 0 0 0 0 0 0 0 0 268435456 262144 67141664 1073741824 64 0 256 134217728 1024 67338256 0 0 0 0 0 262144 16777216 262144 0 0 0 0 0 0 0 0 0 0 0 8192 0 0 0 0 0 0 67117057 134217728 4210688 0 524288 0 0 65540 0 262144 1024 0 16777216 16 0 0 64 0 0 0 0 0 0 0 0 0 0 0 0 0 0 0 0 0 0 0 0 0 0 0 0 0 16 0 0 0 0 0 0 0 0 0 0 0 0 0 0 0 0 0 0 0 0 536870912 0 262144 268435752 0 0 0 0 67108864 262176 0 0 2415920136 8450 0 0 0 0 0 0 0 0 0 0 0 0 0 8388608 0 0 0 1075838976 0 2105352 1024 0 0 0 218628160 262144 4 0 8192 4194304 2099232 4096 0 0 0 0 0 0 268435456 0 4 0 0 0 0 0 0 0 131072 0 0 0 2147483648 0 0 0 4 4194304 0 0 0 0 0 0 32768 8 0 128 0 32 0 0 0 0 0 0 0 0 1073741824 0 2 0 2098176 8388640 131072 0 0 0 0 0 0 0 0 0 0 4096 0 0 0 536870912 0 0 8912896 0 0 0 0 0 0 0 0 536870912 8388608 0 0 0 0 2 512 0 0 2 0 16777216 0 16777344 8388608 1048576 1 0 0 0 0 0 0 0 0 1 268435456 8388608 0 4096 8 0 538968064 8388608 268435456 0 0 4194304 0 262144 0 8192 0 0 0 0 1 262144 0 0 16384 4194304 536870913 0 0 0 0 0 1048576 0 0 0 0 0 0 0 0 0 0 0 0 0 0 0 0 16 1073741824 0 0 0 0 0 0 4 0 65 4194304 0 0 0 0 0 16777216 536872960 134218752 8 0 0 131072 0 0 0 4 0 0 0 0 0 0 0 0 0 33562624 0 0 0 0 0 0 536887296 0 0 65560 0 16777216 0 32 0 262144 0 0 0 0 0 0 0 0 524288 0 0 0 0 0 2 0 2097152 0 0 65536 0 0 0 0 0 0 6292480 0 0 16777216 0 0 0 0 0 0 0 32768 0 4 524288 0 0 0 0 0 0 0 4 0 2 1073741824 1024 15 65536 0 0 0 0 0 0 128 0 128 0 0 0 0 128 0 0 0 0 67108864 0 67108864 0 0 0 0 33554432 1 2048 8388610 16392 75497472 0 0 33554432 256 0 2048 0 0 0 8192 131072 1114113 268435456 0 0 0 0 0 0 0 0 0 0 0 0 0 0 0 0 0 0 0 0 4096 0 0 32 33622016 0 67108864 0 0 0 0 8 0 0 0 0 0 0 0 0 0 0 0 0 0 0 0 134217728 2147746048 0 536870912 257 131072 0 32768 268435456 33554432 0 2097152 8388608 0 0 0 4 0 0 0 2048 0 0 0 0 0 0 0 0 0 0 0 0 0 0 0 0 0 0 0 0 12582912 0 2 0 0 0 268435456 0 0 0 0 0 0 0 0 0 0 0 0 0 65536 65536 0 0 0 0 32 0 134217984 32 0 9437184 268435456 262144 0 0 67108864 0 0 0 32768 262144 0 0 0 0 0 0 0 0 0 0 0 16384 4194304 0 0 512 128 0 0 0 0 0 0 0 0 0 0 0 0 0 0 0 0 0 0 0 1 0 0 0 0 0 0 0 0 0 0 0 0 0 0 0 0 0 0 0 0 0 0 1073741824 2147483648 0 692224 0 64 0 4224 128 33554432 0 2147484160 67108864 576 4 0 0 0 0 0 512 0 0 0 0 0 0 0 0 0 131072 0 0 1048576 67108864 0 0 0 1048578 536870912 0 0 32768 0 2 0 0 0 17 0 33554432 0 0 131072 2 33554432 4 0 0 8388608 0 0 0 540672 0 0 16384 0 262656 33554432 0 0 0 0 0 0 0 0 64 0 0 0 0 0 0 67108864 0 0 131072 0 4 0 0 0 0 0 0 16 524288 0 16384 1048576 2048 524288 4096 0 2097152 0 0 0 0 1048576 0 0 0 4194304 0 0 0 0 0 0 0 1048576 0 64 524288 524288 0 0 0 0 64 0 0 0 0 0 256 1073741824 0 671088640 1073741824 2 128 0 33554432 0 0 2 0 0 0 0 0 0 0 0 256 0 0 138428416 0 0 67108864 0 0 0 0 0 134217728 268435456 0 32 2048 0 0 0 32 0 0 0 0 0 0 0 32 536879104 16 0 0 0 1024 0 0 0 0 0 0 0 0 0 32768 0 8388608 0 536870912 0 0 0 0 0 0 524288 0 0 33554432 32768 0 393216 0 0 0 0 1048576 268435456 1 0 0 1 0 0 0 128 0 1073741824 1024 8388608 0 0 1073741824 0 0 0 0 2048 0 0 0 8388608 0 0 0 0 4194304 0 0 0 0 0 16384 0 0 0 2048 0 768 2147483648 0 0 0 0 0 0 0 0 0 0 67108864 0 1073741824 134217728 0 0 4 0 8 0 0 0 0 262144 32 1073750016 0 0 33554432 2147483648 0 0 0 0 2048 2097152 0 0 0 0 0 0 0 0 0 4194304 4 0 131072
is_linear=0
shrinkage=0.05


Tree=92
num_leaves=31
num_cat=28
split_feature=16 0 0 0 0 0 0 9 0 0 0 0 0 3 0 0 0 0 0 0 0 0 0 0 0 0 8 0 0 0
split_gain=8132.73 247.32 180.682 134.769 119.71 112.205 109.689 105.194 93.2882 93.2284 89.021 85.8828 83.0761 78.7804 75.1002 72.1969 69.2508 66.0478 60.8611 57.2361 54.8667 55.6715 56.77 53.9418 51.1362 51.3865 47.7723 63.4838 56.4566 54.8455
threshold=1.0000000180025095e-35 0 1 2 3 4 5 6 7 8 9 10 11 12 13 14 15 16 17 18 19 20 21 22 23 24 2013.5000000000002 25 26 27
decision_type=10 9 9 9 9 9 9 9 9 9 9 9 9 1 9 9 9 9 9 9 9 9 9 9 9 9 2 9 9 9
left_child=-1 -2 -3 -4 -5 -6 -7 23 -9 -10 -11 -12 -13 14 -14 -16 -15 -18 -17 -19 -21 -22 -23 -8 -24 -26 29 -28 -29 -27
right_child=1 2 3 4 5 6 7 8 9 10 11 12 13 16 15 18 17 19 -20 20 21 22 24 -25 25 26 27 28 -30 -31
leaf_value=-0.0035297499408720266 -0.013499133791107676 -0.01804560158145312 -0.021776193607620925 -0.023185284984268723 -0.025956651288579127 -0.02204945851303779 0.61581794111107691 -0.019951697397604874 -0.019845434579772368 -0.011977397656099847 -0.020534162088389547 0.044261401692077706 -0.0174680719191871 -0.020039904310298447 0.011619716375664103 -0.00416038271589404 0.1223979693260866 -0.018701163777673606 -0.001070562709353029 -0.014283871962967357 -0.010818445022961198 -0.0084902616779197054 -0.011782820555207364 -0.027827737073368077 -0.014791644595965367 0.14974167441100145 0.052238686301195561 -0.022782715542505851 9.1538950836899454e-05 0.0030154814908261271
leaf_weight=4726430 176693 177663 165470 170993 174799 184198 1058 164884 173793 176030 178782 184651 42481 107207 36178 44243 144776 117190 3792281 120071 127782 138549 133005 91075 140441 27917 76533 77024 5519219 4927264
leaf_count=4726430 176693 177663 165470 170993 174799 184198 1058 164884 173793 176030 178782 184651 42481 107207 36178 44243 144776 117190 3792281 120071 127782 138549 133005 91075 140441 27917 76533 77024 5519219 4927264
internal_value=-0.000658601 -0.000163881 -0.000144997 -0.000128646 -0.000114882 -0.000101565 -8.83943e-05 -7.48828e-05 -6.54463e-05 -5.34651e-05 -4.10399e-05 -2.8687e-05 -1.63224e-05 -2.88246e-05 -0.000222878 -0.000199939 3.63514e-05 4.80932e-05 -0.000220906 3.46213e-05 4.60347e-05 5.74654e-05 6.94761e-05 -0.00175958 8.22587e-05 9.42942e-05 0.00010685 7.77514e-06 -1.17866e-05 0.000220273
internal_weight=2.23187e+07 1.75922e+07 1.74156e+07 1.72379e+07 1.70724e+07 1.69014e+07 1.67266e+07 1.65424e+07 1.64503e+07 1.62854e+07 1.61116e+07 1.59356e+07 1.57568e+07 1.55722e+07 3.91518e+06 3.8727e+06 1.1657e+07 1.15498e+07 3.83652e+06 1.1405e+07 1.12878e+07 1.11677e+07 1.104e+07 92133 1.09014e+07 1.07684e+07 1.0628e+07 5.67278e+06 5.59624e+06 4.95518e+06
internal_count=22318680 17592250 17415557 17237894 17072424 16901431 16726632 16542434 16450301 16285417 16111624 15935594 15756812 15572161 3915183 3872702 11656978 11549771 3836524 11404995 11287805 11167734 11039952 92133 10901403 10768398 10627957 5672776 5596243 4955181
cat_boundaries=0 95 191 274 361 456 551 552 645 735 829 924 1018 1019 1113 1208 1287 1382 1472 1562 1656 1750 1844 1896 1989 2085 2162 2256 2351
cat_threshold=0 0 0 0 0 0 0 0 0 0 0 0 0 0 0 0 0 0 0 4194304 0 0 0 0 0 0 0 0 0 0 0 0 0 0 0 0 0 0 0 0 0 0 0 0 0 128 262144 0 256 0 8396800 32768 0 0 4 16 0 0 1149372416 1574914 2147485728 64 72 0 0 0 0 0 0 0 16384 0 0 0 0 0 0 0 256 0 0 0 0 0 0 16 33555456 0 33554432 0 0 0 0 1048576 268435456 0 0 0 0 0 0 0 0 0 0 131072 0 0 0 0 0 0 0 0 134217728 0 0 0 0 0 0 0 16 0 0 0 0 0 0 0 0 256 0 0 0 0 0 0 0 0 2147483648 0 4194304 0 0 128 131104 0 1 32 0 0 1 8256 805397520 67108864 33558786 0 0 0 0 0 0 0 0 0 0 0 0 536870912 0 0 0 0 8192 0 0 0 0 0 0 8388608 0 1073741824 0 0 0 8 0 0 128 0 0 0 0 0 0 0 0 0 0 0 0 0 0 0 0 0 0 0 0 0 0 0 0 16777216 0 0 0 33554433 0 0 1 2147483648 0 2147483904 0 0 536870912 0 0 0 65536 1024 0 1 512 4 4096 512 0 0 0 16777216 0 0 2281701376 0 1073741856 2098432 0 0 8388624 4608 0 0 71303168 0 0 0 0 4194368 0 0 0 0 0 0 0 0 0 0 0 1073741824 0 8388608 0 0 0 0 0 0 0 0 0 0 0 129 0 0 4 0 0 0 8256 0 0 0 0 1 0 0 0 134217728 8392704 0 0 0 16777216 0 0 0 0 2147483648 4 0 8388608 0 2147483648 0 0 0 4 0 0 524288 0 0 4194304 0 0 0 1 134217728 805314560 0 2048 512 0 0 0 65536 0 0 134217728 0 16777216 0 16384 0 0 536870912 0 0 0 0 67108864 0 0 0 128 0 0 2048 0 536870912 0 0 0 0 0 0 0 0 0 0 0 0 256 0 0 0 256 0 0 32 0 9437192 0 0 0 0 2228224 16 8 0 512 0 268435472 0 67108864 33554432 0 0 0 0 0 33554432 0 0 0 0 0 0 0 67108864 0 0 0 32770 2097152 20482 32 0 0 0 1024 0 0 0 0 0 0 0 0 0 0 0 0 0 2097152 0 0 0 2147484160 0 0 0 0 0 0 16384 0 0 0 131072 64 0 262144 0 0 0 536870912 0 0 131072 0 0 0 83886080 0 0 0 0 65536 0 0 0 0 2097152 0 272629760 0 0 0 0 0 0 0 0 0 0 0 0 262144 0 0 0 8 2147487744 8 0 0 0 0 8192 0 0 0 2147483648 0 0 262144 32768 0 32768 0 0 0 0 256 0 16777218 0 2147483648 0 33554432 0 32 0 0 0 2097152 0 0 0 0 0 0 0 128 262144 0 32768 0 2 0 0 0 0 4 134217730 0 4194304 0 1048584 0 0 0 16384 0 16384 0 0 0 0 134217728 0 0 0 268435456 0 0 0 0 33554432 0 32 0 0 0 0 0 0 0 402653184 0 16 65536 0 32768 0 0 0 0 2048 1073741824 0 0 0 0 0 256 0 0 0 0 0 0 0 0 0 134217728 4194304 0 1048577 0 0 536870912 0 268435456 0 524288 0 8 0 0 16777216 8404992 1073741824 0 0 67108864 0 0 0 0 0 0 0 0 0 0 0 16777344 134217728 0 0 134217728 0 0 0 0 8388736 0 2048 65536 33554432 0 0 0 0 0 0 16384 0 0 1073741824 0 0 0 0 0 0 0 134219776 0 0 0 0 0 134217728 0 536870912 0 0 0 4 8388608 128 0 0 0 64 0 0 0 268435456 0 0 0 0 0 524288 0 0 82056 0 0 0 0 0 0 3145728 262144 0 0 0 0 0 0 0 1 0 0 0 0 4194304 0 0 0 16 526336 0 131072 0 0 0 0 1024 0 0 0 0 2097160 0 4194304 0 0 33554432 67108864 0 0 0 0 0 0 0 0 0 0 0 256 0 0 65536 0 33554432 0 0 0 0 0 0 0 0 0 0 0 0 64 256 0 8 0 0 0 32768 8388624 0 0 0 8388616 0 262144 0 524288 0 0 65544 0 0 0 0 0 0 33554432 16384 2097152 0 0 0 0 0 0 0 0 24576 1 0 4 0 134217728 0 0 16 0 4096 16 268435456 262144 0 0 268435456 0 0 0 65536 1 0 0 0 0 4194304 0 0 0 0 0 0 262144 2 0 0 0 1 0 0 0 0 0 0 8389120 0 4 262144 0 0 0 0 0 0 16384 0 0 16777216 0 0 0 2097152 0 0 0 8192 0 16 2147483648 0 0 0 262145 65536 0 32 0 0 384 0 0 8 0 0 0 0 0 0 2097152 2097152 0 0 262144 0 0 32768 0 0 0 8 0 0 0 0 0 1 0 0 0 0 0 4 0 134217728 0 0 2 0 17 9216 0 0 0 0 0 262144 8 1073741888 268435456 67108864 0 0 2097152 536903680 8388608 0 0 0 536870912 1 0 8 1 0 16384 0 0 0 4227072 0 0 0 8388608 0 0 0 0 2147483648 64 2048 0 0 0 0 0 0 0 0 0 134217728 2048 0 0 0 0 0 0 128 0 0 0 0 0 0 0 0 0 0 0 0 0 0 0 0 0 0 0 0 0 32768 8 0 32 0 0 0 4194304 65536 0 0 0 0 0 0 0 0 0 0 0 0 0 0 0 0 0 0 0 0 0 0 0 0 0 0 0 0 0 0 0 0 0 0 0 0 0 0 4 335544320 0 0 67108864 80 134217728 1073741824 196608 16384 0 2 65536 0 0 0 0 0 0 0 0 0 0 0 0 0 0 0 8192 0 0 0 0 0 2147485696 1 134217728 0 84148224 0 0 0 4 4194304 32768 1024 4096 536871936 16384 0 0 0 0 0 536870912 0 0 134217728 8454144 0 0 0 0 16384 0 32768 0 131072 0 0 0 0 0 0 0 0 0 0 0 0 0 0 0 0 0 0 0 0 0 0 131072 4096 0 0 537919520 0 0 393216 2048 0 0 4194304 0 524288 1610612736 0 2097152 0 0 0 0 67108864 0 285245440 136 0 0 0 32 2147483648 8388608 0 2 0 0 0 0 524288 0 0 0 0 0 0 0 0 0 0 0 0 0 0 0 16384 1048576 0 8192 0 0 0 16777216 1073741824 134217760 0 65536 2097152 0 0 4096 2129928 32768 8192 1073741841 0 0 268435456 0 8192 33280 0 0 0 2147483648 2097152 4 0 0 0 0 0 0 128 0 0 0 0 134217728 0 0 0 0 0 0 0 0 0 0 0 2147483648 0 0 0 0 8 0 0 32 0 0 0 0 0 0 0 1048576 2 0 0 0 0 0 0 1 24 2097152 2 32 2147483712 0 2097152 1048576 0 0 0 0 0 0 64 0 0 0 0 0 0 8192 0 0 0 0 0 1073741824 16 8196 0 0 0 16777216 0 0 2 32768 2147483656 1 8192 2 32 0 512 34816 0 0 0 0 0 0 0 2 0 2097152 0 0 0 0 0 0 0 0 0 0 0 0 4096 0 0 0 0 0 0 0 0 0 0 0 0 0 0 0 0 0 0 0 0 0 0 512 0 0 8388608 0 0 64 0 0 0 0 0 0 0 0 0 0 0 0 0 0 0 0 0 0 0 0 0 0 0 0 0 16 0 0 0 0 0 0 0 0 0 0 0 0 0 0 0 268435456 262144 32800 1073741824 536879104 536870912 0 262144 1032 67141632 0 0 0 67108864 0 0 0 268435456 8450 0 0 0 0 0 0 0 0 0 0 0 0 0 0 0 0 0 1075847168 0 2097160 1024 524288 0 0 83951616 0 262148 0 0 16 0 0 0 0 524288 0 0 0 1073872896 0 32 0 16384 0 16779264 0 0 268435456 0 0 0 1024 0 0 65544 0 33587200 0 1024 1073741824 0 1073741824 0 0 0 8388608 0 2 0 0 0 0 0 0 0 0 0 0 0 0 0 0 0 8192 0 0 0 0 512 0 2097160 2147483648 0 0 0 0 524288 67174912 8388608 0 33554432 33554432 0 0 0 0 0 0 0 0 0 0 0 0 0 0 2048 0 0 0 256 1 0 0 0 0 0 1075838976 0 0 0 67109376 132 16384 0 134217728 0 134218240 4 0 0 8388864 0 2164260864 262144 8192 0 1024 0 0 0 0 0 0 0 0 16 0 512 0 0 262144 0 0 0 0 0 0 0 0 0 0 1073741824 0 0 0 0 0 0 0 524288 0 0 0 0 0 0 0 0 0 0 4096 0 0 0 0 0 0 0 0 128 0 0 0 0 67174400 16777216 0 8192 0 262144 262144 0 0 0 0 0 0 0 1073741824 0 0 8388608 8389120 0 0 262144 33554432 0 0 0 262144 0 0 0 0 2097152 0 0 524288 16777216 0 536870912 0 0 0 0 524288 0 4194304 64 0 4096 2 0 0 0 0 0 0 0 65536 0 0 0 8 0 0 0 0 0 16777216 0 0 262144 0 0 2147483648 0 65552 0 0 1310720 268435456 0 0 0 0 0 0 524288 0 0 4096 0 0 131072 0 0 0 8388608 0 0 0 67108864 0 0 536870912 1 0 0 268435456 268435456 33554432 0 0 33554432 262144 0 0 0 0 0 0 2048 0 0 0 0 0 0 32768 0 0 0 0 0 0 8448 0 2148532224 0 0 16 0 8389120 0 0 0 0 8 0 0 16777216 0 4194304 0 0 0 0 2 0 0 0 4 1048576 0 262272 0 0 128 262144 134217728 1073741824 0 0 0 0 0 0 0 0 0 0 0 0 1073741824 0 0 0 0 0 0 0 0 1073741832 0 0 65536 0 0 0 0 0 0 0 0 0 8388608 0 0 0 0 2097152 0 0 2147483648 0 1048576 0 1073742336 0 4100 0 16384 262208 2049 0 4 537395200 0 8388608 16384 2048 4194304 32768 16384 0 0 0 67117056 2097152 0 8388608 0 0 0 1 16777216 4096 4194304 2147483904 0 0 0 0 33554432 131072 0 0 0 134217984 1024 0 0 0 0 0 0 0 16777218 0 0 2048 0 0 150994944 0 0 4096 0 0 32768 0 0 0 0 8192 33554432 0 0 4096 0 0 0 134217728 0 0 0 0 0 0 0 0 0 0 8 0 0 262144 0 0 0 0 67108864 16809984 0 32 32 9216 0 0 0 0 0 0 0 0 0 0 32768 0 2097152 128 0 0 0 0 0 0 0 2147483648 0 4194304 0 0 0 0 131072 0 32768 8388608 0 0 4096 0 0 0 0 0 0 268435456 0 0 1 0 0 128 0 0 0 67108864 0 4194304 0 16384 0 0 0 0 0 0 0 2048 0 0 268451840 0 0 0 0 4 1024 0 0 0 0 0 0 0 0 0 128 0 33554432 0 0 0 16384 2147483648 0 0 4 0 1 0 2214592512 2048 0 0 0 1048576 67108864 0 0 4227072 0 16384 16384 33554432 0 0 0 0 0 0 0 0 0 256 0 2 0 0 0 0 0 0 2048 4 0 0 0 4 0 0 268435456 0 0 0 0 67108864 32 0 0 0 16 0 0 8388864 0 262144 0 0 33554432 0 0 64 0 65536 134235136 0 0 262144 16778240 0 0 0 8192 0 268435456 0 0 0 0 0 0 0 536870912 0 0 536879104 0 0 0 0 1073741824 1073750016 32 2048 0 0 0 32768 0 0 8 0 536870912 0 0 4 4096 0 0 0 0 67108864 2281701376 0 0 0 0 0 0 0 0 8388608 2 0 256 8 0 0 0 512 536870912 0 0 0 0 0 1 16793600 0 67108864 0 0 262144 0 0 33554432 0 0 0 0 0 0 0 0 0 0 0 134217728 0 0 0 0 0 256 0 0 8 512 0 0 0 0 0 0 16384 0 65536 1073741824 0 0 264192 0 0 2097152 0 0 0 131072 0 0 0 65536 0 2097152 2048 33554432 512 0 67108864 0 0 4210688 1024 0 0 0 0 0 0 0 0 0 0 0 0 0 16908288 0 0 0 0 65536 0 32768 0 16384 0 0 0 0 32768 0 0 0 536870912 0 0 0 0 4096 536870912 0 0 0 8 0 0 262144 0 0 0 545259520 0 0 0 0 0 0 0 0 268451840 268435456 0 0 0 0 0 41943040 16384 0 524290 0 256 0 0 0 0 0 0 4194816 0 0 0 32 0 0 0 0 0 2048
is_linear=0
shrinkage=0.05


Tree=93
num_leaves=31
num_cat=26
split_feature=16 0 0 0 0 9 0 0 0 0 0 0 0 0 3 0 0 0 0 0 0 0 0 0 13 0 20 0 20 0
split_gain=8167.93 251.362 170.713 132.501 112.395 106.686 103.259 101.831 93.282 88.5371 85.9068 79.2719 75.7828 72.0723 66.6568 74.5312 71.9472 64.8953 57.7725 56.63 52.0507 51.0345 52.0505 46.5259 45.1619 61.0327 42.52 41.9804 43.1683 54.9496
threshold=1.0000000180025095e-35 0 1 2 3 4 5 6 7 8 9 10 11 12 13 14 15 16 17 18 19 20 21 22 1.0000000180025095e-35 23 1.0537109375000002 24 0.55346679687500011 25
decision_type=10 9 9 9 9 9 9 9 9 9 9 9 9 9 1 9 9 9 9 9 9 9 9 9 2 9 2 9 2 9
left_child=-1 -2 -3 -4 -5 -6 -7 -8 -9 -10 -11 -12 -13 -14 15 -15 -17 -16 -19 -18 -20 -22 -23 -24 26 -26 -25 -21 29 -29
right_child=1 2 3 4 5 6 7 8 9 10 11 12 13 14 17 16 19 18 20 27 21 22 23 24 25 -27 -28 28 -30 -31
leaf_value=-0.0033532624438284246 -0.013742009509239983 -0.017885031672184814 -0.021316688236195716 -0.023101004342159649 -0.027545406803535233 -0.025339705947122749 -0.022827706191942465 -0.021278420707204995 -0.011867233705907466 -0.015751710076792987 -0.022153058584786958 0.050863621410385057 -0.014952736135153095 -0.011297951918648035 -0.015834356517561807 0.0074951327135690249 -0.0071010698541493118 0.099181384486141111 -0.01433563753483187 -0.01005721624895093 -0.013352253280575358 -0.0084517171297287304 0.062302837462246741 0.0008513801901383456 0.16804803637647903 0.002341712460143894 -0.0047828304178879457 0.062517019755449738 -0.0071491302050455804 -5.4151789597978178e-05
leaf_weight=4726430 179682 172171 169832 169204 47200 168640 180079 175740 174094 181969 179109 190687 175115 42319 103173 34764 42716 141079 116006 38295 122649 133885 153497 4109410 43912 3494536 3128684 3933 1760221 1959649
leaf_count=4726430 179682 172171 169832 169204 47200 168640 180079 175740 174094 181969 179109 190687 175115 42319 103173 34764 42716 141079 116006 38295 122649 133885 153497 4109410 43912 3494536 3128684 3933 1760221 1959649
internal_value=-0.00065462 -0.00015883 -0.000139631 -0.000123985 -0.000110159 -9.73213e-05 -9.06727e-05 -7.82302e-05 -6.53278e-05 -5.29963e-05 -4.09102e-05 -2.86038e-05 -1.67421e-05 -2.88497e-05 -1.74012e-05 -0.000196642 -0.000173638 4.28572e-05 5.41127e-05 -0.000194329 4.15609e-05 5.2488e-05 6.37326e-05 7.57358e-05 6.34237e-05 0.000209817 -8.14293e-06 -0.000173772 -0.000156831 4.35114e-06
internal_weight=2.23187e+07 1.75922e+07 1.74126e+07 1.72404e+07 1.70706e+07 1.69014e+07 1.68542e+07 1.66855e+07 1.65054e+07 1.63297e+07 1.61556e+07 1.59736e+07 1.57945e+07 1.56038e+07 1.54287e+07 3.8819e+06 3.83958e+06 1.15468e+07 1.14437e+07 3.80481e+06 1.13026e+07 1.11866e+07 1.10639e+07 1.093e+07 1.07765e+07 3.53845e+06 7.23809e+06 3.7621e+06 3.7238e+06 1.96358e+06
internal_count=22318680 17592250 17412568 17240397 17070565 16901361 16854161 16685521 16505442 16329702 16155608 15973639 15794530 15603843 15428728 3881897 3839578 11546831 11443658 3804814 11302579 11186573 11063924 10930039 10776542 3538448 7238094 3762098 3723803 1963582
cat_boundaries=0 95 191 274 365 366 461 554 635 729 820 910 994 1087 1088 1182 1277 1356 1451 1546 1640 1734 1825 1902 1987 2080 2156
cat_threshold=0 0 0 0 0 0 0 0 0 0 0 0 0 0 0 0 0 0 0 4194304 0 0 0 0 0 0 0 0 0 0 0 0 0 0 0 0 0 0 0 0 0 0 0 0 0 2147483776 262144 0 256 0 8396800 32768 0 0 4 16 0 0 1149372416 1574914 2147485728 64 72 0 0 0 0 0 0 0 0 0 0 0 0 0 0 0 256 0 0 0 0 0 0 16 33555456 0 33554432 0 0 0 0 1048576 268435456 0 0 0 0 0 0 0 0 0 0 131072 0 0 0 0 0 0 0 0 0 0 0 0 0 0 0 0 0 0 0 0 0 0 0 0 0 256 536870912 0 0 0 0 1024 0 0 0 0 4194304 0 0 128 131104 0 1 32 134217728 0 1 8256 805397520 67108864 33558786 0 0 0 0 0 0 0 0 0 0 0 0 536870912 0 0 0 0 8192 0 0 0 0 0 0 8388608 0 1073741824 0 0 0 8 0 0 128 0 0 0 0 0 0 0 0 0 0 0 0 0 0 0 0 0 0 0 0 0 0 0 0 16777216 1 0 0 33554433 0 4096 1 2147483648 0 2147483904 0 0 0 0 0 0 65536 0 0 0 512 4 0 512 0 0 0 16777216 0 4194304 2147483648 0 1073741856 2098432 0 0 8388624 4608 0 0 71303168 0 0 0 0 138412096 0 16777216 0 0 0 0 0 0 0 0 0 1073741824 0 8388608 2048 0 536870912 0 0 0 0 0 0 0 0 128 0 0 0 0 0 0 8256 0 0 0 0 0 9437184 0 0 134217728 8388608 0 0 0 16777216 0 0 0 0 2147483648 4 0 8388608 0 2147483648 0 0 4096 4 0 0 524288 0 0 0 0 0 0 1 134217728 805330946 32 2048 512 0 1024 0 0 0 0 0 0 0 0 16384 0 0 0 0 0 0 0 67108864 0 0 0 0 0 0 0 16384 2 0 0 0 0 0 0 536870912 0 0 0 0 0 0 1 0 0 4 0 0 0 0 256 0 0 32 4194304 8 0 0 0 0 2228224 16 8 0 512 0 268435456 0 67108864 33554432 0 0 2147487744 0 0 33554432 0 0 0 0 0 0 2147483648 67108864 0 0 0 32768 2097152 0 0 0 0 0 0 16777218 65536 0 0 33554432 0 0 0 0 0 0 536870912 0 0 0 0 0 2147484160 128 0 0 0 0 0 0 0 0 0 131076 64 0 0 8 0 0 0 0 0 147456 0 0 0 0 0 0 0 256 0 0 0 0 0 35651584 0 268435456 0 0 0 0 0 0 0 402653184 0 16 0 16 294912 0 0 0 8 2048 1073741832 0 0 0 0 8192 0 0 0 0 0 0 0 32768 0 32768 0 0 0 0 256 0 536870912 0 2147483648 0 0 0 0 0 0 0 10485760 1073741824 0 2097152 0 0 0 0 0 262144 0 32768 0 2 0 0 16777216 0 4194304 262144 135266304 0 0 0 16384 8388608 0 2048 0 33554432 0 134217728 0 0 0 268500992 16384 0 0 0 0 0 32 0 16 0 0 2048 0 0 0 0 0 134283264 0 536870912 0 0 0 0 0 0 0 0 0 64 0 0 0 0 0 0 0 262144 0 0 0 0 4259840 0 1048577 0 0 0 0 269484032 0 524288 0 32 0 0 16777216 16384 1 0 0 67108864 134217728 0 0 0 0 0 0 0 0 0 0 4194304 0 67108864 0 0 0 0 0 0 0 0 1073741824 0 0 0 0 256 0 0 134283264 0 0 0 0 0 0 0 0 0 0 0 4 8388608 128 64 0 0 8200 0 0 0 32768 0 0 0 0 8388608 524288 262144 134217728 16520 0 0 65536 0 0 0 2097152 262144 0 0 8 0 0 0 0 0 0 0 0 0 4202496 0 0 0 0 524288 0 131072 0 0 5120 16 268435456 262144 0 0 1024 0 0 0 128 2097160 0 0 0 0 33554432 67108864 0 0 0 0 0 262144 2 0 0 0 0 0 0 0 0 0 33554432 0 0 4 262144 0 0 0 0 0 0 0 0 0 256 0 0 0 0 0 0 0 0 0 16 8 0 0 0 262144 65536 0 40 0 0 0 0 0 8 33554432 0 2097152 0 0 0 2097152 2097152 0 0 1073741824 16384 1 0 0 16 134219776 0 0 16 2148532224 32 0 0 0 0 65536 0 0 1 0 0 0 0 4194304 0 0 0 0 0 0 268435456 0 8192 0 0 0 0 2147483648 0 1024 0 0 8389120 0 0 0 0 8388624 0 0 4608 0 16384 0 0 0 0 1024 0 65536 0 0 0 2147491840 0 0 2147483648 128 0 0 1 32 0 0 0 0 256 0 0 1049088 0 0 0 0 0 0 0 0 0 0 0 0 0 32768 4 0 0 8 16777216 0 0 0 0 128 0 0 134217728 0 0 0 0 1 9216 0 1 0 0 0 0 8 1073741824 268435456 8388608 0 67108864 538968064 536903680 8388608 64 0 0 536870912 1 0 8 1 0 16384 131072 0 0 4460560 0 0 0 0 0 0 0 2 2147483648 0 2048 0 0 0 0 0 0 0 0 0 4 0 0 0 0 0 0 0 0 0 0 0 0 0 0 0 0 0 0 0 1073741824 0 0 0 0 268435456 0 16777216 0 65536 0 1073741824 0 0 0 0 0 0 0 1073741824 0 268435456 0 0 0 256 0 32768 65536 0 4194304 0 0 1073741824 0 0 0 524288 0 0 0 2 2097152 0 0 0 0 16777248 4 0 0 0 0 0 8388608 0 0 0 0 0 4 16 0 262400 524288 16384 0 0 128 0 1572864 0 0 0 0 33554432 0 0 0 0 0 0 16 2101248 0 0 0 0 0 0 0 0 0 256 8 0 0 0 0 0 4194304 0 0 0 0 0 0 0 0 0 0 0 0 0 0 0 0 0 0 0 0 0 0 0 0 0 0 0 0 0 0 0 0 0 0 0 0 0 0 268435456 4 67108864 1073741824 0 67108864 16 134217728 1073741824 163840 0 0 0 65536 0 0 0 524288 0 0 0 0 0 0 0 0 0 0 0 8192 0 0 0 0 0 2147485696 8193 134217728 0 84148224 524288 0 128 65540 4194304 32768 1024 4096 536870912 16384 0 0 0 0 0 536870912 0 0 0 8454144 0 0 0 0 0 0 32768 0 131072 0 0 0 0 0 0 0 0 0 0 0 0 0 0 0 0 0 0 0 0 0 0 131072 0 0 0 537919520 0 0 393216 2048 2097152 2 4194312 65552 0 1073741824 0 0 0 0 0 0 0 0 285247488 136 0 0 0 0 2147483648 8388736 0 2 0 0 0 0 524288 0 0 0 0 0 0 0 0 0 0 0 0 0 0 0 24576 0 0 8192 0 0 0 0 1074266112 0 0 65536 2228224 0 16777248 4096 2146312 32768 16777216 17 134217728 0 0 0 0 33280 0 0 0 0 2097152 4 1024 0 0 0 0 0 128 0 0 0 0 134217728 0 1 0 0 0 0 0 0 0 0 0 0 0 8192 0 0 0 0 0 0 0 0 0 0 0 0 0 65536 8388610 16384 0 0 0 0 0 1 8 2097152 67108866 2097152 2147483712 0 2097152 1048576 0 0 0 0 0 0 64 0 0 0 0 0 0 139264 0 67108864 0 0 0 1073741824 16 8196 0 0 0 0 0 0 2 32768 2147483656 1 8192 4194306 0 0 512 34816 0 0 0 0 0 0 2048 0 0 0 32 0 2 0 0 0 0 0 0 0 0 0 0 0 0 0 0 0 0 0 0 0 0 0 0 0 0 0 0 0 0 0 0 0 0 0 0 0 8388608 0 0 68 0 0 0 0 0 0 0 0 0 0 0 0 0 0 0 0 0 0 0 0 0 0 0 0 0 16 0 0 0 0 0 0 0 0 0 0 0 0 0 0 0 0 262144 32768 0 536870912 536870912 0 262144 268436512 67108864 0 0 0 67108864 0 0 260 268435456 8194 0 4 0 0 0 0 0 0 0 0 16384 2 0 0 0 4194304 0 1075838976 0 0 1024 0 0 0 2164260928 262144 262148 0 0 0 0 1 0 0 0 256 0 0 0 0 32 0 0 0 0 0 67108864 128 16384 2048 134217728 0 134218240 0 0 0 1024 0 2147483649 8 0 33587200 0 536870912 0 0 1073741824 0 0 0 0 16 0 0 0 0 262144 0 0 0 0 0 2097152 0 0 0 0 1073741824 0 0 0 0 0 512 0 8 2147483648 0 0 0 0 0 67108864 0 0 33554432 4096 0 0 0 0 524288 0 0 0 128 0 0 0 0 67108864 2048 0 0 0 262144 262144 0 16 0 1 0 0 0 0 0 0 8388608 8389120 0 512 262148 33554432 8192 0 0 0 4 0 0 8388608 0 16777216 262144 532480 16777216 0 0 0 8192 0 2148532224 0 0 4194304 64 0 0 2 0 0 0 0 0 0 0 0 0 0 0 0 0 0 0 0 0 16777216 0 0 0 0 0 0 0 65536 0 0 1310720 268435456 0 0 0 0 0 0 0 0 0 0 0 0 0 0 0 65536 8388608 0 0 0 67108864 0 0 0 1 0 0 268435456 268435456 1107296256 0 2097152 33555456 262144 0 0 0 0 0 0 0 262144 0 0 0 0 134217728 0 0 4096 0 0 0 0 0 0 0 0 0 0 0 8389120 0 0 0 0 0 0 0 16777216 0 4194304 0 0 0 8 2 0 0 0 0 1048576 0 0 69468160 0 128 2147745792 134217728 16 0 16384 0 0 0 0 0 0 0 0 0 0 2097152 0 0 0 0 0 0 0 0 3221225480 16 8192 4194304 2208 8392704 9437696 8388608 0 0 0 0 0 0 4 0 0 0 0 0 4096 0 0 2097152 0 0 2147483648 0 4194304 256 0 0 8192 0 16777216 0 262144 0 0 0 0 0 0 536870945 0 0 0 0 0 0 0 0 1073741824 0 2 0 2097152 8388608 0 0 0 0 0 0 0 0 0 0 0 0 0 0 0 536870912 0 0 8388672 524288 0 0 0 0 0 0 0 5120 0 268435456 4194304 268435456 134217728 0 0 1026 268435456 1073872912 0 0 0 1088 0 2 0 0 81920 0 0 0 16384 0 131073 525312 4194304 0 128 256 0 0 0 1024 131584 0 131072 0 0 0 2147483648 0 0 0 0 0 0 0 0 0 0 0 0 0 0 0 0 0 0 0 0 0 0 0 4 0 0 0 0 0 0 0 0 0 0 0 512 0 0 0 0 0 16 0 0 0 0 524288 0 2097152 0 0 1073741824 0 0 0 1 0 0 0 0 0 8388608 0 4096 0 0 0 0 0 0 0 0 0 0 0 0 0 64 0 0 0 0 131072 33554432 0 0 0 2097152 8192 0 32768 0 33554432 4194304 134217728 4198400 4718600 131072 0 0 33554432 268435456 0 0 0 0 0 0 0 0 0 0 0 0 0 268435456 0 0 1024 2097152 4 1048576 0 0 128 0 0 134217728 262144 0 0 0 0 0 0 0 0 0 0 0 0 134754304 262144 0 0 134217728 528384 0 268500996 0 16 64 0 0 32784 0 0 65536 268451840 0 134217728 67108864 0 0 0 0 16777216 402653184 32 16 0 0 0 524288 0 0 65536 0 0 0 0 0 524288 0 0 0 0 0 0 0 0 1048576 0 0 1048576 0 0 0 0 1024 0 0 0 0 32
is_linear=0
shrinkage=0.05


Tree=94
num_leaves=31
num_cat=27
split_feature=16 0 0 0 0 9 0 0 0 0 0 0 0 0 0 0 0 0 3 0 0 0 0 0 0 0 20 19 0 0
split_gain=8207.82 242.287 164.277 124.83 105.259 105.095 103.331 89.3672 85.8101 83.3703 81.0951 77.832 72.4209 62.6739 63.8831 59.513 61.775 58.2465 53.48 80.071 77.6937 55.6853 54.8552 52.0086 47.2397 45.7098 48.5807 120.29 58.1032 44.7116
threshold=1.0000000180025095e-35 0 1 2 3 4 5 6 7 8 9 10 11 12 13 14 15 16 17 18 19 20 21 22 23 24 0.58911132812500011 1.0000000180025095e-35 25 26
decision_type=10 9 9 9 9 9 9 9 9 9 9 9 9 9 9 9 9 9 1 9 9 9 9 9 9 9 2 2 9 9
left_child=-1 -2 -3 -4 -5 -6 -7 -8 -9 -10 -11 -12 -13 -14 -15 -16 -17 -18 19 -19 -21 -20 -22 -24 -23 -26 27 -27 -29 -25
right_child=1 2 3 4 5 6 7 8 9 10 11 12 13 14 15 16 17 18 21 20 22 24 23 29 25 26 -28 28 -30 -31
leaf_value=-0.0031855993216370034 -0.012718041221815924 -0.017496796764911504 -0.023102217511068737 -0.020956218604007315 -0.026168136463358471 -0.026164502702385045 -0.020590550331366649 -0.019256642365863386 -0.012097762945525737 -0.01916994424321786 -0.018353194678576237 0.053819675828829489 -0.01500549856256388 -0.017684021305159139 -0.016990251999248075 -0.014468212630655251 -0.014449147310019231 0.32678292978427464 -0.022417332396357761 -0.0094259295642350124 0.14938102950380408 0.015152685513758977 -0.0082611400265603461 0.10538532363406113 -0.016804350531997293 -0.00085986423110651078 -0.0027508915150230317 0.1338800483742115 0.0016948572421246211 0.002863382015663829
leaf_weight=4726430 178109 170960 166926 167098 47222 180749 168585 169401 173496 183414 190534 200569 162284 168607 165482 179076 177562 41467 108901 41705 47075 112834 40319 46962 127874 2202783 5737704 2088 2668513 3563951
leaf_count=4726430 178109 170960 166926 167098 47222 180749 168585 169401 173496 183414 190534 200569 162284 168607 165482 179076 177562 41467 108901 41705 47075 112834 40319 46962 127874 2202783 5737704 2088 2668513 3563951
internal_value=-0.00065012 -0.000153121 -0.000134354 -0.000119062 -0.000105761 -9.34199e-05 -8.68226e-05 -7.3938e-05 -6.22441e-05 -5.06394e-05 -3.89413e-05 -2.69471e-05 -1.48299e-05 -2.69716e-05 -1.66927e-05 -6.00087e-06 4.33517e-06 1.54155e-05 2.62581e-05 0.000188391 0.000164162 -2.96787e-05 0.000188364 0.000166496 -1.83883e-05 -2.90821e-05 -1.77575e-05 9.83274e-05 0.000323933 0.000186439
internal_weight=2.23187e+07 1.75922e+07 1.74141e+07 1.72432e+07 1.70763e+07 1.69092e+07 1.68619e+07 1.66812e+07 1.65126e+07 1.63432e+07 1.61697e+07 1.59863e+07 1.57958e+07 1.55952e+07 1.54329e+07 1.52643e+07 1.50988e+07 1.49197e+07 1.47422e+07 3.78148e+06 3.74001e+06 1.09607e+07 3.69831e+06 3.65123e+06 1.08518e+07 1.0739e+07 1.06111e+07 4.87338e+06 2.6706e+06 3.61091e+06
internal_count=22318680 17592250 17414141 17243181 17076255 16909157 16861935 16681186 16512601 16343200 16169704 15986290 15795756 15595187 15432903 15264296 15098814 14919738 14742176 3781479 3740012 10960697 3698307 3651232 10851796 10738962 10611088 4873384 2670601 3610913
cat_boundaries=0 95 191 264 347 348 438 533 628 721 812 904 987 1077 1170 1262 1355 1446 1447 1542 1638 1732 1826 1914 2010 2105 2181 2266
cat_threshold=0 0 0 0 0 0 0 0 0 0 0 0 0 0 0 0 0 0 0 0 0 0 0 0 0 0 0 0 0 0 0 0 0 0 0 0 0 0 0 0 0 0 0 0 0 2147483776 262144 0 256 0 8396800 0 0 0 4 16 0 0 1082263616 1583106 2147485728 64 72 0 0 0 0 0 0 0 0 0 0 0 0 0 0 0 256 0 0 0 0 0 0 16 41944064 0 33554432 0 0 0 0 1048576 268435456 0 0 0 0 0 0 0 0 0 0 131072 0 0 0 0 0 0 0 0 0 0 0 0 0 0 0 0 0 0 0 0 0 0 0 0 0 256 536870912 0 0 0 0 1024 0 0 0 0 4194304 0 0 128 32 0 1 32 134217728 0 33 8194 805389328 67108864 33558802 0 0 0 0 0 0 0 0 0 0 0 0 536870912 0 0 0 0 8192 0 0 1073741824 0 0 0 0 0 1073741824 0 0 0 8 0 0 128 0 0 0 0 0 0 0 0 0 0 0 0 0 0 0 0 0 0 0 0 64 0 0 0 16777216 1 0 0 33554433 0 8392704 1 2147483648 0 2147483904 0 0 0 0 0 4 65536 0 0 0 0 4 0 512 0 0 131072 16777216 0 0 2147483648 0 1073741824 2098432 0 536870912 8388608 6656 512 0 67108864 0 0 0 0 4194368 0 16777216 0 0 2048 0 536870912 0 0 0 0 0 0 0 0 129 0 0 0 0 0 0 8192 0 0 0 32 0 0 0 0 0 0 131072 0 8 16777216 512 0 0 0 2147483648 0 0 8388608 0 2147483648 512 33554432 4096 4 0 0 524288 0 0 4194304 0 0 0 32769 136314880 268460034 32 0 0 0 0 2 65536 0 0 0 0 0 0 16384 0 0 0 0 0 0 0 67108864 2 64 0 0 0 0 0 536870912 0 0 0 0 0 0 0 0 0 4 0 0 0 0 256 0 35651584 0 0 1048584 0 0 134217728 0 2097152 16 134217728 0 0 0 268435472 0 67108864 0 0 8 2147487744 8 0 0 0 0 0 0 0 0 2147483648 67108864 0 0 32768 0 32768 0 0 0 0 0 1024 16777216 0 0 0 0 0 0 0 0 0 2097152 536870912 0 2097152 0 0 0 2147484160 128 0 0 0 0 2 0 12582912 262144 1048584 0 0 0 0 0 16384 2048 0 0 0 0 0 0 0 0 16384 0 0 0 0 0 272629760 0 0 0 0 2048 0 0 268435456 0 16 134283264 0 32768 0 0 0 0 0 1073741824 0 0 0 64 8192 0 0 0 0 0 0 0 0 0 0 0 4194304 0 1048576 0 0 0 0 2148532224 0 34078720 0 32 0 0 16777216 8388608 0 0 0 0 0 0 0 0 262144 0 32768 0 0 0 0 16777216 0 131072 0 0 0 134217728 0 0 0 16384 0 131072 0 0 33554432 67108864 0 0 0 0 65536 0 0 0 1073741824 0 0 32 0 0 0 0 134283264 0 0 0 0 0 0 0 537133056 0 0 0 0 8390656 128 0 0 0 0 0 0 0 0 0 0 0 262144 0 524288 0 0 82048 0 1 65792 0 536870912 0 270532608 0 0 0 0 0 0 0 16384 1073741824 0 0 0 0 8192 0 0 0 0 524288 0 0 0 0 0 16 4 134217728 0 0 0 0 0 0 0 128 2097152 0 4194304 0 0 134217728 0 0 256 0 0 0 262144 0 0 0 0 0 256 0 0 0 0 33554432 0 0 0 0 0 0 0 33554432 0 4 0 0 64 0 0 8 0 0 0 32768 16 0 0 0 8 67108864 262144 134217728 8 0 0 32 0 0 0 0 262144 0 33554432 8 0 0 0 0 1 0 0 67108864 0 4194304 1 0 0 16 134217728 0 131072 0 0 4096 0 262176 0 0 1024 0 0 0 8388608 8 0 0 0 0 4194304 67108864 0 0 268435456 0 0 268435456 2 0 0 0 0 0 2147483648 0 0 0 0 8388608 0 4 262144 0 0 0 0 0 0 0 0 0 256 0 0 0 0 0 0 0 0 0 16 0 0 0 0 1 65568 0 8 0 0 256 0 0 1048584 0 0 2097152 0 0 0 2097152 2097152 0 0 1073741824 16384 0 0 4 0 2048 0 16777216 16 2416967680 0 0 0 0 0 0 0 1073741824 0 1073741824 0 0 0 33554432 0 0 0 0 0 268435456 0 0 8192 0 0 8421376 0 0 4194304 0 0 0 0 0 0 524288 0 0 0 2 4608 0 16384 0 0 32 4 0 0 65536 0 0 8388608 2147491840 0 0 2147483648 128 0 0 0 262144 0 16384 0 0 128 0 0 512 0 0 0 0 0 0 8192 0 0 0 16 0 0 0 0 0 0 8 0 0 134217728 0 0 0 16 0 0 0 0 1024 0 0 0 16 0 0 0 0 0 537395200 33554432 8 1073741824 268435712 1024 0 67108864 0 536903680 8388608 2 32 0 541065216 1 0 8 1 0 16384 0 0 0 4194320 4 0 16 0 0 0 0 1026 2147483648 0 2048 0 0 0 0 0 0 0 0 0 0 0 0 0 0 0 0 0 0 0 0 0 0 0 0 0 0 0 0 8388608 0 0 0 0 0 0 16777216 1073741824 0 1 0 0 0 0 0 2097152 0 0 1073741824 0 512 0 0 0 0 0 0 0 0 0 1024 0 1073741824 8192 1024 0 0 0 16 0 0 2097152 0 0 0 0 0 0 0 67108864 4194304 294912 0 0 2048 0 0 8388608 0 2147487748 0 512 0 0 0 0 32 0 0 1572864 0 0 0 0 33554432 0 0 0 0 0 0 4194304 2101248 0 32768 0 0 2147483648 0 262144 0 0 4096 0 0 0 0 8388608 0 0 0 0 8388608 0 67108864 0 0 16779264 0 1 0 0 0 131072 256 0 0 69632 0 0 4 0 0 512 0 0 0 128 8388608 0 0 0 0 0 0 0 0 0 0 0 0 0 16 0 0 0 0 67108864 0 16777216 34078720 268435456 256 67633152 0 0 0 0 0 0 0 0 0 0 0 0 0 2048 0 0 0 32768 33554432 16384 0 33554432 0 0 67108864 0 2147483648 0 4194304 0 0 16 0 1 0 131072 0 65536 0 256 0 0 0 0 262144 0 0 0 1024 0 0 0 0 0 0 2147483648 262144 0 35651584 0 0 0 0 0 2147483648 0 0 0 0 524288 0 16384 0 0 0 16777216 0 0 0 0 0 268435456 0 0 0 0 0 0 0 9 0 0 0 0 2151677952 262144 134217728 134217728 0 1 262144 0 16384 0 32768 67108864 0 4194304 0 0 0 0 0 0 0 0 0 128 2048 0 8192 262144 0 0 0 301989888 33554432 0 0 0 0 65536 0 0 0 0 1073774592 0 0 16 64 134217728 0 0 524288 0 134217728 0 0 0 0 0 65536 0 0 0 0 0 0 67108864 0 0 0 0 0 262145 0 0 0 0 0 0 0 0 0 8 0 2097152 0 0 33554432 1048576 0 16 0 0 0 0 0 272 0 0 0 16384 0 0 134217728 0 0 1 268435584 0 0 1024 0 0 0 128 67108864 0 0 0 0 64 0 0 0 0 0 0 268435456 0 0 0 2097152 131072 0 268435456 4096 0 0 0 0 20971520 0 0 0 0 1024 0 0 16 0 0 0 0 0 0 524288 16384 8704 0 0 0 0 0 2 0 0 0 0 0 16777216 0 0 18874368 0 0 0 8 0 0 0 0 0 0 16386 0 4096 0 0 0 1073741824 0 128 1048576 0 33554433 0 0 4096 1048576 0 0 0 262144 128 0 2147483648 0 0 0 0 0 1024 4 0 0 0 0 0 0 0 0 0 0 0 0 0 0 0 0 0 0 0 0 0 0 0 0 0 0 33562624 1073741824 16 8196 16384 0 16777216 2048 8388608 0 2 32768 2147483656 0 8192 4194304 537001984 0 131584 0 0 0 0 0 0 0 0 0 0 0 0 0 0 0 0 0 0 16512 0 0 0 0 0 2048 0 2 0 0 0 8388672 2 0 524288 0 0 0 0 0 0 0 0 1073741824 32 1073741824 0 0 0 0 2 0 0 0 0 0 0 0 0 134217760 0 8388608 0 0 0 0 0 0 128 0 0 0 0 0 0 32768 0 1 8 0 0 0 0 0 0 0 8192 0 0 4194304 0 0 4 0 0 0 0 0 0 0 0 64 134217728 0 0 16384 0 0 0 0 0 0 0 0 65568 16777216 128 0 0 1026 0 0 0 134217728 0 2147483648 0 0 0 0 0 2048 0 256 32768 1024 0 536870912 6 0 0 0 0 536870912 16384 2048 256 0 0 64 0 0 0 0 0 257 0 4096 0 65536 0 0 0 0 0 0 0 0 0 0 0 0 0 0 0 0 2147483648 0 0 0 256 0 1024 32 0 0 0 0 0 0 0 0 0 131072 0 0 0 0 0 0 0 0 0 0 0 0 4194304 4194304 0 0 0 0 65536 4194304 3145728 0 3221225472 537133056 0 0 0 256 0 0 256 0 0 2097152 268435456 0 0 0 134217728 0 33554432 4210688 134234112 0 0 0 33554560 0 0 0 2080 0 0 0 0 0 0 0 0 0 0 64 0 0 0 0 0 0 1024 0 268435968 0 16384 0 0 0 8 0 25165824 131073 1024 0 0 0 256 0 0 0 1024 0 3145728 0 0 0 2147483648 0 0 0 0 0 0 0 0 0 0 0 0 0 0 0 0 4 285212672 0 0 4194304 0 0 0 0 32768 0 1029 33554432 0 131072 0 0 524288 0 0 0 0 0 0 1024 0 0 2097152 0 524288 0 0 536879104 0 32 0 0 64 0 8388608 0 0 0 0 1048576 128 0 0 0 0 0 0 0 0 0 2097152 0 0 0 0 0 0 0 0 0 0 0 0 0 16 4194304 0 0 0 0 0 0 2 2105344 0 16777220 0 0 131072 33554432 0 33554434 0 0 0 0 0 0 0 0 0 0 0 65536 0 65536 8388608 0 0 4096 33554432 0 268435456 0 2147483648 0 0 514 0 0 131074 0 4194368 524288 33554432 524288 2 1073741824 128 0 0 0 8388608 8388608 4096 0 0 0 0 0 0 131072 0 0 0 0 0 0 0 0 0 0 0 0 0 0 0 0 2048 0 0 0 0 0 0 4096 0 0 8388608 0 1049600 2359296 0 131076 0 4456448 0 524288 0 8392768 388 0 0 0 0 0 65536 0 0 0 0 0 0 0 0 4 0 0 0 0 0 0 0 0 0 0 0 0 2 0 0 0 0 0 0 0 0 0 1 0 67108864 0 0 0 0 0 0 0 2147483648 32768 0 0 0 0 0 0 32768 0 0 4194304 50331648 0 0 0 0 0 0 0 0 0 16384 8192 1048576 0 0 16384 0 2 4096 0 0 0 0 0 0 0 0 0 0 0 0 32 0 0 0 0 0 0 0 0 67108864 0 0 2147483648 268435456 0 0 0 134217792 134217728 0 0 8192 0 65536 1073741824 2147483648 0 16 0 134217728 4 0 0 0 0 65536 262144 0 0 0 262144 134217728 2097152 1073741824 0 0 0 0 0 0 0 10240 0 4194304 0 0 0 0 134217728 131072 0 0 262144 67108864 144 32768 67108864 0 32768 0 0 0 0 0 134479872 0 0 0 0 0 32 268435456 8421376 16777216 0 0 0 4096 268435456 0 0 0 4194400 0 0 0 2097152 0 0 0 0 0 0 0 0 0 0 0 0 512 1073741824 0 0 1024 0 0 0 0 536870916 0 2 0 0 0 0 0 0 0 0 0 0 0 0 0 0 0 1073741824 0 4096 0 0 0 0 0 0 16384 0 0 0 268435456 524288 0 0 138412032 128 0 8388608 0 0 147456 0 0 0 0 0 0 0 0 0 0 0 0 0 0 0 0 0 0 0 128 0 2097152 0 8192 0 0 8194 4096 8 1024 67108992 33816576 1024 0 2147483648 4194304 32768 2147483648 0 256 2 0 0 512
is_linear=0
shrinkage=0.05


Tree=95
num_leaves=31
num_cat=26
split_feature=16 0 0 0 9 0 0 0 0 0 0 0 0 0 0 0 0 0 0 3 0 0 0 0 20 0 20 19 0 0
split_gain=8228.11 236.978 164.138 124.289 103.791 101.885 95.0067 82.88 79.8661 83.6714 75.3474 72.1433 67.7185 63.1812 53.3685 61.6273 50.4511 57.245 50.6492 46.3467 77.2161 69.5368 54.7213 49.4163 46.8258 44.1818 46.8944 103.937 47.073 43.577
threshold=1.0000000180025095e-35 0 1 2 3 4 5 6 7 8 9 10 11 12 13 14 15 16 17 18 19 20 21 22 4.9121093750000009 23 0.58911132812500011 1.0000000180025095e-35 24 25
decision_type=10 9 9 9 9 9 9 9 9 9 9 9 9 9 9 9 9 9 9 1 9 9 9 9 2 9 2 2 9 9
left_child=-1 -2 -3 -4 -5 -6 -7 -8 -9 -10 -11 -12 -13 -14 -15 -16 -17 -18 -19 20 24 -22 -23 -21 -20 -25 27 -27 -29 -24
right_child=1 2 3 4 5 6 7 8 9 10 11 12 13 14 15 16 17 18 19 23 21 22 29 25 -26 26 -28 28 -30 -31
leaf_value=-0.003026319355555153 -0.01188359066668543 -0.016863861479421229 -0.021290165286793863 -0.024942074610469118 -0.022424614654556765 -0.026089759784016498 -0.022289958609990057 -0.015048005675876075 -0.013262715112627802 0.061348229097839817 -0.017874488860184824 -0.01785042732809549 -0.015118085084610001 -0.017486652139783534 -0.0197149741096171 -0.013255402388415039 -0.009251954064922319 -0.017221634721786793 0.89833785406219668 -0.023789485006493728 -0.0093260759209829024 -0.0076042008123018319 0.15793896899135926 -0.018887925053495003 0.35007002198075288 -0.00042864493842580402 -0.0021873465721226667 0.18695597514033208 0.0016286114107830919 0.0033958821659725857
leaf_weight=4726430 176027 173042 168451 47680 166866 174531 164924 166888 185807 213985 182287 181501 176637 155749 187545 161052 189306 172830 7906 100282 39307 44282 46590 129759 39157 2185968 5731285 1630 2666828 3554148
leaf_count=4726430 176027 173042 168451 47680 166866 174531 164924 166888 185807 213985 182287 181501 176637 155749 187545 161052 189306 172830 7906 100282 39307 44282 46590 129759 39157 2185968 5731285 1630 2666828 3554148
internal_value=-0.000647835 -0.000150222 -0.000131772 -0.000116395 -0.000103061 -9.65366e-05 -8.43685e-05 -7.22292e-05 -6.10949e-05 -4.9989e-05 -3.78645e-05 -5.03654e-05 -3.89344e-05 -2.77552e-05 -1.69797e-05 -7.57946e-06 3.63071e-06 1.31392e-05 2.42501e-05 3.43597e-05 0.000186303 0.000160593 0.000183153 -1.80603e-05 0.00219855 -7.72074e-06 3.52042e-06 0.000117868 0.000327269 0.000204639
internal_weight=2.23187e+07 1.75922e+07 1.74162e+07 1.72432e+07 1.70747e+07 1.7027e+07 1.68602e+07 1.66857e+07 1.65207e+07 1.63538e+07 1.6168e+07 1.5954e+07 1.57718e+07 1.55903e+07 1.54136e+07 1.52579e+07 1.50703e+07 1.49093e+07 1.472e+07 1.45471e+07 3.73139e+06 3.68433e+06 3.64502e+06 1.08158e+07 47063 1.07155e+07 1.05857e+07 4.85443e+06 2.66846e+06 3.60074e+06
internal_count=22318680 17592250 17416223 17243181 17074730 17027050 16860184 16685653 16520729 16353841 16168034 15954049 15771762 15590261 15413624 15257875 15070330 14909278 14719972 14547142 3731390 3684327 3645020 10815752 47063 10715470 10585711 4854426 2668458 3600738
cat_boundaries=0 95 191 264 265 348 434 528 616 711 784 875 967 1060 1150 1243 1338 1432 1527 1528 1605 1699 1795 1889 1981 2057 2152
cat_threshold=0 0 0 0 0 0 0 0 0 0 0 0 0 0 0 0 0 0 0 0 0 0 0 0 0 0 0 0 0 0 0 0 0 0 0 0 0 0 0 0 0 0 0 0 0 2147483776 262144 0 256 0 8396800 0 0 1 4 16 0 0 1082263616 1058818 2147485728 64 72 0 0 0 0 0 0 0 0 0 0 0 0 0 0 0 256 0 0 0 0 0 0 16 41944064 0 33554432 0 0 0 0 1048576 268435456 0 0 0 0 0 0 0 0 0 0 131072 0 0 0 0 0 0 0 0 0 0 0 0 0 0 0 0 0 0 0 0 0 0 0 0 0 256 536870912 0 0 0 0 1024 0 0 0 0 4194304 0 0 128 32 0 0 32 134217728 0 33 8194 805913616 67108864 33558802 0 0 0 0 0 0 0 0 0 0 0 0 536870912 0 0 0 0 8192 0 0 1073741824 0 0 0 0 0 1073741824 0 0 0 8 0 0 128 0 0 0 0 0 0 0 0 0 0 0 0 0 0 0 0 0 0 0 0 0 0 0 0 16777216 1 0 0 33554433 0 8392704 1 0 0 2147483904 0 0 0 0 0 4 65536 0 0 2147483648 512 4 0 512 0 0 131072 20971520 0 0 2147483648 0 1073741824 2098432 0 536870912 8388608 6656 512 0 0 0 0 0 0 4194368 0 16777216 2 0 0 2048 0 0 0 0 0 0 0 0 0 0 128 0 0 0 0 0 0 8256 256 0 0 0 0 1048576 0 0 0 0 131072 2147483648 8 16777216 512 0 268435456 0 2147483648 0 0 8388608 0 0 0 33554432 0 4 0 0 524288 0 2147483648 0 0 0 0 32769 136314880 268460034 32 0 0 0 1024 2 65536 0 0 0 0 0 0 16384 0 0 0 0 0 0 0 67108864 64 8388608 0 0 536870912 0 0 0 0 16384 0 0 0 1 0 0 4 0 0 0 0 0 0 35651584 32 272629760 8 0 0 134217728 2048 2097152 0 0 0 0 65536 16 32768 67108864 0 0 8 2147487744 8 0 0 0 0 0 0 0 0 0 67108864 0 0 32768 0 32768 0 0 0 0 0 0 16777216 0 0 0 0 0 0 0 0 0 10485760 0 0 0 0 0 0 2147484160 0 262144 0 4194304 262144 134217736 0 0 0 0 0 0 2048 0 0 0 0 0 0 0 0 16384 0 0 1073741824 0 0 32 0 0 0 0 0 0 0 402653184 0 16 134217728 0 0 0 0 0 0 2048 0 0 0 0 64 8192 0 0 0 0 0 0 0 0 524288 0 0 4276352 0 1048577 0 0 0 0 2148532224 0 33554432 0 32 0 0 16777216 16384 536870912 0 2097152 0 0 0 0 0 0 0 0 0 0 0 0 16777216 16 134217728 0 0 1048576 0 0 0 16384 128 131072 0 4194304 33554432 67108864 0 0 0 0 65536 0 0 0 0 0 0 0 0 256 0 0 134283264 0 33554448 0 0 0 0 0 537133056 0 0 0 0 8388608 128 0 0 0 0 0 0 0 32768 0 0 0 262144 0 67108864 0 134217728 0 0 0 256 0 536870912 0 268435456 0 524288 0 0 0 0 0 0 1073741824 0 0 67108864 0 8192 0 0 0 16 557056 0 0 0 0 0 0 0 0 0 2097152 0 0 0 0 134217728 67108864 0 256 0 0 0 262144 2 0 0 0 0 0 0 0 0 0 0 0 0 4 0 0 0 0 0 0 4 0 1073741824 64 0 0 8 0 0 0 0 0 0 0 16 8 0 0 0 8 65536 0 65576 0 0 0 2097152 262144 8 33554432 8 0 0 0 0 2097153 0 0 0 0 4210688 1 0 0 0 134217728 0 131072 0 0 4096 0 131072 1073741824 0 0 0 0 0 0 0 0 0 0 0 0 1024 0 268435456 0 0 536870912 0 4104 1073741888 268435456 0 0 0 0 536870912 2 327680 0 0 536870912 1 32768 0 1 262144 16384 0 128 0 4194304 0 0 16 1073741824 0 0 0 1026 2147483648 512 134219776 64 0 0 0 0 0 0 0 1024 0 0 0 0 0 0 0 0 0 1048576 269484032 262176 0 0 1024 0 0 0 1082130432 0 0 0 0 0 37748736 0 0 0 0 0 268435456 268435456 0 0 0 0 32768 0 0 0 0 0 0 8388608 0 0 262144 0 0 0 33554432 512 0 16384 0 0 256 0 0 0 0 0 0 8388608 2147483648 0 0 2147483648 0 0 0 1 32 0 0 0 0 0 0 0 1049088 0 0 2097152 0 0 0 0 2097152 0 0 1073741840 0 0 0 0 0 0 0 16777216 16400 0 0 0 0 0 0 0 8388608 0 0 0 0 0 0 0 2097152 0 2048 0 0 512 0 0 8192 0 0 8388608 0 2147483648 4194304 0 0 0 8192 0 0 0 0 16 0 2 2101248 0 0 0 0 0 0 0 0 65536 32768 0 0 8192 0 0 0 128 4100 0 0 262400 0 0 67108864 0 256 0 1048576 0 0 0 0 33554432 0 0 8192 0 0 0 0 2097152 0 32768 4 0 0 8 262144 0 134217728 0 0 4096 0 0 0 16777216 1073741824 0 9 0 0 0 0 0 0 0 0 1342177280 1 0 0 0 131072 256 0 0 65536 0 0 4 0 0 0 0 0 524288 128 8388608 0 0 0 0 0 0 0 32 0 0 0 0 0 0 0 2048 0 0 8388608 0 0 33554432 268435456 0 67633152 16384 0 0 128 0 524288 0 262144 0 0 0 0 0 0 0 0 0 4227072 4096 16384 0 0 0 0 0 0 2147483648 0 4194304 0 0 16 0 33554433 0 0 0 0 0 1073742080 0 8388608 0 67108864 32768 0 0 0 0 0 0 0 0 0 0 0 266240 0 33554432 1024 0 1073741824 0 1024 0 0 0 0 0 0 0 0 0 0 0 0 4 0 0 0 262144 0 0 0 0 0 0 0 2164260864 524288 512 0 0 0 2151677952 262176 0 134217728 0 1 0 0 16384 0 32768 0 2048 0 0 0 0 0 0 0 0 0 2147483648 128 2048 2147483648 0 0 0 0 33554432 131072 0 0 0 65536 0 0 0 0 262144 0 0 0 64 0 0 0 524288 0 0 2147483648 0 0 2097152 0 65536 0 512 0 0 8192 0 67108864 0 524288 0 16384 0 262145 0 16777216 0 0 0 0 0 16 0 0 8 0 0 0 33554432 1048584 0 16 0 0 0 0 134217728 0 0 0 0 16384 0 0 0 0 0 4194305 128 0 0 0 0 0 0 0 67108864 67108864 0 0 0 64 0 0 0 0 268435456 0 268435456 524288 0 0 32 131072 0 285212672 4096 1073741824 0 0 16 4195328 134217728 0 0 0 1024 134217728 0 16 0 0 0 0 0 0 0 2147500032 512 0 0 0 0 0 2 0 0 0 0 0 0 0 0 0 268435456 0 0 0 0 0 0 0 1 0 16386 0 0 0 0 0 65808 32 0 0 0 0 0 0 67108864 0 0 0 0 0 0 0 128 0 0 4 0 0 0 0 0 0 1 262400 0 0 2148007936 0 0 65536 0 0 0 2097152 0 0 0 0 16384 16384 0 0 16777216 0 0 0 0 512 16777216 0 8 0 0 0 0 0 0 0 0 0 0 0 0 0 0 0 0 0 0 0 0 0 0 0 2097152 1024 0 0 0 0 0 0 0 16777216 0 0 0 33554432 0 0 0 1073741824 0 65664 1048576 0 33554432 0 0 4096 1048576 0 134219776 2097152 0 128 0 4 33554432 0 0 4 0 0 8192 0 67108864 0 67108864 8388608 0 0 0 0 0 65536 0 0 0 512 0 0 8 0 0 0 0 0 0 0 0 4194304 0 0 0 0 32768 0 1024 0 256 524294 0 0 0 0 6160 0 0 0 0 33554432 0 0 0 0 0 0 16777216 0 0 0 0 0 0 0 4194304 0 0 0 0 4096 0 0 0 0 0 0 0 0 1 0 65536 0 0 16777216 4112 32768 134217728 0 128 0 0 0 0 4194304 0 0 0 1048576 134217856 67108864 4 0 0 0 0 0 0 0 0 0 0 0 0 0 0 0 0 0 0 0 0 0 1024 0 0 0 16384 8192 1073741824 16 8204 16384 25165824 0 2048 8388608 8 2 33024 2147483656 0 8192 4195328 537001984 1048580 131584 0 0 0 0 0 0 0 0 0 0 0 0 0 0 0 0 0 0 0 0 0 0 0 0 0 0 2 0 0 0 1088 2 0 0 0 0 0 0 0 0 134217760 8388608 8388608 0 0 0 0 0 0 128 0 0 0 0 0 0 32768 0 1 0 0 0 0 0 0 0 0 8192 0 0 4194304 0 4194304 4 0 0 0 0 0 0 0 0 64 134217728 0 0 16392 0 0 0 0 0 0 0 0 65568 16777216 128 0 0 1026 0 0 0 134217728 0 2147483648 0 0 0 0 0 2048 2 1280 2097152 1024 2 0 2 0 0 0 0 0 16384 0 0 536879104 0 32 0 536870912 64 0 0 0 0 0 0 1048576 128 0 0 0 134217728 0 0 0 0 0 2097152 0 0 0 0 0 0 0 0 0 0 0 0 0 0 0 0 65536 0 0 0 0 2 2097152 0 18874368 0 0 131136 0 0 2 0 0 67108864 0 0 0 0 0 0 0 0 0 1 0 8388608 0 262144 4096 33554432 0 268435456 0 2147483648 0 0 0 32768 0 131072 0 4194368 64 0 0 0 536870912 0 0 256 0 0 64 0 0 0 0 0 257 0 4096 0 65536 0 0 0 0 16809984 0 0 0 16777216 0 0 0 0 0 0 0 2147483648 0 0 0 0 0 0 32 0 0 0 0 0 0 0 0 0 131072 0 0 0 0 0 0 0 0 0 0 0 0 0 4194304 67108864 0 0 0 65536 4194304 3145728 0 3221225472 537133056 0 0 0 256 134217728 0 2147483904 0 0 0 0 0 0 2147483648 134217728 0 33554432 262144 134234112 0 0 0 33554432 0 0 0 0 0 0 0 0 0 2147516416 32768 0 0 2097152 0 0 16 0 0 0 0 0 0 0 8 0 0 0 0 0 0 16384 40960 1048576 0 1024 16793600 0 2 0 0 0 0 0 0 0 0 0 0 0 16 0 32 0 0 0 0 0 0 0 0 0 139264 0 2147483648 268435456 0 1 0 134217792 0 2147483648 67108864 8192 0 0 1073741824 0 0 0 0 8 4 0 0 0 0 65536 16384 0 0 16777216 655360 0 0 0 0 0 0 0 8192 0 4194304 0 0 0 0 0 0 0 0 262144 67108864 144 32768 67108864 0 32768 0 0 0 0 0 134479872 0 0 512 0 0 32 0 8388608 16777216 0 0 4 4096 268435456 0 1024 0 4194400 0 0 0 2097152 0 0 64 260 0 0 0 0 0 65536 0 0 0 0 0 0 1024 0 0 0 0 4 67108864 0 0 2080 0 0 0 0 0 0 0 0 0 0 64 0 0 1073741824 0 0 0 0 0 512 0 0 33570816 0 0 0 268435456 524288 1 1024 4194304 0 0 8388608 32 0 16384 0 0 0 0 0 0 2147483648 0 0 0 0 0 0 0 0 0 0 0 0 0 0 0 16 4 285212672 0 0 4096 0 8192 0 1107296256 0 0 4 34078720 0 131072 0 0 0 0 0 0 0 0 1073741824 1024 0 0 0 0 0 2
is_linear=0
shrinkage=0.05


Tree=96
num_leaves=31
num_cat=28
split_feature=16 0 0 0 0 9 0 0 0 0 0 0 0 0 0 0 0 0 0 7 0 0 0 0 0 0 0 0 0 0
split_gain=8267.31 238.136 161.581 117.397 103.978 101.731 86.578 75.8787 80.0754 76.6971 67.9019 66.2363 63.9599 52.1781 60.3573 54.9399 49.6857 49.4938 47.3287 44.8172 183.414 83.1921 79.2439 71.458 66.1606 62.9745 52.3809 51.1506 46.3834 44.1336
threshold=inf 0 1 2 3 4 5 6 7 8 9 10 11 12 13 14 15 16 17 8.5000000000000018 18 19 20 21 22 23 24 25 26 27
decision_type=8 9 9 9 9 9 9 9 9 9 9 9 9 9 9 9 9 9 9 2 9 9 9 9 9 9 9 9 9 9
left_child=1 -1 -3 -4 -5 -6 -7 -8 -9 -10 -11 -12 -13 -14 -15 -16 -17 -18 -19 21 -21 -20 -22 -24 -23 -26 -25 -27 -28 -29
right_child=-2 2 3 4 5 6 7 8 9 10 11 12 13 14 15 16 17 18 19 20 22 24 23 26 25 27 28 29 -30 -31
leaf_value=-0.011289411133351159 -0.0028750033877773954 -0.016166161151056773 -0.021325198071145836 -0.022170028549199718 -0.023612625909667093 -0.024812898122140836 -0.019722787110470621 -0.019680093332346868 -0.015738394653457066 0.050259993227813729 -0.018336419488605881 -0.018734499358293851 -0.016266129393120467 -0.018109898206008081 -0.015672876812723464 -0.01325399879717654 -0.010831614791188791 -0.012801069856002774 0.06021334503636027 0.097866058605710821 0.050748153023216058 -0.020753210057788941 -0.044636258228627046 0.034549320687775435 0.046076344777688752 0.043056180049680488 -0.04245157464181723 0.03639688945669655 -0.0013252917303984146 0.00032370988596393301
leaf_weight=176027 4726430 172364 164227 175980 47208 165700 156579 174412 181433 198814 177122 184252 156211 191146 181806 171228 178193 175058 126322 71626 65419 113709 58973 62635 133773 130626 61974 125302 4564071 9050060
leaf_count=176027 4726430 172364 164227 175980 47208 165700 156579 174412 181433 198814 177122 184252 156211 191146 181806 171228 178193 175058 126322 71626 65419 113709 58973 62635 133773 130626 61974 125302 4564071 9050060
internal_value=-0.000643428 -0.000144631 -0.000126136 -0.000110909 -9.81162e-05 -8.55282e-05 -7.90362e-05 -6.77453e-05 -5.73704e-05 -4.60088e-05 -3.45437e-05 -4.59698e-05 -3.51921e-05 -2.4266e-05 -1.50797e-05 -4.02708e-06 6.38337e-06 1.61042e-05 2.61182e-05 3.59412e-05 -8.7528e-05 9.82474e-05 -0.000124906 -0.000148723 8.13912e-05 9.5833e-05 -0.000126966 8.03487e-05 -0.000146413 6.63613e-05
internal_weight=2.23187e+07 1.75922e+07 1.74162e+07 1.72439e+07 1.70796e+07 1.69037e+07 1.68564e+07 1.66907e+07 1.65342e+07 1.63598e+07 1.61783e+07 1.59795e+07 1.58024e+07 1.56181e+07 1.54619e+07 1.52708e+07 1.5089e+07 1.49177e+07 1.47395e+07 1.45645e+07 4.8847e+06 9.67979e+06 4.81307e+06 4.74765e+06 9.55347e+06 9.43976e+06 4.68868e+06 9.30599e+06 4.62604e+06 9.17536e+06
internal_count=22318680 17592250 17416223 17243859 17079632 16903652 16856444 16690744 16534165 16359753 16178320 15979506 15802384 15618132 15461921 15270775 15088969 14917741 14739548 14564490 4884698 9679792 4813072 4747653 9553470 9439761 4688680 9305988 4626045 9175362
cat_boundaries=0 95 191 274 358 359 445 539 634 727 810 902 995 1086 1176 1255 1349 1444 1538 1616 1711 1798 1892 1984 2075 2169 2263 2358 2450
cat_threshold=0 0 0 0 0 0 0 0 0 0 0 0 0 0 0 0 0 0 0 0 0 0 0 0 0 0 0 0 0 0 0 0 0 0 0 0 0 0 0 0 0 0 0 0 0 2147483776 262144 0 256 0 8396800 0 0 1 4 16 0 0 1082263616 1058818 2147485728 64 72 0 0 0 0 0 0 0 0 0 0 0 0 0 0 0 256 0 0 0 0 0 0 16 41944064 0 33554432 0 0 0 0 1048576 268435456 0 0 0 0 0 0 0 0 0 0 131072 0 0 0 0 0 0 0 0 0 0 0 0 0 0 0 0 0 0 0 0 0 0 0 0 0 256 536870912 0 0 0 0 1024 0 0 0 0 4194304 0 0 128 32 0 0 32 2281701376 0 33 2105346 805389328 67108864 33558786 4608 0 0 0 0 0 0 0 0 0 0 0 0 0 0 0 0 8192 0 0 0 0 0 0 0 0 1073741824 0 0 0 8 0 0 128 0 0 0 0 0 0 0 0 0 0 0 0 0 0 0 0 0 0 0 0 0 0 0 0 16777216 1 0 0 33554433 0 8392704 1 2147483648 0 2147483904 0 0 0 0 0 4 65536 0 0 0 0 4 0 512 0 0 131072 16777216 0 0 0 0 1073741824 1281 0 536895488 8388624 2048 512 0 0 0 0 0 0 4194368 0 16777216 0 536870912 0 0 0 0 0 0 0 1073741824 0 0 2048 0 0 0 0 0 0 0 0 0 0 129 0 0 0 0 0 0 8256 256 0 0 32 0 1048576 0 0 0 0 131072 0 8 16777216 0 0 0 0 2147483648 0 0 8388616 0 2147483648 512 33554432 0 4 0 0 524288 0 2147483648 0 0 0 0 32768 136839168 268435458 32 0 0 0 1024 2 65536 0 0 0 0 0 0 0 0 0 0 0 0 0 0 67108864 512 2 64 8388608 0 0 536870912 0 0 0 0 16384 2048 0 0 0 0 0 4 0 0 0 0 0 0 35651584 0 4194304 8 0 0 0 2048 2097152 0 0 0 528 134217728 268435472 32768 67108864 0 0 0 2147487744 8 0 0 0 0 0 0 0 0 0 67108864 0 0 32768 0 32768 0 4194304 0 0 0 0 0 0 2148532224 0 0 0 0 0 16384 0 10485760 0 0 0 0 0 0 0 0 262144 0 4194304 262144 8 0 0 0 16384 0 0 0 4194304 0 67108864 0 0 0 0 65536 16384 0 0 1073741824 0 0 268435488 0 256 0 134217728 0 0 0 402653184 0 0 65536 0 0 0 0 0 0 0 128 0 0 0 0 8192 0 0 0 0 0 0 0 0 524288 0 0 16512 0 1048576 256 0 16777216 0 0 0 33554432 0 32 0 0 16777216 0 536870912 0 0 0 0 0 2147483648 0 0 16 0 0 0 0 0 16777216 16 134217728 0 0 135266304 0 0 0 0 128 2228224 0 0 33554432 0 0 0 0 0 0 0 0 0 0 0 0 0 0 0 0 0 134283264 0 0 0 0 4 0 0 537133056 0 0 0 4 8390656 0 0 0 0 8 0 0 0 0 0 0 0 262144 8 0 0 134217728 65536 0 0 32 0 536870912 0 0 262144 524288 33554432 8 0 0 0 16384 0 0 2097152 67108864 0 8192 0 0 0 0 134217728 0 0 0 0 0 0 131072 0 262144 0 0 1024 0 0 0 0 0 0 0 0 0 4194304 67108864 0 256 0 0 0 268697600 2 0 0 0 0 0 0 0 0 0 33554448 8388608 0 0 0 0 0 0 0 0 0 0 0 64 0 0 0 0 0 0 32768 8388608 0 0 16 0 0 0 0 8 65536 0 65544 0 0 0 2097152 0 520 0 0 2097152 0 0 0 2097153 0 0 0 0 4210688 1 0 0 0 32768 0 16777216 16 0 4096 0 0 8 512 0 4 0 0 0 128 0 0 0 0 0 0 0 0 262144 0 0 1073750016 268435456 1025 0 2147745792 2097152 536870912 0 131072 0 0 536870916 1 32768 0 0 0 16384 0 0 0 4194320 0 0 268435472 0 0 0 0 1024 2147483648 4096 2048 0 0 0 260 0 0 0 0 0 0 0 0 8388608 0 0 0 0 0 0 0 0 0 0 0 0 0 0 0 268435456 269484032 32 0 0 0 0 0 0 1082130432 0 0 0 0 0 134217728 2097152 0 2048 0 0 268435456 0 0 8192 0 0 32768 0 2147483648 4194304 0 0 0 0 0 0 262144 0 0 0 33554434 2097152 0 16384 0 0 256 0 0 0 0 32768 0 0 2147483648 0 0 2147483648 0 4 0 1 262176 1 0 0 0 0 0 0 0 0 0 0 0 0 0 0 0 0 0 1077936144 0 0 0 4 0 0 0 0 0 134217728 0 0 0 0 0 0 16777216 0 0 9 0 0 0 0 33554432 0 0 0 268435456 0 512 0 0 131072 0 0 0 65536 0 0 4 0 0 0 0 0 524288 0 8388624 0 0 4608 0 0 0 0 32 0 0 0 0 0 0 0 8192 0 0 0 128 4096 33554432 268435968 0 0 16384 0 262144 256 0 524288 1048576 0 0 0 0 0 0 8192 0 0 0 0 2097152 0 32768 0 0 0 8 262144 0 0 4194304 0 0 4112 0 0 0 0 1082130432 0 0 1073741824 0 0 0 67108864 32768 0 0 0 1 0 0 0 0 256 0 0 4096 0 0 0 0 1073741824 8192 0 0 0 128 0 0 0 0 0 0 0 0 0 4 0 0 65536 0 0 0 2048 0 0 0 0 2147483648 524288 0 256 67633152 0 4194304 0 128 0 1048576 1 262144 0 16384 33554432 0 0 0 0 0 0 32768 4096 0 0 0 0 0 128 0 2147483648 2147483648 0 0 0 33554432 0 131072 0 0 0 256 0 8388608 0 0 0 0 0 0 4194368 0 0 0 524288 0 0 2147483648 0 0 33554432 1024 0 0 512 1024 0 0 0 67108864 0 524288 0 16384 0 1 0 0 0 0 0 0 262144 0 0 0 8 0 0 0 16777216 8 262144 16 0 0 2147483648 32 134217728 16 0 0 0 16384 0 0 32768 0 0 0 0 0 0 0 16384 0 0 0 67108864 0 2048 256 0 0 524288 0 33554432 268435456 0 0 0 65568 131072 0 268435456 4096 278528 0 0 1073741840 0 134217728 0 0 0 0 134217728 0 262144 0 0 0 65536 0 0 0 16384 512 0 0 0 0 0 2 0 262144 0 0 0 0 0 0 0 16 0 32768 0 0 67108864 0 33554432 1048577 0 2 0 0 0 0 0 134217728 0 0 0 0 0 0 0 67108864 2048 1 262144 0 0 0 268435457 0 65536 0 0 0 0 0 0 0 0 1073741824 16384 0 0 16778240 0 0 0 0 1536 16777216 0 8 0 0 0 0 0 0 0 2147483648 8192 0 0 0 0 0 0 0 0 0 0 0 0 0 0 2097152 268435456 0 0 0 0 0 67108864 0 0 0 16384 0 33554432 0 0 0 1073741824 0 65664 1048576 0 33554432 0 0 0 0 4194304 0 2097152 0 0 0 128 0 0 0 67108868 0 0 4096 256 67108864 0 67108864 8388608 2147483648 0 0 32768 0 0 0 2097152 1073741824 512 0 0 8 0 0 0 0 0 0 0 0 0 0 0 0 0 32768 0 1024 0 0 524290 0 0 0 0 16 0 0 0 0 33554432 0 0 0 0 0 0 16781312 0 4194304 0 0 0 0 0 0 0 0 0 0 4096 0 0 0 65536 0 0 0 268435456 0 0 134217728 4096 0 16777216 134221840 0 0 128 0 524288 33554432 0 4 0 0 0 0 0 128 1 0 0 8192 0 0 0 0 0 65536 0 0 0 65536 32 0 0 0 0 0 0 12582912 0 0 0 4194304 0 8388608 0 8192 0 0 16384 0 256 4 0 0 0 0 6144 0 0 0 0 0 0 16908288 0 0 1 0 0 0 0 0 2 4 0 0 0 4194304 0 131072 0 0 0 0 33 0 1073741824 0 0 0 0 0 0 16777216 1048576 0 128 0 262146 0 0 2147483648 0 0 0 0 0 0 8192 0 134217728 16 2097152 20971776 16777248 0 65536 2098176 0 0 0 0 0 2147483648 1048576 2097152 131072 0 0 0 0 2 512 0 67108864 0 0 0 0 0 4 4194304 0 4096 0 536870944 8 0 0 0 0 0 4194304 0 0 524288 0 0 0 0 0 0 0 0 0 0 0 0 0 16777216 8388608 0 0 1024 0 0 0 1073741824 0 32 0 0 0 0 32768 0 0 0 32768 67108864 0 0 131072 128 0 0 0 2048 32 0 0 0 0 32832 0 0 0 0 537133312 0 0 0 0 0 0 0 0 2 8 268435488 16777216 0 128 1 0 2 4194308 2147483648 0 16 2 0 1 512 0 0 0 0 0 0 0 2 0 0 0 0 0 0 0 0 0 0 0 0 0 0 1024 0 0 0 0 1048576 0 0 0 0 131072 0 0 0 0 1048576 0 0 0 0 0 0 268435456 0 0 0 0 2 536870912 8 0 16 524288 2147483648 0 0 0 2 0 128 0 9216 0 524288 536871426 0 0 128 8 131072 0 16777216 0 0 16 4194304 0 8192 0 0 0 0 0 0 0 32768 33554432 0 139264 16 0 0 8388608 0 0 0 0 0 0 0 0 0 0 0 0 0 0 0 512 536870912 2097152 0 128 0 0 0 0 0 0 0 0 0 0 0 0 0 0 0 0 0 0 0 0 64 4 0 0 0 0 0 0 4 0 2048 16 0 65536 0 0 0 536870912 524288 0 0 256 0 0 0 0 0 0 0 0 0 0 0 0 0 0 0 0 0 0 0 0 0 262144 0 0 512 0 0 0 0 0 0 0 0 0 0 0 2097152 0 0 0 0 0 0 0 1 0 0 0 536871936 134218240 0 0 0 0 0 4194304 0 0 32 0 0 19398656 33554436 4 0 0 1048608 2147483648 32 0 512 33554432 20 32 0 0 512 32768 1048576 0 0 524296 32 0 0 0 0 0 2097152 0 128 0 128 0 1 512 2056 0 0 0 0 0 4096 0 0 0 0 0 0 0 16777220 0 0 0 0 256 0 0 1073741824 0 0 0 0 0 0 0 0 32768 0 0 0 0 16777224 0 131072 0 0 0 0 0 0 0 8 0 536870912 0 0 0 256 0 0 1073742080 0 0 32768 0 131072 0 0 268435520 0 0 0 0 0 16384 512 0 0 0 0 0 0 134217728 0 0 4194304 0 1 0 0 0 0 1073741824 0 0 0 524288 0 0 536870912 0 0 1 8388608 67108864 1048576 128 0 262144 1048576 64 268435521 2 0 0 0 0 0 36 1024 0 0 0 0 0 0 0 0 0 0 4194304 0 0 0 0 0 0 0 0 0 0 0 0 4096 8192 0 0 0 0 0 545259584 0 0 4 0 0 0 0 0 8388608 0 0 0 1024 0 2048 0 8320 0 16384 1073741824 0 0 16777216 0 516 0 0 0 0 0 0 0 0 0 0 0 0 32896 0 2147483648 0 0 32800 0 0 32896 8 0 0 0 0 0 0 0 0 0 0 537919488 1024 32768 0 0 0 0 0 0 0 0 0 0 0 1073742080 0 0 0 4 134217728 0 134283264 0 1048576 0 0 0 0 0 0 0 16777216 0 4096 0 0 0 0 256 0 0 0 0 0 0 512 268435456 0 0 0 0 256 0 0 1048576 2048 2147483648 0 8388608 0 0 0 0 0 32768 0 0 0 0 0 0 0 16384 0 147456 8650752 0 32768 536870912 0 32768 16 0 8388608 0 0 0 0 0 1048576 1056 524288 0 8192 0 2097152 131076 32768 0 0 0 0 0 0 512 0 0 0 128 0 0 0 0 0 0 0 0 0 0 0 0 0 32 0 0 0 0 258 0 65536 0 0 16777216 0 0 0 0 0 0 0 0 0 0 0 0 32 512 2 0 0 0 0 0 65536 0 0 0 0 0 0 0 0 1 0 0 2097152 0 4098 0 0 0 0 1 0 0 2097160 0 0 0 131072 1 131072 2 0 2147483648 0 2097152 2 0 0 0 0 0 0 0 0 0 0 0 0 0 0 0 0 0 0 33024 0 8192 0 0 0 0 0 0 16448 0 134217728 0 0 4608 0 0 1024 0 0 262144 0 0 0 0 0 0 262144 0 131072 0 16 134217728 0 524288 0 131072 65536 0 16 131072 0 0 0 0 0 0 0 0 0 0 0 0 0 0 4096 64 32 0 0 0 2048 2097152 0 0 0 2048 0 1074266112 33554432 0 67108864 262144 0 1028 0 0 294944 65536 0 0 0 0 0 4194304 0 0 0 0 0 512 0 0 0 0 0 0 134217728 0 0 0 32768 0 0 16779264 0 0 4 0 0 0 524288 0 0 0 0 2147483648 0 0 0 0 0 0 0 0 8388608 4194304
is_linear=0
shrinkage=0.05


Tree=97
num_leaves=31
num_cat=22
split_feature=16 0 0 0 9 0 0 0 0 0 0 0 20 16 0 0 0 0 0 20 0 19 16 0 0 3 0 6 0 7
split_gain=8290.17 238.169 158.276 119.672 100.631 94.6705 86.8053 75.495 70.9179 66.5585 64.8713 57.6628 52.2474 54.9584 63.2185 49.7866 46.9943 48.9596 46.1679 48.7189 81.1013 70.2495 68.4402 108.675 67.9088 65.0167 50.5125 50.1384 43.8606 42.9638
threshold=1.0000000180025095e-35 0 1 2 3 4 5 6 7 8 9 10 0.053558349609375007 2.9853515625000004 11 12 13 14 15 0.58911132812500011 16 0.35705566406250006 3.2001953125000004 17 18 19 20 2.5000000000000004 21 5.5000000000000009
decision_type=10 9 9 9 9 9 9 9 9 9 9 9 2 10 9 9 9 9 9 2 9 2 10 9 9 1 9 2 9 2
left_child=-1 -2 -3 -4 -5 -6 -7 -8 -9 -10 -11 -12 13 14 -13 -15 -14 -18 -19 20 -20 -22 23 -21 -23 -25 -26 -27 -28 -16
right_child=1 2 3 4 5 6 7 8 9 10 11 12 16 15 29 -17 17 18 19 22 21 24 -24 25 26 27 28 -29 -30 -31
leaf_value=-0.0027312532183885255 -0.010724940576683606 -0.015092888974405895 -0.020016040101423153 -0.022509297080870294 -0.020831075554170554 -0.02359097276538432 -0.021912813879907546 -0.023219818490430824 -0.019509502475526599 0.068031465019524479 -0.01850408619849029 0.10501179509522736 -0.020936415463719375 0.059199030437286249 0.0077723046427755184 -0.0044356305362511115 -0.019827386317441371 -0.017197693432614625 0.1634846409348919 0.31979460158912043 1.2817264492220871e-05 0.11776989227139906 -0.0040882807546135163 -0.007289711234046781 0.062423604478492968 0.018204504329797623 0.071777631594247895 0.0018430068595097521 0.0037809853323710566 -0.010296125600763296
leaf_weight=4726430 176027 170239 170983 47679 166553 176264 165845 167756 173883 198737 169639 5161 103479 5903 331924 1419957 132130 139625 5996 4344 3049002 4335 3712821 1052649 5882 1044807 6752 2597718 1748888 437272
leaf_count=4726430 176027 170239 170983 47679 166553 176264 165845 167756 173883 198737 169639 5161 103479 5903 331924 1419957 132130 139625 5996 4344 3049002 4335 3712821 1052649 5882 1044807 6752 2597718 1748888 437272
internal_value=-0.000640863 -0.000141377 -0.000122881 -0.000107904 -9.4724e-05 -8.83001e-05 -7.6582e-05 -6.49208e-05 -5.42634e-05 -4.37694e-05 -3.33103e-05 -4.44772e-05 -3.46375e-05 -0.000260699 7.83967e-05 -0.000444855 1.91219e-06 1.00459e-05 1.95093e-05 2.90525e-05 0.000155783 0.00014854 -4.35732e-05 8.31899e-05 0.000399498 7.58676e-05 0.000384094 0.00017589 0.000368581 4.13537e-05
internal_weight=2.23187e+07 1.75922e+07 1.74162e+07 1.7246e+07 1.7075e+07 1.70273e+07 1.68608e+07 1.66845e+07 1.65187e+07 1.63509e+07 1.6177e+07 1.59783e+07 1.58086e+07 2.20022e+06 774357 1.42586e+06 1.36084e+07 1.35049e+07 1.33728e+07 1.32332e+07 4.82086e+06 4.81486e+06 8.41234e+06 4.69952e+06 1.76586e+06 4.69517e+06 1.76152e+06 3.64252e+06 1.75564e+06 769196
internal_count=22318680 17592250 17416223 17245984 17075001 17027322 16860769 16684505 16518660 16350904 16177021 15978284 15808645 2200217 774357 1425860 13608428 13504949 13372819 13233194 4820855 4814859 8412339 4699518 1765857 4695174 1761522 3642525 1755640 769196
cat_boundaries=0 95 191 266 267 351 437 530 618 713 808 901 993 1087 1176 1270 1362 1442 1509 1585 1586 1665 1759
cat_threshold=0 0 0 0 0 0 0 0 0 0 0 0 0 0 0 0 0 0 0 0 0 0 0 0 0 0 0 0 0 0 0 0 0 0 0 0 0 0 0 0 0 0 0 0 0 2147483776 262144 0 256 0 8396800 0 0 1 4 16 0 0 1082263616 1058818 2147485728 64 72 0 0 0 0 0 0 0 0 0 0 0 0 0 0 0 256 0 0 0 0 0 0 16 41944064 0 33554432 0 0 0 0 1048576 268435456 0 0 0 0 0 0 0 0 0 0 131072 0 0 0 0 0 0 0 0 0 0 0 0 0 0 0 0 0 0 0 0 0 0 0 2147483648 0 256 0 0 0 0 0 1024 0 0 0 0 4194304 0 0 128 32 0 0 32 134217728 0 33 2105346 805389328 67108864 33558786 512 0 0 0 0 0 0 0 64 0 0 0 0 0 0 0 0 8192 0 0 1073741824 0 0 0 0 0 1073741824 0 0 0 8 0 0 128 0 0 0 0 0 0 0 0 0 0 0 0 0 0 0 0 0 0 0 0 0 0 0 0 16777216 1 0 0 33554433 0 8392704 1 2147483648 0 256 0 0 0 0 0 4 65536 0 0 2147483648 0 4 0 516 0 0 131072 16777216 0 0 2147483648 0 1073741824 1281 0 536895488 8388624 6144 0 0 0 0 0 0 0 4194304 0 16777216 0 536870912 2 64 0 2048 0 0 0 0 0 0 0 0 0 0 1 0 0 0 0 0 0 64 0 0 0 32 4194304 1048584 0 0 0 0 131072 0 8 16777216 528 0 0 0 2214592512 0 0 8388616 0 0 0 33554432 0 0 0 0 524288 0 2147483648 0 0 0 0 32768 136314880 268435458 32 0 512 0 1024 2 65536 0 0 0 0 0 0 0 0 0 0 0 0 0 0 67108864 512 0 8388608 0 0 536870912 0 0 0 0 16384 0 0 0 0 0 0 4 0 0 0 8192 256 0 33554432 0 0 0 0 0 134217728 2048 2097152 0 0 0 0 134217728 268435472 0 0 0 0 0 2147487744 8 512 0 0 0 0 0 0 0 0 67108864 0 0 32768 524288 32768 0 4210688 0 1048576 0 0 0 0 2148532224 0 0 0 0 0 16384 16777216 10485760 0 0 0 0 0 0 2147483648 0 262144 0 4194304 262144 1048584 0 0 0 16384 128 0 0 4194304 33554432 67108992 0 0 0 0 65536 16384 0 0 1073741824 2097152 0 32 0 0 0 0 134283264 0 0 134217728 0 4 0 0 536903680 0 0 0 4 2048 128 0 0 0 8 8192 0 0 0 0 0 0 262144 0 0 0 0 65664 0 0 256 0 0 0 0 0 33554432 0 0 0 0 0 0 0 0 0 0 0 0 0 0 0 0 0 0 0 0 0 16777216 134217728 0 0 0 0 0 0 0 0 2228224 2048 0 0 0 0 0 0 256 0 0 0 262144 2 0 0 268435456 0 256 0 0 0 0 33554432 268435456 0 0 0 0 262144 0 0 0 0 8388608 0 0 0 0 0 0 0 0 0 0 0 0 0 8 0 0 134217728 8 65536 0 32 0 553648128 0 2097152 262144 8 0 8 0 0 0 16384 538968064 0 2097152 67108864 0 4194304 0 0 64 0 32768 269484032 262176 0 0 1024 0 0 0 8388608 0 0 0 0 0 4194304 0 0 0 0 0 268435456 268435456 0 8192 0 0 32768 0 0 4194304 0 0 16 0 0 0 65536 0 0 0 33554432 0 0 16384 0 64 0 0 0 0 0 32768 0 8388608 2147483648 0 0 2147483648 0 4 0 1 0 0 65544 0 0 0 0 0 512 0 0 2097152 0 0 0 1 0 0 0 0 0 1 0 0 0 0 0 0 16 0 4096 0 131072 1073741824 0 0 0 0 0 0 0 0 0 0 0 0 0 0 0 131072 8388608 0 33824768 0 1073741824 268435456 0 2048 0 0 541065216 0 64 0 0 536870912 1 32768 2048 0 64 16384 0 0 0 4198400 0 16 16 1073741824 1024 0 0 1026 2147483648 0 2048 4096 65536 0 256 0 0 0 0 0 0 0 0 0 0 0 0 0 0 0 0 0 0 0 0 0 0 0 0 0 0 0 0 0 0 0 0 0 0 0 0 65536 0 0 0 134217728 0 0 16777216 8388608 1073741824 0 0 0 0 0 0 69206016 0 2048 268435456 0 0 0 0 0 0 0 0 65536 2147483648 0 4 0 0 8388608 0 0 262144 0 0 0 2 2101248 0 0 0 0 256 0 0 0 0 0 0 0 8192 0 0 0 128 0 524288 268435456 288 0 16384 0 0 128 0 524288 0 0 0 0 33554432 0 0 8192 0 0 0 1073741824 0 0 0 4 0 0 0 0 0 134217728 4194304 0 0 65536 16 0 32 0 2147483648 0 0 67108864 0 0 0 2048 1048576 67108864 536870920 0 0 0 0 2228224 0 8 8256 0 0 0 0 0 0 0 0 16384 256 0 128 0 8 0 0 0 134217728 0 0 0 0 0 262144 0 16384 0 0 0 0 0 0 0 0 0 0 0 0 131072 0 0 4194304 4224 128 0 0 0 0 0 536870912 0 0 0 0 0 1 0 0 0 0 0 0 0 67108864 64 16777216 4194304 0 1024 0 0 8 0 0 0 0 0 0 0 16384 0 32 0 0 0 0 0 8192 256 4096 0 0 0 0 0 0 1048608 0 268435456 0 0 0 64 0 0 1 0 0 0 0 0 0 2097152 0 33554432 0 0 0 32 8 1048576 0 1280 0 0 0 0 0 0 4 0 0 0 536870912 0 0 0 32 0 4194304 0 0 0 0 0 0 0 0 524288 65536 0 0 0 4096 0 33554432 262144 268435456 512 16777216 0 0 4096 32768 0 0 0 0 0 1 0 134348800 10485760 0 67108864 0 0 0 0 0 512 2 0 0 1280 0 0 0 268439552 0 1024 0 0 8192 0 0 8192 536871040 8388608 0 4096 512 0 0 0 0 0 4 0 0 0 0 0 0 0 0 0 0 0 0 0 512 0 67108864 0 0 0 0 0 0 1048576 0 0 0 0 0 0 0 37748736 0 0 294912 0 0 0 33554432 0 0 4 0 0 0 2147484672 0 0 0 524288 0 16 0 0 0 2097152 0 8 0 64 16 1024 131073 32768 0 655360 32776 0 0 0 8192 32769 67108864 0 1073741824 0 1024 0 0 0 512 0 0 0 0 0 0 0 0 0 0 0 0 0 0 0 0 0 0 0 0 0 0 0 0 0 0 2151677952 0 256 256 0 0 0 0 0 0 0 0 2048 0 0 0 4194304 0 0 0 0 32 0 0 0 0 0 64 33554432 262144 67108864 0 0 33554432 0 0 0 32 0 32 33554432 512 268435456 33558528 1073741824 0 0 1073741828 16777216 65536 33558528 0 0 512 0 0 0 0 0 0 16384 0 0 0 0 524288 0 0 0 0 0 0 0 0 0 0 0 0 0 0 0 0 0 0 0 0 0 0 2147483648 0 0 0 0 2147483648 0 262144 1048576 1073741824 0 0 262144 0 0 0 0 67108864 256 0 0 0 0 0 0 0 134217728 0 0 8 2048 0 16777216 524288 0 0 0 0 0 0 0 0 0 0 0 16777216 0 0 268435456 0 0 0 0 67125248 144 0 16384 0 0 0 0 9437184 532484 1 134217728 0 1073741824 0 0 268435456 1 0 0 16777216 4194304 0 0 16781824 0 0 0 0 524352 0 0 64 0 0 0 0 0 0 0 0 0 0 0 0 0 33554944 1 0 0 1024 0 0 0 0 32 0 0 0 32 0 0 0 0 0 0 0 0 0 0 0 0 0 0 0 0 0 0 0 0 0 0 0 4 0 0 16 32 0 0 0 0 1048576 0 0 256 0 0 0 0 0 67108864 0 0 8388608 0 0 0 0 0 0 0 0 0 0 0 0 0 0 0 0 0 0 0 0 0 16 0 0 0 0 0 0 0 0 2048 8192 0 0 16384 1024 256 8388608 1048576 0 0 0 0 8388608 0 0 0 2147778560 0 0 65536 0 1073741824 0 8388608 33554432 1048576 0 0 262144 0 8552448 128 0 0 16 32 32768 0 268435456 0 32 0 0 0 0 0 40 0 0 0 0 0 0 0 69632 0 0 0 0 0 0 0 0 0 0 0 4 8 0 4 10 0 0 4 0 3145728 32768 0 0 4096 0 0 0 0 0 0 64 0 8 0 16384 65536 0 0 0 0 0 0 0 0 0 0 541065728 0 0 8388608 16777216 0 0 0 1048576 0 0 0 0 0 0 4194304 0 8388608 0 134217728 16777216 67108864 0 0 0 0 0 0 0 0 0 0 16 16777216 128 0 32768 0 0 131072 0 0 32 32768 1048640 0 0 0 0 0 0 0 1024 0 0 0 0 4096 8650752 32768 33554689 0 0 67108864 0 0 8192 0 33792 0 0 2097152 0 0 8404992 8 2048 0 65536 0 0 0 0 0 0 0 0 0 0 0 0 0 0 0 0 0 0 8194 0 1 4194304 64 0 0 0 0 0 1048576 0 128 0 0 0 0 0 0 256 0 268468354 0 262144 0 0 0 0 0 0 0 0 0 0 0 0 0 0 0 0 0 32
is_linear=0
shrinkage=0.05


Tree=98
num_leaves=31
num_cat=26
split_feature=16 0 0 0 9 0 0 0 0 20 8 0 0 0 7 0 0 0 0 0 0 0 0 0 0 0 0 0 0 0
split_gain=8300.76 237.748 153.732 118.271 99.3553 91.2084 82.6316 71.8084 66.9547 65.0129 59.3872 172.25 89.5442 70.285 57.57 90.1626 78.803 56.734 53.2362 51.0871 52.2489 46.6626 47.0138 44.53 43.2006 42.8351 42.7607 44.1021 41.5517 40.6067
threshold=1.0000000180025095e-35 0 1 2 3 4 5 6 7 1.0000000180025095e-35 2011.5000000000002 8 9 10 10.500000000000002 11 12 13 14 15 16 17 18 19 20 21 22 23 24 25
decision_type=10 9 9 9 9 9 9 9 9 2 2 9 9 9 2 9 9 9 9 9 9 9 9 9 9 9 9 9 9 9
left_child=-1 -2 -3 -4 -5 -6 -7 -8 -9 10 11 -10 -13 -12 15 -15 -16 -14 -18 -11 -21 -22 -23 -20 -19 -24 -17 -28 -27 -30
right_child=1 2 3 4 5 6 7 8 9 19 13 12 17 14 16 26 18 24 23 20 21 22 25 -25 -26 28 27 -29 29 -31
leaf_value=-0.0025946905574690993 -0.010188693547849417 -0.014850450677375905 -0.018996105567369515 -0.021383832226826782 -0.021033703398182224 -0.023549907346130938 -0.021518857801049812 0.046988409716169889 0.29831347476186326 -0.022299250420017291 0.21948419128367525 0.18633186111096406 0.12344947256292527 0.12385098141956041 0.15362058226804409 0.1022753358132889 0.092626966839378239 0.10830591818346108 0.076096576315014763 -0.018576717798468746 -0.019749977537162247 -0.020701291686300149 -0.015958123365589549 -0.035148132750175365 -0.0001388572932624843 -0.014132931829654938 0.084007305944609839 -0.0053397016790769324 -0.015558439282524796 0.00021001059906450292
leaf_weight=4726430 176027 167954 174858 47675 168486 178260 171322 205183 3177 115190 3267 3204 2772 8847 2503 6486 3101 2731 3651 135345 136795 150519 144313 256945 175854 146416 7847 1478311 148097 13367114
leaf_count=4726430 176027 167954 174858 47675 168486 178260 171322 205183 3177 115190 3267 3204 2772 8847 2503 6486 3101 2731 3651 135345 136795 150519 144313 256945 175854 146416 7847 1478311 148097 13367114
internal_value=-0.000639676 -0.00013987 -0.000121391 -0.000106731 -9.34808e-05 -8.70975e-05 -7.55274e-05 -6.40827e-05 -5.35133e-05 -6.48105e-05 -0.000335014 0.000510578 0.000311519 -0.000424655 -0.000438212 -0.000318069 -0.00111589 0.0001649 -0.00119979 -2.79132e-05 -1.94226e-05 -1.00327e-05 -1.02503e-06 -0.00127737 5.45222e-05 8.55731e-06 -0.000347911 -0.000365602 1.76095e-05 2.66858e-05
internal_weight=2.23187e+07 1.75922e+07 1.74162e+07 1.72483e+07 1.70734e+07 1.70257e+07 1.68572e+07 1.6679e+07 1.65077e+07 1.63025e+07 1.9587e+06 187738 184561 1.77096e+06 1.76769e+06 1.50149e+06 266200 181357 263697 1.43438e+07 1.42286e+07 1.40933e+07 1.39565e+07 260596 178585 1.38059e+07 1.49264e+06 1.48616e+06 1.36616e+07 1.35152e+07
internal_count=22318680 17592250 17416223 17248269 17073411 17025736 16857250 16678990 16507668 16302485 1958696 187738 184561 1770958 1767691 1501491 266200 181357 263697 14343789 14228599 14093254 13956459 260596 178585 13805940 1492644 1486158 13661627 13515211
cat_boundaries=0 95 191 266 267 353 437 530 623 701 795 876 970 1064 1158 1251 1346 1439 1518 1610 1701 1794 1888 1983 2078 2172 2261
cat_threshold=0 0 0 0 0 0 0 0 0 0 0 0 0 0 0 0 0 0 0 0 0 0 0 0 0 0 0 0 0 0 0 0 0 0 0 0 0 0 0 0 0 0 0 0 0 2147483776 262144 0 256 0 8396800 0 0 1 4 16 0 0 1082263616 1058818 2147485728 64 72 0 0 0 0 0 0 0 0 0 0 0 0 0 0 0 256 0 0 0 0 0 0 16 41944064 0 33554432 0 0 0 0 1048576 268435456 0 0 0 0 0 0 0 0 0 0 131072 0 0 0 0 0 0 0 0 0 0 0 0 0 0 0 0 0 0 0 0 0 0 0 2147483648 0 0 0 0 0 0 0 1024 0 0 0 0 4194304 0 0 128 32 0 0 32 134217728 0 33 2105344 805389328 67108864 33558802 4608 0 0 0 0 0 0 0 64 0 0 0 0 0 0 0 0 8192 0 0 1073741824 0 0 0 0 0 1073741824 0 0 0 8 0 0 128 0 0 0 0 0 0 0 0 0 0 0 0 0 0 0 0 0 0 0 0 0 0 0 0 16777216 1 0 0 33554433 0 8392704 1 2147483648 0 256 0 0 0 0 0 4 65536 0 0 2147483648 0 4 0 516 0 0 131072 16777216 0 0 2147483648 0 1073741824 1283 2097152 536895488 8388608 2048 0 0 0 0 0 0 0 4194304 0 16777216 0 536870912 2 0 0 2048 0 0 0 0 0 0 0 0 0 0 1 0 0 0 0 0 0 8256 0 0 0 32 0 1048584 0 0 0 0 131072 0 8 16777216 528 0 268435456 0 2214592512 0 0 8 0 0 0 33554432 0 0 0 0 524288 0 2147483648 0 0 0 0 32768 134217728 268435458 32 0 512 0 1024 2 0 1048576 0 0 0 0 0 0 0 2097152 0 0 0 0 0 67108864 512 0 262144 64 8388608 0 1048576 0 0 0 0 0 0 0 0 0 0 0 0 4 0 0 0 0 256 1073741824 33554432 0 4194304 0 0 0 0 134219776 0 0 0 0 0 134217728 16 536903680 0 0 0 8388608 2147489792 8 512 0 0 0 0 0 0 0 0 67108864 0 262144 32768 524288 32768 0 4210688 0 1048576 256 0 0 0 0 0 0 0 0 0 0 16777216 8388608 0 0 0 0 0 0 2147483648 134217728 0 0 8 536870912 0 0 0 128 16384 0 0 33554432 128 0 0 0 0 65536 0 0 0 2 2097152 0 32 0 256 0 134217728 65536 2097152 33554432 134217728 0 4 0 0 0 0 0 0 4 0 128 0 0 0 0 8192 0 0 0 0 0 0 0 0 0 0 134217728 65664 65536 0 0 0 536870912 0 0 0 33554440 0 8 0 16384 0 0 2097152 0 0 0 0 0 0 0 0 0 0 0 0 0 0 16777216 0 0 0 0 8388608 0 32 0 0 0 2 0 0 0 8192 0 0 0 0 0 8 1073741888 268435456 0 0 0 0 536903680 553910272 0 0 0 536870912 1 32768 0 0 0 16384 131072 0 16777216 16 0 0 0 1073741824 2048 0 0 0 2147483648 0 2050 0 0 8388736 260 0 0 0 0 0 0 0 0 0 0 0 0 0 128 0 0 0 0 0 0 0 0 0 0 0 0 2097152 0 0 0 0 0 0 0 536870912 0 0 0 16 0 4 0 0 0 0 4194304 0 0 0 0 0 8388608 4194304 0 0 0 0 0 0 0 0 1610612736 0 0 2147483648 0 256 8 0 0 8 2147483648 2097152 8192 8388608 0 0 541065216 2097152 0 16 0 805306368 0 98 0 0 2 536870912 0 0 0 0 0 0 0 0 0 41943040 0 0 0 0 0 0 0 0 0 16777216 0 0 0 32768 0 0 0 0 16 0 0 0 4194304 0 0 0 524288 0 0 0 134217728 80 262144 0 1 0 1212416 256 2097216 0 0 0 0 0 0 0 69206016 0 0 0 0 262144 0 0 2 0 8192 0 0 0 0 0 0 0 0 8192 8192 134217728 0 0 16777216 0 0 8388608 0 0 0 0 16384 0 512 0 0 2048 0 0 0 0 0 0 0 0 0 0 0 0 0 0 0 2147483648 0 134217728 0 0 64 0 0 67371008 4194304 0 65536 0 0 2097160 0 0 0 0 0 16384 0 67108864 0 0 0 0 0 0 0 0 16 512 8 2147483648 16 524320 2048 8388608 1 67108864 0 0 33554432 0 64 0 0 0 16777216 67108864 512 0 8388608 0 2097472 0 32768 0 0 1073758208 0 0 0 0 32768 0 0 0 0 0 0 0 0 0 0 0 0 0 2097152 0 0 0 0 0 0 0 0 0 8388608 0 0 68157440 2147483648 0 0 0 67108864 0 8192 0 0 0 0 0 0 16777216 0 0 1024 0 32 256 0 8192 64 0 0 134217730 67108864 0 0 64 0 0 0 1 128 0 1 0 0 0 4 0 0 0 0 33554432 0 0 0 2048 0 0 512 0 0 0 0 32896 0 0 16777220 0 0 0 0 0 0 0 0 0 0 2097152 0 0 512 0 0 0 0 0 0 0 0 0 0 0 0 262144 16777216 0 16777216 0 0 0 0 0 0 0 0 0 0 0 134250496 2 0 0 196624 8192 0 8388608 0 0 0 16385 0 0 512 0 8388608 0 8192 1073741824 524288 0 0 0 8 1179648 0 0 0 0 0 0 0 16 0 0 0 268435456 0 0 0 0 0 64 0 65536 0 0 8388608 0 1 0 0 655360 67108864 0 0 0 4096 0 1024 0 0 0 0 0 0 0 0 0 0 0 128 0 0 0 0 0 0 0 0 0 8192 0 0 0 0 0 0 8388610 536870912 0 0 0 2 16386 16384 0 0 0 0 2048 0 0 0 0 0 0 4224 0 0 72 0 0 2048 4194304 0 0 2151678208 0 0 0 0 0 0 32768 0 16777216 2097154 0 0 0 0 0 0 512 0 0 0 0 0 0 0 0 0 0 524288 0 0 1073741824 8192 0 0 1073741824 0 0 0 0 0 0 0 512 131072 0 1 0 2 0 0 0 0 0 0 33554432 0 0 2048 0 0 0 0 0 0 0 272629768 71303168 0 16777216 4096 0 0 2097152 1 0 0 0 0 0 0 0 0 0 0 0 0 0 64 0 0 1048576 0 134217728 8388608 0 0 1187840 0 128 536870912 536870912 0 16384 0 0 0 0 0 0 0 131072 0 33554432 0 0 0 0 0 0 0 0 0 0 0 0 0 0 0 0 0 0 0 0 0 0 32768 0 64 0 67108864 0 41943048 0 0 0 131072 0 0 8388608 2147483648 2048 0 4194304 0 32768 1024 0 0 8388608 0 2228224 0 138412032 0 0 0 67108864 0 0 268435456 16384 0 268435458 0 8192 1280 268435456 0 0 4096 0 0 0 16 268443648 0 0 256 0 262144 0 2 2097152 0 0 0 64 0 0 0 0 0 0 0 0 0 0 0 8 0 0 0 0 0 67108864 0 0 16777216 0 2097152 0 0 0 0 0 0 0 0 0 0 0 0 32768 0 0 0 0 0 0 0 0 0 0 0 0 131072 0 0 0 0 0 0 0 16384 8388608 1 0 131072 2097152 0 0 2097152 0 0 0 0 512 262144 0 0 0 0 0 65544 268435456 4194304 1024 0 0 8388608 0 0 0 536871040 8388608 0 4096 0 0 0 0 0 0 4 0 0 0 0 0 0 0 0 0 0 0 4 0 9 0 0 65536 0 0 0 0 0 1049088 0 0 0 0 0 16384 536870913 0 0 0 1074003968 0 0 0 33554432 0 0 0 0 0 0 4096 268435456 0 4096 0 0 0 0 0 0 16 0 0 8388608 0 4096 0 0 2112 16 0 131072 0 0 655360 0 0 0 0 0 32768 0 0 1073741824 0 1024 0 8192 0 0 0 33554432 512 0 0 0 0 256 0 0 0 0 0 0 0 0 0 0 2147483648 0 2147487744 0 0 256 0 32 2147483648 262144 0 1073742080 786432 0 0 0 2097152 0 0 0 2048 33554432 262144 0 0 2147483648 0 0 0 524288 0 0 0 0 0 2097152 100663296 1073741832 0 0 0 1024 65536 32768 0 0 0 0 2147483648 0 8192 1 0 1024 0 0 0 0 589824 0 0 0 0 0 0 0 0 0 0 0 0 0 0 0 0 0 2147491840 0 0 0 0 0 524296 0 0 0 2147483648 0 0 1048832 0 0 0 0 0 0 0 0 0 8192 4194305 0 67108864 0 4096 0 0 0 0 0 0 262144 16 16777216 1082130432 0 2147483648 0 1048576 0 0 1048576 524352 128 0 0 2147487744 0 268435456 0 0 0 128 0 0 16777216 0 0 16384 0 0 0 0 0 0 0 0 0 8192 0 0 2147483648 134217728 0 131072 32768 0 0 16777472 0 0 0 0 0 0 8388608 0 0 0 0 0 16 0 0 0 0 268435456 0 0 4096 0 0 0 0 0 0 0 65536 0 0 0 17301504 0 0 0 0 0 0 16384 0 0 512 0 32 2097152 0 0 0 1073741824 4194304 16 0 0 0 0 0 0 0 0 0 0 32 8 0 0 536870912 2147483648 0 0 0 0 0 0 0 262144 1073741824 160 0 0 4096 0 0 256 0 1024 0 128 0 0 1048576 0 0 0 0 16384 0 0 0 0 0 0 0 0 0 0 0 0 536870912 0 0 0 135168 134217728 0 0 0 0 0 0 8388608 524288 0 4194304 0 0 0 0 4 0 144 0 0 0 0 0 3145728 33554432 16 0 262144 262272 1024 33554432 0 0 0 16 0 65568 33554432 0 0 0 0 0 0 1073741824 16779264 0 4096 0 0 8 16777216 0 0 131072 16777216 0 0 0 0 0 0 0 1073741824 0 2048 0 0 0 0 134479872 0 0 0 0 0 0 0 0 0 0 0 0 0 0 0 0 512 0 0 4096 0 0 0 0 0 65536 262144 0 0 65536 0 67108864 0 0 0 0 0 0 0 0 0 0 0 67108872 2048 0 0 0 100663296 32 0 0 0 0 0 1048576 0 0 0 512 67141632 0 0 0 32 0 0 0 570425344 0 0 8704 0 0 0 0 285212672 0 6 0 8388608 0 0 0 0 0 0 2048 8 0 4718592 0 0 0 0 0 0 0 16777216 3 0 0 0 4096 65536 1024 0 0 0 0 0 0 0 2147483648 0 4194304 0 0 0 0 0 0 0 0 0 0 256 524288 0 0 0 0 0 0 0 0 0 0 0 1048576 0 16384 0 536870912 4 0 0 0 0 0 0 0 0 0 16384 524288 0 0 0 71303168 2097152 1073741824 524288 0 131072 1026 0 0 0 67108864 0 4194304 0 16777216 8 0 16384 0 131072 0 8192 0 0 536870912 0 0 0 33554440 0 0 0 0 2359296 0 4 0 524288 0 0 0 0 0 0 0 0 0 0 0 0 0 0 0 4 0 0 0 0 4194312 0 0 2147483648 0 0 0 0 0 0 0 0 0 0 4096 0 0 0 0 512 0 512 1048576 0 0 0 0 0 0 1073741824 32 0 1073741824 0 0 0 0 0 0 285212672 0 0 8388608 0 0 128 0 0 0 262144 0 128 67108864 16384 0 512 65536 1024 0 0 4194304 0 0 4096 0 0 0 0 0 0 0 0 0 0 0 0 0 0 0 0 0 8 33554432 0 0 0 0 0 0 0 134217728 0 134217728 0 0 0 41943296 32768 0 256 0 144 0 0 0 0 0 134217728 0 32768 0 0 2147483648 0 0 128 2147483648 0 0 134217728 1 0 131072 0 1073741824 0 2048 0 0 268435456 0 0 0 0 16777220 0 0 16777216 0 0 0 0 0 0 0 0 0 0 0 0 2 0 32 0 0 0 0 0 2 0 0 0 32 0 0 0 0 2097152 0 0 0 0 0 0 0 16777216 0 67108864 48 0 0 0 32 0 65536 0 0 0 268451840 33556480 0 65536 4096 0 0 0 0 4194304 4194304 16384 0 0 0 0 262148
is_linear=0
shrinkage=0.05


Tree=99
num_leaves=31
num_cat=22
split_feature=16 0 0 0 9 0 0 0 0 0 0 0 0 0 0 0 5 16 3 0 0 20 20 0 16 20 20 0 0 8
split_gain=8363.4 224.548 149.234 112.034 99.22 87.092 78.0394 70.3406 59.6387 57.7941 64.0828 47.8785 51.4007 50.6286 47.8242 46.0296 45.5189 48.6898 45.3078 41.5084 34.4118 34.2412 38.0024 34.8536 35.5531 62.5501 44.506 32.72 30.2962 29.4716
threshold=1.0000000180025095e-35 0 1 2 3 4 5 6 7 8 9 10 11 12 13 14 15 2.0400390625000004 16 17 18 1.0000000180025095e-35 0.58911132812500011 19 3.5498046875000004 0.37500000000000006 0.19641113281250003 20 21 2013.5000000000002
decision_type=10 9 9 9 9 9 9 9 9 9 9 9 9 9 9 9 1 10 1 9 9 2 2 9 10 2 2 9 9 2
left_child=-1 -2 -3 -4 -5 -6 -7 -8 -9 -10 -11 -12 -13 -14 -15 -16 17 18 -17 -18 -19 -21 23 -23 -25 26 -26 -22 -28 -20
right_child=1 2 3 4 5 6 7 8 9 10 11 12 13 14 15 16 19 20 29 21 27 22 -24 24 25 -27 28 -29 -30 -31
leaf_value=-0.0024649560295956444 -0.0090905969577077094 -0.014866938611349946 -0.019677057858637857 -0.020314640615485442 -0.019597382162970967 -0.021833747824321726 -0.021150430142121569 0.036508839556927707 -0.02118428789901643 -0.019326700256113678 -0.016569183365791256 -0.018315174850406221 -0.020553688466128192 -0.015642908709260203 -0.013382885877568357 -0.0034472476867973092 0.0025598378756432672 0.039639268556070133 0.036299226639110505 -0.0060337716071514613 0.025673512425004177 0.096606165801962712 -0.0038217033046227013 -0.0074523971353786193 0.00020972972686591487 0.0049554760032785253 0.071998143999937259 -2.4742886061568384e-05 -0.002822002293759836 0.010040489605978805
leaf_weight=4726430 174732 169030 173469 47681 167463 177450 175531 178562 160517 191335 154358 174587 178414 178902 182853 466469 80162 75461 675106 734170 105515 3549 3559714 498541 579096 468662 1986 6574215 529796 754924
leaf_count=4726430 174732 169030 173469 47681 167463 177450 175531 178562 160517 191335 154358 174587 178414 178902 182853 466469 80162 75461 675106 734170 105515 3549 3559714 498541 579096 468662 1986 6574215 529796 754924
internal_value=-0.00063267 -0.000130983 -0.00011309 -9.86016e-05 -8.57573e-05 -7.93785e-05 -6.81083e-05 -5.70134e-05 -4.64257e-05 -5.63646e-05 -4.69913e-05 -3.60974e-05 -2.75478e-05 -1.80282e-05 -8.36904e-06 1.14082e-06 1.06852e-05 8.5656e-05 0.000309518 -8.97881e-05 2.28074e-05 -0.000104005 -6.22039e-05 0.000107499 9.90314e-05 0.00021522 1.08512e-05 1.0812e-05 -0.000319408 0.000449095
internal_weight=2.23187e+07 1.75922e+07 1.74175e+07 1.72485e+07 1.7075e+07 1.70273e+07 1.68599e+07 1.66824e+07 1.65069e+07 1.63283e+07 1.61678e+07 1.59765e+07 1.58221e+07 1.56475e+07 1.54691e+07 1.52902e+07 1.51074e+07 8.65169e+06 1.8965e+06 6.45568e+06 6.75519e+06 6.37551e+06 5.64134e+06 2.08163e+06 2.07808e+06 1.57954e+06 1.11088e+06 6.67973e+06 531782 1.43003e+06
internal_count=22318680 17592250 17417518 17248488 17075019 17027338 16859875 16682425 16506894 16328332 16167815 15976480 15822122 15647535 15469121 15290219 15107366 8651690 1896499 6455676 6755191 6375514 5641344 2081630 2078081 1579540 1110878 6679730 531782 1430030
cat_boundaries=0 95 191 266 267 351 437 530 625 720 813 906 997 1086 1180 1268 1269 1270 1366 1445 1525 1603 1682
cat_threshold=0 0 0 0 0 0 0 0 0 0 0 0 0 0 0 0 0 0 0 0 0 0 0 0 0 0 0 0 0 0 0 0 0 0 0 0 0 0 0 0 0 0 0 0 0 2147483776 0 0 256 0 8396800 0 0 1 0 16 0 1 1082263616 26626 2214592544 64 72 0 0 0 0 0 0 0 0 0 0 0 0 0 0 0 256 0 0 0 0 0 0 16 41944064 0 33554432 0 0 0 536870912 1048576 268435456 0 0 0 0 0 0 0 0 0 0 131072 0 0 0 0 0 0 0 0 0 0 0 0 0 0 0 0 0 0 0 0 0 0 0 2147483648 0 0 0 0 0 0 0 0 0 0 0 0 4194304 0 0 128 32 0 0 36 2281701376 0 32 2106368 805372944 0 41947410 4608 0 0 0 0 0 0 0 64 0 0 0 0 0 0 0 0 8192 0 0 1073741824 0 0 0 0 0 1073741824 0 0 0 8 0 0 128 0 0 0 0 0 0 0 0 0 0 0 0 0 0 0 0 0 0 0 0 0 0 0 0 16777216 1 0 0 33554433 0 8388608 1 2147483648 0 256 0 0 0 0 0 4 65536 0 0 2147483648 0 33554436 0 516 0 0 131072 16777216 2147483648 0 0 0 1073741824 257 2097152 536895488 32 2048 512 0 1024 0 0 0 0 4194304 0 16777216 0 536870912 2 0 0 2048 0 0 0 0 0 0 0 0 0 0 1 0 0 0 0 0 0 64 0 0 33554432 32 0 1048584 0 0 0 4096 131072 0 8 16777216 512 0 268435472 0 2214592512 0 0 8 0 0 0 0 0 0 0 0 524288 0 0 0 0 0 0 32768 134217728 268437506 4210688 0 1048576 0 0 2 0 1048576 0 0 0 0 0 0 0 10485760 0 0 0 0 0 67108864 512 64 8388608 0 1048576 0 0 0 0 0 16384 0 0 0 128 0 0 0 0 65536 0 8192 256 1073741824 0 0 4194304 0 0 0 134217728 134285312 0 0 0 0 16 134217728 0 536903680 0 0 0 4 2147489792 8 0 262144 0 0 0 0 0 0 0 67108864 0 0 32768 524288 32768 0 0 0 0 256 0 0 0 0 0 0 0 0 0 0 16777216 0 0 0 0 0 0 0 2147483648 0 262144 0 0 0 8 536870912 0 0 0 0 0 2048 0 33554432 0 0 0 0 256 0 0 0 0 2 2097152 0 32 0 0 0 0 0 2097152 33554432 402653184 0 4 0 0 0 0 0 0 8388608 8388608 128 512 0 0 0 0 0 0 0 0 0 0 262144 0 0 1048576 134217728 65672 65536 0 0 0 553648128 0 0 0 33554440 0 0 0 0 0 16384 2097152 0 2097152 0 0 0 0 0 0 0 0 0 0 0 0 16777216 0 0 8 0 0 0 524304 0 2147483648 0 0 67108864 0 0 0 0 0 0 0 0 33554432 1073741824 268435456 0 0 0 0 536870912 0 1073741824 4194304 2 536870912 1 0 0 0 2 16384 0 0 0 0 0 0 268435456 1073741824 0 0 0 0 2147483648 4194305 2050 0 128 276824192 0 0 0 0 0 0 0 0 0 0 0 0 0 0 32768 0 134217728 0 0 0 0 1048576 0 0 0 0 0 0 0 0 32 0 0 0 0 0 0 16384 135266304 4456480 0 0 1024 0 0 16384 0 2228224 0 4194304 0 0 4194304 67108864 0 0 0 0 268435456 268697600 0 0 0 268435456 32768 0 0 0 0 0 0 0 0 0 0 0 262144 0 33554432 0 1024 0 0 0 0 0 0 0 0 0 0 0 2147483648 0 0 0 0 4 0 0 0 524288 0 0 0 0 2097152 262144 0 0 8 0 16384 0 0 536870912 0 0 67108864 0 4194304 0 0 0 0 0 0 0 16 0 0 0 131072 268435456 0 262144 134217728 0 0 0 0 8388608 0 0 0 0 0 0 0 0 0 0 16384 0 0 0 8192 0 0 0 0 2147483648 0 0 0 0 8388608 0 0 327680 0 16 0 2 2097152 0 16384 0 0 0 0 0 8192 0 0 0 0 0 8 0 2147483656 128 4096 0 1 32 0 81960 0 0 0 0 0 512 0 0 0 0 0 0 1 0 0 0 1073741824 0 1 0 4 0 0 0 0 0 0 4096 0 0 16 0 0 0 0 0 0 9 0 0 0 0 33554432 2129920 0 0 0 1 0 0 0 0 0 0 0 4352 0 4194304 4 0 16 0 0 0 0 536870912 0 0 0 4096 16384 0 0 64 0 0 0 0 0 32768 0 0 0 0 0 0 0 17301504 0 0 256 67108864 0 0 262144 128 0 0 1 0 0 16384 33554432 32768 0 0 0 0 0 0 4096 0 32768 0 0 32768 128 0 0 0 4194304 2147483648 0 0 0 0 0 0 1082130432 0 0 1073742080 0 0 0 0 0 0 2048 268435456 64 0 0 0 524288 256 0 0 0 0 33554432 0 0 0 0 0 2147483648 256 0 75497472 0 0 0 0 0 0 0 256 0 0 0 65536 262144 0 0 2048 0 0 0 0 0 34078729 0 16 0 0 0 0 134217728 0 1572864 0 0 0 0 0 0 0 0 0 0 0 0 0 0 128 0 0 67108864 0 264192 2147483648 256 0 4096 524288 268435456 33554432 0 0 0 0 0 0 0 0 4096 0 0 0 0 0 512 0 0 131072 0 134217728 0 262144 0 0 0 0 1073741824 8704 0 16384 512 0 0 0 524288 0 0 0 0 0 0 4 0 0 0 0 16 0 8192 0 0 0 0 33554432 0 512 2 0 0 2147483648 0 0 1073741840 0 1048576 0 16384 2097152 0 0 0 8192 1 0 0 32768 0 0 0 0 0 0 8 0 0 0 0 33554433 0 268500992 0 0 0 2097152 0 0 268435456 0 262144 16384 0 16 0 134217728 0 0 0 0 0 0 65536 0 0 1024 65536 0 0 524288 0 0 0 0 16 0 512 0 0 33816576 0 0 0 0 0 0 0 0 0 0 0 0 0 0 2147483648 1048576 0 16384 0 33554432 0 0 0 0 0 128 1310720 0 0 0 134217728 0 0 20971520 0 2097152 4194304 128 0 0 0 0 0 0 0 0 0 0 67108864 262144 0 8192 2147483648 0 0 16908288 268435456 0 0 0 8388608 0 0 0 16384 0 0 0 0 0 0 0 0 1024 0 2147483648 0 0 0 0 0 0 0 1028 0 524288 33554560 0 6144 0 0 0 0 0 0 0 0 0 0 0 2097152 0 4194304 0 0 4 0 0 0 4194304 0 131072 0 0 0 32 33 134217728 0 0 0 0 0 0 0 16781312 0 0 4112 0 0 0 16384 0 0 0 2147483648 15 8 32 0 0 1073741824 0 0 0 0 8192 0 0 0 0 0 0 0 0 0 0 0 0 0 0 0 1 0 0 0 2359296 0 0 0 268435456 0 8192 0 0 65536 0 0 0 0 0 0 0 0 2155872256 0 1048576 65536 131072 8 0 0 0 0 64 0 2147484164 67108864 64 0 1024 0 0 2048 0 512 0 0 0 0 1 0 0 0 0 0 0 0 1048576 0 0 0 256 9502722 0 0 0 0 0 0 0 0 0 1 0 0 0 0 0 4 67108864 0 0 128 0 0 0 0 192 0 0 536936448 0 32 4096 24640 32 1024 128 0 2097152 0 0 268435456 0 0 0 0 0 264 1 32768 0 32 128 0 262144 32776 0 0 0 0 0 0 0 0 0 0 0 0 0 0 0 0 0 0 0 0 18 2097152 0 33554432 0 0 0 0 0 0 0 0 8192 0 64 0 0 131072 0 0 0 0 0 0 0 16 0 0 0 0 268435456 268435968 0 0 0 67125248 0 0 16384 0 0 0 0 8388608 75505664 0 262144 0 0 0 0 268435456 1 0 0 0 0 0 0 16777216 0 0 0 0 4194368 33555456 0 0 0 0 0 32 0 0 0 0 0 0 32768 64 16777216 16 0 0 0 1024 256 0 131072 0 32 256 0 0 4 0 0 0 0 0 0 8388608 134217728 2 0 0 268435456 0 0 524288 0 0 0 262144 8388608 16384 524288 0 8454144 0 0 2048 0 25165824 0 0 0 1048576 0 0 67108864 0 4 16777248 0 0 0 4194304 0 0 0 0 0 0 0 0 0 0 0 0 16384 0 0 0 0 0 0 0 0 268435456 16777216 0 0 0 256 0 128 512 32768 0 536870948 1 33554432 0 131072 1024 0 0 0 0 1048576 0 0 0 0 16777216 1024 0 0 1048576 512 0 0 0 16384 0 0 0 0 0 32 0 0 1073741824 0 0 0 1048576 0 0 0 0 1081344 0 16 0 2097152 0 0 0 256 0 0 0 0 0 536870912 1 131072 0 0 0 0 0 0 0 0 16 1048576 2147483648 16777216 512 0 0 16777248 2 536870976 0 0 536870912 33554432 64
is_linear=0
shrinkage=0.05


end of trees

feature_importances:
item_id=1655
rolling_mean_28=271
sell_price=251
store_id=192
rolling_mean_7=145
wday=135
dept_id=87
lag_28=74
weekday=56
lag_35=42
event_name_1=38
cat_id=20
snap_CA=15
month=11
year=8

parameters:
[boosting: gbdt]
[objective: quantile]
[metric: quantile]
[tree_learner: serial]
[device_type: cpu]
[data_sample_strategy: bagging]
[data: ]
[valid: ]
[num_iterations: 100]
[learning_rate: 0.05]
[num_leaves: 31]
[num_threads: 12]
[seed: 42]
[deterministic: 0]
[force_col_wise: 0]
[force_row_wise: 0]
[histogram_pool_size: -1]
[max_depth: -1]
[min_data_in_leaf: 20]
[min_sum_hessian_in_leaf: 0.001]
[bagging_fraction: 1]
[pos_bagging_fraction: 1]
[neg_bagging_fraction: 1]
[bagging_freq: 0]
[bagging_seed: 400]
[bagging_by_query: 0]
[feature_fraction: 1]
[feature_fraction_bynode: 1]
[feature_fraction_seed: 30056]
[extra_trees: 0]
[extra_seed: 12879]
[early_stopping_round: 0]
[early_stopping_min_delta: 0]
[first_metric_only: 0]
[max_delta_step: 0]
[lambda_l1: 0]
[lambda_l2: 0]
[linear_lambda: 0]
[min_gain_to_split: 0]
[drop_rate: 0.1]
[max_drop: 50]
[skip_drop: 0.5]
[xgboost_dart_mode: 0]
[uniform_drop: 0]
[drop_seed: 17869]
[top_rate: 0.2]
[other_rate: 0.1]
[min_data_per_group: 100]
[max_cat_threshold: 32]
[cat_l2: 10]
[cat_smooth: 10]
[max_cat_to_onehot: 4]
[top_k: 20]
[monotone_constraints: ]
[monotone_constraints_method: basic]
[monotone_penalty: 0]
[feature_contri: ]
[forcedsplits_filename: ]
[refit_decay_rate: 0.9]
[cegb_tradeoff: 1]
[cegb_penalty_split: 0]
[cegb_penalty_feature_lazy: ]
[cegb_penalty_feature_coupled: ]
[path_smooth: 0]
[interaction_constraints: ]
[verbosity: 1]
[saved_feature_importance_type: 0]
[use_quantized_grad: 0]
[num_grad_quant_bins: 4]
[quant_train_renew_leaf: 0]
[stochastic_rounding: 1]
[linear_tree: 0]
[max_bin: 255]
[max_bin_by_feature: ]
[min_data_in_bin: 3]
[bin_construct_sample_cnt: 200000]
[data_random_seed: 175]
[is_enable_sparse: 1]
[enable_bundle: 1]
[use_missing: 1]
[zero_as_missing: 0]
[feature_pre_filter: 1]
[pre_partition: 0]
[two_round: 0]
[header: 0]
[label_column: ]
[weight_column: ]
[group_column: ]
[ignore_column: ]
[categorical_feature: 0,1,2,3,4,5,9,10,11,12]
[forcedbins_filename: ]
[precise_float_parser: 0]
[parser_config_file: ]
[objective_seed: 16083]
[num_class: 1]
[is_unbalance: 0]
[scale_pos_weight: 1]
[sigmoid: 1]
[boost_from_average: 1]
[reg_sqrt: 0]
[alpha: 0.95]
[fair_c: 1]
[poisson_max_delta_step: 0.7]
[tweedie_variance_power: 1.5]
[lambdarank_truncation_level: 30]
[lambdarank_norm: 1]
[label_gain: ]
[lambdarank_position_bias_regularization: 0]
[eval_at: ]
[multi_error_top_k: 1]
[auc_mu_weights: ]
[num_machines: 1]
[local_listen_port: 12400]
[time_out: 120]
[machine_list_filename: ]
[machines: ]
[gpu_platform_id: -1]
[gpu_device_id: -1]
[gpu_device_id_list: ]
[gpu_use_dp: 0]
[num_gpu: 1]

end of parameters

pandas_categorical:[["FOODS_1_001", "FOODS_1_002", "FOODS_1_003", "FOODS_1_004", "FOODS_1_005", "FOODS_1_006", "FOODS_1_008", "FOODS_1_009", "FOODS_1_010", "FOODS_1_011", "FOODS_1_012", "FOODS_1_013", "FOODS_1_014", "FOODS_1_015", "FOODS_1_016", "FOODS_1_017", "FOODS_1_018", "FOODS_1_019", "FOODS_1_020", "FOODS_1_021", "FOODS_1_022", "FOODS_1_023", "FOODS_1_024", "FOODS_1_025", "FOODS_1_026", "FOODS_1_027", "FOODS_1_028", "FOODS_1_029", "FOODS_1_030", "FOODS_1_031", "FOODS_1_032", "FOODS_1_033", "FOODS_1_034", "FOODS_1_035", "FOODS_1_036", "FOODS_1_037", "FOODS_1_038", "FOODS_1_039", "FOODS_1_040", "FOODS_1_041", "FOODS_1_042", "FOODS_1_043", "FOODS_1_044", "FOODS_1_045", "FOODS_1_046", "FOODS_1_047", "FOODS_1_048", "FOODS_1_049", "FOODS_1_050", "FOODS_1_051", "FOODS_1_052", "FOODS_1_053", "FOODS_1_054", "FOODS_1_055", "FOODS_1_056", "FOODS_1_057", "FOODS_1_058", "FOODS_1_059", "FOODS_1_060", "FOODS_1_061", "FOODS_1_062", "FOODS_1_063", "FOODS_1_064", "FOODS_1_065", "FOODS_1_066", "FOODS_1_067", "FOODS_1_068", "FOODS_1_069", "FOODS_1_070", "FOODS_1_071", "FOODS_1_072", "FOODS_1_073", "FOODS_1_074", "FOODS_1_075", "FOODS_1_076", "FOODS_1_077", "FOODS_1_078", "FOODS_1_079", "FOODS_1_080", "FOODS_1_081", "FOODS_1_082", "FOODS_1_083", "FOODS_1_084", "FOODS_1_085", "FOODS_1_086", "FOODS_1_087", "FOODS_1_088", "FOODS_1_089", "FOODS_1_090", "FOODS_1_091", "FOODS_1_092", "FOODS_1_093", "FOODS_1_094", "FOODS_1_095", "FOODS_1_096", "FOODS_1_097", "FOODS_1_098", "FOODS_1_099", "FOODS_1_101", "FOODS_1_102", "FOODS_1_103", "FOODS_1_104", "FOODS_1_105", "FOODS_1_106", "FOODS_1_107", "FOODS_1_108", "FOODS_1_109", "FOODS_1_110", "FOODS_1_111", "FOODS_1_112", "FOODS_1_113", "FOODS_1_114", "FOODS_1_115", "FOODS_1_116", "FOODS_1_117", "FOODS_1_118", "FOODS_1_119", "FOODS_1_120", "FOODS_1_121", "FOODS_1_122", "FOODS_1_123", "FOODS_1_124", "FOODS_1_125", "FOODS_1_126", "FOODS_1_127", "FOODS_1_128", "FOODS_1_129", "FOODS_1_130", "FOODS_1_131", "FOODS_1_132", "FOODS_1_133", "FOODS_1_134", "FOODS_1_135", "FOODS_1_136", "FOODS_1_137", "FOODS_1_138", "FOODS_1_139", "FOODS_1_140", "FOODS_1_141", "FOODS_1_142", "FOODS_1_143", "FOODS_1_144", "FOODS_1_145", "FOODS_1_146", "FOODS_1_147", "FOODS_1_148", "FOODS_1_149", "FOODS_1_150", "FOODS_1_151", "FOODS_1_152", "FOODS_1_153", "FOODS_1_154", "FOODS_1_155", "FOODS_1_156", "FOODS_1_157", "FOODS_1_158", "FOODS_1_159", "FOODS_1_160", "FOODS_1_161", "FOODS_1_162", "FOODS_1_163", "FOODS_1_164", "FOODS_1_166", "FOODS_1_167", "FOODS_1_168", "FOODS_1_169", "FOODS_1_170", "FOODS_1_171", "FOODS_1_172", "FOODS_1_173", "FOODS_1_174", "FOODS_1_175", "FOODS_1_176", "FOODS_1_177", "FOODS_1_178", "FOODS_1_179", "FOODS_1_180", "FOODS_1_181", "FOODS_1_182", "FOODS_1_183", "FOODS_1_184", "FOODS_1_185", "FOODS_1_186", "FOODS_1_187", "FOODS_1_188", "FOODS_1_189", "FOODS_1_190", "FOODS_1_191", "FOODS_1_192", "FOODS_1_193", "FOODS_1_194", "FOODS_1_195", "FOODS_1_196", "FOODS_1_197", "FOODS_1_198", "FOODS_1_199", "FOODS_1_200", "FOODS_1_201", "FOODS_1_202", "FOODS_1_203", "FOODS_1_204", "FOODS_1_205", "FOODS_1_206", "FOODS_1_207", "FOODS_1_208", "FOODS_1_209", "FOODS_1_210", "FOODS_1_211", "FOODS_1_212", "FOODS_1_213", "FOODS_1_214", "FOODS_1_215", "FOODS_1_216", "FOODS_1_217", "FOODS_1_218", "FOODS_1_219", "FOODS_2_001", "FOODS_2_002", "FOODS_2_003", "FOODS_2_004", "FOODS_2_005", "FOODS_2_006", "FOODS_2_007", "FOODS_2_008", "FOODS_2_009", "FOODS_2_010", "FOODS_2_011", "FOODS_2_012", "FOODS_2_013", "FOODS_2_014", "FOODS_2_015", "FOODS_2_016", "FOODS_2_017", "FOODS_2_018", "FOODS_2_019", "FOODS_2_020", "FOODS_2_021", "FOODS_2_022", "FOODS_2_023", "FOODS_2_024", "FOODS_2_025", "FOODS_2_026", "FOODS_2_027", "FOODS_2_028", "FOODS_2_029", "FOODS_2_030", "FOODS_2_031", "FOODS_2_032", "FOODS_2_033", "FOODS_2_034", "FOODS_2_035", "FOODS_2_036", "FOODS_2_037", "FOODS_2_038", "FOODS_2_039", "FOODS_2_040", "FOODS_2_041", "FOODS_2_042", "FOODS_2_043", "FOODS_2_044", "FOODS_2_045", "FOODS_2_046", "FOODS_2_047", "FOODS_2_048", "FOODS_2_049", "FOODS_2_050", "FOODS_2_051", "FOODS_2_052", "FOODS_2_053", "FOODS_2_054", "FOODS_2_055", "FOODS_2_056", "FOODS_2_057", "FOODS_2_058", "FOODS_2_059", "FOODS_2_060", "FOODS_2_061", "FOODS_2_062", "FOODS_2_063", "FOODS_2_064", "FOODS_2_065", "FOODS_2_066", "FOODS_2_067", "FOODS_2_068", "FOODS_2_069", "FOODS_2_070", "FOODS_2_071", "FOODS_2_072", "FOODS_2_073", "FOODS_2_074", "FOODS_2_075", "FOODS_2_076", "FOODS_2_077", "FOODS_2_078", "FOODS_2_079", "FOODS_2_080", "FOODS_2_081", "FOODS_2_082", "FOODS_2_083", "FOODS_2_084", "FOODS_2_085", "FOODS_2_086", "FOODS_2_087", "FOODS_2_088", "FOODS_2_089", "FOODS_2_090", "FOODS_2_091", "FOODS_2_092", "FOODS_2_093", "FOODS_2_094", "FOODS_2_095", "FOODS_2_096", "FOODS_2_097", "FOODS_2_099", "FOODS_2_100", "FOODS_2_101", "FOODS_2_102", "FOODS_2_103", "FOODS_2_104", "FOODS_2_105", "FOODS_2_106", "FOODS_2_107", "FOODS_2_108", "FOODS_2_109", "FOODS_2_110", "FOODS_2_111", "FOODS_2_112", "FOODS_2_113", "FOODS_2_114", "FOODS_2_115", "FOODS_2_116", "FOODS_2_117", "FOODS_2_118", "FOODS_2_119", "FOODS_2_120", "FOODS_2_121", "FOODS_2_122", "FOODS_2_123", "FOODS_2_124", "FOODS_2_125", "FOODS_2_126", "FOODS_2_127", "FOODS_2_128", "FOODS_2_129", "FOODS_2_130", "FOODS_2_131", "FOODS_2_132", "FOODS_2_133", "FOODS_2_134", "FOODS_2_135", "FOODS_2_136", "FOODS_2_137", "FOODS_2_138", "FOODS_2_139", "FOODS_2_140", "FOODS_2_141", "FOODS_2_142", "FOODS_2_143", "FOODS_2_144", "FOODS_2_145", "FOODS_2_146", "FOODS_2_147", "FOODS_2_148", "FOODS_2_149", "FOODS_2_150", "FOODS_2_151", "FOODS_2_152", "FOODS_2_153", "FOODS_2_154", "FOODS_2_155", "FOODS_2_156", "FOODS_2_157", "FOODS_2_158", "FOODS_2_159", "FOODS_2_160", "FOODS_2_161", "FOODS_2_162", "FOODS_2_163", "FOODS_2_164", "FOODS_2_165", "FOODS_2_166", "FOODS_2_167", "FOODS_2_168", "FOODS_2_169", "FOODS_2_170", "FOODS_2_171", "FOODS_2_172", "FOODS_2_173", "FOODS_2_174", "FOODS_2_175", "FOODS_2_176", "FOODS_2_177", "FOODS_2_178", "FOODS_2_179", "FOODS_2_180", "FOODS_2_181", "FOODS_2_182", "FOODS_2_183", "FOODS_2_184", "FOODS_2_185", "FOODS_2_186", "FOODS_2_187", "FOODS_2_188", "FOODS_2_189", "FOODS_2_190", "FOODS_2_191", "FOODS_2_192", "FOODS_2_193", "FOODS_2_194", "FOODS_2_195", "FOODS_2_196", "FOODS_2_197", "FOODS_2_198", "FOODS_2_199", "FOODS_2_200", "FOODS_2_201", "FOODS_2_202", "FOODS_2_203", "FOODS_2_204", "FOODS_2_205", "FOODS_2_206", "FOODS_2_207", "FOODS_2_208", "FOODS_2_209", "FOODS_2_210", "FOODS_2_211", "FOODS_2_212", "FOODS_2_213", "FOODS_2_214", "FOODS_2_215", "FOODS_2_216", "FOODS_2_217", "FOODS_2_218", "FOODS_2_219", "FOODS_2_220", "FOODS_2_221", "FOODS_2_222", "FOODS_2_223", "FOODS_2_224", "FOODS_2_225", "FOODS_2_226", "FOODS_2_227", "FOODS_2_228", "FOODS_2_229", "FOODS_2_230", "FOODS_2_231", "FOODS_2_232", "FOODS_2_233", "FOODS_2_234", "FOODS_2_235", "FOODS_2_236", "FOODS_2_237", "FOODS_2_238", "FOODS_2_239", "FOODS_2_240", "FOODS_2_241", "FOODS_2_242", "FOODS_2_243", "FOODS_2_244", "FOODS_2_245", "FOODS_2_246", "FOODS_2_247", "FOODS_2_248", "FOODS_2_249", "FOODS_2_250", "FOODS_2_251", "FOODS_2_252", "FOODS_2_253", "FOODS_2_254", "FOODS_2_255", "FOODS_2_256", "FOODS_2_257", "FOODS_2_258", "FOODS_2_259", "FOODS_2_260", "FOODS_2_261", "FOODS_2_262", "FOODS_2_263", "FOODS_2_264", "FOODS_2_265", "FOODS_2_266", "FOODS_2_267", "FOODS_2_268", "FOODS_2_269", "FOODS_2_270", "FOODS_2_271", "FOODS_2_272", "FOODS_2_273", "FOODS_2_274", "FOODS_2_275", "FOODS_2_276", "FOODS_2_277", "FOODS_2_278", "FOODS_2_279", "FOODS_2_280", "FOODS_2_281", "FOODS_2_282", "FOODS_2_283", "FOODS_2_284", "FOODS_2_285", "FOODS_2_286", "FOODS_2_287", "FOODS_2_288", "FOODS_2_289", "FOODS_2_290", "FOODS_2_291", "FOODS_2_292", "FOODS_2_293", "FOODS_2_294", "FOODS_2_295", "FOODS_2_296", "FOODS_2_297", "FOODS_2_298", "FOODS_2_299", "FOODS_2_300", "FOODS_2_301", "FOODS_2_302", "FOODS_2_303", "FOODS_2_304", "FOODS_2_305", "FOODS_2_306", "FOODS_2_307", "FOODS_2_308", "FOODS_2_309", "FOODS_2_310", "FOODS_2_311", "FOODS_2_312", "FOODS_2_313", "FOODS_2_314", "FOODS_2_315", "FOODS_2_316", "FOODS_2_317", "FOODS_2_318", "FOODS_2_319", "FOODS_2_320", "FOODS_2_321", "FOODS_2_322", "FOODS_2_323", "FOODS_2_324", "FOODS_2_325", "FOODS_2_326", "FOODS_2_327", "FOODS_2_328", "FOODS_2_329", "FOODS_2_330", "FOODS_2_331", "FOODS_2_332", "FOODS_2_333", "FOODS_2_334", "FOODS_2_335", "FOODS_2_336", "FOODS_2_337", "FOODS_2_338", "FOODS_2_339", "FOODS_2_340", "FOODS_2_341", "FOODS_2_342", "FOODS_2_343", "FOODS_2_344", "FOODS_2_345", "FOODS_2_346", "FOODS_2_347", "FOODS_2_348", "FOODS_2_349", "FOODS_2_350", "FOODS_2_351", "FOODS_2_352", "FOODS_2_353", "FOODS_2_354", "FOODS_2_355", "FOODS_2_356", "FOODS_2_357", "FOODS_2_358", "FOODS_2_359", "FOODS_2_360", "FOODS_2_361", "FOODS_2_362", "FOODS_2_363", "FOODS_2_364", "FOODS_2_365", "FOODS_2_366", "FOODS_2_367", "FOODS_2_368", "FOODS_2_369", "FOODS_2_370", "FOODS_2_371", "FOODS_2_372", "FOODS_2_373", "FOODS_2_374", "FOODS_2_375", "FOODS_2_376", "FOODS_2_377", "FOODS_2_378", "FOODS_2_379", "FOODS_2_380", "FOODS_2_381", "FOODS_2_382", "FOODS_2_383", "FOODS_2_384", "FOODS_2_385", "FOODS_2_386", "FOODS_2_387", "FOODS_2_388", "FOODS_2_389", "FOODS_2_390", "FOODS_2_391", "FOODS_2_392", "FOODS_2_393", "FOODS_2_394", "FOODS_2_395", "FOODS_2_396", "FOODS_2_397", "FOODS_2_398", "FOODS_2_399", "FOODS_3_001", "FOODS_3_002", "FOODS_3_003", "FOODS_3_004", "FOODS_3_005", "FOODS_3_006", "FOODS_3_007", "FOODS_3_008", "FOODS_3_009", "FOODS_3_010", "FOODS_3_011", "FOODS_3_012", "FOODS_3_013", "FOODS_3_014", "FOODS_3_015", "FOODS_3_016", "FOODS_3_017", "FOODS_3_018", "FOODS_3_019", "FOODS_3_020", "FOODS_3_021", "FOODS_3_022", "FOODS_3_023", "FOODS_3_024", "FOODS_3_025", "FOODS_3_026", "FOODS_3_027", "FOODS_3_028", "FOODS_3_029", "FOODS_3_030", "FOODS_3_031", "FOODS_3_032", "FOODS_3_033", "FOODS_3_034", "FOODS_3_035", "FOODS_3_036", "FOODS_3_037", "FOODS_3_038", "FOODS_3_039", "FOODS_3_040", "FOODS_3_041", "FOODS_3_042", "FOODS_3_043", "FOODS_3_044", "FOODS_3_045", "FOODS_3_046", "FOODS_3_047", "FOODS_3_048", "FOODS_3_049", "FOODS_3_050", "FOODS_3_051", "FOODS_3_053", "FOODS_3_054", "FOODS_3_055", "FOODS_3_056", "FOODS_3_057", "FOODS_3_058", "FOODS_3_059", "FOODS_3_060", "FOODS_3_061", "FOODS_3_062", "FOODS_3_063", "FOODS_3_064", "FOODS_3_065", "FOODS_3_066", "FOODS_3_067", "FOODS_3_068", "FOODS_3_069", "FOODS_3_070", "FOODS_3_071", "FOODS_3_072", "FOODS_3_073", "FOODS_3_074", "FOODS_3_075", "FOODS_3_076", "FOODS_3_077", "FOODS_3_078", "FOODS_3_079", "FOODS_3_080", "FOODS_3_081", "FOODS_3_082", "FOODS_3_083", "FOODS_3_084", "FOODS_3_085", "FOODS_3_086", "FOODS_3_087", "FOODS_3_088", "FOODS_3_089", "FOODS_3_090", "FOODS_3_091", "FOODS_3_092", "FOODS_3_093", "FOODS_3_094", "FOODS_3_095", "FOODS_3_096", "FOODS_3_097", "FOODS_3_098", "FOODS_3_099", "FOODS_3_100", "FOODS_3_101", "FOODS_3_102", "FOODS_3_103", "FOODS_3_104", "FOODS_3_105", "FOODS_3_106", "FOODS_3_107", "FOODS_3_108", "FOODS_3_109", "FOODS_3_110", "FOODS_3_111", "FOODS_3_112", "FOODS_3_113", "FOODS_3_114", "FOODS_3_115", "FOODS_3_116", "FOODS_3_117", "FOODS_3_118", "FOODS_3_119", "FOODS_3_120", "FOODS_3_121", "FOODS_3_122", "FOODS_3_123", "FOODS_3_124", "FOODS_3_125", "FOODS_3_126", "FOODS_3_127", "FOODS_3_128", "FOODS_3_129", "FOODS_3_130", "FOODS_3_131", "FOODS_3_132", "FOODS_3_133", "FOODS_3_134", "FOODS_3_135", "FOODS_3_136", "FOODS_3_137", "FOODS_3_138", "FOODS_3_139", "FOODS_3_140", "FOODS_3_141", "FOODS_3_142", "FOODS_3_143", "FOODS_3_144", "FOODS_3_145", "FOODS_3_146", "FOODS_3_147", "FOODS_3_148", "FOODS_3_149", "FOODS_3_150", "FOODS_3_151", "FOODS_3_152", "FOODS_3_153", "FOODS_3_154", "FOODS_3_155", "FOODS_3_156", "FOODS_3_157", "FOODS_3_158", "FOODS_3_159", "FOODS_3_160", "FOODS_3_161", "FOODS_3_162", "FOODS_3_163", "FOODS_3_164", "FOODS_3_165", "FOODS_3_166", "FOODS_3_167", "FOODS_3_168", "FOODS_3_169", "FOODS_3_170", "FOODS_3_171", "FOODS_3_172", "FOODS_3_173", "FOODS_3_174", "FOODS_3_175", "FOODS_3_176", "FOODS_3_177", "FOODS_3_178", "FOODS_3_179", "FOODS_3_180", "FOODS_3_181", "FOODS_3_182", "FOODS_3_183", "FOODS_3_184", "FOODS_3_185", "FOODS_3_186", "FOODS_3_187", "FOODS_3_188", "FOODS_3_189", "FOODS_3_190", "FOODS_3_191", "FOODS_3_192", "FOODS_3_193", "FOODS_3_194", "FOODS_3_195", "FOODS_3_196", "FOODS_3_197", "FOODS_3_198", "FOODS_3_199", "FOODS_3_200", "FOODS_3_201", "FOODS_3_202", "FOODS_3_203", "FOODS_3_204", "FOODS_3_205", "FOODS_3_206", "FOODS_3_207", "FOODS_3_208", "FOODS_3_209", "FOODS_3_210", "FOODS_3_211", "FOODS_3_212", "FOODS_3_213", "FOODS_3_214", "FOODS_3_215", "FOODS_3_216", "FOODS_3_217", "FOODS_3_218", "FOODS_3_219", "FOODS_3_220", "FOODS_3_221", "FOODS_3_222", "FOODS_3_223", "FOODS_3_224", "FOODS_3_225", "FOODS_3_226", "FOODS_3_227", "FOODS_3_228", "FOODS_3_229", "FOODS_3_230", "FOODS_3_231", "FOODS_3_232", "FOODS_3_233", "FOODS_3_234", "FOODS_3_235", "FOODS_3_236", "FOODS_3_237", "FOODS_3_238", "FOODS_3_239", "FOODS_3_240", "FOODS_3_241", "FOODS_3_242", "FOODS_3_243", "FOODS_3_244", "FOODS_3_245", "FOODS_3_246", "FOODS_3_247", "FOODS_3_248", "FOODS_3_249", "FOODS_3_250", "FOODS_3_251", "FOODS_3_252", "FOODS_3_253", "FOODS_3_254", "FOODS_3_255", "FOODS_3_256", "FOODS_3_257", "FOODS_3_258", "FOODS_3_259", "FOODS_3_260", "FOODS_3_261", "FOODS_3_262", "FOODS_3_263", "FOODS_3_264", "FOODS_3_265", "FOODS_3_266", "FOODS_3_267", "FOODS_3_268", "FOODS_3_269", "FOODS_3_270", "FOODS_3_271", "FOODS_3_272", "FOODS_3_273", "FOODS_3_274", "FOODS_3_275", "FOODS_3_276", "FOODS_3_277", "FOODS_3_278", "FOODS_3_279", "FOODS_3_280", "FOODS_3_281", "FOODS_3_282", "FOODS_3_283", "FOODS_3_284", "FOODS_3_285", "FOODS_3_286", "FOODS_3_287", "FOODS_3_288", "FOODS_3_289", "FOODS_3_290", "FOODS_3_291", "FOODS_3_292", "FOODS_3_293", "FOODS_3_294", "FOODS_3_295", "FOODS_3_296", "FOODS_3_297", "FOODS_3_298", "FOODS_3_299", "FOODS_3_300", "FOODS_3_301", "FOODS_3_302", "FOODS_3_303", "FOODS_3_304", "FOODS_3_305", "FOODS_3_306", "FOODS_3_307", "FOODS_3_308", "FOODS_3_309", "FOODS_3_310", "FOODS_3_311", "FOODS_3_312", "FOODS_3_313", "FOODS_3_314", "FOODS_3_315", "FOODS_3_316", "FOODS_3_317", "FOODS_3_318", "FOODS_3_319", "FOODS_3_320", "FOODS_3_321", "FOODS_3_322", "FOODS_3_323", "FOODS_3_324", "FOODS_3_325", "FOODS_3_326", "FOODS_3_327", "FOODS_3_328", "FOODS_3_329", "FOODS_3_330", "FOODS_3_331", "FOODS_3_332", "FOODS_3_333", "FOODS_3_334", "FOODS_3_335", "FOODS_3_336", "FOODS_3_337", "FOODS_3_338", "FOODS_3_339", "FOODS_3_340", "FOODS_3_341", "FOODS_3_342", "FOODS_3_343", "FOODS_3_344", "FOODS_3_345", "FOODS_3_346", "FOODS_3_347", "FOODS_3_348", "FOODS_3_349", "FOODS_3_350", "FOODS_3_351", "FOODS_3_352", "FOODS_3_353", "FOODS_3_354", "FOODS_3_355", "FOODS_3_356", "FOODS_3_357", "FOODS_3_358", "FOODS_3_359", "FOODS_3_360", "FOODS_3_361", "FOODS_3_362", "FOODS_3_363", "FOODS_3_364", "FOODS_3_365", "FOODS_3_366", "FOODS_3_367", "FOODS_3_368", "FOODS_3_369", "FOODS_3_370", "FOODS_3_371", "FOODS_3_372", "FOODS_3_373", "FOODS_3_374", "FOODS_3_375", "FOODS_3_376", "FOODS_3_377", "FOODS_3_378", "FOODS_3_379", "FOODS_3_380", "FOODS_3_381", "FOODS_3_382", "FOODS_3_383", "FOODS_3_384", "FOODS_3_385", "FOODS_3_386", "FOODS_3_387", "FOODS_3_388", "FOODS_3_389", "FOODS_3_390", "FOODS_3_391", "FOODS_3_392", "FOODS_3_393", "FOODS_3_394", "FOODS_3_395", "FOODS_3_396", "FOODS_3_397", "FOODS_3_398", "FOODS_3_399", "FOODS_3_400", "FOODS_3_401", "FOODS_3_402", "FOODS_3_403", "FOODS_3_404", "FOODS_3_405", "FOODS_3_406", "FOODS_3_407", "FOODS_3_408", "FOODS_3_409", "FOODS_3_410", "FOODS_3_411", "FOODS_3_412", "FOODS_3_413", "FOODS_3_414", "FOODS_3_415", "FOODS_3_416", "FOODS_3_417", "FOODS_3_418", "FOODS_3_419", "FOODS_3_420", "FOODS_3_421", "FOODS_3_422", "FOODS_3_423", "FOODS_3_424", "FOODS_3_425", "FOODS_3_426", "FOODS_3_427", "FOODS_3_428", "FOODS_3_429", "FOODS_3_430", "FOODS_3_431", "FOODS_3_432", "FOODS_3_433", "FOODS_3_434", "FOODS_3_435", "FOODS_3_436", "FOODS_3_437", "FOODS_3_438", "FOODS_3_439", "FOODS_3_440", "FOODS_3_441", "FOODS_3_442", "FOODS_3_443", "FOODS_3_444", "FOODS_3_445", "FOODS_3_446", "FOODS_3_447", "FOODS_3_448", "FOODS_3_449", "FOODS_3_450", "FOODS_3_451", "FOODS_3_452", "FOODS_3_453", "FOODS_3_454", "FOODS_3_455", "FOODS_3_456", "FOODS_3_457", "FOODS_3_458", "FOODS_3_459", "FOODS_3_460", "FOODS_3_461", "FOODS_3_462", "FOODS_3_463", "FOODS_3_464", "FOODS_3_465", "FOODS_3_466", "FOODS_3_467", "FOODS_3_468", "FOODS_3_469", "FOODS_3_470", "FOODS_3_471", "FOODS_3_472", "FOODS_3_473", "FOODS_3_474", "FOODS_3_475", "FOODS_3_476", "FOODS_3_477", "FOODS_3_478", "FOODS_3_479", "FOODS_3_480", "FOODS_3_481", "FOODS_3_482", "FOODS_3_483", "FOODS_3_484", "FOODS_3_485", "FOODS_3_486", "FOODS_3_487", "FOODS_3_488", "FOODS_3_489", "FOODS_3_490", "FOODS_3_491", "FOODS_3_492", "FOODS_3_493", "FOODS_3_494", "FOODS_3_495", "FOODS_3_496", "FOODS_3_497", "FOODS_3_498", "FOODS_3_499", "FOODS_3_500", "FOODS_3_501", "FOODS_3_502", "FOODS_3_503", "FOODS_3_504", "FOODS_3_505", "FOODS_3_506", "FOODS_3_507", "FOODS_3_508", "FOODS_3_509", "FOODS_3_510", "FOODS_3_511", "FOODS_3_512", "FOODS_3_513", "FOODS_3_514", "FOODS_3_515", "FOODS_3_516", "FOODS_3_517", "FOODS_3_518", "FOODS_3_519", "FOODS_3_520", "FOODS_3_521", "FOODS_3_522", "FOODS_3_523", "FOODS_3_524", "FOODS_3_525", "FOODS_3_526", "FOODS_3_527", "FOODS_3_528", "FOODS_3_529", "FOODS_3_530", "FOODS_3_531", "FOODS_3_532", "FOODS_3_533", "FOODS_3_534", "FOODS_3_535", "FOODS_3_536", "FOODS_3_537", "FOODS_3_538", "FOODS_3_539", "FOODS_3_540", "FOODS_3_541", "FOODS_3_542", "FOODS_3_543", "FOODS_3_544", "FOODS_3_545", "FOODS_3_546", "FOODS_3_547", "FOODS_3_548", "FOODS_3_549", "FOODS_3_550", "FOODS_3_551", "FOODS_3_552", "FOODS_3_553", "FOODS_3_554", "FOODS_3_555", "FOODS_3_556", "FOODS_3_557", "FOODS_3_558", "FOODS_3_559", "FOODS_3_560", "FOODS_3_561", "FOODS_3_562", "FOODS_3_563", "FOODS_3_564", "FOODS_3_565", "FOODS_3_566", "FOODS_3_567", "FOODS_3_568", "FOODS_3_569", "FOODS_3_570", "FOODS_3_571", "FOODS_3_572", "FOODS_3_573", "FOODS_3_574", "FOODS_3_575", "FOODS_3_576", "FOODS_3_577", "FOODS_3_578", "FOODS_3_579", "FOODS_3_580", "FOODS_3_581", "FOODS_3_582", "FOODS_3_583", "FOODS_3_584", "FOODS_3_585", "FOODS_3_586", "FOODS_3_587", "FOODS_3_588", "FOODS_3_589", "FOODS_3_590", "FOODS_3_591", "FOODS_3_592", "FOODS_3_593", "FOODS_3_594", "FOODS_3_595", "FOODS_3_596", "FOODS_3_597", "FOODS_3_598", "FOODS_3_599", "FOODS_3_600", "FOODS_3_601", "FOODS_3_602", "FOODS_3_603", "FOODS_3_604", "FOODS_3_605", "FOODS_3_606", "FOODS_3_607", "FOODS_3_608", "FOODS_3_609", "FOODS_3_610", "FOODS_3_611", "FOODS_3_612", "FOODS_3_613", "FOODS_3_614", "FOODS_3_615", "FOODS_3_616", "FOODS_3_617", "FOODS_3_618", "FOODS_3_619", "FOODS_3_620", "FOODS_3_621", "FOODS_3_622", "FOODS_3_623", "FOODS_3_624", "FOODS_3_625", "FOODS_3_626", "FOODS_3_627", "FOODS_3_628", "FOODS_3_629", "FOODS_3_630", "FOODS_3_631", "FOODS_3_632", "FOODS_3_633", "FOODS_3_634", "FOODS_3_635", "FOODS_3_636", "FOODS_3_637", "FOODS_3_638", "FOODS_3_639", "FOODS_3_640", "FOODS_3_641", "FOODS_3_642", "FOODS_3_643", "FOODS_3_644", "FOODS_3_645", "FOODS_3_646", "FOODS_3_647", "FOODS_3_648", "FOODS_3_649", "FOODS_3_650", "FOODS_3_651", "FOODS_3_652", "FOODS_3_653", "FOODS_3_654", "FOODS_3_655", "FOODS_3_656", "FOODS_3_657", "FOODS_3_658", "FOODS_3_659", "FOODS_3_660", "FOODS_3_661", "FOODS_3_662", "FOODS_3_663", "FOODS_3_664", "FOODS_3_665", "FOODS_3_666", "FOODS_3_667", "FOODS_3_668", "FOODS_3_669", "FOODS_3_670", "FOODS_3_671", "FOODS_3_672", "FOODS_3_673", "FOODS_3_674", "FOODS_3_675", "FOODS_3_676", "FOODS_3_677", "FOODS_3_678", "FOODS_3_679", "FOODS_3_680", "FOODS_3_681", "FOODS_3_682", "FOODS_3_683", "FOODS_3_684", "FOODS_3_685", "FOODS_3_686", "FOODS_3_687", "FOODS_3_688", "FOODS_3_689", "FOODS_3_690", "FOODS_3_691", "FOODS_3_692", "FOODS_3_693", "FOODS_3_694", "FOODS_3_695", "FOODS_3_696", "FOODS_3_697", "FOODS_3_698", "FOODS_3_700", "FOODS_3_701", "FOODS_3_702", "FOODS_3_703", "FOODS_3_704", "FOODS_3_705", "FOODS_3_706", "FOODS_3_707", "FOODS_3_708", "FOODS_3_709", "FOODS_3_710", "FOODS_3_711", "FOODS_3_712", "FOODS_3_713", "FOODS_3_714", "FOODS_3_715", "FOODS_3_716", "FOODS_3_717", "FOODS_3_718", "FOODS_3_719", "FOODS_3_720", "FOODS_3_721", "FOODS_3_722", "FOODS_3_723", "FOODS_3_724", "FOODS_3_725", "FOODS_3_726", "FOODS_3_727", "FOODS_3_729", "FOODS_3_730", "FOODS_3_731", "FOODS_3_732", "FOODS_3_733", "FOODS_3_734", "FOODS_3_735", "FOODS_3_736", "FOODS_3_737", "FOODS_3_738", "FOODS_3_739", "FOODS_3_741", "FOODS_3_742", "FOODS_3_743", "FOODS_3_744", "FOODS_3_745", "FOODS_3_746", "FOODS_3_747", "FOODS_3_748", "FOODS_3_749", "FOODS_3_750", "FOODS_3_751", "FOODS_3_752", "FOODS_3_753", "FOODS_3_754", "FOODS_3_755", "FOODS_3_756", "FOODS_3_757", "FOODS_3_758", "FOODS_3_759", "FOODS_3_760", "FOODS_3_761", "FOODS_3_762", "FOODS_3_763", "FOODS_3_764", "FOODS_3_765", "FOODS_3_766", "FOODS_3_767", "FOODS_3_768", "FOODS_3_769", "FOODS_3_770", "FOODS_3_771", "FOODS_3_772", "FOODS_3_773", "FOODS_3_774", "FOODS_3_775", "FOODS_3_776", "FOODS_3_777", "FOODS_3_778", "FOODS_3_779", "FOODS_3_780", "FOODS_3_781", "FOODS_3_782", "FOODS_3_783", "FOODS_3_784", "FOODS_3_785", "FOODS_3_786", "FOODS_3_787", "FOODS_3_788", "FOODS_3_789", "FOODS_3_790", "FOODS_3_791", "FOODS_3_792", "FOODS_3_793", "FOODS_3_794", "FOODS_3_795", "FOODS_3_796", "FOODS_3_797", "FOODS_3_798", "FOODS_3_799", "FOODS_3_800", "FOODS_3_801", "FOODS_3_802", "FOODS_3_803", "FOODS_3_804", "FOODS_3_805", "FOODS_3_806", "FOODS_3_807", "FOODS_3_808", "FOODS_3_809", "FOODS_3_810", "FOODS_3_811", "FOODS_3_812", "FOODS_3_813", "FOODS_3_814", "FOODS_3_815", "FOODS_3_816", "FOODS_3_817", "FOODS_3_818", "FOODS_3_819", "FOODS_3_820", "FOODS_3_821", "FOODS_3_822", "FOODS_3_823", "FOODS_3_824", "FOODS_3_825", "FOODS_3_826", "FOODS_3_827", "HOBBIES_1_001", "HOBBIES_1_002", "HOBBIES_1_003", "HOBBIES_1_004", "HOBBIES_1_005", "HOBBIES_1_006", "HOBBIES_1_007", "HOBBIES_1_008", "HOBBIES_1_009", "HOBBIES_1_010", "HOBBIES_1_011", "HOBBIES_1_012", "HOBBIES_1_013", "HOBBIES_1_014", "HOBBIES_1_015", "HOBBIES_1_016", "HOBBIES_1_017", "HOBBIES_1_018", "HOBBIES_1_019", "HOBBIES_1_020", "HOBBIES_1_021", "HOBBIES_1_022", "HOBBIES_1_023", "HOBBIES_1_024", "HOBBIES_1_025", "HOBBIES_1_026", "HOBBIES_1_027", "HOBBIES_1_028", "HOBBIES_1_029", "HOBBIES_1_030", "HOBBIES_1_031", "HOBBIES_1_032", "HOBBIES_1_033", "HOBBIES_1_034", "HOBBIES_1_035", "HOBBIES_1_036", "HOBBIES_1_037", "HOBBIES_1_038", "HOBBIES_1_039", "HOBBIES_1_040", "HOBBIES_1_041", "HOBBIES_1_042", "HOBBIES_1_043", "HOBBIES_1_044", "HOBBIES_1_045", "HOBBIES_1_046", "HOBBIES_1_047", "HOBBIES_1_048", "HOBBIES_1_049", "HOBBIES_1_050", "HOBBIES_1_051", "HOBBIES_1_052", "HOBBIES_1_053", "HOBBIES_1_054", "HOBBIES_1_055", "HOBBIES_1_056", "HOBBIES_1_057", "HOBBIES_1_058", "HOBBIES_1_060", "HOBBIES_1_061", "HOBBIES_1_062", "HOBBIES_1_063", "HOBBIES_1_064", "HOBBIES_1_065", "HOBBIES_1_066", "HOBBIES_1_067", "HOBBIES_1_068", "HOBBIES_1_069", "HOBBIES_1_070", "HOBBIES_1_072", "HOBBIES_1_073", "HOBBIES_1_074", "HOBBIES_1_075", "HOBBIES_1_076", "HOBBIES_1_077", "HOBBIES_1_078", "HOBBIES_1_079", "HOBBIES_1_080", "HOBBIES_1_081", "HOBBIES_1_082", "HOBBIES_1_083", "HOBBIES_1_084", "HOBBIES_1_085", "HOBBIES_1_086", "HOBBIES_1_087", "HOBBIES_1_088", "HOBBIES_1_089", "HOBBIES_1_090", "HOBBIES_1_091", "HOBBIES_1_092", "HOBBIES_1_093", "HOBBIES_1_094", "HOBBIES_1_095", "HOBBIES_1_097", "HOBBIES_1_098", "HOBBIES_1_099", "HOBBIES_1_100", "HOBBIES_1_102", "HOBBIES_1_103", "HOBBIES_1_104", "HOBBIES_1_105", "HOBBIES_1_106", "HOBBIES_1_107", "HOBBIES_1_108", "HOBBIES_1_109", "HOBBIES_1_110", "HOBBIES_1_111", "HOBBIES_1_112", "HOBBIES_1_113", "HOBBIES_1_114", "HOBBIES_1_115", "HOBBIES_1_116", "HOBBIES_1_117", "HOBBIES_1_118", "HOBBIES_1_119", "HOBBIES_1_120", "HOBBIES_1_121", "HOBBIES_1_122", "HOBBIES_1_123", "HOBBIES_1_124", "HOBBIES_1_125", "HOBBIES_1_126", "HOBBIES_1_127", "HOBBIES_1_128", "HOBBIES_1_129", "HOBBIES_1_130", "HOBBIES_1_131", "HOBBIES_1_132", "HOBBIES_1_133", "HOBBIES_1_134", "HOBBIES_1_135", "HOBBIES_1_136", "HOBBIES_1_137", "HOBBIES_1_138", "HOBBIES_1_139", "HOBBIES_1_140", "HOBBIES_1_141", "HOBBIES_1_142", "HOBBIES_1_143", "HOBBIES_1_144", "HOBBIES_1_145", "HOBBIES_1_146", "HOBBIES_1_147", "HOBBIES_1_148", "HOBBIES_1_149", "HOBBIES_1_150", "HOBBIES_1_151", "HOBBIES_1_152", "HOBBIES_1_153", "HOBBIES_1_154", "HOBBIES_1_155", "HOBBIES_1_156", "HOBBIES_1_157", "HOBBIES_1_158", "HOBBIES_1_159", "HOBBIES_1_160", "HOBBIES_1_161", "HOBBIES_1_162", "HOBBIES_1_163", "HOBBIES_1_164", "HOBBIES_1_165", "HOBBIES_1_166", "HOBBIES_1_167", "HOBBIES_1_168", "HOBBIES_1_169", "HOBBIES_1_170", "HOBBIES_1_171", "HOBBIES_1_172", "HOBBIES_1_173", "HOBBIES_1_174", "HOBBIES_1_175", "HOBBIES_1_176", "HOBBIES_1_177", "HOBBIES_1_178", "HOBBIES_1_179", "HOBBIES_1_180", "HOBBIES_1_181", "HOBBIES_1_183", "HOBBIES_1_184", "HOBBIES_1_185", "HOBBIES_1_186", "HOBBIES_1_187", "HOBBIES_1_188", "HOBBIES_1_189", "HOBBIES_1_190", "HOBBIES_1_191", "HOBBIES_1_192", "HOBBIES_1_193", "HOBBIES_1_194", "HOBBIES_1_195", "HOBBIES_1_197", "HOBBIES_1_198", "HOBBIES_1_199", "HOBBIES_1_200", "HOBBIES_1_201", "HOBBIES_1_202", "HOBBIES_1_203", "HOBBIES_1_204", "HOBBIES_1_205", "HOBBIES_1_206", "HOBBIES_1_207", "HOBBIES_1_208", "HOBBIES_1_209", "HOBBIES_1_210", "HOBBIES_1_211", "HOBBIES_1_212", "HOBBIES_1_213", "HOBBIES_1_214", "HOBBIES_1_215", "HOBBIES_1_216", "HOBBIES_1_217", "HOBBIES_1_218", "HOBBIES_1_219", "HOBBIES_1_220", "HOBBIES_1_221", "HOBBIES_1_223", "HOBBIES_1_224", "HOBBIES_1_225", "HOBBIES_1_226", "HOBBIES_1_227", "HOBBIES_1_228", "HOBBIES_1_229", "HOBBIES_1_230", "HOBBIES_1_231", "HOBBIES_1_232", "HOBBIES_1_233", "HOBBIES_1_234", "HOBBIES_1_235", "HOBBIES_1_236", "HOBBIES_1_237", "HOBBIES_1_238", "HOBBIES_1_239", "HOBBIES_1_240", "HOBBIES_1_241", "HOBBIES_1_242", "HOBBIES_1_243", "HOBBIES_1_244", "HOBBIES_1_245", "HOBBIES_1_246", "HOBBIES_1_247", "HOBBIES_1_248", "HOBBIES_1_249", "HOBBIES_1_250", "HOBBIES_1_251", "HOBBIES_1_252", "HOBBIES_1_253", "HOBBIES_1_254", "HOBBIES_1_255", "HOBBIES_1_256", "HOBBIES_1_257", "HOBBIES_1_258", "HOBBIES_1_259", "HOBBIES_1_260", "HOBBIES_1_261", "HOBBIES_1_262", "HOBBIES_1_263", "HOBBIES_1_264", "HOBBIES_1_265", "HOBBIES_1_266", "HOBBIES_1_267", "HOBBIES_1_268", "HOBBIES_1_269", "HOBBIES_1_270", "HOBBIES_1_271", "HOBBIES_1_272", "HOBBIES_1_273", "HOBBIES_1_274", "HOBBIES_1_275", "HOBBIES_1_276", "HOBBIES_1_277", "HOBBIES_1_278", "HOBBIES_1_279", "HOBBIES_1_280", "HOBBIES_1_281", "HOBBIES_1_282", "HOBBIES_1_283", "HOBBIES_1_284", "HOBBIES_1_285", "HOBBIES_1_286", "HOBBIES_1_287", "HOBBIES_1_288", "HOBBIES_1_289", "HOBBIES_1_290", "HOBBIES_1_292", "HOBBIES_1_293", "HOBBIES_1_294", "HOBBIES_1_295", "HOBBIES_1_296", "HOBBIES_1_297", "HOBBIES_1_298", "HOBBIES_1_299", "HOBBIES_1_300", "HOBBIES_1_301", "HOBBIES_1_302", "HOBBIES_1_303", "HOBBIES_1_304", "HOBBIES_1_305", "HOBBIES_1_306", "HOBBIES_1_307", "HOBBIES_1_308", "HOBBIES_1_309", "HOBBIES_1_310", "HOBBIES_1_311", "HOBBIES_1_312", "HOBBIES_1_313", "HOBBIES_1_314", "HOBBIES_1_315", "HOBBIES_1_316", "HOBBIES_1_317", "HOBBIES_1_318", "HOBBIES_1_319", "HOBBIES_1_320", "HOBBIES_1_321", "HOBBIES_1_322", "HOBBIES_1_323", "HOBBIES_1_324", "HOBBIES_1_325", "HOBBIES_1_326", "HOBBIES_1_327", "HOBBIES_1_328", "HOBBIES_1_329", "HOBBIES_1_330", "HOBBIES_1_331", "HOBBIES_1_332", "HOBBIES_1_333", "HOBBIES_1_334", "HOBBIES_1_335", "HOBBIES_1_336", "HOBBIES_1_337", "HOBBIES_1_338", "HOBBIES_1_339", "HOBBIES_1_340", "HOBBIES_1_341", "HOBBIES_1_342", "HOBBIES_1_343", "HOBBIES_1_344", "HOBBIES_1_345", "HOBBIES_1_346", "HOBBIES_1_347", "HOBBIES_1_348", "HOBBIES_1_349", "HOBBIES_1_350", "HOBBIES_1_351", "HOBBIES_1_352", "HOBBIES_1_353", "HOBBIES_1_354", "HOBBIES_1_355", "HOBBIES_1_356", "HOBBIES_1_357", "HOBBIES_1_358", "HOBBIES_1_359", "HOBBIES_1_360", "HOBBIES_1_361", "HOBBIES_1_362", "HOBBIES_1_363", "HOBBIES_1_364", "HOBBIES_1_365", "HOBBIES_1_366", "HOBBIES_1_367", "HOBBIES_1_368", "HOBBIES_1_369", "HOBBIES_1_370", "HOBBIES_1_371", "HOBBIES_1_372", "HOBBIES_1_373", "HOBBIES_1_374", "HOBBIES_1_375", "HOBBIES_1_376", "HOBBIES_1_377", "HOBBIES_1_378", "HOBBIES_1_379", "HOBBIES_1_380", "HOBBIES_1_381", "HOBBIES_1_382", "HOBBIES_1_383", "HOBBIES_1_384", "HOBBIES_1_385", "HOBBIES_1_386", "HOBBIES_1_387", "HOBBIES_1_388", "HOBBIES_1_389", "HOBBIES_1_390", "HOBBIES_1_391", "HOBBIES_1_392", "HOBBIES_1_393", "HOBBIES_1_394", "HOBBIES_1_395", "HOBBIES_1_396", "HOBBIES_1_397", "HOBBIES_1_398", "HOBBIES_1_399", "HOBBIES_1_400", "HOBBIES_1_401", "HOBBIES_1_402", "HOBBIES_1_403", "HOBBIES_1_404", "HOBBIES_1_405", "HOBBIES_1_406", "HOBBIES_1_407", "HOBBIES_1_408", "HOBBIES_1_409", "HOBBIES_1_410", "HOBBIES_1_411", "HOBBIES_1_412", "HOBBIES_1_413", "HOBBIES_1_414", "HOBBIES_1_415", "HOBBIES_1_416", "HOBBIES_1_417", "HOBBIES_1_418", "HOBBIES_1_419", "HOBBIES_1_420", "HOBBIES_1_421", "HOBBIES_1_422", "HOBBIES_1_423", "HOBBIES_1_424", "HOBBIES_2_001", "HOBBIES_2_002", "HOBBIES_2_003", "HOBBIES_2_004", "HOBBIES_2_005", "HOBBIES_2_006", "HOBBIES_2_007", "HOBBIES_2_008", "HOBBIES_2_009", "HOBBIES_2_010", "HOBBIES_2_011", "HOBBIES_2_012", "HOBBIES_2_013", "HOBBIES_2_014", "HOBBIES_2_015", "HOBBIES_2_016", "HOBBIES_2_017", "HOBBIES_2_018", "HOBBIES_2_019", "HOBBIES_2_020", "HOBBIES_2_021", "HOBBIES_2_022", "HOBBIES_2_023", "HOBBIES_2_024", "HOBBIES_2_025", "HOBBIES_2_026", "HOBBIES_2_027", "HOBBIES_2_028", "HOBBIES_2_029", "HOBBIES_2_030", "HOBBIES_2_031", "HOBBIES_2_032", "HOBBIES_2_033", "HOBBIES_2_034", "HOBBIES_2_035", "HOBBIES_2_036", "HOBBIES_2_037", "HOBBIES_2_038", "HOBBIES_2_039", "HOBBIES_2_040", "HOBBIES_2_041", "HOBBIES_2_042", "HOBBIES_2_043", "HOBBIES_2_044", "HOBBIES_2_045", "HOBBIES_2_046", "HOBBIES_2_047", "HOBBIES_2_048", "HOBBIES_2_049", "HOBBIES_2_050", "HOBBIES_2_051", "HOBBIES_2_052", "HOBBIES_2_053", "HOBBIES_2_054", "HOBBIES_2_055", "HOBBIES_2_056", "HOBBIES_2_057", "HOBBIES_2_058", "HOBBIES_2_059", "HOBBIES_2_060", "HOBBIES_2_061", "HOBBIES_2_062", "HOBBIES_2_063", "HOBBIES_2_064", "HOBBIES_2_065", "HOBBIES_2_066", "HOBBIES_2_067", "HOBBIES_2_068", "HOBBIES_2_069", "HOBBIES_2_070", "HOBBIES_2_071", "HOBBIES_2_072", "HOBBIES_2_073", "HOBBIES_2_074", "HOBBIES_2_075", "HOBBIES_2_076", "HOBBIES_2_077", "HOBBIES_2_078", "HOBBIES_2_079", "HOBBIES_2_080", "HOBBIES_2_081", "HOBBIES_2_082", "HOBBIES_2_083", "HOBBIES_2_084", "HOBBIES_2_085", "HOBBIES_2_086", "HOBBIES_2_087", "HOBBIES_2_088", "HOBBIES_2_089", "HOBBIES_2_090", "HOBBIES_2_091", "HOBBIES_2_092", "HOBBIES_2_093", "HOBBIES_2_094", "HOBBIES_2_095", "HOBBIES_2_096", "HOBBIES_2_097", "HOBBIES_2_098", "HOBBIES_2_099", "HOBBIES_2_100", "HOBBIES_2_101", "HOBBIES_2_102", "HOBBIES_2_103", "HOBBIES_2_104", "HOBBIES_2_105", "HOBBIES_2_106", "HOBBIES_2_107", "HOBBIES_2_108", "HOBBIES_2_109", "HOBBIES_2_110", "HOBBIES_2_111", "HOBBIES_2_112", "HOBBIES_2_113", "HOBBIES_2_114", "HOBBIES_2_115", "HOBBIES_2_116", "HOBBIES_2_117", "HOBBIES_2_118", "HOBBIES_2_119", "HOBBIES_2_120", "HOBBIES_2_121", "HOBBIES_2_122", "HOBBIES_2_123", "HOBBIES_2_124", "HOBBIES_2_125", "HOBBIES_2_126", "HOBBIES_2_127", "HOBBIES_2_128", "HOBBIES_2_129", "HOBBIES_2_130", "HOBBIES_2_131", "HOBBIES_2_132", "HOBBIES_2_133", "HOBBIES_2_134", "HOBBIES_2_135", "HOBBIES_2_136", "HOBBIES_2_137", "HOBBIES_2_138", "HOBBIES_2_139", "HOBBIES_2_140", "HOBBIES_2_141", "HOBBIES_2_142", "HOBBIES_2_143", "HOBBIES_2_144", "HOBBIES_2_145", "HOBBIES_2_146", "HOBBIES_2_147", "HOBBIES_2_148", "HOBBIES_2_149", "HOUSEHOLD_1_001", "HOUSEHOLD_1_002", "HOUSEHOLD_1_003", "HOUSEHOLD_1_004", "HOUSEHOLD_1_005", "HOUSEHOLD_1_006", "HOUSEHOLD_1_007", "HOUSEHOLD_1_008", "HOUSEHOLD_1_009", "HOUSEHOLD_1_010", "HOUSEHOLD_1_011", "HOUSEHOLD_1_012", "HOUSEHOLD_1_013", "HOUSEHOLD_1_014", "HOUSEHOLD_1_015", "HOUSEHOLD_1_016", "HOUSEHOLD_1_017", "HOUSEHOLD_1_018", "HOUSEHOLD_1_019", "HOUSEHOLD_1_020", "HOUSEHOLD_1_021", "HOUSEHOLD_1_022", "HOUSEHOLD_1_023", "HOUSEHOLD_1_024", "HOUSEHOLD_1_025", "HOUSEHOLD_1_026", "HOUSEHOLD_1_027", "HOUSEHOLD_1_028", "HOUSEHOLD_1_029", "HOUSEHOLD_1_030", "HOUSEHOLD_1_032", "HOUSEHOLD_1_033", "HOUSEHOLD_1_034", "HOUSEHOLD_1_035", "HOUSEHOLD_1_036", "HOUSEHOLD_1_037", "HOUSEHOLD_1_038", "HOUSEHOLD_1_039", "HOUSEHOLD_1_040", "HOUSEHOLD_1_042", "HOUSEHOLD_1_043", "HOUSEHOLD_1_044", "HOUSEHOLD_1_045", "HOUSEHOLD_1_046", "HOUSEHOLD_1_047", "HOUSEHOLD_1_048", "HOUSEHOLD_1_049", "HOUSEHOLD_1_050", "HOUSEHOLD_1_051", "HOUSEHOLD_1_052", "HOUSEHOLD_1_053", "HOUSEHOLD_1_054", "HOUSEHOLD_1_055", "HOUSEHOLD_1_056", "HOUSEHOLD_1_057", "HOUSEHOLD_1_058", "HOUSEHOLD_1_059", "HOUSEHOLD_1_060", "HOUSEHOLD_1_061", "HOUSEHOLD_1_062", "HOUSEHOLD_1_063", "HOUSEHOLD_1_064", "HOUSEHOLD_1_065", "HOUSEHOLD_1_066", "HOUSEHOLD_1_067", "HOUSEHOLD_1_068", "HOUSEHOLD_1_069", "HOUSEHOLD_1_070", "HOUSEHOLD_1_071", "HOUSEHOLD_1_072", "HOUSEHOLD_1_073", "HOUSEHOLD_1_074", "HOUSEHOLD_1_075", "HOUSEHOLD_1_076", "HOUSEHOLD_1_077", "HOUSEHOLD_1_078", "HOUSEHOLD_1_079", "HOUSEHOLD_1_080", "HOUSEHOLD_1_081", "HOUSEHOLD_1_082", "HOUSEHOLD_1_083", "HOUSEHOLD_1_085", "HOUSEHOLD_1_086", "HOUSEHOLD_1_087", "HOUSEHOLD_1_088", "HOUSEHOLD_1_089", "HOUSEHOLD_1_090", "HOUSEHOLD_1_091", "HOUSEHOLD_1_092", "HOUSEHOLD_1_093", "HOUSEHOLD_1_094", "HOUSEHOLD_1_095", "HOUSEHOLD_1_096", "HOUSEHOLD_1_097", "HOUSEHOLD_1_098", "HOUSEHOLD_1_099", "HOUSEHOLD_1_100", "HOUSEHOLD_1_101", "HOUSEHOLD_1_102", "HOUSEHOLD_1_103", "HOUSEHOLD_1_104", "HOUSEHOLD_1_105", "HOUSEHOLD_1_106", "HOUSEHOLD_1_107", "HOUSEHOLD_1_108", "HOUSEHOLD_1_109", "HOUSEHOLD_1_110", "HOUSEHOLD_1_112", "HOUSEHOLD_1_113", "HOUSEHOLD_1_114", "HOUSEHOLD_1_115", "HOUSEHOLD_1_116", "HOUSEHOLD_1_117", "HOUSEHOLD_1_118", "HOUSEHOLD_1_119", "HOUSEHOLD_1_120", "HOUSEHOLD_1_121", "HOUSEHOLD_1_122", "HOUSEHOLD_1_123", "HOUSEHOLD_1_124", "HOUSEHOLD_1_125", "HOUSEHOLD_1_126", "HOUSEHOLD_1_127", "HOUSEHOLD_1_128", "HOUSEHOLD_1_129", "HOUSEHOLD_1_130", "HOUSEHOLD_1_131", "HOUSEHOLD_1_132", "HOUSEHOLD_1_133", "HOUSEHOLD_1_134", "HOUSEHOLD_1_135", "HOUSEHOLD_1_136", "HOUSEHOLD_1_137", "HOUSEHOLD_1_138", "HOUSEHOLD_1_139", "HOUSEHOLD_1_140", "HOUSEHOLD_1_141", "HOUSEHOLD_1_142", "HOUSEHOLD_1_143", "HOUSEHOLD_1_144", "HOUSEHOLD_1_145", "HOUSEHOLD_1_146", "HOUSEHOLD_1_147", "HOUSEHOLD_1_148", "HOUSEHOLD_1_149", "HOUSEHOLD_1_150", "HOUSEHOLD_1_151", "HOUSEHOLD_1_152", "HOUSEHOLD_1_153", "HOUSEHOLD_1_154", "HOUSEHOLD_1_155", "HOUSEHOLD_1_156", "HOUSEHOLD_1_157", "HOUSEHOLD_1_158", "HOUSEHOLD_1_159", "HOUSEHOLD_1_160", "HOUSEHOLD_1_161", "HOUSEHOLD_1_162", "HOUSEHOLD_1_163", "HOUSEHOLD_1_164", "HOUSEHOLD_1_165", "HOUSEHOLD_1_166", "HOUSEHOLD_1_167", "HOUSEHOLD_1_168", "HOUSEHOLD_1_169", "HOUSEHOLD_1_170", "HOUSEHOLD_1_171", "HOUSEHOLD_1_172", "HOUSEHOLD_1_173", "HOUSEHOLD_1_174", "HOUSEHOLD_1_175", "HOUSEHOLD_1_176", "HOUSEHOLD_1_177", "HOUSEHOLD_1_178", "HOUSEHOLD_1_179", "HOUSEHOLD_1_180", "HOUSEHOLD_1_181", "HOUSEHOLD_1_182", "HOUSEHOLD_1_183", "HOUSEHOLD_1_184", "HOUSEHOLD_1_185", "HOUSEHOLD_1_186", "HOUSEHOLD_1_187", "HOUSEHOLD_1_188", "HOUSEHOLD_1_189", "HOUSEHOLD_1_190", "HOUSEHOLD_1_191", "HOUSEHOLD_1_192", "HOUSEHOLD_1_193", "HOUSEHOLD_1_194", "HOUSEHOLD_1_195", "HOUSEHOLD_1_196", "HOUSEHOLD_1_197", "HOUSEHOLD_1_198", "HOUSEHOLD_1_199", "HOUSEHOLD_1_200", "HOUSEHOLD_1_201", "HOUSEHOLD_1_202", "HOUSEHOLD_1_203", "HOUSEHOLD_1_204", "HOUSEHOLD_1_205", "HOUSEHOLD_1_206", "HOUSEHOLD_1_207", "HOUSEHOLD_1_208", "HOUSEHOLD_1_209", "HOUSEHOLD_1_210", "HOUSEHOLD_1_211", "HOUSEHOLD_1_212", "HOUSEHOLD_1_213", "HOUSEHOLD_1_214", "HOUSEHOLD_1_215", "HOUSEHOLD_1_216", "HOUSEHOLD_1_217", "HOUSEHOLD_1_218", "HOUSEHOLD_1_219", "HOUSEHOLD_1_220", "HOUSEHOLD_1_221", "HOUSEHOLD_1_222", "HOUSEHOLD_1_223", "HOUSEHOLD_1_224", "HOUSEHOLD_1_225", "HOUSEHOLD_1_226", "HOUSEHOLD_1_227", "HOUSEHOLD_1_228", "HOUSEHOLD_1_229", "HOUSEHOLD_1_230", "HOUSEHOLD_1_231", "HOUSEHOLD_1_232", "HOUSEHOLD_1_233", "HOUSEHOLD_1_234", "HOUSEHOLD_1_235", "HOUSEHOLD_1_236", "HOUSEHOLD_1_237", "HOUSEHOLD_1_238", "HOUSEHOLD_1_239", "HOUSEHOLD_1_241", "HOUSEHOLD_1_242", "HOUSEHOLD_1_243", "HOUSEHOLD_1_244", "HOUSEHOLD_1_245", "HOUSEHOLD_1_246", "HOUSEHOLD_1_247", "HOUSEHOLD_1_248", "HOUSEHOLD_1_249", "HOUSEHOLD_1_250", "HOUSEHOLD_1_251", "HOUSEHOLD_1_252", "HOUSEHOLD_1_253", "HOUSEHOLD_1_254", "HOUSEHOLD_1_255", "HOUSEHOLD_1_256", "HOUSEHOLD_1_257", "HOUSEHOLD_1_258", "HOUSEHOLD_1_259", "HOUSEHOLD_1_260", "HOUSEHOLD_1_261", "HOUSEHOLD_1_262", "HOUSEHOLD_1_263", "HOUSEHOLD_1_264", "HOUSEHOLD_1_265", "HOUSEHOLD_1_266", "HOUSEHOLD_1_267", "HOUSEHOLD_1_268", "HOUSEHOLD_1_269", "HOUSEHOLD_1_270", "HOUSEHOLD_1_271", "HOUSEHOLD_1_272", "HOUSEHOLD_1_274", "HOUSEHOLD_1_275", "HOUSEHOLD_1_276", "HOUSEHOLD_1_277", "HOUSEHOLD_1_278", "HOUSEHOLD_1_279", "HOUSEHOLD_1_280", "HOUSEHOLD_1_281", "HOUSEHOLD_1_282", "HOUSEHOLD_1_283", "HOUSEHOLD_1_284", "HOUSEHOLD_1_285", "HOUSEHOLD_1_286", "HOUSEHOLD_1_287", "HOUSEHOLD_1_288", "HOUSEHOLD_1_289", "HOUSEHOLD_1_290", "HOUSEHOLD_1_291", "HOUSEHOLD_1_292", "HOUSEHOLD_1_293", "HOUSEHOLD_1_294", "HOUSEHOLD_1_295", "HOUSEHOLD_1_296", "HOUSEHOLD_1_297", "HOUSEHOLD_1_298", "HOUSEHOLD_1_299", "HOUSEHOLD_1_300", "HOUSEHOLD_1_301", "HOUSEHOLD_1_302", "HOUSEHOLD_1_303", "HOUSEHOLD_1_304", "HOUSEHOLD_1_305", "HOUSEHOLD_1_306", "HOUSEHOLD_1_307", "HOUSEHOLD_1_308", "HOUSEHOLD_1_309", "HOUSEHOLD_1_310", "HOUSEHOLD_1_311", "HOUSEHOLD_1_312", "HOUSEHOLD_1_313", "HOUSEHOLD_1_314", "HOUSEHOLD_1_315", "HOUSEHOLD_1_316", "HOUSEHOLD_1_317", "HOUSEHOLD_1_318", "HOUSEHOLD_1_319", "HOUSEHOLD_1_320", "HOUSEHOLD_1_321", "HOUSEHOLD_1_322", "HOUSEHOLD_1_323", "HOUSEHOLD_1_324", "HOUSEHOLD_1_325", "HOUSEHOLD_1_326", "HOUSEHOLD_1_327", "HOUSEHOLD_1_328", "HOUSEHOLD_1_329", "HOUSEHOLD_1_330", "HOUSEHOLD_1_331", "HOUSEHOLD_1_332", "HOUSEHOLD_1_333", "HOUSEHOLD_1_334", "HOUSEHOLD_1_335", "HOUSEHOLD_1_336", "HOUSEHOLD_1_337", "HOUSEHOLD_1_338", "HOUSEHOLD_1_339", "HOUSEHOLD_1_340", "HOUSEHOLD_1_341", "HOUSEHOLD_1_342", "HOUSEHOLD_1_343", "HOUSEHOLD_1_344", "HOUSEHOLD_1_345", "HOUSEHOLD_1_346", "HOUSEHOLD_1_347", "HOUSEHOLD_1_348", "HOUSEHOLD_1_349", "HOUSEHOLD_1_350", "HOUSEHOLD_1_351", "HOUSEHOLD_1_353", "HOUSEHOLD_1_354", "HOUSEHOLD_1_355", "HOUSEHOLD_1_356", "HOUSEHOLD_1_357", "HOUSEHOLD_1_358", "HOUSEHOLD_1_359", "HOUSEHOLD_1_360", "HOUSEHOLD_1_361", "HOUSEHOLD_1_362", "HOUSEHOLD_1_363", "HOUSEHOLD_1_364", "HOUSEHOLD_1_365", "HOUSEHOLD_1_366", "HOUSEHOLD_1_367", "HOUSEHOLD_1_368", "HOUSEHOLD_1_369", "HOUSEHOLD_1_370", "HOUSEHOLD_1_371", "HOUSEHOLD_1_372", "HOUSEHOLD_1_373", "HOUSEHOLD_1_374", "HOUSEHOLD_1_375", "HOUSEHOLD_1_376", "HOUSEHOLD_1_377", "HOUSEHOLD_1_378", "HOUSEHOLD_1_379", "HOUSEHOLD_1_380", "HOUSEHOLD_1_381", "HOUSEHOLD_1_382", "HOUSEHOLD_1_383", "HOUSEHOLD_1_384", "HOUSEHOLD_1_385", "HOUSEHOLD_1_386", "HOUSEHOLD_1_387", "HOUSEHOLD_1_388", "HOUSEHOLD_1_389", "HOUSEHOLD_1_390", "HOUSEHOLD_1_393", "HOUSEHOLD_1_394", "HOUSEHOLD_1_395", "HOUSEHOLD_1_396", "HOUSEHOLD_1_397", "HOUSEHOLD_1_398", "HOUSEHOLD_1_399", "HOUSEHOLD_1_400", "HOUSEHOLD_1_401", "HOUSEHOLD_1_402", "HOUSEHOLD_1_403", "HOUSEHOLD_1_404", "HOUSEHOLD_1_405", "HOUSEHOLD_1_406", "HOUSEHOLD_1_407", "HOUSEHOLD_1_408", "HOUSEHOLD_1_409", "HOUSEHOLD_1_410", "HOUSEHOLD_1_411", "HOUSEHOLD_1_412", "HOUSEHOLD_1_413", "HOUSEHOLD_1_414", "HOUSEHOLD_1_415", "HOUSEHOLD_1_416", "HOUSEHOLD_1_417", "HOUSEHOLD_1_418", "HOUSEHOLD_1_419", "HOUSEHOLD_1_420", "HOUSEHOLD_1_421", "HOUSEHOLD_1_422", "HOUSEHOLD_1_423", "HOUSEHOLD_1_424", "HOUSEHOLD_1_425", "HOUSEHOLD_1_426", "HOUSEHOLD_1_427", "HOUSEHOLD_1_428", "HOUSEHOLD_1_429", "HOUSEHOLD_1_430", "HOUSEHOLD_1_431", "HOUSEHOLD_1_432", "HOUSEHOLD_1_433", "HOUSEHOLD_1_434", "HOUSEHOLD_1_435", "HOUSEHOLD_1_436", "HOUSEHOLD_1_437", "HOUSEHOLD_1_438", "HOUSEHOLD_1_439", "HOUSEHOLD_1_440", "HOUSEHOLD_1_441", "HOUSEHOLD_1_442", "HOUSEHOLD_1_443", "HOUSEHOLD_1_444", "HOUSEHOLD_1_445", "HOUSEHOLD_1_446", "HOUSEHOLD_1_447", "HOUSEHOLD_1_448", "HOUSEHOLD_1_449", "HOUSEHOLD_1_450", "HOUSEHOLD_1_451", "HOUSEHOLD_1_452", "HOUSEHOLD_1_453", "HOUSEHOLD_1_454", "HOUSEHOLD_1_455", "HOUSEHOLD_1_456", "HOUSEHOLD_1_457", "HOUSEHOLD_1_458", "HOUSEHOLD_1_459", "HOUSEHOLD_1_460", "HOUSEHOLD_1_461", "HOUSEHOLD_1_462", "HOUSEHOLD_1_463", "HOUSEHOLD_1_464", "HOUSEHOLD_1_465", "HOUSEHOLD_1_466", "HOUSEHOLD_1_467", "HOUSEHOLD_1_468", "HOUSEHOLD_1_469", "HOUSEHOLD_1_470", "HOUSEHOLD_1_471", "HOUSEHOLD_1_472", "HOUSEHOLD_1_473", "HOUSEHOLD_1_474", "HOUSEHOLD_1_475", "HOUSEHOLD_1_476", "HOUSEHOLD_1_477", "HOUSEHOLD_1_478", "HOUSEHOLD_1_479", "HOUSEHOLD_1_480", "HOUSEHOLD_1_481", "HOUSEHOLD_1_482", "HOUSEHOLD_1_483", "HOUSEHOLD_1_484", "HOUSEHOLD_1_485", "HOUSEHOLD_1_486", "HOUSEHOLD_1_487", "HOUSEHOLD_1_488", "HOUSEHOLD_1_489", "HOUSEHOLD_1_490", "HOUSEHOLD_1_491", "HOUSEHOLD_1_492", "HOUSEHOLD_1_493", "HOUSEHOLD_1_494", "HOUSEHOLD_1_495", "HOUSEHOLD_1_496", "HOUSEHOLD_1_497", "HOUSEHOLD_1_498", "HOUSEHOLD_1_499", "HOUSEHOLD_1_500", "HOUSEHOLD_1_501", "HOUSEHOLD_1_502", "HOUSEHOLD_1_503", "HOUSEHOLD_1_504", "HOUSEHOLD_1_505", "HOUSEHOLD_1_506", "HOUSEHOLD_1_507", "HOUSEHOLD_1_508", "HOUSEHOLD_1_509", "HOUSEHOLD_1_510", "HOUSEHOLD_1_511", "HOUSEHOLD_1_512", "HOUSEHOLD_1_513", "HOUSEHOLD_1_514", "HOUSEHOLD_1_515", "HOUSEHOLD_1_516", "HOUSEHOLD_1_517", "HOUSEHOLD_1_518", "HOUSEHOLD_1_519", "HOUSEHOLD_1_520", "HOUSEHOLD_1_521", "HOUSEHOLD_1_522", "HOUSEHOLD_1_523", "HOUSEHOLD_1_524", "HOUSEHOLD_1_525", "HOUSEHOLD_1_526", "HOUSEHOLD_1_527", "HOUSEHOLD_1_528", "HOUSEHOLD_1_529", "HOUSEHOLD_1_530", "HOUSEHOLD_1_531", "HOUSEHOLD_1_532", "HOUSEHOLD_1_533", "HOUSEHOLD_1_534", "HOUSEHOLD_1_535", "HOUSEHOLD_1_536", "HOUSEHOLD_1_537", "HOUSEHOLD_1_538", "HOUSEHOLD_1_539", "HOUSEHOLD_1_540", "HOUSEHOLD_1_541", "HOUSEHOLD_2_001", "HOUSEHOLD_2_002", "HOUSEHOLD_2_003", "HOUSEHOLD_2_004", "HOUSEHOLD_2_005", "HOUSEHOLD_2_006", "HOUSEHOLD_2_007", "HOUSEHOLD_2_008", "HOUSEHOLD_2_009", "HOUSEHOLD_2_010", "HOUSEHOLD_2_011", "HOUSEHOLD_2_012", "HOUSEHOLD_2_013", "HOUSEHOLD_2_014", "HOUSEHOLD_2_015", "HOUSEHOLD_2_016", "HOUSEHOLD_2_017", "HOUSEHOLD_2_018", "HOUSEHOLD_2_019", "HOUSEHOLD_2_020", "HOUSEHOLD_2_021", "HOUSEHOLD_2_022", "HOUSEHOLD_2_023", "HOUSEHOLD_2_024", "HOUSEHOLD_2_025", "HOUSEHOLD_2_026", "HOUSEHOLD_2_027", "HOUSEHOLD_2_028", "HOUSEHOLD_2_029", "HOUSEHOLD_2_030", "HOUSEHOLD_2_031", "HOUSEHOLD_2_032", "HOUSEHOLD_2_033", "HOUSEHOLD_2_034", "HOUSEHOLD_2_035", "HOUSEHOLD_2_036", "HOUSEHOLD_2_037", "HOUSEHOLD_2_038", "HOUSEHOLD_2_039", "HOUSEHOLD_2_040", "HOUSEHOLD_2_041", "HOUSEHOLD_2_042", "HOUSEHOLD_2_043", "HOUSEHOLD_2_044", "HOUSEHOLD_2_045", "HOUSEHOLD_2_046", "HOUSEHOLD_2_047", "HOUSEHOLD_2_048", "HOUSEHOLD_2_049", "HOUSEHOLD_2_050", "HOUSEHOLD_2_051", "HOUSEHOLD_2_052", "HOUSEHOLD_2_053", "HOUSEHOLD_2_054", "HOUSEHOLD_2_055", "HOUSEHOLD_2_056", "HOUSEHOLD_2_057", "HOUSEHOLD_2_058", "HOUSEHOLD_2_059", "HOUSEHOLD_2_060", "HOUSEHOLD_2_061", "HOUSEHOLD_2_062", "HOUSEHOLD_2_063", "HOUSEHOLD_2_064", "HOUSEHOLD_2_065", "HOUSEHOLD_2_066", "HOUSEHOLD_2_067", "HOUSEHOLD_2_068", "HOUSEHOLD_2_069", "HOUSEHOLD_2_070", "HOUSEHOLD_2_071", "HOUSEHOLD_2_072", "HOUSEHOLD_2_073", "HOUSEHOLD_2_074", "HOUSEHOLD_2_075", "HOUSEHOLD_2_076", "HOUSEHOLD_2_077", "HOUSEHOLD_2_078", "HOUSEHOLD_2_079", "HOUSEHOLD_2_080", "HOUSEHOLD_2_081", "HOUSEHOLD_2_082", "HOUSEHOLD_2_083", "HOUSEHOLD_2_084", "HOUSEHOLD_2_085", "HOUSEHOLD_2_086", "HOUSEHOLD_2_087", "HOUSEHOLD_2_088", "HOUSEHOLD_2_089", "HOUSEHOLD_2_090", "HOUSEHOLD_2_091", "HOUSEHOLD_2_092", "HOUSEHOLD_2_093", "HOUSEHOLD_2_094", "HOUSEHOLD_2_095", "HOUSEHOLD_2_096", "HOUSEHOLD_2_097", "HOUSEHOLD_2_098", "HOUSEHOLD_2_099", "HOUSEHOLD_2_100", "HOUSEHOLD_2_101", "HOUSEHOLD_2_102", "HOUSEHOLD_2_103", "HOUSEHOLD_2_104", "HOUSEHOLD_2_105", "HOUSEHOLD_2_106", "HOUSEHOLD_2_107", "HOUSEHOLD_2_108", "HOUSEHOLD_2_109", "HOUSEHOLD_2_110", "HOUSEHOLD_2_111", "HOUSEHOLD_2_112", "HOUSEHOLD_2_113", "HOUSEHOLD_2_114", "HOUSEHOLD_2_115", "HOUSEHOLD_2_116", "HOUSEHOLD_2_117", "HOUSEHOLD_2_118", "HOUSEHOLD_2_119", "HOUSEHOLD_2_120", "HOUSEHOLD_2_121", "HOUSEHOLD_2_122", "HOUSEHOLD_2_123", "HOUSEHOLD_2_124", "HOUSEHOLD_2_125", "HOUSEHOLD_2_126", "HOUSEHOLD_2_127", "HOUSEHOLD_2_128", "HOUSEHOLD_2_129", "HOUSEHOLD_2_130", "HOUSEHOLD_2_131", "HOUSEHOLD_2_132", "HOUSEHOLD_2_133", "HOUSEHOLD_2_134", "HOUSEHOLD_2_135", "HOUSEHOLD_2_136", "HOUSEHOLD_2_137", "HOUSEHOLD_2_138", "HOUSEHOLD_2_139", "HOUSEHOLD_2_140", "HOUSEHOLD_2_141", "HOUSEHOLD_2_142", "HOUSEHOLD_2_143", "HOUSEHOLD_2_144", "HOUSEHOLD_2_145", "HOUSEHOLD_2_146", "HOUSEHOLD_2_147", "HOUSEHOLD_2_148", "HOUSEHOLD_2_149", "HOUSEHOLD_2_150", "HOUSEHOLD_2_151", "HOUSEHOLD_2_152", "HOUSEHOLD_2_153", "HOUSEHOLD_2_154", "HOUSEHOLD_2_155", "HOUSEHOLD_2_156", "HOUSEHOLD_2_157", "HOUSEHOLD_2_158", "HOUSEHOLD_2_159", "HOUSEHOLD_2_160", "HOUSEHOLD_2_161", "HOUSEHOLD_2_162", "HOUSEHOLD_2_163", "HOUSEHOLD_2_164", "HOUSEHOLD_2_165", "HOUSEHOLD_2_166", "HOUSEHOLD_2_167", "HOUSEHOLD_2_168", "HOUSEHOLD_2_169", "HOUSEHOLD_2_170", "HOUSEHOLD_2_171", "HOUSEHOLD_2_172", "HOUSEHOLD_2_173", "HOUSEHOLD_2_174", "HOUSEHOLD_2_175", "HOUSEHOLD_2_176", "HOUSEHOLD_2_177", "HOUSEHOLD_2_178", "HOUSEHOLD_2_179", "HOUSEHOLD_2_180", "HOUSEHOLD_2_182", "HOUSEHOLD_2_183", "HOUSEHOLD_2_184", "HOUSEHOLD_2_185", "HOUSEHOLD_2_186", "HOUSEHOLD_2_187", "HOUSEHOLD_2_188", "HOUSEHOLD_2_189", "HOUSEHOLD_2_190", "HOUSEHOLD_2_191", "HOUSEHOLD_2_192", "HOUSEHOLD_2_193", "HOUSEHOLD_2_194", "HOUSEHOLD_2_195", "HOUSEHOLD_2_196", "HOUSEHOLD_2_197", "HOUSEHOLD_2_198", "HOUSEHOLD_2_199", "HOUSEHOLD_2_200", "HOUSEHOLD_2_201", "HOUSEHOLD_2_202", "HOUSEHOLD_2_203", "HOUSEHOLD_2_204", "HOUSEHOLD_2_205", "HOUSEHOLD_2_206", "HOUSEHOLD_2_207", "HOUSEHOLD_2_208", "HOUSEHOLD_2_209", "HOUSEHOLD_2_210", "HOUSEHOLD_2_211", "HOUSEHOLD_2_212", "HOUSEHOLD_2_213", "HOUSEHOLD_2_214", "HOUSEHOLD_2_215", "HOUSEHOLD_2_216", "HOUSEHOLD_2_217", "HOUSEHOLD_2_218", "HOUSEHOLD_2_219", "HOUSEHOLD_2_220", "HOUSEHOLD_2_221", "HOUSEHOLD_2_222", "HOUSEHOLD_2_223", "HOUSEHOLD_2_224", "HOUSEHOLD_2_225", "HOUSEHOLD_2_226", "HOUSEHOLD_2_227", "HOUSEHOLD_2_228", "HOUSEHOLD_2_229", "HOUSEHOLD_2_230", "HOUSEHOLD_2_231", "HOUSEHOLD_2_232", "HOUSEHOLD_2_233", "HOUSEHOLD_2_234", "HOUSEHOLD_2_235", "HOUSEHOLD_2_236", "HOUSEHOLD_2_237", "HOUSEHOLD_2_238", "HOUSEHOLD_2_239", "HOUSEHOLD_2_240", "HOUSEHOLD_2_241", "HOUSEHOLD_2_242", "HOUSEHOLD_2_243", "HOUSEHOLD_2_244", "HOUSEHOLD_2_245", "HOUSEHOLD_2_246", "HOUSEHOLD_2_247", "HOUSEHOLD_2_248", "HOUSEHOLD_2_249", "HOUSEHOLD_2_250", "HOUSEHOLD_2_251", "HOUSEHOLD_2_252", "HOUSEHOLD_2_253", "HOUSEHOLD_2_254", "HOUSEHOLD_2_255", "HOUSEHOLD_2_256", "HOUSEHOLD_2_257", "HOUSEHOLD_2_258", "HOUSEHOLD_2_259", "HOUSEHOLD_2_260", "HOUSEHOLD_2_261", "HOUSEHOLD_2_262", "HOUSEHOLD_2_263", "HOUSEHOLD_2_264", "HOUSEHOLD_2_265", "HOUSEHOLD_2_266", "HOUSEHOLD_2_267", "HOUSEHOLD_2_268", "HOUSEHOLD_2_269", "HOUSEHOLD_2_270", "HOUSEHOLD_2_271", "HOUSEHOLD_2_272", "HOUSEHOLD_2_273", "HOUSEHOLD_2_274", "HOUSEHOLD_2_275", "HOUSEHOLD_2_276", "HOUSEHOLD_2_277", "HOUSEHOLD_2_278", "HOUSEHOLD_2_279", "HOUSEHOLD_2_280", "HOUSEHOLD_2_281", "HOUSEHOLD_2_282", "HOUSEHOLD_2_283", "HOUSEHOLD_2_284", "HOUSEHOLD_2_285", "HOUSEHOLD_2_286", "HOUSEHOLD_2_287", "HOUSEHOLD_2_288", "HOUSEHOLD_2_289", "HOUSEHOLD_2_290", "HOUSEHOLD_2_291", "HOUSEHOLD_2_292", "HOUSEHOLD_2_293", "HOUSEHOLD_2_294", "HOUSEHOLD_2_295", "HOUSEHOLD_2_296", "HOUSEHOLD_2_297", "HOUSEHOLD_2_298", "HOUSEHOLD_2_299", "HOUSEHOLD_2_300", "HOUSEHOLD_2_301", "HOUSEHOLD_2_302", "HOUSEHOLD_2_303", "HOUSEHOLD_2_304", "HOUSEHOLD_2_305", "HOUSEHOLD_2_306", "HOUSEHOLD_2_307", "HOUSEHOLD_2_308", "HOUSEHOLD_2_309", "HOUSEHOLD_2_310", "HOUSEHOLD_2_311", "HOUSEHOLD_2_312", "HOUSEHOLD_2_313", "HOUSEHOLD_2_314", "HOUSEHOLD_2_315", "HOUSEHOLD_2_316", "HOUSEHOLD_2_317", "HOUSEHOLD_2_318", "HOUSEHOLD_2_319", "HOUSEHOLD_2_320", "HOUSEHOLD_2_321", "HOUSEHOLD_2_322", "HOUSEHOLD_2_323", "HOUSEHOLD_2_324", "HOUSEHOLD_2_325", "HOUSEHOLD_2_326", "HOUSEHOLD_2_327", "HOUSEHOLD_2_328", "HOUSEHOLD_2_329", "HOUSEHOLD_2_330", "HOUSEHOLD_2_331", "HOUSEHOLD_2_332", "HOUSEHOLD_2_333", "HOUSEHOLD_2_334", "HOUSEHOLD_2_335", "HOUSEHOLD_2_336", "HOUSEHOLD_2_337", "HOUSEHOLD_2_338", "HOUSEHOLD_2_339", "HOUSEHOLD_2_340", "HOUSEHOLD_2_341", "HOUSEHOLD_2_342", "HOUSEHOLD_2_343", "HOUSEHOLD_2_344", "HOUSEHOLD_2_345", "HOUSEHOLD_2_346", "HOUSEHOLD_2_347", "HOUSEHOLD_2_348", "HOUSEHOLD_2_349", "HOUSEHOLD_2_350", "HOUSEHOLD_2_351", "HOUSEHOLD_2_352", "HOUSEHOLD_2_353", "HOUSEHOLD_2_354", "HOUSEHOLD_2_355", "HOUSEHOLD_2_356", "HOUSEHOLD_2_357", "HOUSEHOLD_2_358", "HOUSEHOLD_2_359", "HOUSEHOLD_2_360", "HOUSEHOLD_2_361", "HOUSEHOLD_2_362", "HOUSEHOLD_2_363", "HOUSEHOLD_2_364", "HOUSEHOLD_2_365", "HOUSEHOLD_2_366", "HOUSEHOLD_2_367", "HOUSEHOLD_2_368", "HOUSEHOLD_2_369", "HOUSEHOLD_2_370", "HOUSEHOLD_2_371", "HOUSEHOLD_2_372", "HOUSEHOLD_2_373", "HOUSEHOLD_2_374", "HOUSEHOLD_2_375", "HOUSEHOLD_2_376", "HOUSEHOLD_2_377", "HOUSEHOLD_2_378", "HOUSEHOLD_2_379", "HOUSEHOLD_2_380", "HOUSEHOLD_2_381", "HOUSEHOLD_2_382", "HOUSEHOLD_2_383", "HOUSEHOLD_2_384", "HOUSEHOLD_2_385", "HOUSEHOLD_2_386", "HOUSEHOLD_2_387", "HOUSEHOLD_2_388", "HOUSEHOLD_2_389", "HOUSEHOLD_2_390", "HOUSEHOLD_2_391", "HOUSEHOLD_2_392", "HOUSEHOLD_2_393", "HOUSEHOLD_2_394", "HOUSEHOLD_2_395", "HOUSEHOLD_2_396", "HOUSEHOLD_2_397", "HOUSEHOLD_2_398", "HOUSEHOLD_2_399", "HOUSEHOLD_2_400", "HOUSEHOLD_2_401", "HOUSEHOLD_2_402", "HOUSEHOLD_2_403", "HOUSEHOLD_2_404", "HOUSEHOLD_2_405", "HOUSEHOLD_2_406", "HOUSEHOLD_2_407", "HOUSEHOLD_2_408", "HOUSEHOLD_2_409", "HOUSEHOLD_2_410", "HOUSEHOLD_2_411", "HOUSEHOLD_2_412", "HOUSEHOLD_2_413", "HOUSEHOLD_2_414", "HOUSEHOLD_2_415", "HOUSEHOLD_2_416", "HOUSEHOLD_2_417", "HOUSEHOLD_2_418", "HOUSEHOLD_2_419", "HOUSEHOLD_2_420", "HOUSEHOLD_2_421", "HOUSEHOLD_2_422", "HOUSEHOLD_2_423", "HOUSEHOLD_2_424", "HOUSEHOLD_2_425", "HOUSEHOLD_2_426", "HOUSEHOLD_2_427", "HOUSEHOLD_2_428", "HOUSEHOLD_2_429", "HOUSEHOLD_2_430", "HOUSEHOLD_2_431", "HOUSEHOLD_2_432", "HOUSEHOLD_2_433", "HOUSEHOLD_2_434", "HOUSEHOLD_2_435", "HOUSEHOLD_2_436", "HOUSEHOLD_2_437", "HOUSEHOLD_2_438", "HOUSEHOLD_2_439", "HOUSEHOLD_2_440", "HOUSEHOLD_2_441", "HOUSEHOLD_2_442", "HOUSEHOLD_2_443", "HOUSEHOLD_2_444", "HOUSEHOLD_2_445", "HOUSEHOLD_2_446", "HOUSEHOLD_2_447", "HOUSEHOLD_2_448", "HOUSEHOLD_2_449", "HOUSEHOLD_2_450", "HOUSEHOLD_2_451", "HOUSEHOLD_2_452", "HOUSEHOLD_2_453", "HOUSEHOLD_2_454", "HOUSEHOLD_2_455", "HOUSEHOLD_2_456", "HOUSEHOLD_2_457", "HOUSEHOLD_2_458", "HOUSEHOLD_2_459", "HOUSEHOLD_2_460", "HOUSEHOLD_2_461", "HOUSEHOLD_2_462", "HOUSEHOLD_2_463", "HOUSEHOLD_2_464", "HOUSEHOLD_2_465", "HOUSEHOLD_2_466", "HOUSEHOLD_2_467", "HOUSEHOLD_2_468", "HOUSEHOLD_2_469", "HOUSEHOLD_2_470", "HOUSEHOLD_2_471", "HOUSEHOLD_2_472", "HOUSEHOLD_2_473", "HOUSEHOLD_2_474", "HOUSEHOLD_2_475", "HOUSEHOLD_2_476", "HOUSEHOLD_2_477", "HOUSEHOLD_2_478", "HOUSEHOLD_2_479", "HOUSEHOLD_2_480", "HOUSEHOLD_2_481", "HOUSEHOLD_2_482", "HOUSEHOLD_2_483", "HOUSEHOLD_2_484", "HOUSEHOLD_2_485", "HOUSEHOLD_2_486", "HOUSEHOLD_2_487", "HOUSEHOLD_2_488", "HOUSEHOLD_2_489", "HOUSEHOLD_2_490", "HOUSEHOLD_2_491", "HOUSEHOLD_2_492", "HOUSEHOLD_2_493", "HOUSEHOLD_2_494", "HOUSEHOLD_2_495", "HOUSEHOLD_2_496", "HOUSEHOLD_2_497", "HOUSEHOLD_2_498", "HOUSEHOLD_2_499", "HOUSEHOLD_2_500", "HOUSEHOLD_2_501", "HOUSEHOLD_2_502", "HOUSEHOLD_2_503", "HOUSEHOLD_2_504", "HOUSEHOLD_2_505", "HOUSEHOLD_2_506", "HOUSEHOLD_2_507", "HOUSEHOLD_2_508", "HOUSEHOLD_2_509", "HOUSEHOLD_2_510", "HOUSEHOLD_2_511", "HOUSEHOLD_2_512", "HOUSEHOLD_2_513", "HOUSEHOLD_2_514", "HOUSEHOLD_2_515", "HOUSEHOLD_2_516"], ["FOODS_1", "FOODS_2", "FOODS_3", "HOBBIES_1", "HOBBIES_2", "HOUSEHOLD_1", "HOUSEHOLD_2"], ["FOODS", "HOBBIES", "HOUSEHOLD"], ["CA_1", "CA_2", "CA_3", "CA_4"], ["CA"], ["Friday", "Monday", "Saturday", "Sunday", "Thursday", "Tuesday", "Wednesday"], ["Chanukah End", "Christmas", "Cinco De Mayo", "ColumbusDay", "Easter", "Eid al-Fitr", "EidAlAdha", "Father's day", "Halloween", "IndependenceDay", "LaborDay", "LentStart", "LentWeek2", "MartinLutherKingDay", "MemorialDay", "Mother's day", "NBAFinalsEnd", "NBAFinalsStart", "NewYear", "OrthodoxChristmas", "OrthodoxEaster", "Pesach End", "PresidentsDay", "Purim End", "Ramadan starts", "StPatricksDay", "SuperBowl", "Thanksgiving", "ValentinesDay", "VeteransDay"], ["Cultural", "National", "Religious", "Sporting"], ["Cinco De Mayo", "Easter", "Father's day", "OrthodoxEaster"], ["Cultural", "Religious"]]
