tree
version=v4
num_class=1
num_tree_per_iteration=1
label_index=0
max_feature_idx=21
objective=quantile
feature_names=item_id dept_id cat_id store_id state_id weekday wday month year event_name_1 event_type_1 event_name_2 event_type_2 snap_CA snap_TX snap_WI sell_price lag_28 lag_35 rolling_mean_7 rolling_mean_28 price_change
feature_infos=-1:3048:3047:3039:3043:3034:3041:3045:1429:2017:304:1443:2989:3033:555:1846:3035:1526:1820:2666:3037:601:972:1442:1596:2024:2992:3044:924:984:2114:2335:2363:2548:65:309:762:1358:1424:1679:1888:1932:2798:3040:344:544:712:800:907:910:1838:2238:2273:2594:2914:2918:94:251:317:1024:1215:1245:1340:1626:1800:1843:1974:1986:2291:2319:2553:160:245:437:648:890:991:1139:1142:1224:1229:1299:2034:2038:2136:2331:2428:2432:2751:3046:61:102:391:426:436:480:498:535:584:969:1154:1233:1328:1400:1601:1884:2004:2063:2446:2487:2589:2738:2901:2920:2924:85:103:156:211:266:371:638:855:933:964:1082:1095:1096:1247:1397:1438:1446:1629:1770:1901:1924:1979:2010:2029:2333:2365:2372:2814:2856:3014:62:145:164:502:503:682:849:853:917:949:982:990:1014:1045:1144:1509:1544:1689:1719:1788:1790:1830:1882:1896:1902:1906:2144:2158:2165:2210:2793:2900:2906:2986:3031:90:92:149:168:188:200:258:262:380:397:434:483:538:539:540:556:558:573:592:687:718:720:803:883:977:1064:1103:1117:1257:1557:1575:1607:1656:1665:1693:1695:1765:1997:2129:2160:2647:2687:2760:2767:2851:2921:2960:3032:9:31:172:230:235:414:421:493:508:509:519:526:546:566:569:707:875:920:1063:1086:1123:1131:1162:1193:1390:1515:1531:1559:1588:1612:1625:1677:1709:1715:1738:1810:1840:1923:2067:2069:2192:2204:2208:2258:2315:2456:2569:2584:2612:2627:2634:2728:2739:2762:2839:2931:3029:17:37:48:67:74:93:114:166:256:268:288:349:390:418:423:440:454:499:630:665:674:695:733:743:759:788:813:888:916:934:943:956:1016:1042:1094:1220:1249:1269:1347:1364:1384:1410:1578:1605:1631:1666:1716:1828:1829:1855:1911:1913:1922:1961:1994:2050:2080:2111:2162:2183:2244:2448:2489:2571:2614:2779:2788:2863:2894:2938:3008:3036:58:70:101:128:137:191:192:204:293:365:366:439:490:527:554:574:578:586:613:642:662:664:696:725:766:833:872:891:903:923:1002:1040:1051:1201:1239:1262:1331:1355:1389:1398:1407:1478:1487:1504:1555:1579:1583:1593:1604:1637:1696:1707:1717:1749:1835:1839:1999:2003:2097:2107:2110:2163:2202:2224:2256:2325:2385:2408:2506:2523:2664:2677:2717:2825:2884:2928:2966:2971:2973:19:25:56:122:169:170:198:207:225:302:407:409:428:448:516:670:694:703:728:747:760:779:804:811:814:837:878:927:960:1060:1065:1184:1216:1343:1399:1465:1524:1532:1590:1595:1642:1727:1756:1789:1793:1798:1799:1851:1890:1910:1977:1988:2025:2077:2103:2123:2138:2149:2236:2297:2321:2336:2386:2462:2475:2476:2497:2532:2543:2547:2613:2628:2629:2729:2775:2789:2912:2943:2956:2957:2965:2999:40:51:55:87:126:195:232:283:312:315:338:376:395:419:435:438:449:471:484:514:560:571:698:758:770:789:912:931:974:1074:1145:1161:1218:1267:1268:1280:1282:1286:1303:1337:1350:1372:1414:1420:1440:1467:1472:1480:1513:1538:1584:1668:1672:1697:1713:1775:1792:1823:1863:1869:1879:1904:1949:2039:2059:2078:2116:2124:2182:2194:2198:2218:2219:2239:2277:2287:2295:2310:2347:2351:2420:2511:2611:2657:2659:2685:2690:2693:2785:2794:2803:2810:2829:2843:2850:2876:2897:2904:2983:3011:3012:4:38:117:162:175:215:222:244:246:314:329:342:462:469:501:511:557:568:579:611:741:772:777:785:796:953:983:1021:1023:1106:1204:1206:1227:1228:1256:1317:1320:1326:1344:1370:1381:1394:1457:1534:1560:1600:1615:1618:1624:1722:1747:1812:1813:1860:1868:1916:1955:1965:1981:2002:2015:2023:2046:2086:2099:2147:2154:2177:2232:2243:2257:2307:2316:2328:2340:2546:2552:2556:2557:2609:2642:2650:2718:2801:2889:2930:2948:2953:2962:3028:108:124:127:142:155:199:239:241:267:298:308:331:334:354:382:392:427:505:559:589:618:666:677:734:828:851:866:889:896:925:936:971:988:998:1041:1046:1097:1112:1159:1177:1183:1200:1240:1250:1271:1314:1391:1492:1501:1545:1566:1569:1573:1574:1654:1690:1698:1710:1720:1750:1772:1780:1801:1825:1832:1850:1877:1915:1943:1966:1993:1995:2028:2044:2068:2094:2130:2143:2264:2281:2334:2390:2391:2426:2494:2605:2638:2656:2663:2725:2750:2757:2770:2848:2869:2879:2907:2908:2909:3038:18:42:64:75:79:100:118:154:171:184:194:240:292:348:379:396:441:447:478:543:607:649:651:667:684:730:806:840:846:886:895:909:930:1008:1033:1038:1039:1104:1169:1171:1172:1186:1232:1235:1260:1274:1304:1319:1376:1382:1430:1458:1469:1488:1602:1613:1636:1651:1662:1804:1816:1817:1899:1921:1936:2008:2035:2037:2048:2055:2118:2155:2195:2209:2227:2248:2265:2267:2275:2345:2354:2356:2394:2418:2431:2434:2461:2466:2512:2527:2534:2561:2562:2705:2753:2766:2834:2852:2888:2898:2940:2954:2978:3002:3009:3015:3030:3042:0:30:111:125:139:238:265:310:325:327:413:416:430:451:575:622:625:634:641:643:657:672:680:685:692:699:701:704:715:736:737:748:749:750:761:776:782:798:893:938:944:948:950:1020:1043:1099:1129:1134:1153:1167:1195:1244:1263:1283:1287:1293:1307:1348:1353:1366:1369:1383:1405:1415:1432:1433:1473:1503:1535:1561:1628:1633:1646:1661:1682:1729:1732:1745:1757:1802:1814:1845:1857:1886:2047:2058:2060:2109:2168:2188:2205:2217:2266:2298:2348:2349:2357:2384:2393:2401:2404:2416:2433:2450:2491:2505:2535:2550:2567:2588:2590:2608:2618:2620:2623:2632:2644:2731:2745:2768:2809:2828:2871:2872:2880:2881:2890:2899:2972:2982:3001:3003:3005:3016:3017:3023:3026:26:28:47:63:83:96:112:130:144:153:177:209:216:226:247:257:271:277:278:284:318:343:368:373:404:446:461:466:467:474:507:528:603:604:619:652:659:661:773:774:795:812:825:832:852:859:869:877:919:937:963:967:999:1022:1036:1058:1075:1091:1133:1143:1146:1150:1157:1175:1180:1191:1217:1276:1313:1318:1322:1325:1385:1386:1404:1459:1495:1500:1522:1533:1552:1556:1564:1576:1638:1674:1724:1787:1806:1807:1811:1821:1880:1900:1933:1940:1950:1980:1983:1998:2013:2014:2033:2066:2070:2079:2120:2148:2159:2206:2213:2231:2274:2289:2293:2323:2327:2366:2370:2374:2375:2392:2405:2407:2417:2455:2483:2585:2643:2670:2676:2678:2682:2694:2702:2709:2733:2815:2844:2847:2874:2926:2958:2964:2985:1:35:46:105:134:136:173:206:210:227:229:234:279:280:291:328:374:410:429:432:443:465:468:482:485:513:529:532:536:541:563:576:580:600:605:628:646:668:679:711:731:763:809:815:845:874:882:897:901:975:976:989:1001:1005:1026:1029:1068:1069:1083:1221:1279:1285:1309:1345:1388:1395:1434:1435:1441:1461:1479:1483:1506:1507:1516:1530:1568:1581:1582:1587:1609:1648:1653:1657:1704:1734:1746:1752:1854:1875:1887:1947:1953:1954:1967:1992:2000:2011:2026:2076:2092:2095:2104:2112:2113:2133:2173:2176:2189:2251:2252:2304:2305:2306:2362:2367:2371:2373:2387:2403:2429:2435:2465:2479:2495:2520:2538:2586:2602:2621:2637:2640:2645:2654:2672:2715:2716:2723:2749:2761:2765:2799:2808:2823:2824:2833:2849:2853:2857:2990:2993:2994:3013:3024:29:41:57:71:76:91:95:104:110:132:196:203:223:233:236:275:281:290:299:399:433:442:455:457:488:496:504:515:522:537:545:616:645:713:717:739:752:790:793:802:821:841:847:850:935:946:947:962:993:1006:1027:1032:1044:1047:1049:1050:1059:1084:1089:1101:1114:1149:1163:1209:1236:1261:1275:1290:1291:1327:1341:1349:1352:1356:1417:1418:1431:1444:1453:1508:1511:1520:1521:1598:1635:1703:1742:1763:1768:1769:1781:1783:1796:1818:1834:1858:1861:1862:1874:1878:1907:1909:1914:1948:1956:2007:2020:2022:2036:2054:2064:2137:2142:2151:2229:2249:2278:2300:2303:2379:2380:2383:2388:2419:2442:2472:2474:2517:2544:2560:2591:2610:2703:2720:2743:2791:2797:2800:2819:2860:2868:2885:2929:2951:2967:2968:2976:2998:23:39:59:106:107:119:151:161:186:259:264:287:289:316:323:358:361:383:394:452:521:591:597:629:637:640:697:716:742:744:753:771:786:805:820:826:836:848:870:879:887:898:915:958:1000:1007:1013:1017:1067:1081:1088:1147:1165:1199:1202:1213:1266:1330:1334:1373:1403:1445:1448:1454:1489:1514:1517:1519:1542:1546:1554:1594:1611:1616:1632:1634:1647:1655:1664:1669:1671:1673:1688:1706:1739:1856:1859:1865:1866:1889:1893:1898:1917:1920:1928:1931:1937:1945:1968:2006:2009:2019:2021:2040:2052:2083:2106:2153:2167:2170:2185:2221:2245:2272:2280:2284:2308:2343:2395:2412:2425:2443:2444:2449:2471:2490:2507:2530:2574:2649:2652:2655:2665:2689:2695:2707:2754:2783:2796:2818:2873:2878:2895:2932:2941:2946:2947:2987:2:8:27:50:69:88:89:152:242:249:254:296:297:330:337:346:355:378:400:424:431:512:525:531:549:553:572:582:602:633:635:653:671:673:735:780:818:830:873:926:942:945:954:979:986:1055:1080:1107:1109:1118:1121:1130:1135:1181:1188:1192:1198:1238:1253:1255:1294:1312:1316:1339:1360:1375:1380:1422:1428:1484:1496:1505:1518:1558:1571:1577:1610:1621:1658:1659:1692:1700:1714:1730:1735:1766:1777:1784:1785:1808:1824:1831:1847:1849:1873:1881:1927:1939:1964:1976:2016:2049:2053:2061:2073:2075:2081:2084:2085:2100:2108:2115:2141:2175:2197:2200:2203:2207:2240:2247:2282:2326:2389:2422:2440:2470:2473:2477:2485:2549:2601:2607:2616:2713:2714:2746:2756:2777:2780:2811:2813:2816:2841:2842:2862:2916:2939:2945:2950:2977:13:32:43:52:99:120:147:157:174:179:181:185:197:219:250:255:295:300:306:363:386:405:406:444:450:458:464:517:533:548:585:593:595:598:614:644:663:675:688:691:721:729:754:765:783:792:797:816:824:900:966:1012:1019:1037:1077:1136:1166:1278:1292:1310:1416:1421:1425:1455:1471:1481:1528:1541:1543:1570:1589:1608:1640:1675:1755:1758:1786:1803:1833:1852:1926:1958:1959:1975:2018:2062:2072:2096:2121:2125:2145:2150:2253:2261:2292:2309:2341:2413:2457:2464:2468:2469:2484:2488:2496:2502:2510:2513:2516:2578:2622:2633:2646:2671:2701:2748:2784:2807:2820:2944:2955:2959:2969:3000:3025:5:20:53:60:84:98:146:202:220:224:273:313:320:333:350:384:422:459:492:500:547:587:588:596:617:620:627:631:655:683:689:705:719:723:724:781:799:801:843:860:864:894:899:913:921:957:968:970:995:1018:1031:1034:1070:1071:1090:1100:1124:1168:1231:1241:1270:1272:1284:1298:1300:1308:1354:1402:1409:1423:1437:1470:1475:1485:1498:1510:1523:1547:1650:1680:1691:1701:1718:1726:1748:1754:1805:1822:1826:1827:1894:1925:1960:1972:1989:1990:1991:2012:2041:2051:2169:2172:2180:2190:2299:2329:2359:2360:2361:2368:2376:2399:2402:2406:2415:2421:2447:2498:2533:2551:2565:2566:2593:2597:2668:2669:2698:2711:2722:2732:2735:2736:2740:2781:2806:2831:2836:2846:2922:2925:2934:2961:2979:3006:3022:7:16:45:72:78:113:115:260:272:301:303:307:311:319:367:375:381:388:475:486:489:494:495:497:530:551:564:567:581:612:639:647:708:726:757:791:831:838:839:876:881:906:978:980:992:1035:1056:1061:1115:1194:1197:1205:1207:1208:1211:1214:1273:1297:1305:1311:1315:1323:1346:1359:1367:1374:1436:1477:1486:1525:1551:1565:1567:1617:1639:1649:1667:1684:1699:1723:1741:1743:1773:1778:1841:1853:1871:1872:1883:1892:1934:1952:1971:1987:2001:2043:2082:2102:2132:2152:2161:2174:2191:2215:2234:2235:2317:2396:2460:2463:2499:2508:2515:2521:2537:2572:2577:2587:2604:2636:2648:2680:2684:2708:2727:2737:2744:2764:2771:2870:2903:2935:2963:2984:2991:3027:3:10:14:24:49:68:97:109:131:140:150:167:178:180:201:212:231:261:269:294:332:389:393:398:425:599:606:686:690:702:710:738:756:767:856:880:884:892:911:959:996:1003:1011:1028:1066:1072:1079:1092:1093:1128:1148:1152:1164:1178:1189:1223:1234:1251:1277:1387:1392:1396:1447:1450:1452:1482:1512:1562:1663:1678:1702:1740:1767:1776:1864:1867:1876:1946:1957:1963:2057:2101:2128:2146:2199:2230:2294:2314:2320:2330:2344:2355:2369:2397:2400:2452:2467:2478:2500:2554:2563:2575:2582:2619:2635:2673:2674:2675:2688:2697:2700:2704:2712:2763:2786:2787:2795:2802:2822:2832:2838:2858:2892:2896:2915:2936:3018:3020:34:54:73:135:138:148:176:182:183:189:193:208:252:305:322:324:335:340:351:364:370:377:403:460:481:487:632:693:700:709:745:755:768:829:861:862:865:904:918:929:955:961:965:987:997:1004:1015:1030:1076:1085:1125:1127:1141:1158:1187:1219:1225:1230:1264:1301:1324:1329:1338:1365:1393:1408:1411:1449:1456:1539:1550:1592:1599:1627:1644:1652:1681:1683:1687:1708:1725:1736:1760:1782:1795:1837:1844:1941:1970:1978:2005:2027:2030:2031:2042:2056:2071:2139:2171:2201:2223:2226:2228:2241:2254:2270:2350:2377:2398:2414:2441:2445:2451:2459:2503:2504:2518:2536:2541:2555:2615:2631:2681:2752:2891:2937:3004:3007:33:86:123:205:217:276:282:285:347:352:362:369:402:411:506:550:552:565:714:732:764:817:819:823:835:842:868:908:922:941:973:981:1087:1108:1111:1116:1210:1243:1321:1406:1462:1463:1493:1529:1563:1586:1597:1620:1685:1686:1694:1721:1764:1885:1908:1929:1985:2088:2089:2091:2098:2119:2134:2157:2178:2181:2184:2212:2222:2225:2242:2250:2255:2296:2322:2378:2410:2424:2427:2430:2436:2437:2481:2501:2525:2568:2580:2583:2641:2653:2658:2721:2734:2782:2845:2865:2866:2882:2883:2902:2913:2919:2927:2995:3010:3019:3021:11:12:15:21:80:81:121:129:165:187:190:248:253:270:385:387:415:456:542:608:624:769:827:844:867:871:885:928:1078:1105:1110:1265:1361:1371:1379:1401:1426:1474:1491:1537:1540:1549:1572:1643:1712:1759:1762:1779:1794:1809:1815:1819:1891:1951:1962:1982:2032:2045:2065:2074:2105:2122:2127:2131:2246:2260:2268:2288:2290:2302:2311:2318:2324:2332:2352:2381:2423:2454:2492:2514:2528:2540:2542:2558:2603:2651:2679:2696:2719:2724:2776:2859:2917:66:228:286:321:356:359:360:476:510:520:583:590:610:656:660:676:678:740:746:787:951:952:1048:1102:1120:1126:1132:1170:1173:1176:1212:1222:1258:1288:1302:1333:1476:1580:1585:1670:1711:1733:1771:1774:1836:1848:1942:1969:1996:2087:2090:2093:2156:2187:2193:2211:2220:2269:2337:2353:2364:2382:2439:2493:2545:2559:2625:2630:2639:2661:2683:2747:2759:2792:2821:2826:2840:2854:2877:2887:163:221:336:357:621:626:722:784:807:857:914:1009:1025:1062:1113:1137:1156:1160:1179:1226:1237:1248:1259:1296:1357:1362:1363:1412:1466:1468:1502:1536:1622:1645:1728:1731:1753:2117:2179:2214:2233:2271:2276:2283:2285:2346:2524:2529:2531:2539:2579:2599:2667:2691:2710:2778:2835:2837:2886:2905:2910:2975:77:82:158:159:218:243:263:326:534:562:577:594:636:654:681:778:822:858:932:1010:1057:1140:1151:1182:1203:1242:1246:1295:1377:1427:1451:1606:1614:1630:1676:1705:1737:1751:1791:1905:1912:2237:2262:2263:2313:2338:2339:2358:2482:2486:2526:2570:2576:2581:2592:2596:2617:2692:2805:2864:2911:36:143:213:237:353:412:477:524:561:609:727:810:863:994:1098:1155:1281:1336:1342:1490:1499:1553:1619:1797:1918:2140:2186:2196:2279:2286:2411:2522:2573:2662:2755:2769:2790:2827:2861:2867:2923:2996:2997:6:44:141:408:463:473:623:658:669:775:794:902:905:1054:1119:1122:1138:1289:1439:1460:1527:1603:1744:1919:1935:1944:1984:2135:2342:2480:2626:2730:2742:2774:2812:2893:22:133:214:339:615:706:751:834:1053:1254:1623:1903:2164:2166:2259:2438:2453:2519:2595:2726:2773:2804:2830:2952:417:420:470:479:491:985:1073:1174:1332:2216:2458:2660:2817:2875:2933:2942:2949:2980:2981:116:341:1052:1185:1190:1252:1378:1413:1464:1497:1761:1930:2509:2564:2600:2606:2686:2699:2706:2758:2772 -1:2:5:6:3:1:0:4 -1:0:2:1 -1:1:2:0:3 -1:0 -1:0:2:6:3:1:4:5 [1:7] [1:12] [2011:2016] -1:26:15:6:24:23:29:1:25:5:12:27:9:2:11:19:17:4:8:18:28:3:20:13:10:0:21:16:7:14:22 -1:2:1:0:3 -1:3:0:1:2 -1:0:1 [0:1] [0:1] [0:1] [0.01000213623046875:30.984375] [0:257] [0:186] [0:248.125] [0:221.875] [-0.626953125:2.001953125]
tree_sizes=4263 4268 4283 4283 3732 3739 3519 4053 3804 4062 4009 4530 4547 4883 5134 4601 4637 4094 4856 4356 4359 4354 4370 5412 4896 4878 4571 4363 5216 4648 4895 4888 4910 4879 5680 4908 4904 4658 4628 4624 4896 4631 4907 5441 4829 5075 5069 5063 5067 5064 5559 5362 5333 5893 5592 5335 5056 5573 5308 5044 5343 5072 5385 5501 5764 5793 6024 5601 5828 5769 5314 5512 5510 5488 5790 5373 5804 5561 5284 5971 5745 5697 5948 5967 5674 5760 5455 5674 5700 5491 5700 5694 5690 5991 5959 5484 5706 5780 5986 5970

Tree=0
num_leaves=31
num_cat=8
split_feature=20 20 20 16 19 20 20 19 6 20 6 1 9 9 19 19 6 6 20 20 0 20 16 0 19 20 0 0 19 0
split_gain=1.35028e+06 163721 136798 41387 21830 19372.5 12941.7 5749.52 4281.89 3940.36 3909.22 3670.49 3035.81 2926.31 2859.13 2365.09 2238.39 2210.54 1913.53 1891.06 1751.71 1700.91 1674.69 1600.63 1594.79 1437.94 1269.11 1233.29 1222.32 1220.45
threshold=0.58911132812500011 1.5893554687500002 0.16070556640625003 1.0000000180025095e-35 2.9287109375000004 0.94653320312500011 0.37500000000000006 0.64282226562500011 2.5000000000000004 3.7324218750000004 2.5000000000000004 0 1 2 0.64282226562500011 0.35705566406250006 2.5000000000000004 2.5000000000000004 1.2319335937500002 0.26782226562500006 3 2.1601562500000004 0.71020507812500011 4 0.21423339843750003 0.76782226562500011 5 6 0.21423339843750003 7
decision_type=2 2 2 10 2 2 2 2 2 2 2 1 9 9 2 2 2 2 2 2 9 2 10 9 2 2 9 9 2 9
left_child=2 5 3 -1 7 10 14 -3 28 -6 -2 20 -9 -11 19 -10 -14 -8 -17 -4 -5 -18 -15 -22 26 -12 -25 -28 -7 -29
right_child=1 4 6 11 9 8 17 12 15 13 25 -13 16 22 -16 18 21 -19 -20 -21 23 -23 -24 24 -26 -27 27 29 -30 -31
leaf_value=0 0.050000000000000003 0 0 0.20000000000000001 0.10000000000000001 0 0 0 0 0 0 0 0.10000000000000001 0.25 0 0.050000000000000003 0.050000000000000003 0 0.050000000000000003 0 0.10000000000000001 0.10000000000000001 0.30000000000000004 0.10000000000000001 0 0 0.050000000000000003 0.050000000000000003 0.050000000000000003 0
leaf_weight=4726430 678619 106140 1307281 3825 685365 23883 562812 5851 86964 3813 927528 2137603 556765 161798 180792 872456 744398 1401061 782401 1072430 4898 644925 1319413 4755 105231 763913 5725 6776 674875 1759954
leaf_count=4726430 678619 106140 1307281 3825 685365 23883 562812 5851 86964 3813 927528 2137603 556765 161798 180792 872456 744398 1401061 782401 1072430 4898 644925 1319413 4755 105231 763913 5725 6776 674875 1759954
internal_value=-0.00803153 0.006875 -0.0181781 -0.0218261 0.0140524 0.000566146 -0.0111186 0.0103631 0.0036929 0.0175508 -0.00265365 -0.0181027 0.0109794 0.0189981 -0.0134606 0.00236642 0.0110875 -0.00806515 0.00278878 -0.0139211 -0.0164975 0.0100141 0.0191107 -0.016566 -0.0166403 -0.00393988 -0.0169946 -0.0170637 0.00699949 -0.0171388
internal_weight=2.23187e+07 9.03911e+06 1.32796e+07 8.7552e+06 4.22847e+06 4.81064e+06 4.52438e+06 2.05808e+06 2.44058e+06 2.17039e+06 2.37006e+06 4.02877e+06 1.95194e+06 1.48502e+06 2.5605e+06 1.74182e+06 1.94609e+06 1.96387e+06 1.65486e+06 2.37971e+06 1.89116e+06 1.38932e+06 1.48121e+06 1.88734e+06 1.88244e+06 1.69144e+06 1.77721e+06 1.77246e+06 698758 1.76673e+06
internal_count=22318680 9039107 13279573 8755197 4228468 4810639 4524376 2058079 2440579 2170389 2370060 4028767 1951939 1485024 2560503 1741821 1946088 1963873 1654857 2379711 1891164 1389323 1481211 1887339 1882441 1691441 1777210 1772455 698758 1766730
cat_boundaries=0 1 2 3 82 159 235 315 393
cat_threshold=39 2 2 8 0 0 2 2147483648 0 16 0 0 0 0 0 0 1048576 0 0 0 524288 0 0 128 134217728 131072 4224 0 16384 0 1073741888 16 0 32768 0 2 32 0 0 2097152 67108864 0 33554432 8192 8 32 0 0 0 0 0 0 0 0 0 0 0 0 0 0 0 0 0 0 0 0 0 0 536870944 0 0 0 0 262144 134217728 0 0 0 69206016 0 2 1024 0 16777728 0 0 1073741824 0 0 32 0 0 0 0 0 0 0 0 0 131072 0 0 0 0 545260032 0 8192 0 0 33554432 67108864 0 16777216 0 134217728 0 8388608 64 0 0 0 65540 32768 0 33554432 268435458 0 0 0 0 0 0 0 0 0 0 0 0 0 0 0 0 0 0 0 16 0 0 0 512 8388608 0 0 0 570426368 0 0 0 34111618 0 0 0 0 256 1074790400 4096 128 512 0 0 0 0 0 0 0 8388608 0 0 0 33554432 2048 0 0 0 0 0 0 0 8 0 0 0 0 1 16777216 1077936128 128 2147483648 0 64 0 0 4194304 525316 0 0 0 0 0 0 0 0 0 0 0 0 0 0 0 0 0 0 0 4194304 268435456 0 0 524288 98368 0 32 0 134742016 0 1026 0 0 0 0 16384 0 0 16777216 0 2 0 16384 0 0 0 0 0 134283264 0 128 32 0 0 0 65536 66 0 0 16777216 0 64 0 0 0 8192 2 0 134217728 2048 0 0 16777344 1 0 33280 0 0 0 0 0 0 0 0 0 0 0 0 0 0 0 0 0 0 0 1082130432 16384 128 0 0 0 0 0 1073741824 256 8192 131072 0 0 64 16 0 256 0 2048 262144 0 0 0 0 512 8 32768 0 0 0 0 0 536870912 0 4100 0 0 64 32 0 0 0 131072 0 131072 16384 8192 0 262144 0 0 2 0 0 8 1024 536870912 131072 512 0 0 0 0 0 0 0 0 0 0 0 0 0 0 0 0 0 0 0 0 0 16777472 0 541065232 0 512 32 0 524800 0 0 0 0 64
is_linear=0
shrinkage=0.05


Tree=1
num_leaves=31
num_cat=8
split_feature=20 20 20 16 19 20 20 19 6 20 6 1 9 9 19 19 6 6 20 20 0 20 16 0 19 20 0 0 19 0
split_gain=1.35028e+06 163721 136798 41387 21830 19372.5 12941.7 5749.52 4281.89 3940.36 3909.22 3670.49 3035.81 2926.31 2859.13 2365.09 2238.39 2210.54 1913.53 1891.06 1751.71 1700.91 1674.69 1600.63 1594.79 1437.94 1269.11 1233.29 1222.32 1220.45
threshold=0.58911132812500011 1.5893554687500002 0.16070556640625003 1.0000000180025095e-35 2.9287109375000004 0.94653320312500011 0.37500000000000006 0.64282226562500011 2.5000000000000004 3.7324218750000004 2.5000000000000004 0 1 2 0.64282226562500011 0.35705566406250006 2.5000000000000004 2.5000000000000004 1.2319335937500002 0.26782226562500006 3 2.1601562500000004 0.71020507812500011 4 0.21423339843750003 0.76782226562500011 5 6 0.21423339843750003 7
decision_type=2 2 2 10 2 2 2 2 2 2 2 1 9 9 2 2 2 2 2 2 9 2 10 9 2 2 9 9 2 9
left_child=2 5 3 -1 7 10 14 -3 28 -6 -2 20 -9 -11 19 -10 -14 -8 -17 -4 -5 -18 -15 -22 26 -12 -25 -28 -7 -29
right_child=1 4 6 11 9 8 17 12 15 13 25 -13 16 22 -16 18 21 -19 -20 -21 23 -23 -24 24 -26 -27 27 29 -30 -31
leaf_value=0 0.047500000000000001 0 0 0.19 0.095000000000000001 0 0 0 0 0 0 0 0.095000000000000001 0.23750000000000002 0 0.047500000000000001 0.047500000000000001 0 0.047500000000000001 0 0.095000000000000001 0.095000000000000001 0.28500000000000003 0.095000000000000001 0 0 0.047500000000000001 0.047500000000000001 0.047500000000000001 0
leaf_weight=4726430 678619 106140 1307281 3825 685365 23883 562812 5851 86964 3813 927528 2137603 556765 161798 180792 872456 744398 1401061 782401 1072430 4898 644925 1319413 4755 105231 763913 5725 6776 674875 1759954
leaf_count=4726430 678619 106140 1307281 3825 685365 23883 562812 5851 86964 3813 927528 2137603 556765 161798 180792 872456 744398 1401061 782401 1072430 4898 644925 1319413 4755 105231 763913 5725 6776 674875 1759954
internal_value=-0.00803153 0.006875 -0.0181781 -0.0218261 0.0140524 0.000566146 -0.0111186 0.0103631 0.0036929 0.0175508 -0.00265365 -0.0181027 0.0109794 0.0189981 -0.0134606 0.00236642 0.0110875 -0.00806515 0.00278878 -0.0139211 -0.0164975 0.0100141 0.0191107 -0.016566 -0.0166403 -0.00393988 -0.0169946 -0.0170637 0.00699949 -0.0171388
internal_weight=2.23187e+07 9.03911e+06 1.32796e+07 8.7552e+06 4.22847e+06 4.81064e+06 4.52438e+06 2.05808e+06 2.44058e+06 2.17039e+06 2.37006e+06 4.02877e+06 1.95194e+06 1.48502e+06 2.5605e+06 1.74182e+06 1.94609e+06 1.96387e+06 1.65486e+06 2.37971e+06 1.89116e+06 1.38932e+06 1.48121e+06 1.88734e+06 1.88244e+06 1.69144e+06 1.77721e+06 1.77246e+06 698758 1.76673e+06
internal_count=22318680 9039107 13279573 8755197 4228468 4810639 4524376 2058079 2440579 2170389 2370060 4028767 1951939 1485024 2560503 1741821 1946088 1963873 1654857 2379711 1891164 1389323 1481211 1887339 1882441 1691441 1777210 1772455 698758 1766730
cat_boundaries=0 1 2 3 82 159 235 315 393
cat_threshold=39 2 2 8 0 0 2 2147483648 0 16 0 0 0 0 0 0 1048576 0 0 0 524288 0 0 128 134217728 131072 4224 0 16384 0 1073741888 16 0 32768 0 2 32 0 0 2097152 67108864 0 33554432 8192 8 32 0 0 0 0 0 0 0 0 0 0 0 0 0 0 0 0 0 0 0 0 0 0 536870944 0 0 0 0 262144 134217728 0 0 0 69206016 0 2 1024 0 16777728 0 0 1073741824 0 0 32 0 0 0 0 0 0 0 0 0 131072 0 0 0 0 545260032 0 8192 0 0 33554432 67108864 0 16777216 0 134217728 0 8388608 64 0 0 0 65540 32768 0 33554432 268435458 0 0 0 0 0 0 0 0 0 0 0 0 0 0 0 0 0 0 0 16 0 0 0 512 8388608 0 0 0 570426368 0 0 0 34111618 0 0 0 0 256 1074790400 4096 128 512 0 0 0 0 0 0 0 8388608 0 0 0 33554432 2048 0 0 0 0 0 0 0 8 0 0 0 0 1 16777216 1077936128 128 2147483648 0 64 0 0 4194304 525316 0 0 0 0 0 0 0 0 0 0 0 0 0 0 0 0 0 0 0 4194304 268435456 0 0 524288 98368 0 32 0 134742016 0 1026 0 0 0 0 16384 0 0 16777216 0 2 0 16384 0 0 0 0 0 134283264 0 128 32 0 0 0 65536 66 0 0 16777216 0 64 0 0 0 8192 2 0 134217728 2048 0 0 16777344 1 0 33280 0 0 0 0 0 0 0 0 0 0 0 0 0 0 0 0 0 0 0 1082130432 16384 128 0 0 0 0 0 1073741824 256 8192 131072 0 0 64 16 0 256 0 2048 262144 0 0 0 0 512 8 32768 0 0 0 0 0 536870912 0 4100 0 0 64 32 0 0 0 131072 0 131072 16384 8192 0 262144 0 0 2 0 0 8 1024 536870912 131072 512 0 0 0 0 0 0 0 0 0 0 0 0 0 0 0 0 0 0 0 0 0 16777472 0 541065232 0 512 32 0 524800 0 0 0 0 64
is_linear=0
shrinkage=0.05


Tree=2
num_leaves=31
num_cat=8
split_feature=20 20 20 16 19 20 20 19 6 20 6 1 9 9 19 19 6 6 20 20 0 20 16 0 19 20 0 0 19 0
split_gain=1.35028e+06 163721 136798 41387 21830 19372.5 12941.7 5749.52 4281.89 3940.36 3909.22 3670.49 3035.81 2926.31 2859.13 2365.09 2238.39 2210.54 1913.53 1891.06 1751.71 1700.91 1674.69 1600.63 1594.79 1437.94 1269.11 1233.29 1222.32 1220.45
threshold=0.58911132812500011 1.5893554687500002 0.16070556640625003 1.0000000180025095e-35 2.9287109375000004 0.94653320312500011 0.37500000000000006 0.64282226562500011 2.5000000000000004 3.7324218750000004 2.5000000000000004 0 1 2 0.64282226562500011 0.35705566406250006 2.5000000000000004 2.5000000000000004 1.2319335937500002 0.26782226562500006 3 2.1601562500000004 0.71020507812500011 4 0.21423339843750003 0.76782226562500011 5 6 0.21423339843750003 7
decision_type=2 2 2 10 2 2 2 2 2 2 2 1 9 9 2 2 2 2 2 2 9 2 10 9 2 2 9 9 2 9
left_child=2 5 3 -1 7 10 14 -3 28 -6 -2 20 -9 -11 19 -10 -14 -8 -17 -4 -5 -18 -15 -22 26 -12 -25 -28 -7 -29
right_child=1 4 6 11 9 8 17 12 15 13 25 -13 16 22 -16 18 21 -19 -20 -21 23 -23 -24 24 -26 -27 27 29 -30 -31
leaf_value=0 0.045124999999999998 0 0 0.18049999999999999 0.090249999999999997 0 0 0 0 0 0 0 0.090249999999999997 0.22562500000000002 0 0.045124999999999998 0.045124999999999998 0 0.045124999999999998 0 0.090249999999999997 0.090249999999999997 0.27074999999999999 0.090249999999999997 0 0 0.045124999999999998 0.045124999999999998 0.045124999999999998 0
leaf_weight=4726430 678619 106140 1307281 3825 685365 23883 562812 5851 86964 3813 927528 2137603 556765 161798 180792 872456 744398 1401061 782401 1072430 4898 644925 1319413 4755 105231 763913 5725 6776 674875 1759954
leaf_count=4726430 678619 106140 1307281 3825 685365 23883 562812 5851 86964 3813 927528 2137603 556765 161798 180792 872456 744398 1401061 782401 1072430 4898 644925 1319413 4755 105231 763913 5725 6776 674875 1759954
internal_value=-0.00803153 0.006875 -0.0181781 -0.0218261 0.0140524 0.000566146 -0.0111186 0.0103631 0.0036929 0.0175508 -0.00265365 -0.0181027 0.0109794 0.0189981 -0.0134606 0.00236642 0.0110875 -0.00806515 0.00278878 -0.0139211 -0.0164975 0.0100141 0.0191107 -0.016566 -0.0166403 -0.00393988 -0.0169946 -0.0170637 0.00699949 -0.0171388
internal_weight=2.23187e+07 9.03911e+06 1.32796e+07 8.7552e+06 4.22847e+06 4.81064e+06 4.52438e+06 2.05808e+06 2.44058e+06 2.17039e+06 2.37006e+06 4.02877e+06 1.95194e+06 1.48502e+06 2.5605e+06 1.74182e+06 1.94609e+06 1.96387e+06 1.65486e+06 2.37971e+06 1.89116e+06 1.38932e+06 1.48121e+06 1.88734e+06 1.88244e+06 1.69144e+06 1.77721e+06 1.77246e+06 698758 1.76673e+06
internal_count=22318680 9039107 13279573 8755197 4228468 4810639 4524376 2058079 2440579 2170389 2370060 4028767 1951939 1485024 2560503 1741821 1946088 1963873 1654857 2379711 1891164 1389323 1481211 1887339 1882441 1691441 1777210 1772455 698758 1766730
cat_boundaries=0 1 2 3 82 159 235 315 393
cat_threshold=39 2 2 8 0 0 2 2147483648 0 16 0 0 0 0 0 0 1048576 0 0 0 524288 0 0 128 134217728 131072 4224 0 16384 0 1073741888 16 0 32768 0 2 32 0 0 2097152 67108864 0 33554432 8192 8 32 0 0 0 0 0 0 0 0 0 0 0 0 0 0 0 0 0 0 0 0 0 0 536870944 0 0 0 0 262144 134217728 0 0 0 69206016 0 2 1024 0 16777728 0 0 1073741824 0 0 32 0 0 0 0 0 0 0 0 0 131072 0 0 0 0 545260032 0 8192 0 0 33554432 67108864 0 16777216 0 134217728 0 8388608 64 0 0 0 65540 32768 0 33554432 268435458 0 0 0 0 0 0 0 0 0 0 0 0 0 0 0 0 0 0 0 16 0 0 0 512 8388608 0 0 0 570426368 0 0 0 34111618 0 0 0 0 256 1074790400 4096 128 512 0 0 0 0 0 0 0 8388608 0 0 0 33554432 2048 0 0 0 0 0 0 0 8 0 0 0 0 1 16777216 1077936128 128 2147483648 0 64 0 0 4194304 525316 0 0 0 0 0 0 0 0 0 0 0 0 0 0 0 0 0 0 0 4194304 268435456 0 0 524288 98368 0 32 0 134742016 0 1026 0 0 0 0 16384 0 0 16777216 0 2 0 16384 0 0 0 0 0 134283264 0 128 32 0 0 0 65536 66 0 0 16777216 0 64 0 0 0 8192 2 0 134217728 2048 0 0 16777344 1 0 33280 0 0 0 0 0 0 0 0 0 0 0 0 0 0 0 0 0 0 0 1082130432 16384 128 0 0 0 0 0 1073741824 256 8192 131072 0 0 64 16 0 256 0 2048 262144 0 0 0 0 512 8 32768 0 0 0 0 0 536870912 0 4100 0 0 64 32 0 0 0 131072 0 131072 16384 8192 0 262144 0 0 2 0 0 8 1024 536870912 131072 512 0 0 0 0 0 0 0 0 0 0 0 0 0 0 0 0 0 0 0 0 0 16777472 0 541065232 0 512 32 0 524800 0 0 0 0 64
is_linear=0
shrinkage=0.05


Tree=3
num_leaves=31
num_cat=8
split_feature=20 20 20 16 19 20 20 19 6 20 6 1 9 9 19 19 6 6 20 20 0 20 16 0 19 20 0 0 19 0
split_gain=1.35028e+06 163721 136798 41387 21830 19372.5 12941.7 5749.52 4281.89 3940.36 3909.22 3670.49 3035.81 2926.31 2859.13 2365.09 2238.39 2210.54 1913.53 1891.06 1751.71 1700.91 1674.69 1600.63 1594.79 1437.94 1269.11 1233.29 1222.32 1220.45
threshold=0.58911132812500011 1.5893554687500002 0.16070556640625003 1.0000000180025095e-35 2.9287109375000004 0.94653320312500011 0.37500000000000006 0.64282226562500011 2.5000000000000004 3.7324218750000004 2.5000000000000004 0 1 2 0.64282226562500011 0.35705566406250006 2.5000000000000004 2.5000000000000004 1.2319335937500002 0.26782226562500006 3 2.1601562500000004 0.71020507812500011 4 0.21423339843750003 0.76782226562500011 5 6 0.21423339843750003 7
decision_type=2 2 2 10 2 2 2 2 2 2 2 1 9 9 2 2 2 2 2 2 9 2 10 9 2 2 9 9 2 9
left_child=2 5 3 -1 7 10 14 -3 28 -6 -2 20 -9 -11 19 -10 -14 -8 -17 -4 -5 -18 -15 -22 26 -12 -25 -28 -7 -29
right_child=1 4 6 11 9 8 17 12 15 13 25 -13 16 22 -16 18 21 -19 -20 -21 23 -23 -24 24 -26 -27 27 29 -30 -31
leaf_value=0 0.042868750000000004 0 0 0.17147500000000002 0.085737500000000008 0 0 0 0 0 0 0 0.085737500000000008 0.21434375000000003 0 0.042868750000000004 0.042868750000000004 0 0.042868750000000004 0 0.085737500000000008 0.085737500000000008 0.25721250000000001 0.085737500000000008 0 0 0.042868750000000004 0.042868750000000004 0.042868750000000004 0
leaf_weight=4726430 678619 106140 1307281 3825 685365 23883 562812 5851 86964 3813 927528 2137603 556765 161798 180792 872456 744398 1401061 782401 1072430 4898 644925 1319413 4755 105231 763913 5725 6776 674875 1759954
leaf_count=4726430 678619 106140 1307281 3825 685365 23883 562812 5851 86964 3813 927528 2137603 556765 161798 180792 872456 744398 1401061 782401 1072430 4898 644925 1319413 4755 105231 763913 5725 6776 674875 1759954
internal_value=-0.00803153 0.006875 -0.0181781 -0.0218261 0.0140524 0.000566146 -0.0111186 0.0103631 0.0036929 0.0175508 -0.00265365 -0.0181027 0.0109794 0.0189981 -0.0134606 0.00236642 0.0110875 -0.00806515 0.00278878 -0.0139211 -0.0164975 0.0100141 0.0191107 -0.016566 -0.0166403 -0.00393988 -0.0169946 -0.0170637 0.00699949 -0.0171388
internal_weight=2.23187e+07 9.03911e+06 1.32796e+07 8.7552e+06 4.22847e+06 4.81064e+06 4.52438e+06 2.05808e+06 2.44058e+06 2.17039e+06 2.37006e+06 4.02877e+06 1.95194e+06 1.48502e+06 2.5605e+06 1.74182e+06 1.94609e+06 1.96387e+06 1.65486e+06 2.37971e+06 1.89116e+06 1.38932e+06 1.48121e+06 1.88734e+06 1.88244e+06 1.69144e+06 1.77721e+06 1.77246e+06 698758 1.76673e+06
internal_count=22318680 9039107 13279573 8755197 4228468 4810639 4524376 2058079 2440579 2170389 2370060 4028767 1951939 1485024 2560503 1741821 1946088 1963873 1654857 2379711 1891164 1389323 1481211 1887339 1882441 1691441 1777210 1772455 698758 1766730
cat_boundaries=0 1 2 3 82 159 235 315 393
cat_threshold=39 2 2 8 0 0 2 2147483648 0 16 0 0 0 0 0 0 1048576 0 0 0 524288 0 0 128 134217728 131072 4224 0 16384 0 1073741888 16 0 32768 0 2 32 0 0 2097152 67108864 0 33554432 8192 8 32 0 0 0 0 0 0 0 0 0 0 0 0 0 0 0 0 0 0 0 0 0 0 536870944 0 0 0 0 262144 134217728 0 0 0 69206016 0 2 1024 0 16777728 0 0 1073741824 0 0 32 0 0 0 0 0 0 0 0 0 131072 0 0 0 0 545260032 0 8192 0 0 33554432 67108864 0 16777216 0 134217728 0 8388608 64 0 0 0 65540 32768 0 33554432 268435458 0 0 0 0 0 0 0 0 0 0 0 0 0 0 0 0 0 0 0 16 0 0 0 512 8388608 0 0 0 570426368 0 0 0 34111618 0 0 0 0 256 1074790400 4096 128 512 0 0 0 0 0 0 0 8388608 0 0 0 33554432 2048 0 0 0 0 0 0 0 8 0 0 0 0 1 16777216 1077936128 128 2147483648 0 64 0 0 4194304 525316 0 0 0 0 0 0 0 0 0 0 0 0 0 0 0 0 0 0 0 4194304 268435456 0 0 524288 98368 0 32 0 134742016 0 1026 0 0 0 0 16384 0 0 16777216 0 2 0 16384 0 0 0 0 0 134283264 0 128 32 0 0 0 65536 66 0 0 16777216 0 64 0 0 0 8192 2 0 134217728 2048 0 0 16777344 1 0 33280 0 0 0 0 0 0 0 0 0 0 0 0 0 0 0 0 0 0 0 1082130432 16384 128 0 0 0 0 0 1073741824 256 8192 131072 0 0 64 16 0 256 0 2048 262144 0 0 0 0 512 8 32768 0 0 0 0 0 536870912 0 4100 0 0 64 32 0 0 0 131072 0 131072 16384 8192 0 262144 0 0 2 0 0 8 1024 536870912 131072 512 0 0 0 0 0 0 0 0 0 0 0 0 0 0 0 0 0 0 0 0 0 16777472 0 541065232 0 512 32 0 524800 0 0 0 0 64
is_linear=0
shrinkage=0.05


Tree=4
num_leaves=31
num_cat=8
split_feature=20 20 16 20 19 20 20 19 20 6 6 1 20 9 9 6 19 19 0 6 19 0 19 20 6 9 9 20 20 0
split_gain=1.30811e+06 157714 127315 40731 18581.7 17544 6548.58 5268.09 4442.4 4001.02 3897.98 3670.49 3404.07 2977.79 2600.03 2296.09 1995.81 1806.75 1751.71 1719.4 1651.25 1600.63 1594.79 1592.45 1513.98 1503.8 1485.78 1447.2 1383.08 1269.11
threshold=0.55346679687500011 1.4462890625000002 1.0000000180025095e-35 0.26782226562500006 2.3564453125000004 0.91088867187500011 6.4121093750000009 0.49987792968750006 0.16070556640625003 2.5000000000000004 2.5000000000000004 0 0.41064453125000006 1 2 2.5000000000000004 0.35705566406250006 0.64282226562500011 3 2.5000000000000004 1.0712890625000002 4 0.21423339843750003 0.69653320312500011 2.5000000000000004 5 6 1.8393554687500002 1.1606445312500002 7
decision_type=2 2 10 2 2 2 2 2 2 2 2 1 2 9 9 2 2 2 9 2 2 9 2 2 2 9 9 2 2 9
left_child=2 5 -1 8 7 10 13 -3 11 -7 -2 18 20 -6 -9 -16 -11 -10 -4 -15 -5 -20 29 -12 -14 -18 -8 -17 -27 -23
right_child=1 4 3 12 6 9 26 14 17 16 23 -13 24 19 15 27 25 -19 21 -21 -22 22 -24 -25 -26 28 -28 -29 -30 -31
leaf_value=0 0 0 0.16290125 0 0 0.040725312499999999 0 0 0 0 0 0 0 0.13145062500000002 0.081450624999999999 0.040725312499999999 -0.0092746875000000017 0 0.081450624999999999 0.090725312500000002 0 0.081450624999999999 0 0 0 0.040725312499999999 0.39435187500000002 0.040725312499999999 0.040725312499999999 0
leaf_weight=4726430 707933 105559 3825 1522451 4966 638465 1935 5476 1307281 89738 790686 2137603 374534 577748 501536 601497 10858 61017 4898 1434903 32317 4755 105231 974433 931783 797106 746696 651585 692980 1772455
leaf_count=4726430 707933 105559 3825 1522451 4966 638465 1935 5476 1307281 89738 790686 2137603 374534 577748 501536 601497 10858 61017 4898 1434903 32317 4755 105231 974433 931783 797106 746696 651585 692980 1772455
internal_value=-0.00819244 0.00608451 -0.0184556 -0.01471 0.012633 -0.000366068 0.0152338 0.00877675 -0.0172667 0.00285079 -0.00326566 -0.0181027 -0.00988711 0.0137519 0.00942742 0.00953478 0.00150876 -0.0148052 -0.0164975 0.0138473 -0.011468 -0.016566 -0.0166403 -0.0045228 -0.00800558 0.00194181 0.0192275 0.00839055 0.00207695 -0.0169946
internal_weight=2.23187e+07 9.3341e+06 1.29846e+07 8.25815e+06 4.6319e+06 4.7022e+06 2.76625e+06 1.86565e+06 5.39706e+06 2.22915e+06 2.47305e+06 4.02877e+06 2.86108e+06 2.01762e+06 1.76009e+06 1.75462e+06 1.59068e+06 1.3683e+06 1.89116e+06 2.01265e+06 1.55477e+06 1.88734e+06 1.88244e+06 1.76512e+06 1.30632e+06 1.50094e+06 748631 1.25308e+06 1.49009e+06 1.77721e+06
internal_count=22318680 9334100 12984580 8258150 4631901 4702199 2766248 1865653 5397065 2229147 2473052 4028767 2861085 2017617 1760094 1754618 1590682 1368298 1891164 2012651 1554768 1887339 1882441 1765119 1306317 1500944 748631 1253082 1490086 1777210
cat_boundaries=0 1 2 3 82 159 160 161 237
cat_threshold=39 2 2 8 0 0 2 2147483648 0 16 0 0 0 0 0 0 1048576 0 0 0 524288 0 0 128 134217728 131072 4224 0 16384 0 1073741888 16 0 32768 0 2 32 0 0 2097152 67108864 0 33554432 8192 8 32 0 0 0 0 0 0 0 0 0 0 0 0 0 0 0 0 0 0 0 0 0 0 536870944 0 0 0 0 262144 134217728 0 0 0 69206016 0 2 1024 0 16777728 0 0 1073741824 0 0 32 0 0 0 0 0 0 0 0 0 131072 0 0 0 0 545260032 0 8192 0 0 33554432 67108864 0 16777216 0 134217728 0 8388608 64 0 0 0 65540 32768 0 33554432 268435458 0 0 0 0 0 0 0 0 0 0 0 0 0 0 0 0 0 0 0 16 0 0 0 512 8388608 0 0 0 570426368 0 0 0 34111618 134217730 2 0 0 0 0 256 1074790400 4096 128 512 0 0 0 0 0 0 0 8388608 0 0 0 33554432 2048 0 0 0 0 0 0 0 8 0 0 0 0 1 16777216 1077936128 128 2147483648 0 64 0 0 4194304 525316 0 0 0 0 0 0 0 0 0 0 0 0 0 0 0 0 0 0 0 4194304 268435456 0 0 524288 98368 0 32 0 134742016 0 1026
is_linear=0
shrinkage=0.05


Tree=5
num_leaves=31
num_cat=7
split_feature=20 20 16 20 20 19 20 19 20 6 6 1 20 9 16 9 6 19 19 0 19 20 0 19 20 6 20 9 20 0
split_gain=1.30249e+06 154776 127315 40731 17636.4 17499 6171.44 5268.09 4442.4 3962.63 3897.98 3670.49 3404.07 3058.62 2642.55 2600.03 2296.09 2008.25 1806.75 1751.71 1651.25 1637.06 1600.63 1594.79 1592.45 1513.98 1447.2 1360.13 1339.15 1269.11
threshold=0.55346679687500011 1.4462890625000002 1.0000000180025095e-35 0.26782226562500006 0.91088867187500011 2.3564453125000004 6.7675781250000009 0.49987792968750006 0.16070556640625003 2.5000000000000004 2.5000000000000004 0 0.41064453125000006 1 0.76000976562500011 2 2.5000000000000004 0.35705566406250006 0.64282226562500011 3 1.0712890625000002 2.3037109375000004 4 0.21423339843750003 0.69653320312500011 2.5000000000000004 1.8393554687500002 5 1.1606445312500002 6
decision_type=2 2 10 2 2 2 2 2 2 2 2 1 2 9 10 9 2 2 2 9 2 2 9 2 2 2 2 9 2 9
left_child=2 4 -1 8 10 7 13 -3 11 -6 -2 19 20 -7 -15 -9 -17 -11 -10 -4 -5 -16 -21 29 -12 -14 -18 -8 -19 -24
right_child=1 5 3 12 9 6 27 15 18 17 24 -13 25 14 21 16 26 28 -20 22 -22 -23 23 -25 -26 -27 -28 -29 -30 -31
leaf_value=0 0 0 0.1547561875 0 0.038689046875000001 0 0 0 0 0 0 0 0 0.076914359375000005 0.074878093749999999 0.077378093750000002 0.038689046875000001 0.038689046875000001 0 0.077378093750000002 0 0.12487809374999999 0.077378093750000002 0 0 0 0.038689046875000001 0.38390896875000002 0.038689046875000001 0
leaf_weight=4726430 707933 105559 3825 1522451 638465 5119 1782 5476 1307281 89738 790686 2137603 374534 141849 344136 501536 601497 802829 61017 4898 32317 1584531 4755 105231 974433 931783 651585 688831 698115 1772455
leaf_count=4726430 707933 105559 3825 1522451 638465 5119 1782 5476 1307281 89738 790686 2137603 374534 141849 344136 501536 601497 802829 61017 4898 32317 1584531 4755 105231 974433 931783 651585 688831 698115 1772455
internal_value=-0.0082145 0.00603177 -0.0184556 -0.01471 -0.000358444 0.012519 0.0150428 0.00877675 -0.0172667 0.00286687 -0.00326566 -0.0181027 -0.00988711 0.0136806 0.013776 0.00942742 0.00953478 0.00153129 -0.0148052 -0.0164975 -0.011468 0.0142605 -0.016566 -0.0166403 -0.0045228 -0.00800558 0.00839055 0.0191371 0.0019657 -0.0169946
internal_weight=2.23187e+07 9.3341e+06 1.29846e+07 8.25815e+06 4.7022e+06 4.6319e+06 2.76625e+06 1.86565e+06 5.39706e+06 2.22915e+06 2.47305e+06 4.02877e+06 2.86108e+06 2.07564e+06 2.07052e+06 1.76009e+06 1.75462e+06 1.59068e+06 1.3683e+06 1.89116e+06 1.55477e+06 1.92867e+06 1.88734e+06 1.88244e+06 1.76512e+06 1.30632e+06 1.25308e+06 690613 1.50094e+06 1.77721e+06
internal_count=22318680 9334100 12984580 8258150 4702199 4631901 2766248 1865653 5397065 2229147 2473052 4028767 2861085 2075635 2070516 1760094 1754618 1590682 1368298 1891164 1554768 1928667 1887339 1882441 1765119 1306317 1253082 690613 1500944 1777210
cat_boundaries=0 1 2 3 82 159 160 236
cat_threshold=39 2 2 8 0 0 2 2147483648 0 16 0 0 0 0 0 0 1048576 0 0 0 524288 0 0 128 134217728 131072 4224 0 16384 0 1073741888 16 0 32768 0 2 32 0 0 2097152 67108864 0 33554432 8192 8 32 0 0 0 0 0 0 0 0 0 0 0 0 0 0 0 0 0 0 0 0 0 0 536870944 0 0 0 0 262144 134217728 0 0 0 69206016 0 2 1024 0 16777728 0 0 1073741824 0 0 32 0 0 0 0 0 0 0 0 0 131072 0 0 0 0 545260032 0 8192 0 0 33554432 67108864 0 16777216 0 134217728 0 8388608 64 0 0 0 65540 32768 0 33554432 268435458 0 0 0 0 0 0 0 0 0 0 0 0 0 0 0 0 0 0 0 16 0 0 0 512 8388608 0 0 0 570426368 0 0 0 34111618 2 0 0 0 0 256 1074790400 4096 128 512 0 0 0 0 0 0 0 8388608 0 0 0 33554432 2048 0 0 0 0 0 0 0 8 0 0 0 0 1 16777216 1077936128 128 2147483648 0 64 0 0 4194304 525316 0 0 0 0 0 0 0 0 0 0 0 0 0 0 0 0 0 0 0 4194304 268435456 0 0 524288 98368 0 32 0 134742016 0 1026
is_linear=0
shrinkage=0.05


Tree=6
num_leaves=31
num_cat=7
split_feature=20 20 16 20 20 19 20 19 20 6 6 1 20 9 16 9 6 19 19 19 20 20 19 6 9 20 0 0 20 9
split_gain=1.30215e+06 154913 127255 40772.2 17544 17480.9 6141.99 5268.09 4455.89 4001.02 3897.98 3644.66 3404.07 3058.62 2642.55 2600.03 2296.09 1995.81 1806.75 1651.25 1637.06 1592.45 1576.85 1513.98 1503.8 1447.2 1393.06 1514.9 1383.08 1359.32
threshold=0.55346679687500011 1.4462890625000002 1.0000000180025095e-35 0.26782226562500006 0.91088867187500011 2.3564453125000004 6.7675781250000009 0.49987792968750006 0.16070556640625003 2.5000000000000004 2.5000000000000004 0 0.41064453125000006 1 0.76000976562500011 2 2.5000000000000004 0.35705566406250006 0.64282226562500011 1.0712890625000002 2.3037109375000004 0.69653320312500011 0.21423339843750003 2.5000000000000004 3 1.8393554687500002 4 5 1.1606445312500002 6
decision_type=2 2 10 2 2 2 2 2 2 2 2 1 2 9 10 9 2 2 2 2 2 2 2 2 9 2 9 9 2 9
left_child=2 4 -1 8 10 7 13 -3 11 -6 -2 22 19 -7 -15 -9 -17 -11 -10 -5 -16 -12 26 -14 -19 -18 -4 -28 -26 -8
right_child=1 5 3 12 9 6 29 15 18 17 21 -13 23 14 20 16 25 24 -20 -21 -22 -23 -24 -25 28 -27 27 -29 -30 -31
leaf_value=0 0 0 0.14701837812499999 0 0.036754594531249997 0 0 0 0 0 0 0 0 0.073068641406250009 0.071134189062500006 0.073509189062499994 0.036754594531249997 -0.010745405468750002 0 0 0.11863418906250001 0 0 0 0.036754594531249997 0.036754594531249997 0.073509189062499994 0 0.036754594531249997 0.36471352031250004
leaf_weight=4726430 707933 105559 3613 1522451 638465 5119 1782 5476 1307281 89738 790686 2137603 374534 141849 344136 501536 601497 10858 61017 32317 1584531 974433 105643 931783 797106 651585 4873 1777035 692980 688831
leaf_count=4726430 707933 105559 3613 1522451 638465 5119 1782 5476 1307281 89738 790686 2137603 374534 141849 344136 501536 601497 10858 61017 32317 1584531 974433 105643 931783 797106 651585 4873 1777035 692980 688831
internal_value=-0.00821741 0.00602696 -0.0184571 -0.0147124 -0.000366068 0.012517 0.0150396 0.00877675 -0.0172704 0.00285079 -0.00326566 -0.0181077 -0.00988711 0.0136806 0.013776 0.00942742 0.00953478 0.00150876 -0.0148052 -0.011468 0.0142605 -0.0045228 -0.0165081 -0.00800558 0.00194181 0.00839055 -0.0168594 -0.0169222 0.00207695 0.0191241
internal_weight=2.23187e+07 9.3341e+06 1.29846e+07 8.25815e+06 4.7022e+06 4.6319e+06 2.76625e+06 1.86565e+06 5.39706e+06 2.22915e+06 2.47305e+06 4.02877e+06 2.86108e+06 2.07564e+06 2.07052e+06 1.76009e+06 1.75462e+06 1.59068e+06 1.3683e+06 1.55477e+06 1.92867e+06 1.76512e+06 1.89116e+06 1.30632e+06 1.50094e+06 1.25308e+06 1.78552e+06 1.78191e+06 1.49009e+06 690613
internal_count=22318680 9334100 12984580 8258150 4702199 4631901 2766248 1865653 5397065 2229147 2473052 4028767 2861085 2075635 2070516 1760094 1754618 1590682 1368298 1554768 1928667 1765119 1891164 1306317 1500944 1253082 1785521 1781908 1490086 690613
cat_boundaries=0 1 2 3 4 81 160 161
cat_threshold=39 2 2 134217730 8 512 0 2 1073741824 0 16 0 0 0 0 0 0 0 0 0 0 131072 0 0 0 0 8519680 0 0 16384 0 1073741888 16 0 32768 0 134217730 0 8388608 64 0 0 0 33554432 40960 8 33554464 268435456 0 0 0 0 0 0 0 0 0 0 0 0 0 0 0 0 0 0 0 16 0 0 0 512 0 0 262144 0 570425344 0 0 67108864 32770 0 16777216 0 0 2147483648 1048576 0 32 0 0 0 0 0 1048576 0 0 8388608 0 0 0 33554432 0 536871424 4224 8192 0 0 33554432 67108864 0 16777216 0 0 0 0 0 2097152 128 0 65540 0 0 0 2 524288 0 0 0 0 0 0 0 0 0 0 0 0 0 0 0 0 0 0 0 4194304 536870912 0 0 8388608 64 0 134217728 1024 0 0 2 34078848 0 1024 2
is_linear=0
shrinkage=0.05


Tree=7
num_leaves=31
num_cat=8
split_feature=20 20 16 20 20 19 19 9 20 0 6 6 1 20 17 9 6 19 19 20 16 19 20 19 6 9 0 0 20 0
split_gain=1.2889e+06 148920 127255 40772.2 17544 15286.6 5005.34 4554.43 4455.89 4334.66 4001.02 3897.98 3644.66 3404.07 3039.8 2345.36 2092.65 1995.81 1806.75 1720.92 1713.73 1651.25 1592.45 1576.85 1513.98 1503.8 1393.06 1514.9 1383.08 1270.75
threshold=0.55346679687500011 1.4462890625000002 1.0000000180025095e-35 0.26782226562500006 0.91088867187500011 2.2138671875000004 0.49987792968750006 0 0.16070556640625003 1 2.5000000000000004 2.5000000000000004 2 0.41064453125000006 2.5000000000000004 3 2.5000000000000004 0.35705566406250006 0.64282226562500011 10.160156250000002 0.76000976562500011 1.0712890625000002 0.69653320312500011 0.21423339843750003 2.5000000000000004 4 5 6 1.1606445312500002 7
decision_type=2 2 10 2 2 2 2 9 2 9 2 2 1 2 2 9 2 2 2 2 10 2 2 2 2 9 9 9 2 9
left_child=2 4 -1 8 11 6 -3 -7 12 -9 -6 -2 23 21 -11 -8 -17 -12 -10 20 -16 -5 -13 26 -15 -19 -4 -28 -27 -29
right_child=1 5 3 13 10 7 15 9 18 14 17 22 -14 24 19 16 -18 25 -20 -21 -22 -23 -24 -25 -26 28 27 29 -30 -31
leaf_value=0 0 0 0.13966745921874998 0 0.034916864804687496 0 0 0.32763999523437504 0 0.067577479609374991 0 0 0 0 0.096477844296875004 0.069833729609374992 0.034916864804687496 -0.010208135195312502 0 0.53720315679687503 0.11473874523437499 0 0 0 0 0.034916864804687496 0.069833729609374992 0.073509189062499994 0.034916864804687496 0
leaf_weight=4726430 707933 105559 3613 1522451 638465 7363 5014 172524 1307281 928265 89738 790686 2137603 374534 118127 450357 1125339 10858 61017 270041 1449312 32317 974433 105643 931783 797106 4873 5013 692980 1772022
leaf_count=4726430 707933 105559 3613 1522451 638465 7363 5014 172524 1307281 928265 89738 790686 2137603 374534 118127 450357 1125339 10858 61017 270041 1449312 32317 974433 105643 931783 797106 4873 5013 692980 1772022
internal_value=-0.00826964 0.00590207 -0.0184571 -0.0147124 -0.000366068 0.0122653 0.00846895 0.0144387 -0.0172704 0.0145371 0.00285079 -0.00326566 -0.0181077 -0.00988711 0.0140573 0.0091729 0.00928155 0.00150876 -0.0148052 0.0152355 0.0146004 -0.011468 -0.0045228 -0.0165081 -0.00800558 0.00194181 -0.0168594 -0.0169222 0.00207695 -0.0169986
internal_weight=2.23187e+07 9.3341e+06 1.29846e+07 8.25815e+06 4.7022e+06 4.6319e+06 1.68627e+06 2.94563e+06 5.39706e+06 2.93827e+06 2.22915e+06 2.47305e+06 4.02877e+06 2.86108e+06 2.76574e+06 1.58071e+06 1.5757e+06 1.59068e+06 1.3683e+06 1.83748e+06 1.56744e+06 1.55477e+06 1.76512e+06 1.89116e+06 1.30632e+06 1.50094e+06 1.78552e+06 1.78191e+06 1.49009e+06 1.77704e+06
internal_count=22318680 9334100 12984580 8258150 4702199 4631901 1686269 2945632 5397065 2938269 2229147 2473052 4028767 2861085 2765745 1580710 1575696 1590682 1368298 1837480 1567439 1554768 1765119 1891164 1306317 1500944 1785521 1781908 1490086 1777035
cat_boundaries=0 1 79 80 81 82 159 238 314
cat_threshold=2 0 0 0 0 0 64 0 0 0 0 0 0 0 0 0 0 0 131072 512 0 0 1048576 128 2048 0 0 320 1073743873 0 0 536870914 512 0 16384 8388610 256 32768 49153 0 262144 536870913 8192 0 0 0 0 0 0 0 4194304 0 0 0 0 0 0 0 0 0 0 0 0 0 0 8388608 0 0 0 0 0 0 134217728 33554432 0 0 2 0 2 39 2 134217730 8 512 0 2 1073741824 0 16 0 0 0 0 0 0 0 0 0 0 131072 0 0 0 0 8519680 0 0 16384 0 1073741888 16 0 32768 0 134217730 0 8388608 64 0 0 0 33554432 40960 8 33554464 268435456 0 0 0 0 0 0 0 0 0 0 0 0 0 0 0 0 0 0 0 16 0 0 0 512 0 0 262144 0 570425344 0 0 67108864 32770 0 16777216 0 0 2147483648 1048576 0 32 0 0 0 0 0 1048576 0 0 8388608 0 0 0 33554432 0 536871424 4224 8192 0 0 33554432 67108864 0 16777216 0 0 0 0 0 2097152 128 0 65540 0 0 0 2 524288 0 0 0 0 0 0 0 0 0 0 0 0 0 0 0 0 0 0 0 4194304 536870912 0 0 8388608 64 0 134217728 1024 0 0 2 34078848 0 1024 0 0 0 0 16640 1073741824 4096 128 512 2 0 0 0 0 0 0 0 524288 0 0 128 134219776 0 0 0 0 0 0 0 8 0 0 0 0 1 16777216 1077936128 67108864 2147483648 0 64 128 0 4194304 1028 0 0 0 0 0 0 0 0 0 0 0 0 0 0 0 0 0 0 0 0 268435456 0 0 524288 98304 0 32 0 134742016 0 2098176
is_linear=0
shrinkage=0.05


Tree=8
num_leaves=31
num_cat=7
split_feature=20 20 16 20 20 19 19 9 20 20 6 6 1 20 16 9 20 6 19 19 19 20 19 6 9 6 0 0 20 0
split_gain=1.28768e+06 148374 127255 40772.2 17544 15100.8 5005.34 4545.99 4455.89 4224.16 4001.02 3897.98 3644.66 3404.07 3222.84 2345.36 2268.22 2092.65 1995.81 1806.75 1651.25 1592.45 1576.85 1513.98 1503.8 1454.39 1393.06 1514.9 1383.08 1270.75
threshold=0.55346679687500011 1.4462890625000002 1.0000000180025095e-35 0.26782226562500006 0.91088867187500011 2.2138671875000004 0.49987792968750006 0 0.16070556640625003 8.9453125000000018 2.5000000000000004 2.5000000000000004 1 0.41064453125000006 0.76000976562500011 2 2.3398437500000004 2.5000000000000004 0.35705566406250006 0.64282226562500011 1.0712890625000002 0.69653320312500011 0.21423339843750003 2.5000000000000004 3 2.5000000000000004 4 5 1.1606445312500002 6
decision_type=2 2 10 2 2 2 2 9 2 2 2 2 1 2 10 9 2 2 2 2 2 2 2 2 9 2 9 9 2 9
left_child=2 4 -1 8 11 6 -3 -7 12 14 -6 -2 22 20 -9 -8 -16 -17 -12 -10 -5 -13 26 -15 -20 -18 -4 -28 -26 -29
right_child=1 5 3 13 10 7 15 9 19 -11 18 21 -14 23 16 17 25 -19 24 -21 -22 -23 -24 -25 28 -27 27 29 -30 -31
leaf_value=0 0 0 0.1326840862578125 0 0.033171021564453125 0 0 0.08237926458203125 0 0.47082115703515631 0 0 0 0 0.061840542347656249 0.06634204312890625 0.15696554234765625 0.033171021564453125 -0.0096977284355468773 0 0 0 0 0 0.033171021564453125 0.081466219535156259 0.06634204312890625 0.069833729609374992 0.033171021564453125 0
leaf_weight=4726430 707933 105559 3613 1522451 638465 7363 5014 185833 1307281 444629 89738 790686 2137603 374534 473580 450357 525881 1125339 10858 61017 32317 974433 105643 931783 797106 1308346 4873 5013 692980 1772022
leaf_count=4726430 707933 105559 3613 1522451 638465 7363 5014 185833 1307281 444629 89738 790686 2137603 374534 473580 450357 525881 1125339 10858 61017 32317 974433 105643 931783 797106 1308346 4873 5013 692980 1772022
internal_value=-0.00827445 0.00589059 -0.0184571 -0.0147124 -0.000366068 0.0122422 0.00846895 0.0144023 -0.0172704 0.0145006 0.00285079 -0.00326566 -0.0181077 -0.00988711 0.0137001 0.0091729 0.0142102 0.00928155 0.00150876 -0.0148052 -0.011468 -0.0045228 -0.0165081 -0.00800558 0.00194181 0.0150067 -0.0168594 -0.0169222 0.00207695 -0.0169986
internal_weight=2.23187e+07 9.3341e+06 1.29846e+07 8.25815e+06 4.7022e+06 4.6319e+06 1.68627e+06 2.94563e+06 5.39706e+06 2.93827e+06 2.22915e+06 2.47305e+06 4.02877e+06 2.86108e+06 2.49364e+06 1.58071e+06 2.30781e+06 1.5757e+06 1.59068e+06 1.3683e+06 1.55477e+06 1.76512e+06 1.89116e+06 1.30632e+06 1.50094e+06 1.83423e+06 1.78552e+06 1.78191e+06 1.49009e+06 1.77704e+06
internal_count=22318680 9334100 12984580 8258150 4702199 4631901 1686269 2945632 5397065 2938269 2229147 2473052 4028767 2861085 2493640 1580710 2307807 1575696 1590682 1368298 1554768 1765119 1891164 1306317 1500944 1834227 1785521 1781908 1490086 1777035
cat_boundaries=0 1 2 3 4 81 160 236
cat_threshold=2 39 2 134217730 8 512 0 2 1073741824 0 16 0 0 0 0 0 0 0 0 0 0 131072 0 0 0 0 8519680 0 0 16384 0 1073741888 16 0 32768 0 134217730 0 8388608 64 0 0 0 33554432 40960 8 33554464 268435456 0 0 0 0 0 0 0 0 0 0 0 0 0 0 0 0 0 0 0 16 0 0 0 512 0 0 262144 0 570425344 0 0 67108864 32770 0 16777216 0 0 2147483648 1048576 0 32 0 0 0 0 0 1048576 0 0 8388608 0 0 0 33554432 0 536871424 4224 8192 0 0 33554432 67108864 0 16777216 0 0 0 0 0 2097152 128 0 65540 0 0 0 2 524288 0 0 0 0 0 0 0 0 0 0 0 0 0 0 0 0 0 0 0 4194304 536870912 0 0 8388608 64 0 134217728 1024 0 0 2 34078848 0 1024 0 0 0 0 16640 1073741824 4096 128 512 2 0 0 0 0 0 0 0 524288 0 0 128 134219776 0 0 0 0 0 0 0 8 0 0 0 0 1 16777216 1077936128 67108864 2147483648 0 64 128 0 4194304 1028 0 0 0 0 0 0 0 0 0 0 0 0 0 0 0 0 0 0 0 0 268435456 0 0 524288 98304 0 32 0 134742016 0 2098176
is_linear=0
shrinkage=0.05


Tree=9
num_leaves=31
num_cat=7
split_feature=20 20 16 20 20 19 19 9 20 0 6 1 6 20 18 9 6 19 19 19 19 6 16 19 20 0 0 0 19 16
split_gain=1.2734e+06 141738 127255 40772.2 16333.9 14220.7 4875.42 4717.04 4455.89 4416.44 4125.68 3644.66 3558.27 3404.07 2752.41 2178.01 2013.55 1981.96 1806.75 1651.25 1576.85 1513.98 1509.24 1477.41 1467.1 1393.06 1514.9 1270.75 1256.83 1232.43
threshold=0.55346679687500011 1.4106445312500002 1.0000000180025095e-35 0.26782226562500006 0.87500000000000011 2.0712890625000004 0.49987792968750006 0 0.16070556640625003 1 2.5000000000000004 2 2.5000000000000004 0.41064453125000006 2.5000000000000004 3 2.5000000000000004 0.35705566406250006 0.64282226562500011 1.0712890625000002 0.21423339843750003 2.5000000000000004 0.76000976562500011 5.9277343750000009 1.0893554687500002 4 5 6 0.21423339843750003 0.76000976562500011
decision_type=2 2 10 2 2 2 2 9 2 9 2 1 2 2 2 9 2 2 2 2 2 2 10 2 2 9 9 9 2 10
left_child=2 4 -1 8 12 6 -3 -7 11 -9 -6 20 -2 19 29 -8 -17 -12 -10 -5 25 -15 -16 -24 -19 -4 -27 -28 -14 -11
right_child=1 5 3 13 10 7 15 9 18 14 17 -13 28 21 22 16 -18 24 -20 -21 -22 -23 23 -25 -26 26 27 -29 -30 -31
leaf_value=0 0 0 0.12604988194492189 0 0.031512470486230473 0 0 0.29728009918339843 0 0.060472353891992195 0 0 0 0 0.13264829139199219 0.063024940972460947 0.031512470486230473 0 0 0 0 0 0.079750971839648466 0.27739290855839843 0.031512470486230473 0.063024940972460947 0.06634204312890625 0 0 0.058606578511523434
leaf_weight=4726430 650048 111191 3613 1522451 664745 7889 4780 180849 1307281 97622 100669 2137603 147506 374534 147134 422820 1056546 722407 61017 32317 105643 931783 1060989 558613 831799 4873 5013 1772022 1474359 1094134
leaf_count=4726430 650048 111191 3613 1522451 664745 7889 4780 180849 1307281 97622 100669 2137603 147506 374534 147134 422820 1056546 722407 61017 32317 105643 931783 1060989 558613 831799 4873 5013 1772022 1474359 1094134
internal_value=-0.00833105 0.00575524 -0.0184571 -0.0147124 -0.000506655 0.0118177 0.00797212 0.013767 -0.0172704 0.0138641 0.00244471 -0.0181077 -0.00352 -0.00988711 0.0134003 0.00872869 0.00883758 0.00110826 -0.0148052 -0.011468 -0.0165081 -0.00800558 0.0146529 0.0150933 0.00154864 -0.0168594 -0.0169222 -0.0169986 -0.00477273 0.0115434
internal_weight=2.23187e+07 9.3341e+06 1.29846e+07 8.25815e+06 4.59153e+06 4.74257e+06 1.59534e+06 3.14723e+06 5.39706e+06 3.13934e+06 2.31962e+06 4.02877e+06 2.27191e+06 2.86108e+06 2.95849e+06 1.48415e+06 1.47937e+06 1.65488e+06 1.3683e+06 1.55477e+06 1.89116e+06 1.30632e+06 1.76674e+06 1.6196e+06 1.55421e+06 1.78552e+06 1.78191e+06 1.77704e+06 1.62186e+06 1.19176e+06
internal_count=22318680 9334100 12984580 8258150 4591533 4742567 1595337 3147230 5397065 3139341 2319620 4028767 2271913 2861085 2958492 1484146 1479366 1654875 1368298 1554768 1891164 1306317 1766736 1619602 1554206 1785521 1781908 1777035 1621865 1191756
cat_boundaries=0 1 77 78 79 156 235 311
cat_threshold=2 1024 0 0 0 0 64 0 0 0 0 0 0 134219776 0 1024 0 0 131072 512 0 0 1048576 128 2048 0 0 320 1073741825 0 0 536870912 512 0 536887296 8388608 4194304 32768 49152 0 0 536870913 8192 2097152 0 0 0 0 0 0 4194304 0 0 0 0 0 0 0 0 0 0 0 0 0 0 131072 0 0 0 0 16384 0 134217728 0 0 0 2 39 2 8 512 0 2 1073741824 0 16 0 0 0 0 0 0 0 0 0 0 131072 0 0 0 0 8519680 0 0 16384 0 1073741888 16 0 32768 0 134217730 0 8388608 64 0 0 0 33554432 40960 8 33554464 268435456 0 0 0 0 0 0 0 0 0 0 0 0 0 0 0 0 0 0 0 16 0 0 0 512 0 0 262144 0 570425344 0 0 67108864 32770 0 16777216 0 0 2147483648 1048576 0 32 0 0 0 0 0 1048576 0 0 8388608 0 0 0 33554432 0 536871424 4224 8192 0 0 33554432 67108864 0 16777216 0 0 0 0 0 2097152 128 0 65540 0 0 0 2 524288 0 0 0 0 0 0 0 0 0 0 0 0 0 0 0 0 0 0 0 4194304 536870912 0 0 8388608 64 0 134217728 1024 0 0 2 34078848 0 1024 0 0 0 0 16640 1073741824 4096 128 512 2 0 0 0 0 0 0 0 524288 0 0 128 134219776 0 0 0 0 0 0 0 8 0 0 0 0 1 16777216 1077936128 67108864 2147483648 0 64 128 0 4194304 1028 0 0 0 0 0 0 0 0 0 0 0 0 0 0 0 0 0 0 0 0 268435456 0 0 524288 98304 0 32 0 134742016 0 2098176
is_linear=0
shrinkage=0.05


Tree=10
num_leaves=31
num_cat=7
split_feature=20 20 16 20 20 19 9 19 19 20 6 1 6 20 16 20 9 6 19 19 19 0 19 6 0 0 0 19 20 6
split_gain=1.26139e+06 136600 127216 40798.6 15089.5 13940.2 4930.3 4677.34 4660.5 4464.53 3923.93 3628.17 3558.27 3404.07 2103.42 2232.04 1988.21 1929.03 1830.02 1806.75 1651.25 1609.94 1580.48 1513.98 1498.9 1272.4 1345.87 1256.83 1253.68 1160.17
threshold=0.55346679687500011 1.3750000000000002 1.0000000180025095e-35 0.26782226562500006 0.87500000000000011 1.9287109375000002 0 0.49987792968750006 7.3574218750000009 0.16070556640625003 2.5000000000000004 1 2.5000000000000004 0.41064453125000006 0.71020507812500011 2.0175781250000004 2 2.5000000000000004 0.35705566406250006 0.64282226562500011 1.0712890625000002 3 0.21423339843750003 2.5000000000000004 4 5 6 0.21423339843750003 1.0893554687500002 2.5000000000000004
decision_type=2 2 10 2 2 2 9 2 2 2 2 1 2 2 10 2 9 2 2 2 2 9 2 2 9 9 9 2 2 2
left_child=2 4 -1 9 12 7 -7 -3 14 11 -6 22 -2 20 -8 -16 -9 -18 -12 -11 29 -10 24 -15 -4 -26 -27 -14 -20 -5
right_child=1 5 3 13 10 6 8 16 21 19 18 -13 27 23 15 -17 17 -19 28 -21 -22 -23 -24 -25 25 26 -28 -29 -30 -31
leaf_value=0 0 0 0.10987369392383789 0 0.029936846961918947 0 0.05889375443176758 0 0.52293229567735355 0 0 0 0 0 0.029936846961918947 0.069487202710947257 0.059873693923837894 0.029936846961918947 0 0 0 0.30974829698985351 0 0 0.059873693923837894 0.063024940972460947 0 0 0.029936846961918947 0
leaf_weight=4726430 650048 117199 4183 436160 631825 8475 145919 4493 95954 1307281 97744 2137603 147506 374534 472285 2099126 392147 977320 722407 61017 32317 543977 105643 931783 4302 5622 1771414 1474359 753316 1086291
leaf_count=4726430 650048 117199 4183 436160 631825 8475 145919 4493 95954 1307281 97744 2137603 147506 374534 472285 2099126 392147 977320 722407 61017 32317 543977 105643 931783 4302 5622 1771414 1474359 753316 1086291
internal_value=-0.00837992 0.00563976 -0.0184581 -0.014714 -0.000660161 0.0114472 0.0132302 0.00742277 0.0133263 -0.0172728 0.00228607 -0.0181109 -0.00352 -0.00988711 0.0124223 0.0127537 0.00824063 0.00834959 0.000949575 -0.0148052 -0.011468 0.0171652 -0.016515 -0.00800558 -0.0168666 -0.0169368 -0.0170026 -0.00477273 0.00138842 -0.0117054
internal_weight=2.23187e+07 9.3341e+06 1.29846e+07 8.25815e+06 4.4772e+06 4.8569e+06 3.36574e+06 1.49116e+06 3.35726e+06 5.39706e+06 2.20529e+06 4.02877e+06 2.27191e+06 2.86108e+06 2.71733e+06 2.57141e+06 1.37396e+06 1.36947e+06 1.57347e+06 1.3683e+06 1.55477e+06 639931 1.89116e+06 1.30632e+06 1.78552e+06 1.78134e+06 1.77704e+06 1.62186e+06 1.47572e+06 1.52245e+06
internal_count=22318680 9334100 12984580 8258150 4477205 4856895 3365736 1491159 3357261 5397065 2205292 4028767 2271913 2861085 2717330 2571411 1373960 1369467 1573467 1368298 1554768 639931 1891164 1306317 1785521 1781338 1777036 1621865 1475723 1522451
cat_boundaries=0 1 2 3 81 160 237 313
cat_threshold=2 39 2 0 0 0 0 0 0 0 0 0 0 0 0 2048 0 1024 0 0 131072 0 0 0 1048576 32896 2048 0 0 320 1073743873 0 0 536870912 512 0 0 8388610 0 32768 49153 0 33554432 536870913 8192 0 0 0 0 0 0 0 0 0 0 0 0 0 4194304 0 0 0 0 0 0 0 65536 8519680 0 0 0 0 0 0 134217728 0 0 0 2 0 4194306 8 16777216 0 2 1073741824 0 16 32 0 0 0 0 0 0 0 0 8388608 0 0 0 0 0 131584 4224 0 16384 0 1107296320 67108880 0 16809984 0 2 0 0 0 2097152 0 0 33554432 8192 8 32 2 0 0 0 0 0 0 0 0 0 0 0 0 0 0 0 0 0 0 0 16 0 0 0 0 0 0 262144 0 33554432 0 0 67108864 524288 0 1024 0 0 0 0 2147483904 1074790400 0 0 0 0 0 0 0 1048576 0 0 0 655360 0 0 33554432 134217728 536870912 0 8192 0 0 0 0 0 0 0 0 0 8388608 0 0 128 0 65540 0 0 33554432 0 525312 0 0 0 0 0 0 0 0 0 0 0 0 0 0 0 0 0 0 0 4194304 805306368 0 0 8388608 65600 0 134217760 1024 0 0 2097154 33554562 0 512 0 0 16384 0 4096 128 512 2 0 0 0 0 0 0 0 134217728 0 128 128 2048 0 0 0 0 0 0 0 8 0 0 0 0 1 16777280 1077936128 67108864 2147483648 0 64 16777344 0 4194304 516 0 0 0 0 0 0 0 0 0 0 0 0 0 0 0 0 0 0 0 1073741824 16384 0 0 524288 32768 0 0 1073741824 134742016 0 1024
is_linear=0
shrinkage=0.05


Tree=11
num_leaves=31
num_cat=9
split_feature=20 20 16 20 20 19 19 9 6 20 6 1 6 20 20 19 20 19 16 19 0 6 20 9 0 0 0 0 20 0
split_gain=1.21231e+06 130073 118242 34560.8 15396 13791.9 6605.79 4826.42 4330.23 3888.51 3858.38 3658.41 3616.06 2889.9 2808.19 2710.2 2333.64 1882.67 1783.47 1764.25 1519.43 1429.9 1332.86 1282.05 1237.54 1236.64 1196.74 1169.02 1164.27 1079.19
threshold=0.51782226562500011 1.3037109375000002 1.0000000180025095e-35 0.23211669921875003 0.83911132812500011 4.5000000000000009 0.64282226562500011 0 2.5000000000000004 0.37500000000000006 2.5000000000000004 1 2.5000000000000004 1.7319335937500002 11.375000000000002 0.21423339843750003 0.12496948242187501 0.92846679687500011 0.76000976562500011 0.35705566406250006 2 2.5000000000000004 0.66088867187500011 3 4 5 6 7 1.0537109375000002 8
decision_type=2 2 10 2 2 2 2 9 2 2 2 1 2 2 2 2 2 2 10 2 9 2 2 9 9 9 9 9 2 9
left_child=2 4 -1 11 12 6 -3 -8 -9 17 -6 15 -2 -10 18 20 -13 -5 -7 -12 -4 -11 -14 -20 -22 -26 -27 -28 -21 -29
right_child=1 5 3 9 10 14 7 8 13 21 19 16 22 -15 -16 -17 -18 -19 23 28 24 -23 -24 -25 25 26 27 29 -30 -31
leaf_value=0 0 0 0.10688000922764601 0 0.028440004613823001 0.097438083045556151 0 0.056880009227646001 0.028440004613823001 0 0 0 0 0.049824651549618654 0.55744488082786092 0 0 0 0 0 0.056880009227646001 0 0 0.14949138190118114 0.059873693923837894 0.040725312499999999 0.040725312499999999 0 0.028440004613823001 0
leaf_weight=4726430 672901 170575 4313 1580507 626631 129593 10295 1041815 810875 391716 109660 1804471 822697 1786328 295929 242813 947424 41769 2087 752404 4290 975038 853691 850628 5281 6001 7006 68104 700117 1877291
leaf_count=4726430 672901 170575 4313 1580507 626631 129593 10295 1041815 810875 391716 109660 1804471 822697 1786328 295929 242813 947424 41769 2087 752404 4290 975038 853691 850628 5281 6001 7006 68104 700117 1877291
internal_value=-0.00857858 0.00479014 -0.0187362 -0.0150151 -0.00136699 0.0102709 0.00876654 0.00921607 0.00931279 -0.010767 0.00165019 -0.0175716 -0.00417806 0.00822043 0.0147666 -0.0160585 -0.0187893 -0.0124223 0.0134803 0.000320625 -0.0166722 -0.00880224 -0.00542088 0.0143108 -0.0167371 -0.0167958 -0.016861 -0.0169295 0.000782312 -0.017003
internal_weight=2.23187e+07 9.63623e+06 1.26825e+07 7.95602e+06 4.5381e+06 5.09812e+06 3.81989e+06 3.64931e+06 3.63902e+06 2.98903e+06 2.18881e+06 4.96699e+06 2.34929e+06 2.5972e+06 1.27824e+06 2.2151e+06 2.7519e+06 1.62228e+06 982308 1.56218e+06 1.97229e+06 1.36675e+06 1.67639e+06 852715 1.96797e+06 1.96368e+06 1.9584e+06 1.9524e+06 1.45252e+06 1.9454e+06
internal_count=22318680 9636226 12682454 7956024 4538101 5098125 3819888 3649313 3639018 2989030 2188812 4966994 2349289 2597203 1278237 2215099 2751895 1622276 982308 1562181 1972286 1366754 1676388 852715 1967973 1963683 1958402 1952401 1452521 1945395
cat_boundaries=0 1 2 81 82 159 235 315 393 473
cat_threshold=2 39 8 16777216 0 0 1073741824 0 16 32 0 0 0 0 0 1048576 0 0 0 0 0 0 0 0 131584 4224 0 16384 0 1107296320 67108880 0 16809984 0 2 0 0 0 2097152 0 0 33554436 8192 8 32 2 0 0 0 0 0 0 0 0 0 0 0 0 0 0 0 0 0 0 0 16 0 0 0 0 0 0 262144 0 33554432 0 0 67108864 524288 0 1024 2 0 0 0 2 2147483904 1074790400 0 0 0 0 0 0 0 0 0 0 8388608 131072 0 0 33554432 134217728 536870912 0 8192 0 0 0 0 0 0 0 0 0 8388608 16777216 1073741824 0 0 65536 0 0 33554432 0 525312 0 0 0 0 0 0 0 0 0 0 0 0 0 0 0 0 0 0 0 4194304 805306368 0 0 8912896 65600 0 134217760 0 0 0 2097154 33554562 0 4608 0 0 16384 0 4096 128 512 2 0 0 0 0 0 0 0 0 0 128 128 2048 0 0 0 64 0 0 0 8 64 0 0 0 1 64 4194304 67108992 2147483648 0 32832 0 0 4194304 516 0 0 0 0 0 0 0 0 0 0 0 0 0 0 0 0 0 0 0 1073741824 16384 0 0 0 32768 0 0 1073742848 134217728 8192 1024 0 0 0 0 0 0 0 16777216 0 0 0 0 0 0 0 0 0 671678464 0 0 32 0 0 0 65536 0 0 0 16777216 131072 0 0 0 32 8192 134217728 2 134217728 2048 0 0 16777344 1 0 32768 0 0 0 0 0 0 0 0 0 0 0 0 0 0 0 0 0 0 0 8388608 16777472 128 0 0 0 32 0 537395200 524544 0 131072 0 64 64 16 524288 256 0 2048 262144 524288 0 0 0 0 72 49152 0 0 0 0 0 0 0 4100 0 0 64 32 0 1048576 128 131072 128 0 16384 8192 4194304 262144 67108864 130 0 0 0 8 0 0 131072 512 0 0 0 0 0 0 0 0 0 0 0 0 0 0 0 0 0 0 0 0 0 0 0 528 0 8388608 0 0 512 0 0 0 0 2 131072 0 8192 0 65536 0 268435456 0 0 134217728 131072 0 16777216 2147483776 4194304 0 0 262400 0 0 67108864 8 0 0 144 8388608 0 512 0 536870912 0 0 0 0 0 0 0 0 0 0 0 1073741824 0 0 33554432 0 0 0 0 0 0 0 0 0 0 0 0 0 0 0 0 0 536870912 524288 0 128 2147483648 0 0 0 128 2 16777216 16384 32 0 0 0 256 2
is_linear=0
shrinkage=0.05


Tree=12
num_leaves=31
num_cat=9
split_feature=20 16 20 20 20 20 19 6 20 9 6 1 6 17 19 20 20 0 19 19 6 0 0 0 0 19 9 6 20 0
split_gain=1.18138e+06 118205 118037 34586 14454.2 12751.5 6160.46 5470.15 3888.51 3770.06 3765.2 3643.54 3211.28 2845.37 2716.24 2593.57 2333.64 1965.22 1882.67 1646.12 1429.9 1381.47 1322.88 1150.19 1137.25 1092.51 1038.54 1035.94 1032.69 1016.18
threshold=0.51782226562500011 1.0000000180025095e-35 1.2319335937500002 0.23211669921875003 4.3027343750000009 0.80346679687500011 0.49987792968750006 2.5000000000000004 0.37500000000000006 0 2.5000000000000004 1 2.5000000000000004 4.5000000000000009 0.21423339843750003 1.5537109375000002 0.12496948242187501 2 0.92846679687500011 0.35705566406250006 2.5000000000000004 3 4 5 6 1.0000000180025095e-35 7 2.5000000000000004 0.98217773437500011 8
decision_type=2 10 2 2 2 2 2 2 2 9 2 1 2 2 2 2 2 9 2 2 2 9 9 9 9 2 9 2 2 9
left_child=1 -1 5 11 6 12 -4 -8 18 -9 -7 14 -2 -6 21 -11 -13 -15 27 -12 -10 -3 -23 -24 -25 -14 -19 -5 -21 -26
right_child=2 3 4 8 13 10 7 9 20 15 19 16 25 17 -16 -17 -18 26 -20 28 -22 22 23 24 29 -27 -28 -29 -30 -31
leaf_value=0 0 0.11140970269010159 0 0 0.10395048883971583 0.027018004383131844 0.054036008766263688 0 0 0.027018004383131844 0 0 0 0.41826265722030187 0 0.044975355690887724 0 0 0 0 0 0.056880009227646001 0 0 0.047006315303808111 0 0.2028932691733096 0 0.027018004383131844 0
leaf_weight=4726430 609039 3912 134535 453175 434091 613322 1118618 9134 391716 701152 118695 1804471 78189 125015 242813 2080047 947424 1668 41769 660202 975038 4893 68104 84782 4727 1438719 763736 1127332 750064 1805868
leaf_count=4726430 609039 3912 134535 453175 434091 613322 1118618 9134 391716 701152 118695 1804471 78189 125015 242813 2080047 947424 1668 41769 660202 975038 4893 68104 84782 4727 1438719 763736 1127332 750064 1805868
internal_value=-0.00870995 -0.0187372 0.00448716 -0.0150167 0.00942167 -0.00171879 0.00793673 0.00829879 -0.010767 0.00711452 0.00100368 -0.017574 -0.00446219 0.0139549 -0.0160641 0.00721985 -0.0187893 0.015573 -0.0124223 -0.000323929 -0.00880224 -0.0166785 -0.0167374 -0.0168022 -0.0165724 -0.00569352 0.0146229 -0.0126992 0.000152028 -0.016307
internal_weight=2.23187e+07 1.26825e+07 9.63623e+06 7.95602e+06 5.368e+06 4.26823e+06 4.04349e+06 3.90895e+06 2.98903e+06 2.79033e+06 2.14228e+06 4.96699e+06 2.12595e+06 1.32451e+06 2.2151e+06 2.7812e+06 2.7519e+06 890419 1.62228e+06 1.52896e+06 1.36675e+06 1.97229e+06 1.96837e+06 1.96348e+06 1.89538e+06 1.51691e+06 765404 1.58051e+06 1.41027e+06 1.8106e+06
internal_count=22318680 12682454 9636226 7956024 5367996 4268230 4043486 3908951 2989030 2790333 2142283 4966994 2125947 1324510 2215099 2781199 2751895 890419 1622276 1528961 1366754 1972286 1968374 1963481 1895377 1516908 765404 1580507 1410266 1810595
cat_boundaries=0 1 2 80 159 236 316 395 396 476
cat_threshold=2 39 0 0 0 0 0 0 0 0 0 0 0 0 134219776 0 1024 0 0 131072 0 0 0 1048576 32896 2048 0 0 256 1073743873 0 0 536870912 512 0 16384 8388608 0 32768 49153 8 0 1 8192 536872960 0 0 0 0 0 0 0 0 0 0 0 0 4194304 0 0 0 0 0 0 0 65536 0 0 0 0 0 0 0 134217728 33554432 0 0 2 0 4194306 8 0 0 2 3221225472 1048576 16 0 0 0 0 0 0 1048576 0 0 0 0 0 0 0 0 131072 4224 0 16384 0 1073741888 16 0 32768 0 2 0 8388608 0 2097152 0 0 33619972 8192 8 32 0 524288 0 0 0 0 0 0 0 0 0 0 0 0 0 0 0 0 0 0 16 0 0 0 0 8388608 0 262144 0 33554432 0 0 67108864 2 0 1024 0 0 0 0 256 1073741824 0 0 0 0 0 0 0 0 0 0 8388608 131072 0 0 33554432 134219776 536870912 0 8192 0 0 0 0 8 0 0 0 0 0 16777216 1073741824 67108864 2147483648 0 0 0 33554432 0 1024 0 0 0 0 0 0 0 0 0 0 0 0 0 0 0 0 0 0 0 4194304 805306368 0 0 524288 98368 0 134217760 1024 0 0 2098178 34078848 131072 0 8192 0 65536 0 268435456 0 0 134217728 131072 0 16777216 2147483776 4194304 0 0 262400 0 0 67108864 8 0 0 144 8388608 0 512 0 536870912 0 0 0 0 0 0 0 0 0 0 0 1073741824 0 0 33554432 0 0 0 0 0 0 0 0 0 0 0 0 0 0 0 0 0 536870912 524288 0 128 2147483648 0 0 0 128 2 16777216 16384 32 0 0 0 256 2 0 536870944 262208 0 0 0 0 0 256 0 2048 0 0 0 2048 0 1048576 2097152 0 1 0 0 2147483650 0 0 0 0 0 1073742336 1048576 16 0 0 0 0 16384 512 0 67108864 1073741824 0 0 134217732 8388608 0 0 0 0 0 0 0 0 0 0 0 0 0 0 0 0 0 0 0 8 16384 0 538968576 0 0 0 0 1048576 131072 0 0 4194304 0 0 262144 2 0 4608 0 0 16384 0 4096 128 512 2 0 0 0 0 0 0 0 0 0 128 128 0 0 0 65536 64 0 33554432 0 0 64 0 0 32 1 64 4194304 128 0 0 32832 16777216 1 4194304 516 0 0 0 0 0 0 0 0 0 0 0 0 0 0 0 0 0 0 0 1073741824 16384 0 0 0 0 0 0 1073741824 134742016 8192 0 0 0 0 16
is_linear=0
shrinkage=0.05


Tree=13
num_leaves=31
num_cat=9
split_feature=20 16 20 20 20 20 19 9 6 20 1 6 6 20 17 19 20 19 0 19 6 0 0 0 0 19 16 6 0 0
split_gain=1.1578e+06 118179 109481 34603.9 13405.4 11485.1 6461.62 5248.52 4863.13 3888.51 3632.98 3505.03 3211.28 3084.15 2745.96 2720.54 2333.64 1882.67 1588.58 1490.06 1429.9 1341.76 1297.49 1149.28 1136.18 1092.51 1076.4 1035.94 1019.49 1029.96
threshold=0.51782226562500011 1.0000000180025095e-35 1.1962890625000002 0.23211669921875003 5.2675781250000009 0.80346679687500011 0.49987792968750006 0 2.5000000000000004 0.37500000000000006 1 2.5000000000000004 2.5000000000000004 1.5537109375000002 6.5000000000000009 0.21423339843750003 0.12496948242187501 0.92846679687500011 2 0.35705566406250006 2.5000000000000004 3 4 5 6 1.0000000180025095e-35 0.71020507812500011 2.5000000000000004 7 8
decision_type=2 10 2 2 2 2 2 9 2 2 1 2 2 2 2 2 2 2 9 2 2 9 9 9 9 2 10 2 9 9
left_child=1 -1 5 10 6 12 -4 -8 -9 17 15 -7 -2 -10 -6 21 -12 27 -16 -13 -11 -3 -23 -24 -25 -14 -15 -5 -26 -30
right_child=2 3 4 9 14 11 7 8 13 20 16 19 25 26 18 -17 -18 -19 -20 -21 -22 22 23 24 28 -27 -28 -29 29 -31
leaf_value=0 0 0.12470119736738139 0 0 0.13041661572726132 0.025667104163975253 -0.0027018004383131847 0.051334208327950506 0.025667104163975253 0 0 0 0 0.016827450315712488 0.45748410253795274 0 0 0 0.26294131895079842 0 0 0.054343255353504441 0 0 0.038689046875000001 0 0.043783807572749592 0 0.038689046875000001 0
leaf_weight=4726430 609039 3799 149007 453175 398632 573240 12005 1242310 793816 391716 1804471 114027 78189 88409 106443 242813 947424 41769 506240 1314756 975038 4959 68104 84782 4885 1438719 2211394 1127332 5658 1800099
leaf_count=4726430 609039 3799 149007 453175 398632 573240 12005 1242310 793816 391716 1804471 114027 78189 88409 106443 242813 947424 41769 506240 1314756 975038 4959 68104 84782 4885 1438719 2211394 1127332 5658 1800099
internal_value=-0.00881121 -0.0187379 0.00425353 -0.0150178 0.00886721 -0.00190285 0.00769747 0.00804834 0.00813975 -0.010767 -0.0175758 0.000814913 -0.00446219 0.00707864 0.0140686 -0.016068 -0.0187893 -0.0124223 0.0161701 -0.000510242 -0.00880224 -0.0166829 -0.0167401 -0.0168047 -0.0165751 -0.00569352 0.00800615 -0.0126992 -0.0163098 -0.0163716
internal_weight=2.23187e+07 1.26825e+07 9.63623e+06 7.95602e+06 5.50826e+06 4.12797e+06 4.49694e+06 4.34793e+06 4.33593e+06 2.98903e+06 4.96699e+06 2.00202e+06 2.12595e+06 3.09362e+06 1.01132e+06 2.2151e+06 2.7519e+06 1.62228e+06 612683 1.42878e+06 1.36675e+06 1.97229e+06 1.96849e+06 1.96353e+06 1.89542e+06 1.51691e+06 2.2998e+06 1.58051e+06 1.81064e+06 1.80576e+06
internal_count=22318680 12682454 9636226 7956024 5508256 4127970 4496941 4347934 4335929 2989030 4966994 2002023 2125947 3093619 1011315 2215099 2751895 1622276 612683 1428783 1366754 1972286 1968487 1963528 1895424 1516908 2299803 1580507 1810642 1805757
cat_boundaries=0 1 2 80 159 236 316 395 475 554
cat_threshold=2 39 1024 0 0 0 0 0 0 0 0 0 0 0 134217728 0 1024 0 0 131072 0 0 0 1048576 128 2048 0 0 320 1073743873 1048576 0 536870914 512 0 536870912 8388608 0 32768 49152 8 0 536870913 8192 536872960 0 0 0 0 0 0 0 0 0 0 0 0 4194304 0 0 0 0 0 0 0 0 0 0 0 0 0 0 0 0 33554432 0 0 2 0 4194306 8 0 0 2 3221225472 0 16 0 0 0 0 0 0 1048576 0 0 0 0 0 0 0 0 131072 4224 8192 16384 0 1073741888 16 0 32768 0 2 0 8388608 0 2097152 0 0 33554432 8192 8 32 0 0 0 0 0 0 0 0 0 0 0 0 0 0 0 0 0 0 0 0 16 0 536870912 0 0 0 64 262144 134217728 33554432 0 0 67108864 524290 0 1024 0 512 0 0 256 1073741824 4096 0 0 0 0 0 0 0 0 0 0 131072 0 0 33554432 134219776 536870912 0 0 0 0 0 0 8 0 0 0 0 0 16777280 1073741824 67108992 2147483648 0 0 0 33554432 0 1028 0 0 0 0 0 0 0 0 0 0 0 0 0 0 0 0 0 0 0 4194304 268435456 0 0 524288 98304 0 32 1024 134217728 0 2098178 33554560 131072 0 8192 0 65536 0 268435456 0 0 134217728 131072 0 16777216 2147483776 4194304 0 0 262400 0 0 67108864 8 0 0 144 8388608 0 512 0 536870912 0 0 0 0 0 0 0 0 0 0 0 1073741824 0 0 33554432 0 0 0 0 0 0 0 0 0 0 0 0 0 0 0 0 0 536870912 524288 0 128 2147483648 0 0 0 128 2 16777216 16384 32 0 0 0 256 2 0 536870944 262208 0 0 0 0 0 256 0 2048 0 0 0 2048 0 1048576 2097152 0 1 0 0 2147483650 0 0 0 0 0 1073742336 1048576 16 0 0 0 0 16384 512 0 67108864 1073741824 0 0 134217732 8388608 0 0 0 0 0 0 0 0 0 0 0 0 0 0 0 0 0 0 0 8 16384 0 538968576 0 0 0 0 1048576 131072 0 0 4194304 0 0 262144 0 4096 0 0 16384 1048576 0 128 512 2 0 0 0 0 0 0 0 134742016 0 128 128 0 0 0 65536 64 0 33554432 0 0 64 0 0 32 1 0 4194304 0 0 0 32832 16777344 1 4194304 33280 0 0 0 0 0 0 0 0 0 0 0 0 0 0 0 0 0 0 0 1073741824 16384 0 0 0 0 0 0 1610612736 524288 8192 0 0 0 0 16 0 256 0 2048 0 0 0 16777216 0 0 0 16384 0 0 0 0 0 536936448 0 4096 32 0 0 0 0 0 0 0 16777344 131072 16777216 8192 0 0 8192 134217730 2 134217728 2048 0 0 0 0 0 0 0 0 0 0 0 0 0 0 0 0 0 0 0 0 0 0 0 0 0 8388608 16777472 128 512 0 0 32 0 524800 256 0 131072 0 64 64
is_linear=0
shrinkage=0.05


Tree=14
num_leaves=31
num_cat=10
split_feature=20 16 20 20 19 20 17 6 1 19 20 20 6 19 19 20 20 19 16 6 0 5 0 0 0 0 0 20 0 0
split_gain=1.1127e+06 109349 106487 28832.9 15979.3 11464.6 6342.34 3779.56 3609.91 3541.53 3023.32 2772.89 2770.25 2749.58 2729.97 2556.27 2333.64 1506.46 1499.77 1290.24 1206.38 1191.29 1189.91 1182.72 1080.44 1171.52 1158.36 1049.22 1012.74 1118.87
threshold=0.48217773437500006 1.0000000180025095e-35 1.1250000000000002 0.23211669921875003 5.7851562500000009 0.73217773437500011 1.0000000180025095e-35 2.5000000000000004 0 0.35705566406250006 11.875000000000002 2.8750000000000004 2.5000000000000004 0.92846679687500011 0.21423339843750003 0.33935546875000006 0.12496948242187501 0.35705566406250006 0.76000976562500011 2.5000000000000004 1 2 3 4 5 6 7 0.91088867187500011 8 9
decision_type=2 10 2 2 2 2 2 2 1 2 2 2 2 2 2 2 2 2 10 2 9 1 9 9 9 9 9 2 9 9
left_child=1 -1 5 8 6 12 9 -7 14 20 18 -8 -2 15 22 -5 -10 -9 -6 -17 -4 -13 -3 -24 -25 -26 -27 -19 -28 -30
right_child=2 3 4 13 10 7 11 17 16 -11 -12 21 -14 -15 -16 19 -18 27 -20 -21 -22 -23 23 24 25 26 28 -29 29 -31
leaf_value=0 0 0 0.35000000000000003 0 0.090860322750354217 0.024383748955776493 0.024383748955776493 0 0 0.023100393747577733 0.55628090738026248 0.091616635002412891 0 0 0 0 0 0 0.15453811480616672 0 0 0.049573533410195103 0 0.12359496862472744 0.052595241118705595 0.036754594531249997 0.038689046875000001 0.025667104163975253 0.047963734375000004 0
leaf_weight=4726430 564837 68104 5105 1216119 95524 621363 2528863 146992 1804471 1141338 274021 639410 1406408 100078 242813 389638 947424 701566 540629 971296 124222 458507 84782 3419 4969 5749 5890 699340 7495 1791878
leaf_count=4726430 564837 68104 5105 1216119 95524 621363 2528863 146992 1804471 1141338 274021 639410 1406408 100078 242813 389638 947424 701566 540629 971296 124222 458507 84782 3419 4969 5749 5890 699340 7495 1791878
internal_value=-0.00901013 -0.0190217 0.00343929 -0.0153252 0.00780721 -0.00268732 0.00667657 -0.000179266 -0.0175796 0.0036367 0.013891 0.00774161 -0.00544731 -0.0111425 -0.0160766 -0.0114582 -0.0187893 -0.00150158 0.0119997 -0.00996962 -0.00420504 0.00983984 -0.0166926 -0.0164599 -0.0161906 -0.0162435 -0.0163101 -0.00099632 -0.0163815 -0.0164493
internal_weight=2.23187e+07 1.23706e+07 9.94812e+06 7.64412e+06 5.80762e+06 4.14051e+06 4.89744e+06 2.16926e+06 4.96699e+06 1.27066e+06 910174 3.62678e+06 1.97124e+06 2.67713e+06 2.2151e+06 2.57705e+06 2.7519e+06 1.5479e+06 636153 1.36093e+06 129327 1.09792e+06 1.97229e+06 1.90418e+06 1.8194e+06 1.81598e+06 1.81101e+06 1.40091e+06 1.80526e+06 1.79937e+06
internal_count=22318680 12370555 9948125 7644125 5807619 4140506 4897445 2169261 4966994 1270665 910174 3626780 1971245 2677131 2215099 2577053 2751895 1547898 636153 1360934 129327 1097917 1972286 1904182 1819400 1815981 1811012 1400906 1805263 1799373
cat_boundaries=0 1 80 81 161 240 319 396 476 554 632
cat_threshold=39 0 0 0 0 0 0 0 0 0 0 0 0 134217728 0 0 1024 2 131072 0 0 0 1208025088 0 4096 0 24576 0 1073741856 16 0 0 0 0 262144 32768 0 0 0 0 0 8192 71303178 33554464 0 8392704 0 0 0 0 0 0 0 0 0 0 0 0 0 0 0 0 0 0 0 0 268451840 0 0 0 0 0 0 1073741824 0 0 2097152 524288 0 3072 15 131072 0 8192 0 65536 0 268435456 0 0 134217728 131072 0 16777216 2147483776 4194304 0 0 262400 0 0 67108864 8 0 0 144 8388608 0 512 0 536870912 0 0 0 0 0 0 0 0 0 0 0 1073741824 0 0 33554432 0 0 0 0 0 0 0 0 0 0 0 0 0 0 0 0 0 536870912 524288 0 128 2147483648 0 0 0 128 2 16777216 16384 32 0 0 0 256 2 0 536870944 262208 0 0 0 0 0 256 0 2048 0 0 0 2048 0 1048576 2097152 0 1 0 0 2147483650 0 0 0 0 0 1073742336 1048576 16 0 0 0 0 16384 512 0 67108864 1073741824 0 0 134217732 8388608 0 0 0 0 0 0 0 0 0 0 0 0 0 0 0 0 0 0 0 8 16384 0 538968576 0 0 0 0 1048576 131072 0 0 4194304 0 0 262144 8 0 0 0 3221225472 1073741824 0 0 0 0 0 0 0 1048576 0 0 0 131072 0 0 0 134217728 131072 4224 0 16384 0 1073741824 16 0 32768 0 0 0 8388608 0 2097152 0 0 0 8192 8 33554464 0 1024 0 0 0 0 0 0 0 0 0 0 0 0 0 0 0 0 0 0 16 0 805306368 0 0 524288 0 0 134217728 33554432 0 0 2097152 524290 0 1024 0 4608 0 0 256 1048576 4112 128 0 2 0 0 0 0 0 0 0 0 0 0 128 2048 0 0 0 0 0 64 0 8 0 0 2 0 0 16777280 1077936128 67108864 2147483648 0 0 0 0 4194304 4 0 0 0 0 0 0 0 0 0 0 0 0 0 0 0 0 0 0 0 0 0 0 0 0 98304 262144 32 0 134217728 8192 67109890 33554560 0 0 0 0 16384 0 0 16777216 512 0 0 0 0 0 0 0 0 134807552 0 128 0 0 0 0 65536 64 0 33554432 16777216 0 64 0 0 32 1 0 0 134217728 2048 0 32832 16777344 1 0 33280 0 0 0 0 0 0 0 0 0 0 0 0 0 0 0 0 0 0 0 1073741824 16384 128 0 0 0 32 0 1610612736 524288 0 0 0 0 64 16 0 256 0 2050 262144 0 0 0 0 0 0 49152 0 0 0 0 0 536870912 0 4096 32 0 0 32 0 0 0 0 128 131072 16777216 8192 0 262144 8192 134217730 2 0 0 33554440 0 0 131072 512 0 0 0 0 0 0 0 0 0 0 0 0 0 0 0 0 0 0 0 0 8388608 16777472 0 512 0 0 0 0 524800 256 0 131072 0 64 524288 16777216 0 0 0 524288 0 0 0 268435456 72 0 0 0 0 0 8388608 4096 0 4 1048576 0 576 0 0 1048576 8320 131200 67108864 0 16384 0 4194304 0 67108864 128 0 0 0 0 1024 536870912 0 67108864 0 0 0 0 0 0 0 0 0 0 0 0 0 0 0 0 0 0 0 0 0 0 0 4194320 1 8388608 0 64 0 16 0 0 0 2
is_linear=0
shrinkage=0.05


Tree=15
num_leaves=31
num_cat=9
split_feature=20 16 20 20 20 20 19 9 1 6 17 20 6 19 19 20 20 20 16 6 19 6 0 0 6 0 0 9 0 0
split_gain=1.09452e+06 109293 100540 28867.1 15352.6 10140.1 6021.78 5221.62 3587.1 3576.28 3270.79 3089.29 2770.25 2749.58 2739.34 2556.27 2333.64 1856.98 1689.23 1486.91 1345.15 1290.24 1199.56 1198.87 1153.84 1151.61 1119.71 1110.08 1102.4 976.558
threshold=0.48217773437500006 1.0000000180025095e-35 1.0893554687500002 0.23211669921875003 5.0527343750000009 0.73217773437500011 0.35705566406250006 0 1 2.5000000000000004 1.0000000180025095e-35 13.980468750000002 2.5000000000000004 0.92846679687500011 0.21423339843750003 0.33935546875000006 0.12496948242187501 2.7675781250000004 0.76000976562500011 2.5000000000000004 0.21423339843750003 2.5000000000000004 2 3 2.5000000000000004 4 5 6 7 8
decision_type=2 10 2 2 2 2 2 9 1 2 2 2 2 2 2 2 2 2 10 2 2 2 9 9 2 9 9 9 9 9
left_child=1 -1 5 8 6 12 -4 -8 14 -7 -9 18 -2 15 22 -5 -10 -12 -6 -19 -11 -17 -3 -24 -20 -25 -27 -22 -28 -30
right_child=2 3 4 13 11 9 7 10 16 20 17 -13 -14 -15 -16 21 -18 19 24 -21 27 -23 23 25 -26 26 28 -29 29 -31
leaf_value=0 0 0.12241522019349108 0 0 0.091250149490180246 0.023164561507987669 -0.0075411110905798887 0.021945374060198843 0 0 0.023164561507987669 0.62846686201124935 0 0 0 0 0 0.091863263436530007 0.218951676586288 0.049068433866160936 0 0 0.067973634829643095 0.034916864804687496 0.12155569875335837 0 0 0 0.036754594531249997 0
leaf_weight=4726430 564837 3773 138085 1216119 130089 575856 13168 1166656 1804471 81383 2528815 211986 1406408 100078 242813 389638 947424 313141 208526 735547 9846 971296 5421 5889 519884 68104 84782 1343898 6080 1798237
leaf_count=4726430 564837 3773 138085 1216119 130089 575856 13168 1166656 1804471 81383 2528815 211986 1406408 100078 242813 389638 947424 313141 208526 735547 9846 971296 5421 5889 519884 68104 84782 1343898 6080 1798237
internal_value=-0.00909381 -0.0190232 0.00325345 -0.0153277 0.00736017 -0.00289894 0.00617408 0.00647284 -0.0175835 -0.000400936 0.00656012 0.0127843 -0.00544731 -0.0111425 -0.0160852 -0.0114582 -0.0187893 0.00730985 0.0114495 0.00907882 -0.00173659 -0.00996962 -0.0167022 -0.0167562 0.0123868 -0.0168211 -0.0168875 -0.00136126 -0.0166601 -0.0163979
internal_weight=2.23187e+07 1.23706e+07 9.94812e+06 7.64412e+06 5.9659e+06 3.98223e+06 4.89541e+06 4.75733e+06 4.96699e+06 2.01098e+06 4.74416e+06 1.07048e+06 1.97124e+06 2.67713e+06 2.2151e+06 2.57705e+06 2.7519e+06 3.5775e+06 858499 1.04869e+06 1.43513e+06 1.36093e+06 1.97229e+06 1.96851e+06 728410 1.96309e+06 1.9572e+06 1.35374e+06 1.8891e+06 1.80432e+06
internal_count=22318680 12370555 9948125 7644125 5965897 3982228 4895412 4757327 4966994 2010983 4744159 1070485 1971245 2677131 2215099 2577053 2751895 3577503 858499 1048688 1435127 1360934 1972286 1968513 728410 1963092 1957203 1353744 1889099 1804317
cat_boundaries=0 1 2 81 161 240 320 321 400 478
cat_threshold=2 39 8 0 0 0 3221225472 0 16 0 0 0 0 0 0 1048576 0 0 0 131072 0 0 0 134217728 131072 4224 0 16384 0 1073741824 16 0 32768 0 2 0 8388608 0 2097152 67108864 0 0 8192 8 33554464 0 0 0 0 0 0 0 0 0 0 0 0 0 0 0 0 0 0 0 0 16 0 536870912 0 0 0 0 0 134217728 33554432 0 0 69206018 524290 0 1024 0 4608 0 0 16384 1048576 0 0 512 2 0 0 0 0 0 0 0 0 0 128 128 0 0 0 65536 64 0 33554496 0 8 64 0 0 32 1 64 0 0 2147483648 0 32832 16777216 1 0 512 0 0 0 0 0 0 0 0 0 0 0 0 0 0 0 0 0 0 0 1073741824 16384 0 0 0 0 262144 0 1073741824 524288 8192 0 33554560 0 0 16 0 0 0 2 0 0 0 16777216 0 0 0 0 0 0 0 0 0 671678464 0 0 32 0 0 0 0 0 0 0 16777216 131072 0 0 0 0 8192 134217730 1073741826 134217728 2048 33554432 0 128 0 0 32768 0 0 0 0 0 0 0 0 0 0 0 0 0 0 0 0 0 0 0 8388608 16777472 128 512 0 0 32 0 537395200 256 0 132096 0 64 64 131072 0 8192 0 65536 0 268435456 0 0 134217728 131072 0 16777216 2147483776 4194304 0 0 262400 0 0 67108864 8 0 0 144 8388608 0 512 0 536870912 0 0 0 0 0 0 0 0 0 0 0 1073741824 0 0 33554432 0 0 0 0 0 0 0 0 0 0 0 0 0 0 0 0 0 536870912 524288 0 128 2147483648 0 0 0 128 2 16777216 16384 32 0 0 0 256 2 134217730 0 536870944 262208 0 0 0 0 0 256 0 2048 0 0 0 2048 0 1048576 2097152 0 1 0 0 2147483650 0 0 0 0 0 1073742336 1048576 16 0 0 0 0 16384 512 0 67108864 1073741824 0 0 134217732 8388608 0 0 0 0 0 0 0 0 0 0 0 0 0 0 0 0 0 0 0 8 16384 0 538968576 0 0 0 0 1048576 131072 0 0 4194304 0 0 262144 524288 256 0 2048 262400 0 0 0 0 0 72 49152 0 0 0 0 0 0 0 4100 0 0 576 32 0 1048576 128 131072 128 0 16793600 8192 0 262144 67108864 0 0 0 0 8 0 0 131072 512 0 0 0 0 0 0 0 0 0 0 0 0 0 0 0 0 0 0 0 0 0 268435456 0 16 524288 8388608 0 0 512 0 0 0 0 2
is_linear=0
shrinkage=0.05


Tree=16
num_leaves=31
num_cat=10
split_feature=20 16 20 20 19 20 19 9 1 6 17 0 6 19 19 20 20 5 20 16 19 17 6 0 0 0 20 9 0 0
split_gain=1.08369e+06 109271 96942.1 28880.7 14194.9 10140.1 5884.21 5279.61 3578.12 3576.28 2946.01 2924.27 2770.25 2749.58 2743.04 2556.27 2333.64 1716.78 1688.14 1568.54 1345.15 1304.05 1290.24 1195.16 1184.99 1177.01 1139.27 1110.08 1109.62 1165.97
threshold=0.48217773437500006 1.0000000180025095e-35 1.0893554687500002 0.23211669921875003 5.2148437500000009 0.73217773437500011 0.35705566406250006 0 1 2.5000000000000004 1.0000000180025095e-35 2 2.5000000000000004 0.92846679687500011 0.21423339843750003 0.33935546875000006 0.12496948242187501 3 2.6601562500000004 0.76000976562500011 0.21423339843750003 9.5000000000000018 2.5000000000000004 4 5 6 1.4106445312500002 7 8 9
decision_type=2 10 2 2 2 2 2 9 1 2 2 9 2 2 2 2 2 1 2 10 2 2 2 9 9 9 2 9 9 9
left_child=1 -1 5 8 6 12 23 -8 14 -7 -9 -6 -2 15 24 -5 -10 18 -12 -13 -11 -21 -17 -4 -3 -26 -19 -22 -27 -30
right_child=2 3 4 13 11 9 7 10 16 20 17 19 -14 -15 -16 22 -18 26 -20 21 27 -23 -24 -25 25 28 -28 -29 29 -31
leaf_value=0 0 0 0.33250000000000002 0 0.33019999692556623 0.022006333432588288 -0.01143133964901529 0.022067292804977729 0 0 0.022006333432588288 0.09861009530623864 0 0 0 0 0 0.022006333432588288 0.082685552609091439 0.1125409874143673 0 0.2791273133350986 0 0 0 0.13084598685960927 0.027276945553015231 0 0.069535526425791014 0
leaf_weight=4726430 564837 68104 5316 1216119 132695 575856 27429 1180697 1804471 81383 1452578 137794 1406408 100078 242813 389638 947424 293073 666209 455853 9846 323001 971296 144283 84782 3746 1146969 1343898 5594 1810060
leaf_count=4726430 564837 68104 5316 1216119 132695 575856 27429 1180697 1804471 81383 1452578 137794 1406408 100078 242813 389638 947424 293073 666209 455853 9846 323001 971296 144283 84782 3746 1146969 1343898 5594 1810060
internal_value=-0.00914366 -0.0190238 0.00314236 -0.0153287 0.00717492 -0.00289894 0.00604817 0.0063546 -0.017585 -0.000400936 0.00648118 0.0124541 -0.00544731 -0.0111425 -0.0160886 -0.0114582 -0.0187893 0.00719921 0.00810463 0.0114494 -0.00173659 0.0123195 -0.00996962 -0.0037161 -0.016706 -0.0164739 0.00586694 -0.00136126 -0.0162052 -0.0162613
internal_weight=2.23187e+07 1.23706e+07 9.94812e+06 7.64412e+06 5.9659e+06 3.98223e+06 4.91655e+06 4.76696e+06 4.96699e+06 2.01098e+06 4.73953e+06 1.04934e+06 1.97124e+06 2.67713e+06 2.2151e+06 2.57705e+06 2.7519e+06 3.55883e+06 2.11879e+06 916648 1.43513e+06 778854 1.36093e+06 149599 1.97229e+06 1.90418e+06 1.44004e+06 1.35374e+06 1.8194e+06 1.81565e+06
internal_count=22318680 12370555 9948125 7644125 5965897 3982228 4916554 4766955 4966994 2010983 4739526 1049343 1971245 2677131 2215099 2577053 2751895 3558829 2118787 916648 1435127 778854 1360934 149599 1972286 1904182 1440042 1353744 1819400 1815654
cat_boundaries=0 1 2 81 82 161 241 320 321 400 480
cat_threshold=134217730 39 1024 0 0 0 0 0 0 1024 0 0 0 0 134217728 0 1024 0 0 131072 0 0 0 1048576 32896 2048 0 0 256 1073743873 0 0 536870912 512 0 536870912 8388608 0 32768 49153 0 0 1 8192 2097152 0 0 0 0 0 0 0 0 0 0 0 0 4194304 0 0 0 0 0 0 0 0 0 0 0 0 0 0 0 0 33554432 2147484672 0 2097154 524288 0 4096 15 0 0 0 0 0 0 0 0 0 0 0 0 134217728 0 0 1024 2 131072 0 0 0 1208025088 0 4096 0 16384 0 1073741856 16 0 0 0 0 262144 32768 0 0 0 0 0 8192 71303178 33554464 0 8392704 0 0 0 0 0 0 0 0 0 0 0 0 0 0 0 0 0 0 0 0 268451840 8 0 0 0 0 0 1107296256 0 0 2097152 524288 0 3072 131072 0 8192 0 65536 0 268435456 0 0 134217728 131072 0 16777216 2147483776 4194304 0 0 262400 0 0 67108864 8 0 0 144 8388608 0 512 0 536870912 0 0 0 0 0 0 0 0 0 0 0 1073741824 0 0 33554432 0 0 0 0 0 0 0 0 0 0 0 0 0 0 0 0 0 536870912 524288 0 128 2147483648 0 0 0 128 2 16777216 16384 32 0 0 0 256 2 0 536870944 262208 0 0 0 0 0 256 0 2048 0 0 0 2048 0 1048576 2097152 0 1 0 0 2147483650 0 0 0 0 0 1073742336 1048576 16 0 0 0 0 16384 512 0 67108864 1073741824 0 0 134217732 8388608 0 0 0 0 0 0 0 0 0 0 0 0 0 0 0 0 0 0 0 8 16384 0 538968576 0 0 0 0 1048576 131072 0 0 4194304 0 0 262144 134217730 8 512 0 0 3221225472 0 16 0 0 0 0 0 0 1048576 0 0 0 131072 0 0 0 134217728 131072 4096 0 16384 0 1073741824 16 0 32768 0 2 0 8388608 64 0 67108864 0 0 8192 8 33554464 0 0 0 0 0 0 0 0 0 0 0 0 0 0 0 0 0 0 0 0 16 0 536870912 0 0 0 0 0 134217728 33554432 0 0 69206018 524290 0 1024 0 4096 0 0 16384 1048576 0 0 0 2 0 0 0 0 0 0 0 134742016 0 128 128 0 0 0 65536 64 0 33554496 0 8 64 0 0 32 0 0 1073741824 0 2147483648 0 32768 16777344 1 0 33280 0 0 0 0 0 0 0 0 0 0 0 0 0 0 0 0 0 0 0 1073741824 16384 0 0 0 0 262144 0 1610612736 0 8192 0 33554560 0 0 16
is_linear=0
shrinkage=0.05


Tree=17
num_leaves=31
num_cat=8
split_feature=20 16 20 20 20 20 19 9 6 1 17 19 6 19 19 20 20 5 20 19 16 6 0 0 9 20 16 0 0 19
split_gain=1.07443e+06 109262 93913.2 28885.8 12268.2 10140.1 5908.26 5338.02 3576.28 3574.71 3079.33 2904.25 2770.25 2749.58 2744.45 2556.27 2333.64 2080 1636.86 1345.15 1290.6 1290.24 1184.46 1176.4 1110.08 1062.21 1051.28 1058.58 1073.48 966.996
threshold=0.48217773437500006 1.0000000180025095e-35 1.0893554687500002 0.23211669921875003 5.6621093750000009 0.73217773437500011 0.35705566406250006 0 2.5000000000000004 1 1.0000000180025095e-35 14.785156250000002 2.5000000000000004 0.92846679687500011 0.21423339843750003 0.33935546875000006 0.12496948242187501 2 2.6962890625000004 0.21423339843750003 0.76000976562500011 2.5000000000000004 3 4 5 1.4106445312500002 3.2001953125000004 6 7 2.3564453125000004
decision_type=2 10 2 2 2 2 2 9 2 1 2 2 2 2 2 2 2 1 2 2 10 2 9 9 9 2 10 9 9 2
left_child=1 -1 5 9 6 12 -4 -8 -7 14 -9 20 -2 15 22 -5 -11 18 -12 -10 -6 -17 -3 -24 -21 -19 27 -25 -29 -27
right_child=2 3 4 13 11 8 7 10 19 16 17 -13 -14 -15 -16 21 -18 25 -20 24 -22 -23 23 26 -26 29 -28 28 -30 -31
leaf_value=0 0 0 0 0 0.086219908223413619 0.020906016760958875 -0.0086946436332110185 0.019830092465222139 0 0 0.020906016760958875 0.60843271140682642 0 0 0 0 0 0.020906016760958875 0.079368866453822601 0 0.14503542042216475 0 0 0.13318202312861588 0 0.018838783419111021 0 0.050000000000000003 0 0.037656734833893549
leaf_weight=4726430 564837 68104 139997 1216119 107894 575856 13575 1181160 81383 1804471 1477081 202256 1406408 100078 242813 389638 947424 295262 727488 9846 604231 971296 84782 4088 1343898 528513 908757 5916 900639 688440
leaf_count=4726430 564837 68104 139997 1216119 107894 575856 13575 1181160 81383 1804471 1477081 202256 1406408 100078 242813 389638 947424 295262 727488 9846 604231 971296 84782 4088 1343898 528513 908757 5916 900639 688440
internal_value=-0.00918619 -0.019024 0.00304723 -0.0153291 0.00701629 -0.00289894 0.00605163 0.00634032 -0.000400936 -0.0175856 0.00642711 0.0123456 -0.00544731 -0.0111425 -0.0160899 -0.0114582 -0.0187893 0.00713387 0.00811356 -0.00173659 0.0108438 -0.00996962 -0.0167075 -0.0164754 -0.00136126 0.00570555 -0.0162067 -0.0150062 -0.0151206 0.00635832
internal_weight=2.23187e+07 1.23706e+07 9.94812e+06 7.64412e+06 5.9659e+06 3.98223e+06 5.05152e+06 4.91152e+06 2.01098e+06 4.96699e+06 4.89794e+06 914381 1.97124e+06 2.67713e+06 2.2151e+06 2.57705e+06 2.7519e+06 3.71678e+06 2.20457e+06 1.43513e+06 712125 1.36093e+06 1.97229e+06 1.90418e+06 1.35374e+06 1.51222e+06 1.8194e+06 910643 906555 1.21695e+06
internal_count=22318680 12370555 9948125 7644125 5965897 3982228 5051516 4911519 2010983 4966994 4897944 914381 1971245 2677131 2215099 2577053 2751895 3716784 2204569 1435127 712125 1360934 1972286 1904182 1353744 1512215 1819400 910643 906555 1216953
cat_boundaries=0 1 2 3 83 162 163 240 320
cat_threshold=2 39 15 131072 0 8192 0 65536 0 268435456 0 0 134217728 131072 0 16777216 2147483776 4194304 0 0 262400 0 0 67108864 8 0 0 144 8388608 0 512 0 536870912 0 0 0 0 0 0 0 0 0 0 0 1073741824 0 0 33554432 0 0 0 0 0 0 0 0 0 0 0 0 0 0 0 0 0 536870912 524288 0 128 2147483648 0 0 0 128 2 16777216 16384 32 0 0 0 256 2 0 536870944 262208 0 0 0 0 0 256 0 2048 0 0 0 2048 0 1048576 2097152 0 1 0 0 2147483650 0 0 0 0 0 1073742336 1048576 16 0 0 0 0 16384 512 0 67108864 1073741824 0 0 134217732 8388608 0 0 0 0 0 0 0 0 0 0 0 0 0 0 0 0 0 0 0 8 16384 0 538968576 0 0 0 0 1048576 131072 0 0 4194304 0 0 262144 134217730 8 4608 0 0 1073741824 0 16 0 0 0 0 0 0 1048576 0 0 0 131072 0 0 128 134217728 131072 0 268435456 0 0 1073741824 16 0 32768 0 2 0 8388608 256 0 67108864 2147483648 0 8192 0 33554464 0 0 0 0 0 0 0 0 0 0 0 0 0 0 0 0 0 0 0 0 16 131072 0 0 0 0 0 262144 0 33554432 0 0 2097154 34078850 0 0 0 0 2147500032 1048576 0 16777216 0 2 0 0 0 0 0 0 0 134283264 0 128 0 0 0 0 65536 64 0 33554496 0 8 68 0 0 32 8192 0 1073741824 134217728 0 0 32768 16777344 1 0 33280 0 0 0 0 0 0 0 0 0 0 0 0 0 0 0 0 0 0 0 0 4096 128 0 0 0 0 134217728 1073741824 0 8192 1024 0 0 0 16
is_linear=0
shrinkage=0.05


Tree=18
num_leaves=31
num_cat=10
split_feature=20 16 20 20 20 20 17 19 1 6 6 19 19 20 5 20 20 0 20 6 17 19 6 0 0 0 0 0 9 0
split_gain=1.06857e+06 109255 92056.3 28890.3 11708.9 8901.29 6696.2 3728.53 3571.72 3279.79 2770.25 2749.58 2745.68 2556.27 2548.62 2333.64 2177.9 1916.02 1448.47 1290.24 1210.39 1200.85 1190.35 1183.99 1175.86 1089.05 1171.57 1002.67 995.318 990.027
threshold=0.48217773437500006 1.0000000180025095e-35 1.0537109375000002 0.23211669921875003 7.9824218750000009 0.73217773437500011 1.0000000180025095e-35 0.35705566406250006 0 2.5000000000000004 2.5000000000000004 0.92846679687500011 0.21423339843750003 0.33935546875000006 1 0.12496948242187501 2.8037109375000004 2 1.4106445312500002 2.5000000000000004 10.500000000000002 0.21423339843750003 2.5000000000000004 3 4 5 6 7 8 9
decision_type=2 10 2 2 2 2 2 2 1 2 2 2 2 2 1 2 2 9 2 2 2 2 2 9 9 9 9 9 9 9
left_child=1 -1 5 8 6 10 7 27 12 -7 -2 13 23 -5 16 -10 -8 -6 -16 -15 -19 -11 -18 -3 -25 -26 -27 -4 -23 -28
right_child=2 3 4 11 17 9 14 -9 15 21 -12 -13 -14 19 18 -17 22 20 -20 -21 -22 28 -24 24 25 26 29 -29 -30 -31
leaf_value=0 0 0 0.21587500000000001 0 0.42844087352485993 0.019860715922910933 0.021079903370699756 0.019860715922910933 0 0 0 0 0 0 0.019860715922910933 0 0.11163556067788104 0.14721227387109539 0.032358615144542614 0 0.35266551767359056 0 0.07411358512318747 0 0.12960059265771284 0.033538052867989075 0.042257099960937503 0 0 0
leaf_weight=4726430 564837 68104 4308 1216119 96272 528189 1595145 1277154 1804471 76646 1406408 100078 242813 389638 336540 947424 444111 208332 1365985 971296 240270 9005 428091 84782 3962 5757 5515 136744 1230088 1804166
leaf_count=4726430 564837 68104 4308 1216119 96272 528189 1595145 1277154 1804471 76646 1406408 100078 242813 389638 336540 947424 444111 208332 1365985 971296 240270 9005 428091 84782 3962 5757 5515 136744 1230088 1804166
internal_value=-0.00921326 -0.0190242 0.00298675 -0.0153294 0.00678032 -0.00311148 0.00609813 0.00313026 -0.0175861 -0.000614368 -0.00544731 -0.0111425 -0.016091 -0.0114582 0.00710752 -0.0187893 0.00813438 0.0137768 0.00561928 -0.00996962 0.0124021 -0.00195044 0.0101433 -0.0167088 -0.0164767 -0.0162081 -0.0162653 -0.00458413 -0.00157476 -0.016337
internal_weight=2.23187e+07 1.23706e+07 9.94812e+06 7.64412e+06 6.13295e+06 3.81517e+06 5.58808e+06 1.41821e+06 4.96699e+06 1.84393e+06 1.97124e+06 2.67713e+06 2.2151e+06 2.57705e+06 4.16987e+06 2.7519e+06 2.46735e+06 544874 1.70252e+06 1.36093e+06 448602 1.31574e+06 872202 1.97229e+06 1.90418e+06 1.8194e+06 1.81544e+06 141052 1.23909e+06 1.80968e+06
internal_count=22318680 12370555 9948125 7644125 6132952 3815173 5588078 1418206 4966994 1843928 1971245 2677131 2215099 2577053 4169872 2751895 2467347 544874 1702525 1360934 448602 1315739 872202 1972286 1904182 1819400 1815438 141052 1239093 1809681
cat_boundaries=0 1 2 80 160 239 318 398 477 478 556
cat_threshold=39 15 0 0 0 0 0 64 0 1024 0 0 0 0 134217728 0 1024 0 0 131072 0 0 0 1048576 32896 2048 0 0 0 1073743873 0 0 536870914 512 0 0 8388608 0 1073774592 49152 0 0 1 8192 2097152 0 0 0 0 0 0 0 0 0 0 0 0 0 0 0 0 0 0 0 0 0 0 0 0 0 0 0 0 134217729 0 0 8388608 2097154 33554560 4194306 131072 0 8192 0 65536 0 268435456 0 0 134217728 131072 0 16777216 2147483776 4194304 0 0 262400 0 0 67108864 8 0 0 144 8388608 0 512 0 536870912 0 0 0 0 0 0 0 0 0 0 0 1073741824 0 0 33554432 0 0 0 0 0 0 0 0 0 0 0 0 0 0 0 0 0 536870912 524288 0 128 2147483648 0 0 0 128 2 16777216 16384 32 0 0 0 256 2 0 536870944 262208 0 0 0 0 0 256 0 2048 0 0 0 2048 0 1048576 2097152 0 1 0 0 2147483650 0 0 0 0 0 1073742336 1048576 16 0 0 0 0 16384 512 0 67108864 1073741824 0 0 134217732 8388608 0 0 0 0 0 0 0 0 0 0 0 0 0 0 0 0 0 0 0 8 16384 0 538968576 0 0 0 0 1048576 131072 0 0 4194304 0 0 262144 8 4608 0 0 1073741824 0 16 0 0 0 0 0 0 1048576 0 0 0 131072 0 0 128 0 131072 4096 0 16384 0 1073741824 16 0 32768 0 2 0 8388608 64 0 67108864 2147483648 0 8192 8 33554464 0 0 0 0 0 0 0 0 0 0 0 0 0 0 0 0 0 0 0 0 16 0 0 0 0 0 0 262144 0 33554432 0 0 67108866 34078722 0 1024 0 0 0 0 16384 1048576 0 16777216 0 2 0 0 0 0 0 0 0 134742016 0 128 0 0 0 0 65536 64 0 33554496 0 8 64 0 0 32 0 0 1073741824 134217728 2048 0 32768 16777344 1 0 33280 0 0 0 0 0 0 0 0 0 0 0 0 0 0 0 0 0 0 0 1073741824 16384 128 0 0 0 0 0 1610612736 0 8192 0 128 0 64 16 0 0 0 0 0 0 0 0 0 0 0 0 0 0 0 1024 2 131072 512 0 0 1208025088 0 4096 0 24576 16 32 16 0 0 8388608 0 0 32768 0 0 0 0 0 8192 71303178 100663296 4456448 8388608 0 0 0 0 0 0 0 0 0 0 0 0 0 0 0 0 0 0 0 0 268451840 0 0 0 0 0 0 1073741824 0 0 2097152 524288 0 3072 134217730 0 0 0 2050 2147483648 0 0 0 0 0 0 16384 0 0 0 0 0 536936448 0 4096 32 0 0 128 0 0 0 0 16777344 131072 16777216 8192 0 0 8192 134217730 2 0 0 33554432 0 0 0 0 0 0 0 0 0 0 0 0 0 0 0 0 0 0 0 0 0 0 0 0 8388608 285212928 0 512 0 0 32 134217728 524800 256 0 132096 0 64
is_linear=0
shrinkage=0.05


Tree=19
num_leaves=31
num_cat=10
split_feature=20 16 20 20 19 20 17 9 19 1 6 6 19 19 20 5 20 20 20 9 6 20 0 19 0 0 6 0 0 9
split_gain=1.0574e+06 109247 88602.8 28894.9 10379.4 8901.29 6685.96 4308.92 3575.16 3568.67 3279.79 2770.25 2749.58 2746.94 2556.27 2544.88 2333.64 2175.83 1862.23 1668.56 1290.24 1271.43 1270.84 1200.85 1183.52 1175.32 1160.28 1058.6 1208.86 995.318
threshold=0.48217773437500006 1.0000000180025095e-35 1.0537109375000002 0.23211669921875003 8.7851562500000018 0.73217773437500011 1.0000000180025095e-35 0 0.35705566406250006 1 2.5000000000000004 2.5000000000000004 0.92846679687500011 0.21423339843750003 0.33935546875000006 2 0.12496948242187501 2.8398437500000004 16.343750000000004 3 2.5000000000000004 1.4106445312500002 4 0.21423339843750003 5 6 2.5000000000000004 7 8 9
decision_type=2 10 2 2 2 2 2 9 2 1 2 2 2 2 2 1 2 2 2 9 2 2 9 2 9 9 2 9 9 9
left_child=1 -1 5 9 6 11 8 -8 22 13 -7 -2 14 24 -5 17 -11 -9 -6 -10 -16 -17 -4 -12 -3 -26 -19 -27 -29 -25
right_child=2 3 4 12 18 10 7 15 19 16 23 -13 -14 -15 20 21 -18 26 -20 -21 -22 -23 -24 29 25 27 -28 28 -30 -31
leaf_value=0 0 0 0.30508125000000003 0 0.18354766450203869 0.018867680126765388 -0.014262133467961586 0.020025908202164766 -0.0099042982429684637 0 0 0 0 0 0 0.018867680126765388 0 0.11068435127766377 0.68503224178991107 0.018979387745322186 0 0.030783522746031314 0 0 0 0.12867449509056503 0.071694743874972086 0.033422034925121018 0 0
leaf_weight=4726430 564837 68104 5621 1216119 331054 528189 21758 1608489 4993 1804471 76646 1406408 100078 242813 389638 333244 947424 447549 155465 1281820 971296 1370642 140410 9005 84782 3919 431907 5992 1809489 1230088
leaf_count=4726430 564837 68104 5621 1216119 331054 528189 21758 1608489 4993 1804471 76646 1406408 100078 242813 389638 333244 947424 447549 155465 1281820 971296 1370642 140410 9005 84782 3919 431907 5992 1809489 1230088
internal_value=-0.00926485 -0.0190244 0.00287127 -0.0153297 0.00659301 -0.00311148 0.00598922 0.00699254 0.00303875 -0.0175866 -0.000614368 -0.00544731 -0.0111425 -0.0160922 -0.0114582 0.00710773 -0.0187893 0.00812733 0.0136004 0.00388011 -0.00996962 0.00561892 -0.00437527 -0.00195044 -0.0167101 -0.016478 0.0101271 -0.0162095 -0.0162656 -0.00157476
internal_weight=2.23187e+07 1.23706e+07 9.94812e+06 7.64412e+06 6.13295e+06 3.81517e+06 5.64643e+06 4.21359e+06 1.43284e+06 4.96699e+06 1.84393e+06 1.97124e+06 2.67713e+06 2.2151e+06 2.57705e+06 4.19183e+06 2.7519e+06 2.48794e+06 486519 1.28681e+06 1.36093e+06 1.70389e+06 146031 1.31574e+06 1.97229e+06 1.90418e+06 879456 1.8194e+06 1.81548e+06 1.23909e+06
internal_count=22318680 12370555 9948125 7644125 6132952 3815173 5646433 4213589 1432844 4966994 1843928 1971245 2677131 2215099 2577053 4191831 2751895 2487945 486519 1286813 1360934 1703886 146031 1315739 1972286 1904182 879456 1819400 1815481 1239093
cat_boundaries=0 1 2 3 4 83 163 242 321 401 402
cat_threshold=134217730 39 15 2 0 0 0 0 0 0 0 0 0 0 0 0 134217728 0 0 1024 2 131072 512 0 0 1275068416 0 4096 0 24576 0 1073741856 16 0 0 8388608 0 0 32768 0 0 0 0 0 8192 71303178 33554464 262144 8392704 0 0 0 0 0 0 0 0 0 0 0 0 0 0 0 0 0 0 0 0 268451840 0 0 0 0 0 0 1073741824 0 0 2097152 524288 0 1024 131072 0 8192 0 65536 0 268435456 0 0 134217728 131072 0 16777216 2147483776 4194304 0 0 262400 0 0 67108864 8 0 0 144 8388608 0 512 0 536870912 0 0 0 0 0 0 0 0 0 0 0 1073741824 0 0 33554432 0 0 0 0 0 0 0 0 0 0 0 0 0 0 0 0 0 536870912 524288 0 128 2147483648 0 0 0 128 2 16777216 16384 32 0 0 0 256 2 0 536870944 262208 0 0 0 0 0 256 0 2048 0 0 0 2048 0 1048576 2097152 0 1 0 0 2147483650 0 0 0 0 0 1073742336 1048576 16 0 0 0 0 16384 512 0 67108864 1073741824 0 0 134217732 8388608 0 0 0 0 0 0 0 0 0 0 0 0 0 0 0 0 0 0 0 8 16384 0 538968576 0 0 0 0 1048576 131072 0 0 4194304 0 0 262144 8 4608 0 0 1073741824 0 16 0 0 0 0 0 0 1048576 0 0 0 131072 0 0 128 0 131072 4096 0 16384 0 1073741824 16 0 32768 0 2 0 8388608 64 0 0 2147483648 0 8192 8 33554464 0 0 0 0 0 0 0 0 0 0 0 0 0 0 0 0 0 0 0 0 16 0 0 0 0 0 0 262144 0 33554432 0 8192 67108866 34078848 0 1024 0 0 0 0 16384 1048576 0 16777216 0 2 0 0 0 0 0 0 0 134807552 0 128 0 0 0 0 65536 64 0 33554496 0 8 64 0 0 32 0 0 1073741824 134217728 2048 0 32768 16777344 1 0 33280 0 0 0 0 0 0 0 0 0 0 0 0 0 0 0 0 0 0 0 1073741824 16384 128 0 0 0 0 134217728 1610612736 0 0 0 0 0 64 16 134217730
is_linear=0
shrinkage=0.05


Tree=20
num_leaves=31
num_cat=10
split_feature=20 16 20 20 20 20 17 9 19 1 6 6 19 19 5 20 20 20 20 9 6 19 0 0 6 20 0 0 9 0
split_gain=1.04861e+06 109241 85915.6 28898.9 9423.4 8901.29 6326.16 4174.89 3634.71 3566.04 3279.79 2770.25 2749.58 2748.03 2706.71 2556.27 2333.64 1971.74 1822.98 1656.57 1290.24 1200.85 1183.11 1174.84 1098.67 1091.1 1064.41 1192.14 995.318 965.583
threshold=0.48217773437500006 1.0000000180025095e-35 1.0537109375000002 0.23211669921875003 8.2695312500000018 0.73217773437500011 1.0000000180025095e-35 0 0.35705566406250006 1 2.5000000000000004 2.5000000000000004 0.92846679687500011 0.21423339843750003 2 0.33935546875000006 0.12496948242187501 18.234375000000004 2.8037109375000004 3 2.5000000000000004 0.21423339843750003 4 5 2.5000000000000004 1.3750000000000002 6 7 8 9
decision_type=2 10 2 2 2 2 2 9 2 1 2 2 2 2 1 2 2 2 2 9 2 2 9 9 2 2 9 9 9 9
left_child=1 -1 5 9 6 11 8 -8 -4 13 -7 -2 15 22 18 -5 -11 29 -9 -10 -17 -12 -3 -24 -20 -16 -25 -28 -23 -6
right_child=2 3 4 12 17 10 7 14 19 16 21 -13 -14 -15 25 20 -18 -19 24 -21 -22 28 23 26 -26 -27 27 -29 -30 -31
leaf_value=0 0 0 0 0 0.23861668046847925 0.017924296120427115 -0.013549026794563507 0.019024612792056528 -0.0094090833308200419 0 0 0 0 0 0.017924296120427115 0 0 0.75078062970041559 0.10181174692671502 0.017918710739499279 0 0 0 0.12224077033603681 0.068110006681223495 0.02920150825001392 0.03105816656640625 0 0 0.16950048238529025
leaf_weight=4726430 564837 68104 141344 1216119 53757 528189 21441 1592492 4982 1804471 76646 1406408 100078 242813 303607 389638 947424 129824 451386 1274073 971296 9005 84782 4017 435244 1393619 5964 1809419 1230088 331183
leaf_count=4726430 564837 68104 141344 1216119 53757 528189 21441 1592492 4982 1804471 76646 1406408 100078 242813 303607 389638 947424 129824 451386 1274073 971296 9005 84782 4017 435244 1393619 5964 1809419 1230088 331183
internal_value=-0.0093057 -0.0190246 0.00277985 -0.01533 0.00644471 -0.00311148 0.00585145 0.00682742 0.00296711 -0.017587 -0.000614368 -0.00544731 -0.0111425 -0.0160932 0.0069404 -0.0114582 -0.0187893 0.0129196 0.00799366 0.00380791 -0.00996962 -0.00195044 -0.0167112 -0.0164792 0.0098108 0.00540187 -0.0162107 -0.0162676 -0.00157476 0.0111225
internal_weight=2.23187e+07 1.23706e+07 9.94812e+06 7.64412e+06 6.13295e+06 3.81517e+06 5.61819e+06 4.19779e+06 1.4204e+06 4.96699e+06 1.84393e+06 1.97124e+06 2.67713e+06 2.2151e+06 4.17635e+06 2.57705e+06 2.7519e+06 514764 2.47912e+06 1.27906e+06 1.36093e+06 1.31574e+06 1.97229e+06 1.90418e+06 886630 1.69723e+06 1.8194e+06 1.81538e+06 1.23909e+06 384940
internal_count=22318680 12370555 9948125 7644125 6132952 3815173 5618188 4197789 1420399 4966994 1843928 1971245 2677131 2215099 4176348 2577053 2751895 514764 2479122 1279055 1360934 1315739 1972286 1904182 886630 1697226 1819400 1815383 1239093 384940
cat_boundaries=0 1 2 3 4 84 163 242 322 323 401
cat_threshold=134217730 39 15 2 131072 0 8192 0 65536 0 268435456 0 0 134217728 131072 0 16777216 2147483776 4194304 0 0 262400 0 0 67108864 8 0 0 144 8388608 0 512 0 536870912 0 0 0 0 0 0 0 0 0 0 0 1073741824 0 0 33554432 0 0 0 0 0 0 0 0 0 0 0 0 0 0 0 0 0 536870912 524288 0 128 2147483648 0 0 0 128 2 16777216 16384 32 0 0 0 256 2 0 536870944 262208 0 0 0 0 0 256 0 2048 0 0 0 2048 0 1048576 2097152 0 1 0 0 2147483650 0 0 0 0 0 1073742336 1048576 16 0 0 0 0 16384 512 0 67108864 1073741824 0 0 134217732 8388608 0 0 0 0 0 0 0 0 0 0 0 0 0 0 0 0 0 0 0 8 16384 0 538968576 0 0 0 0 1048576 131072 0 0 4194304 0 0 262144 8 4608 0 0 1073741824 1048576 16 0 0 2 0 0 0 1048576 0 0 0 0 0 0 0 0 131072 4096 0 16384 0 1073741888 16 0 32768 0 2 0 8388608 64 0 0 2147483648 0 8192 8 32 0 0 0 0 0 0 0 0 0 0 0 0 0 0 0 0 0 0 0 0 16 0 0 0 0 0 0 262144 0 33554432 0 8192 67108866 34078848 0 1024 0 0 0 0 16384 0 0 16777216 0 0 0 0 0 0 0 0 0 134807552 0 128 0 0 0 0 65536 64 0 33554432 16777216 8 64 0 0 32 0 0 1073741824 134217728 2048 0 32768 16777344 1 0 33280 0 0 0 0 0 0 0 0 0 0 0 0 0 0 0 0 0 0 0 1073741824 16384 128 0 0 0 32 134217728 1610612736 0 0 0 0 0 64 16 134217730 1024 0 0 0 0 64 0 0 0 0 0 0 134219776 0 0 0 0 131072 0 0 0 1074790400 32896 0 0 0 256 1 2097152 0 536870912 512 0 16384 0 0 1073774592 16385 0 0 536870912 0 2097152 0 0 0 0 0 0 0 0 0 0 0 0 0 0 0 0 0 0 0 0 69632 0 16384 0 4194304 0 0 0 134217728 0 2147483648 8388608 2097152 128 4194306
is_linear=0
shrinkage=0.05


Tree=21
num_leaves=31
num_cat=9
split_feature=20 16 20 20 20 18 19 1 20 6 6 19 19 5 20 20 20 17 17 6 19 0 0 1 0 0 0 9 19 6
split_gain=1.04015e+06 109233 83358.2 28903.9 8901.29 8535.66 5780.67 3562.75 3366.12 3279.79 2770.25 2749.58 2749.39 2694.36 2556.27 2333.64 1778.67 1715.31 1303.94 1290.24 1200.85 1182.6 1174.25 1160.09 1048.82 1166.78 1033.37 995.318 961.295 940.518
threshold=0.48217773437500006 1.0000000180025095e-35 1.0537109375000002 0.23211669921875003 0.73217773437500011 5.5000000000000009 0.35705566406250006 0 15.195312500000002 2.5000000000000004 2.5000000000000004 0.92846679687500011 0.21423339843750003 1 0.33935546875000006 0.12496948242187501 1.3750000000000002 1.0000000180025095e-35 3.5000000000000004 2.5000000000000004 0.21423339843750003 2 3 4 5 6 7 8 2.2138671875000004 2.5000000000000004
decision_type=2 10 2 2 2 2 2 1 2 2 2 2 2 1 2 2 2 2 2 2 2 9 9 1 9 9 9 9 2 2
left_child=1 -1 4 7 10 6 26 12 18 -6 -2 14 21 17 -5 -9 -15 -8 -7 -16 -11 -3 -23 -19 -24 -26 -4 -22 -18 -20
right_child=2 3 5 11 9 8 13 15 -10 20 -12 -13 -14 16 19 -17 28 23 29 -21 27 22 24 -25 25 -27 -28 -29 -30 -31
leaf_value=0 0 0 0.26893223793178261 0 0.017028081314405759 0.047785150318767823 0.017134482821081116 0 0.56324159821539466 0 0 0 0 0.017028081314405759 0 0 0.014325715498874758 0.039764879494948481 0.14875802555675249 0 0 0 0.1092355559991203 0.016854194704664881 0.030306218810363519 0 0 0 0.031156715785169476 0.090549698994777661
leaf_weight=4726430 564837 68104 5100 1216119 528189 345140 597284 1804471 172126 76646 1406408 100078 242813 514646 389638 947424 739061 1280209 245675 971296 9005 84782 4027 820511 5872 1809501 146279 1230088 897710 369211
leaf_count=4726430 564837 68104 5100 1216119 528189 345140 597284 1804471 172126 76646 1406408 100078 242813 514646 389638 947424 739061 1280209 245675 971296 9005 84782 4027 820511 5872 1809501 146279 1230088 897710 369211
internal_value=-0.0093452 -0.0190248 0.0026915 -0.0153304 -0.00311148 0.00630141 0.00541387 -0.0175876 0.0102217 -0.000614368 -0.00544731 -0.0111425 -0.0160944 0.00571422 -0.0114582 -0.0187893 0.00439433 0.00676668 0.00906731 -0.00996962 -0.00195044 -0.0167126 -0.0164806 0.00743895 -0.0162122 -0.0162688 -0.00420782 -0.00157476 0.0052005 0.0104479
internal_weight=2.23187e+07 1.23706e+07 9.94812e+06 7.64412e+06 3.81517e+06 6.13295e+06 5.0008e+06 4.96699e+06 1.13215e+06 1.84393e+06 1.97124e+06 2.67713e+06 2.2151e+06 4.84942e+06 2.57705e+06 2.7519e+06 2.15142e+06 2.698e+06 960026 1.36093e+06 1.31574e+06 1.97229e+06 1.90418e+06 2.10072e+06 1.8194e+06 1.81537e+06 151379 1.23909e+06 1.63677e+06 614886
internal_count=22318680 12370555 9948125 7644125 3815173 6132952 5000800 4966994 1132152 1843928 1971245 2677131 2215099 4849421 2577053 2751895 2151417 2698004 960026 1360934 1315739 1972286 1904182 2100720 1819400 1815373 151379 1239093 1636771 614886
cat_boundaries=0 1 2 82 161 162 241 321 400 401
cat_threshold=39 15 131072 0 8192 0 65536 0 268435456 0 0 134217728 131072 0 16777216 2147483776 4194304 0 0 262400 0 0 67108864 8 0 0 144 8388608 0 512 0 536870912 0 0 0 0 0 0 0 0 0 0 0 1073741824 0 0 33554432 0 0 0 0 0 0 0 0 0 0 0 0 0 0 0 0 0 536870912 524288 0 128 2147483648 0 0 0 128 2 16777216 16384 32 0 0 0 256 2 0 536870944 262208 0 0 0 0 0 256 0 2048 0 0 0 2048 0 1048576 2097152 0 1 0 0 2147483650 0 0 0 0 0 1073742336 1048576 16 0 0 0 0 16384 512 0 67108864 1073741824 0 0 134217732 8388608 0 0 0 0 0 0 0 0 0 0 0 0 0 0 0 0 0 0 0 8 16384 0 538968576 0 0 0 0 1048576 131072 0 0 4194304 0 0 262144 36 8 4096 0 0 1073741824 1048576 16 0 0 0 0 0 0 1048576 0 0 0 0 0 128 0 0 131072 4096 0 16384 0 1073741888 16 0 32832 0 2 0 8388608 64 0 0 2147483648 0 40960 8 32 0 0 0 0 0 0 0 0 0 0 0 0 0 0 0 0 0 0 0 0 16 0 0 0 0 0 0 262144 0 33554432 0 8192 67108866 33554560 0 1024 0 0 0 0 16384 0 0 16777216 0 0 0 0 0 0 0 0 0 134807552 0 0 0 0 0 0 65536 64 0 33554432 16777216 8 0 0 0 32 8192 134217728 1073741824 134217728 2048 0 0 16777344 1 0 33280 0 0 0 0 0 0 0 0 0 0 0 0 0 0 0 0 0 0 0 1082130432 16384 128 0 0 0 32 134217728 1610612736 0 0 0 524288 0 64 16 0 0 0 0 0 0 0 0 0 0 0 0 134217728 0 0 1024 2 0 512 0 0 1140916224 0 4096 0 24576 16 1073741824 0 0 0 8388608 0 0 32768 0 0 0 0 0 8192 71303178 100663328 4456448 4096 0 0 0 0 0 0 0 0 0 0 0 0 0 0 0 0 0 0 0 0 268451840 8 0 8388608 0 0 0 0 134217728 0 0 0 0 2048 134217730
is_linear=0
shrinkage=0.05


Tree=22
num_leaves=31
num_cat=8
split_feature=20 16 20 20 19 20 19 9 1 20 19 6 20 20 6 19 6 16 16 6 20 0 0 1 6 0 0 19 0 16
split_gain=1.01559e+06 100650 88141 23588.4 9270.41 8668.61 5720.76 5166.06 3546.9 3395.62 3093.66 3030.01 2780.3 2736.88 2734.16 2114.41 1855.38 1578.38 1553.41 1286.05 1264.19 1179.56 1171.02 1169.31 1166.92 1106.43 1076.82 1066.49 1064.47 936.984
threshold=0.44641113281250006 1.0000000180025095e-35 0.98217773437500011 0.19641113281250003 4.6425781250000009 0.69653320312500011 0.35705566406250006 0 1 17.304687500000004 0.78564453125000011 2.5000000000000004 0.30358886718750006 1.2319335937500002 2.5000000000000004 0.21423339843750003 2.5000000000000004 0.76000976562500011 2.9501953125000004 2.5000000000000004 0.089263916015625014 2 3 4 2.5000000000000004 5 6 0.21423339843750003 7 2.9853515625000004
decision_type=2 10 2 2 2 2 2 9 1 2 2 2 2 2 2 2 2 10 10 2 2 9 9 1 2 9 9 2 9 10
left_child=1 -1 5 8 6 14 28 -8 15 17 12 -7 -5 16 -2 21 -9 -6 23 -19 -10 -3 -23 -15 -14 -24 -27 -13 -4 -28
right_child=2 3 4 10 9 11 7 13 20 -11 -12 27 24 18 -16 -17 -18 19 -20 -21 -22 22 25 -25 -26 26 29 -29 -30 -31
leaf_value=0 0 0.10135000734302396 0.28717432560341088 0 0.05162170859179635 0.016176677248685468 -0.0099190887262774682 0.016011484969431639 0 0.63507951830462495 0 0 0 0.032153562836540583 0 0 0.016176677248685468 0.1546536237944777 0.016347246515770759 0.078416193334737691 0 0.03096144394921875 0 0.016011484969431639 0 0 0 0 0 0
leaf_weight=4726430 586412 4536 5472 1278922 143510 499434 14304 300096 1454990 141502 156597 81075 397074 347845 1460278 165785 747236 270256 1868774 672590 995594 5583 66567 1793882 991622 81100 865803 1162553 177878 854980
leaf_count=4726430 586412 4536 5472 1278922 143510 499434 14304 300096 1454990 141502 156597 81075 397074 347845 1460278 165785 747236 270256 1868774 672590 995594 5583 66567 1793882 991622 81100 865803 1162553 177878 854980
internal_value=-0.00946253 -0.0193124 0.00208685 -0.0156396 0.00562775 -0.00397077 0.00471388 0.00502752 -0.0178896 0.00953934 -0.0120587 -0.00137953 -0.0124596 0.00511239 -0.00617761 -0.0163512 0.0028364 0.00859037 0.00570677 0.00933392 -0.0191728 -0.016829 -0.0168906 0.00478757 -0.0109105 -0.0169589 -0.0167247 -0.00270061 -0.00396264 -0.016459
internal_weight=2.23187e+07 1.20456e+07 1.02731e+07 7.31915e+06 6.48334e+06 3.78975e+06 5.25549e+06 5.07214e+06 4.49494e+06 1.22786e+06 2.82422e+06 1.74306e+06 2.66762e+06 5.05783e+06 2.04669e+06 2.04435e+06 1.04733e+06 1.08636e+06 4.0105e+06 942846 2.45058e+06 1.87857e+06 1.87403e+06 2.14173e+06 1.3887e+06 1.86845e+06 1.80188e+06 1.24363e+06 183350 1.72078e+06
internal_count=22318680 12045583 10273097 7319153 6483345 3789752 5255487 5072137 4494938 1227858 2824215 1743062 2667618 5057833 2046690 2044354 1047332 1086356 4010501 942846 2450584 1878569 1874033 2141727 1388696 1868450 1801883 1243628 183350 1720783
cat_boundaries=0 1 2 81 161 162 242 321 400
cat_threshold=2 39 8 4096 0 0 1073758208 1048576 16 0 0 0 0 0 0 1048576 0 0 0 524288 0 128 0 0 0 4096 0 16448 0 1073741888 16 0 0 0 2 0 8388608 0 0 0 2147485696 0 8192 8 32 0 512 0 0 0 0 0 0 0 0 0 0 0 0 0 0 0 0 0 0 16 0 0 0 0 0 0 262144 0 1107296256 0 0 67108866 33554560 0 1024 0 0 0 2 0 0 0 16777216 0 0 0 16384 0 0 0 0 0 134283264 0 0 32 0 131072 0 65536 0 0 33554432 16777216 8 64 0 0 32 0 0 1073741824 134217728 0 0 32768 16777344 1 0 32768 0 0 0 0 0 0 0 0 0 0 0 0 0 0 0 0 0 0 0 1082130432 16384 128 0 0 0 0 134217728 536870912 256 8192 1024 524288 0 64 16 32 0 0 8192 0 65536 0 268435456 0 0 134217728 131072 0 16777216 2147483776 4194304 0 0 262400 0 1 67108864 8 0 0 144 8388608 0 512 0 536870912 0 0 0 0 0 0 0 0 0 0 0 1073741824 0 0 33554432 0 0 0 0 0 0 0 0 0 0 0 0 0 0 0 0 0 536870912 524288 0 128 2147483648 0 0 0 128 2 16908288 0 32 0 0 0 256 2 131072 536870944 262208 0 0 0 0 0 256 0 2048 0 0 0 2048 0 1048576 0 0 0 0 0 2147483648 0 0 0 0 0 1073742336 1048576 16 0 0 0 524288 16384 512 0 67108864 0 0 0 134217732 0 0 0 0 0 0 0 0 0 0 0 0 0 0 0 0 0 0 0 0 8 16793600 0 538968576 0 0 0 0 1048576 134217728 8404992 0 4194304 0 0 262144 0 0 0 0 0 0 0 1024 0 0 0 0 134217728 0 0 1024 2 131072 512 0 0 1140850688 0 4096 0 1064960 0 1073741824 0 0 0 8388608 0 0 32768 0 0 0 0 0 8192 71303178 33554464 4456448 4096 0 0 0 0 0 0 0 0 0 0 0 0 0 0 0 0 0 0 0 0 268451840 0 0 0 0 0 0 33554432 134217728 0 0 524416 0 1024
is_linear=0
shrinkage=0.05


Tree=23
num_leaves=31
num_cat=12
split_feature=20 16 20 20 19 20 19 9 1 6 19 20 19 18 6 19 0 5 0 20 6 0 0 0 0 19 20 0 0 0
split_gain=1.00225e+06 100638 84128.2 23595.4 9336.04 7403.98 6542.36 4367.47 3542.1 3095.88 3093.66 2780.3 2545.87 2503.24 2311.06 2115.9 1957.36 1311.45 1281.69 1264.19 1166.92 1146.25 1127.25 1100.19 1072.61 1061.21 1007.5 959.38 996.138 927.97
threshold=0.44641113281250006 1.0000000180025095e-35 0.94653320312500011 0.19641113281250003 9.0703125000000018 0.66088867187500011 0.92846679687500011 0 1 2.5000000000000004 0.78564453125000011 0.30358886718750006 0.21423339843750003 1.5000000000000002 2.5000000000000004 0.21423339843750003 2 3 4 0.089263916015625014 2.5000000000000004 5 6 7 8 0.21423339843750003 2.4462890625000004 9 10 11
decision_type=2 10 2 2 2 2 2 9 1 2 2 2 2 2 2 2 9 1 9 2 2 9 9 9 9 2 2 9 9 9
left_child=1 -1 5 8 6 14 12 -8 15 -7 11 -5 21 -9 -2 18 -6 26 -3 29 -13 -4 -20 -24 -25 -11 -15 -26 -29 -10
right_child=2 3 4 10 16 9 7 13 19 25 -12 20 -14 17 -16 -17 -18 -19 22 -21 -22 -23 23 24 27 -27 -28 28 -30 -31
leaf_value=0 0 0.073537987613082278 0.26413250939846833 0 0.42597774069574285 0.015367843386251197 -0.012655931303559163 0.014947360684511102 0.050000000000000003 0 0 0 0.014065376481445881 0.015533092578002722 0 0 0.20220925197798306 0.022963342291524233 0 0 0 0 0 0.033151852759983912 0.034916864804687496 0 0.064256963327876351 0.045565547656250004 0 0
leaf_weight=4726430 512867 5144 5270 1278922 94332 519608 29560 2308138 3842 91842 156597 397074 730125 845376 1276808 165785 368119 1159836 66567 995594 991622 141053 81100 5475 5586 1202925 987238 6410 1708287 1451148
leaf_count=4726430 512867 5144 5270 1278922 94332 519608 29560 2308138 3842 91842 156597 397074 730125 845376 1276808 165785 368119 1159836 66567 995594 991622 141053 81100 5475 5586 1202925 987238 6410 1708287 1451148
internal_value=-0.00952778 -0.0193128 0.00194548 -0.0156402 0.00527172 -0.0042095 0.00476106 0.00541933 -0.0178905 -0.00195873 -0.0120587 -0.0124596 0.000757775 0.00552622 -0.00649133 -0.0163531 0.0121252 0.00648051 -0.016831 -0.0191728 -0.0109105 -0.00526182 -0.0168994 -0.0166637 -0.0163958 -0.00326713 0.00731328 -0.0164662 -0.0165336 -0.0201123
internal_weight=2.23187e+07 1.20456e+07 1.02731e+07 7.31915e+06 6.66905e+06 3.60405e+06 6.2066e+06 5.33015e+06 4.49494e+06 1.81438e+06 2.82422e+06 2.66762e+06 876448 5.30059e+06 1.78968e+06 2.04435e+06 462451 2.99245e+06 1.87857e+06 2.45058e+06 1.3887e+06 146323 1.87342e+06 1.80686e+06 1.72576e+06 1.29477e+06 1.83261e+06 1.72028e+06 1.7147e+06 1.45499e+06
internal_count=22318680 12045583 10273097 7319153 6669047 3604050 6206596 5330148 4494938 1814375 2824215 2667618 876448 5300588 1789675 2044354 462451 2992450 1878569 2450584 1388696 146323 1873425 1806858 1725758 1294767 1832614 1720283 1714697 1454990
cat_boundaries=0 1 2 79 80 159 237 317 396 476 554 632 727
cat_threshold=134217730 39 0 0 0 0 0 64 0 1040 0 0 0 0 134217728 0 1024 0 0 131072 512 0 0 1074790416 32896 0 0 0 0 1073741825 0 0 536870912 512 0 16384 8388608 0 1073774592 49152 0 0 0 8192 0 0 0 0 0 0 0 0 0 0 0 0 0 0 0 0 0 0 0 0 0 0 0 268435456 0 0 0 0 0 134217728 33554432 0 8388608 2097154 34078848 15 8 0 0 0 1073741824 1048576 0 0 0 0 0 0 0 1048576 0 0 0 524288 0 128 0 0 0 4096 0 16448 0 1107296320 16 8 64 0 0 0 8388608 0 0 0 2147485696 0 8192 128 32 0 512 0 0 0 0 0 0 0 0 0 0 0 0 0 0 0 0 0 0 16 1073741824 16384 0 0 0 0 262144 0 1107296256 0 0 67108864 33554560 0 1024 0 0 0 0 0 0 0 1024 0 0 0 0 134217728 0 0 1024 2 131072 4194304 2147483648 0 1140850688 0 4096 0 24576 0 1073741824 0 0 0 0 0 262144 32768 0 0 0 0 0 8192 71303178 33554464 4456448 4096 0 0 0 0 0 0 0 0 0 0 0 0 0 0 0 0 0 0 0 0 268435456 0 0 0 0 0 131072 524288 524288 0 2097152 0 64 0 0 8192 0 65536 0 268435456 0 0 134217728 131072 0 16777216 2147483776 4194304 0 0 262400 0 1 67108864 8 0 0 144 8388608 0 512 0 536870912 0 0 0 0 0 0 0 0 0 0 0 1073741824 0 0 33554432 0 0 0 0 0 0 0 0 0 0 0 0 0 0 0 0 0 536870912 524288 0 128 2147483648 0 0 0 128 2 16908288 0 32 0 0 0 256 2 131072 536870944 262208 0 0 0 0 0 256 0 2048 0 0 0 2048 0 1048576 0 0 0 0 0 2147483648 0 0 0 0 0 1073742336 1048576 16 0 0 0 524288 16384 512 0 67108864 0 0 0 134217732 0 0 0 0 0 0 0 0 0 0 0 0 0 0 0 0 0 0 0 0 8 16793600 0 538968576 0 0 0 0 1048576 134217728 8404992 0 4194304 0 0 262144 0 0 0 2 2147483648 0 0 16777216 0 0 0 16384 0 0 0 0 0 134283264 0 0 32 0 131072 0 65536 0 0 0 16777216 0 0 0 2 32 8192 2 1073741824 134217728 0 33554432 32768 16777216 1 0 32768 0 0 0 0 0 0 0 0 0 0 0 0 0 0 0 0 0 0 0 8388608 256 128 0 0 0 0 134217728 536870912 256 8192 1024 524288 0 64 16 0 256 0 2048 262400 0 16 0 0 0 0 32768 0 0 0 0 0 537001984 0 4096 0 0 64 160 0 2 0 131072 128 131072 16777216 8192 0 262144 0 0 2 0 0 8 1024 0 131072 512 0 0 0 0 0 0 0 0 0 0 0 0 0 0 0 0 0 0 0 0 0 285212672 0 0 0 512 32 0 524800 0 0 0 2 64 524288 4608 0 0 0 524288 0 128 0 512 72 0 0 0 0 0 8388608 0 0 4 0 0 512 0 0 1048576 8192 128 0 0 49152 0 4194304 0 1 192 0 128 0 0 0 0 33554432 0 0 0 0 0 0 0 0 0 0 0 0 0 0 0 0 0 0 0 0 0 0 536870912 0 541065744 524288 0 0 0 0 0 0 2228226 0 2 0 0 0 0 0 0 0 0 0 0 0 0 0 0 0 0 0 0 0 0 0 0 0 0 0 0 0 0 0 0 0 0 0 0 0 0 0 0 0 0 0 0 0 0 0 67110912 524416 2148532224 1073741824 692224 2048 570425344 0 524288 524288 2097152 8388640 403701760 0 0 0 0 0 0 0 0 0 0 0 0 0 0 0 0 0 0 0 0 0 0 131072 0 524288 131072 32 256 0 0 268435456 0 0 536871424 0 0 8404992
is_linear=0
shrinkage=0.05


Tree=24
num_leaves=31
num_cat=10
split_feature=20 16 20 20 17 20 20 19 1 6 19 20 9 6 19 18 9 20 0 20 0 6 0 0 19 0 6 16 0 0
split_gain=993024 100626 81459.9 23602.8 8261.07 7403.98 5616.98 4517.95 3537 3095.88 3093.66 2780.3 2421.16 2311.06 2117.48 1985.8 1678.88 1629.12 1314.3 1264.19 1248.33 1166.92 1125.62 1098.35 1061.21 1025.21 979.175 930.698 927.97 925.237
threshold=0.44641113281250006 1.0000000180025095e-35 0.94653320312500011 0.19641113281250003 1.5000000000000002 0.66088867187500011 12.554687500000002 0.35705566406250006 0 2.5000000000000004 0.78564453125000011 0.30358886718750006 1 2.5000000000000004 0.21423339843750003 3.5000000000000004 2 1.1606445312500002 3 0.089263916015625014 4 2.5000000000000004 5 6 0.21423339843750003 7 2.5000000000000004 2.9853515625000004 8 9
decision_type=2 10 2 2 2 2 2 2 1 2 2 2 9 2 2 2 9 2 9 2 9 2 9 9 2 9 2 10 9 9
left_child=1 -1 5 8 7 13 12 -4 14 -7 11 -5 -6 -2 18 -14 -9 26 -3 28 -8 -13 -20 -24 -11 -25 -18 29 -10 -27
right_child=2 3 4 10 6 9 20 16 19 24 -12 21 15 -15 -16 -17 17 -19 22 -21 -22 -23 23 25 -26 27 -28 -29 -30 -31
leaf_value=0 0 0.063569202482771273 0 0 -0.015235082207062191 0.014599451216938637 0.55401324341331237 -0.012023134738381205 0.047500000000000001 0 0 0 0.015839662799814466 0 0 0.060725862068279436 0.014620475352025642 0.013318008447220326 0 0 0.3017827279086896 0 0 0.040626396405952073 0 0 0.015438863719463809 0 0 0
leaf_weight=4726430 512867 5374 193116 1278922 16377 519608 72025 18675 3842 91842 156597 397074 2190056 1276808 165785 1256204 168661 2090271 66567 995594 170952 991622 81100 5312 1202925 51060 492710 854774 1451148 814382
leaf_count=4726430 512867 5374 193116 1278922 16377 519608 72025 18675 3842 91842 156597 397074 2190056 1276808 165785 1256204 168661 2090271 66567 995594 170952 991622 81100 5312 1202925 51060 492710 854774 1451148 814382
internal_value=-0.00957325 -0.0193131 0.00184708 -0.0156407 0.00512015 -0.0042095 0.00669386 0.00315232 -0.0178914 -0.00195873 -0.0120587 -0.0124596 0.00617819 -0.00649133 -0.0163551 0.00626933 0.00366777 0.00376917 -0.0168333 -0.0191728 0.0140426 -0.0109105 -0.016904 -0.0166684 -0.00326713 -0.0164008 0.00160632 -0.0164685 -0.0201123 -0.0153128
internal_weight=2.23187e+07 1.20456e+07 1.02731e+07 7.31915e+06 6.66905e+06 3.60405e+06 3.70561e+06 2.96343e+06 4.49494e+06 1.81438e+06 2.82422e+06 2.66762e+06 3.46264e+06 1.78968e+06 2.04435e+06 3.44626e+06 2.77032e+06 2.75164e+06 1.87857e+06 2.45058e+06 242977 1.3887e+06 1.8732e+06 1.80663e+06 1.29477e+06 1.72553e+06 661371 1.72022e+06 1.45499e+06 865442
internal_count=22318680 12045583 10273097 7319153 6669047 3604050 3705614 2963433 4494938 1814375 2824215 2667618 3462637 1789675 2044354 3446260 2770317 2751642 1878569 2450584 242977 1388696 1873195 1806628 1294767 1725528 661371 1720216 1454990 865442
cat_boundaries=0 1 2 3 82 159 239 318 398 493 572
cat_threshold=39 134217730 134217730 8 0 0 0 1073741824 1048576 0 0 0 0 0 0 0 1048576 0 0 0 524288 0 0 0 0 0 4096 65536 16448 0 1107296320 16 8 64 0 0 0 8388608 0 0 134217728 2147485696 0 8192 16777344 32 0 512 0 0 0 0 0 0 0 0 0 0 0 0 0 0 0 0 0 0 16 1073741824 16384 0 0 0 0 0 0 1107296256 0 0 0 128 0 1024 1024 0 0 0 0 0 0 0 0 0 0 0 134217728 0 0 0 0 131072 0 0 0 1074790416 32896 0 0 0 0 1073741825 0 0 536870914 512 0 16384 8388608 0 1073774592 49152 0 0 0 8192 2048 0 0 0 0 0 0 0 0 0 0 0 0 0 0 0 0 0 0 0 0 0 0 268435460 8 0 0 0 0 1 33554432 1024 8388608 2 34078848 0 0 8192 0 65536 0 268435456 0 0 134217728 131072 0 16777216 2147483776 4194304 0 0 262400 0 1 67108864 8 0 0 144 8388608 0 512 0 536870912 0 0 0 0 0 0 0 0 0 0 0 1073741824 0 0 33554432 0 0 0 0 0 0 0 0 0 0 0 0 0 0 0 0 0 536870912 524288 0 128 2147483648 0 0 0 128 2 16908288 0 32 0 0 0 256 2 131072 536870944 262208 0 0 0 0 0 256 0 2048 0 0 0 2048 0 1048576 0 0 0 0 0 2147483648 0 0 0 0 0 1073742336 1048576 16 0 0 0 524288 16384 512 0 67108864 0 0 0 134217732 0 0 0 0 0 0 0 0 0 0 0 0 0 0 0 0 0 0 0 0 8 16793600 0 538968576 0 0 0 0 1048576 134217728 8404992 0 4194304 0 0 262144 0 0 0 2 2147483648 0 0 16777216 0 0 0 16384 0 0 0 0 0 134414336 0 0 32 0 131072 0 0 0 0 0 16777216 0 0 0 2 32 8192 2 1073741826 0 0 33554432 32768 0 1 0 32768 0 0 0 0 0 0 0 0 0 0 0 0 0 0 0 0 0 0 0 8388608 256 128 0 0 0 0 134217728 537395200 256 0 67109888 524288 0 64 16 0 0 0 0 0 0 0 0 0 0 0 0 0 0 0 0 0 0 0 0 0 0 0 0 0 0 0 0 0 0 0 0 0 0 0 0 0 0 0 0 0 0 0 0 0 67110912 524416 2148532224 1073741824 692224 2048 570425344 0 524288 524288 2097152 8388640 403701760 0 0 0 0 0 0 0 0 0 0 0 0 0 0 0 0 0 0 0 0 0 0 131072 0 524288 131072 32 256 0 0 268435456 0 0 536871424 0 0 8404992 16 2147483648 16777728 18350080 4194304 0 18874368 0 0 2147483648 0 0 524288 0 0 0 0 0 0 0 0 0 2 671088640 0 134217728 16 0 2147484672 0 134217728 0 0 2097152 4 0 150994944 0 0 1074003968 0 0 0 8388608 0 0 0 0 0 0 0 0 0 0 0 0 0 0 0 0 0 0 0 0 0 0 0 0 18 0 0 0 4 0 4096 0 0 0 16777216
is_linear=0
shrinkage=0.05


Tree=25
num_leaves=31
num_cat=11
split_feature=20 16 20 20 20 20 19 1 20 6 19 20 5 6 19 20 1 6 20 0 0 6 0 0 19 16 0 0 0 9
split_gain=983454 100616 78726.4 23608.8 7933.7 7403.98 5634.64 3532.94 3176.37 3095.88 3093.66 2780.3 2563.45 2311.06 2118.75 2037.76 1634.99 1460.72 1264.19 1203.67 1187.54 1166.92 1102.35 1072.23 1061.21 943.876 927.97 926.567 1000.89 909.392
threshold=0.44641113281250006 1.0000000180025095e-35 0.94653320312500011 0.19641113281250003 4.8378906250000009 0.66088867187500011 0.35705566406250006 0 19.875000000000004 2.5000000000000004 0.78564453125000011 0.30358886718750006 1 2.5000000000000004 0.21423339843750003 1.2319335937500002 2 2.5000000000000004 0.089263916015625014 3 4 2.5000000000000004 5 6 0.21423339843750003 2.9853515625000004 7 8 9 10
decision_type=2 10 2 2 2 2 2 1 2 2 2 2 1 2 2 2 1 2 2 9 9 2 9 9 2 10 9 9 9 9
left_child=1 -1 5 7 6 13 -4 14 17 -7 11 -5 16 -2 19 -14 -8 -6 26 -3 -21 -13 -22 -24 -11 27 -9 -25 -29 -19
right_child=2 3 4 10 8 9 12 18 -10 24 -12 21 15 -15 -16 -17 -18 29 -20 20 22 -23 23 25 -26 -27 -28 28 -30 -31
leaf_value=0 0 0.060390742358632704 0 0 0.15242256178912353 0.013869478656091706 0.021452659069775559 0.045124999999999998 0.70366372265482335 0 0 0 0.013828492212034922 0 0 0.012194751280143851 0.013776618129286483 -0.049243440343522515 0 0.041908250592586564 0 0 0 0 0 0 0 0 0 0.075175656570259847
leaf_weight=4726430 512867 4883 184932 1278922 293402 519608 1798459 3842 109858 91842 156597 397074 522992 1276808 165785 1766147 1261817 5048 995594 5944 66567 991622 81100 51060 1202925 854325 1451148 56912 757778 726392
leaf_count=4726430 512867 4883 184932 1278922 293402 519608 1798459 3842 109858 91842 156597 397074 522992 1276808 165785 1766147 1261817 5048 995594 5944 66567 991622 81100 51060 1202925 854325 1451148 56912 757778 726392
internal_value=-0.00962057 -0.0193134 0.0017446 -0.0156412 0.00496228 -0.0042095 0.0041814 -0.0178921 0.00877091 -0.00195873 -0.0120587 -0.0124596 0.00447804 -0.00649133 -0.0163567 0.00321245 0.00542469 0.00790478 -0.0191728 -0.016835 -0.0168996 -0.0109105 -0.0169706 -0.0167367 -0.00326713 -0.0164715 -0.0201123 -0.0153081 -0.0148978 0.00670923
internal_weight=2.23187e+07 1.20456e+07 1.02731e+07 7.31915e+06 6.66905e+06 3.60405e+06 5.53435e+06 4.49494e+06 1.1347e+06 1.81438e+06 2.82422e+06 2.66762e+06 5.34942e+06 1.78968e+06 2.04435e+06 2.28914e+06 3.06028e+06 1.02484e+06 2.45058e+06 1.87857e+06 1.87369e+06 1.3887e+06 1.86774e+06 1.80118e+06 1.29477e+06 1.72008e+06 1.45499e+06 865750 814690 731440
internal_count=22318680 12045583 10273097 7319153 6669047 3604050 5534347 4494938 1134700 1814375 2824215 2667618 5349415 1789675 2044354 2289139 3060276 1024842 2450584 1878569 1873686 1388696 1867742 1801175 1294767 1720075 1454990 865750 814690 731440
cat_boundaries=0 1 2 3 82 162 242 321 416 495 574 575
cat_threshold=39 15 36 8 0 0 0 1073741824 1048576 0 0 0 0 0 0 0 1048576 0 0 0 134742016 0 0 0 0 0 4096 65536 16448 0 1107296320 16 8 64 0 0 0 8388608 0 0 134217728 2048 0 40960 16777216 33 0 512 0 0 0 0 0 0 0 0 0 0 0 0 0 0 0 0 0 0 16 1073741824 16384 0 0 0 0 0 0 1107296256 0 0 0 128 0 1024 0 0 0 2 2147483648 0 0 16777216 0 0 0 16384 0 0 0 0 0 196608 0 0 32 0 131072 0 0 0 0 0 16777216 0 0 0 2 32 8192 2 1073741826 0 2147483648 33554432 1024 0 0 0 32768 0 0 0 0 0 0 0 0 0 0 0 0 0 0 0 0 0 0 0 8388608 16777472 128 0 0 0 0 134217728 537395200 256 0 67109888 524288 0 64 16 0 0 8192 0 65536 0 268435456 0 0 134217728 131072 0 16777216 2147483776 4194304 0 0 262400 0 1 67108864 8 0 0 144 8388608 0 512 0 536870912 0 0 0 0 0 0 0 0 0 0 0 1073741824 0 0 33554432 0 0 0 0 0 0 0 0 0 0 0 0 0 0 0 0 0 536870912 524288 0 128 2147483648 0 0 0 128 2 16908288 0 32 0 0 0 256 2 131072 536870944 262208 0 0 0 0 0 256 0 2048 0 0 0 2048 0 1048576 0 0 0 0 0 2147483648 0 0 0 0 0 1073742336 1048576 16 0 0 0 524288 16384 512 0 67108864 0 0 0 134217732 0 0 0 0 0 0 0 0 0 0 0 0 0 0 0 0 0 0 0 0 8 16793600 0 538968576 0 0 0 0 1048576 134217728 8404992 0 4194304 0 0 262144 0 0 0 0 0 0 0 0 0 0 0 0 0 0 0 0 0 0 0 0 0 0 0 0 0 0 0 0 0 0 0 0 0 0 0 0 0 0 0 0 0 0 0 0 0 67110912 524416 2148532224 1073741824 692224 2048 570425344 0 524288 524288 2097152 8388640 403701760 0 0 0 0 0 0 0 0 0 0 0 0 0 0 0 0 0 0 0 0 0 0 131072 0 524288 131072 32 256 0 0 268435456 0 0 536871424 0 0 8404992 16 2147483648 16777728 18350080 4194304 0 18874368 0 0 2147483648 0 0 524288 0 0 0 0 0 0 0 0 0 2 671088640 0 134217728 16 0 2147484672 0 134217728 0 0 2097152 4 0 150994944 0 0 1074003968 0 0 0 8388608 0 0 0 0 0 0 0 0 0 0 0 0 0 0 0 0 0 0 0 0 0 0 0 0 18 0 0 0 4 0 4096 0 0 0 16777216 0 32768 2048 134250600 0 0 0 0 0 0 8192 0 0 524288 0 0 0 1024 0 2148007936 2147516416 4 0 0 0 4096 32768 2048 0 33554432 33554434 0 1024 8 0 2147483648 0 0 16 1048576 0 2048 16384 16384 0 0 0 0 0 0 0 0 0 0 0 0 0 0 0 0 0 0 0 0 0 131072 0 0 0 0 0 0 0 0 0 0 0 0 335544320 134217730
is_linear=0
shrinkage=0.05


Tree=26
num_leaves=31
num_cat=11
split_feature=20 16 20 20 17 20 19 19 1 6 19 20 6 9 19 5 9 0 20 20 1 6 0 0 16 19 0 0 0 6
split_gain=973918 100608 76037.3 23613.9 7512.78 7403.98 4948.94 4258.04 3529.44 3095.88 3093.66 2780.3 2311.06 2293.78 2119.84 1875.11 1624.26 1296.57 1285.83 1264.19 1173.85 1166.92 1149.5 1125.21 1075.05 1061.21 1023.45 987.272 1070.6 979.175
threshold=0.44641113281250006 1.0000000180025095e-35 0.94653320312500011 0.19641113281250003 1.5000000000000002 0.66088867187500011 12.214843750000002 0.35705566406250006 0 2.5000000000000004 0.78564453125000011 0.30358886718750006 2.5000000000000004 1 0.21423339843750003 2 3 4 1.1606445312500002 0.089263916015625014 5 2.5000000000000004 6 7 2.9853515625000004 0.21423339843750003 8 9 10 2.5000000000000004
decision_type=2 10 2 2 2 2 2 2 1 2 2 2 2 9 2 1 9 9 2 2 1 2 9 9 10 2 9 9 9 2
left_child=1 -1 5 8 7 12 13 -4 14 -7 11 -5 -2 -6 22 20 -9 -8 29 -10 -15 -13 -3 -24 27 -11 -22 -25 -29 -18
right_child=2 3 4 10 6 9 17 16 19 25 -12 21 -14 15 -16 -17 18 -19 -20 -21 26 -23 23 24 -26 -27 -28 28 -30 -31
leaf_value=0 0 0 0 0 -0.014718058208211282 0.013176004723287123 0.54112939510990565 -0.01211340261206389 0 0 0 0 0 0.04354142535261625 0 0.018749961735657461 0.012869177455051534 0.2530128266441149 0.011838293724338506 0 0.094172066644443025 0 0 0 0 0 0.014237755684258847 0 0 0.01397549592288887
leaf_weight=4726430 512867 66567 193116 1278922 16336 519608 73877 18675 1454990 91842 156597 397074 1276808 1321257 165785 1321586 168661 201417 2090271 995594 58153 991622 81100 51060 856547 1202925 712988 56912 766383 492710
leaf_count=4726430 512867 66567 193116 1278922 16336 519608 73877 18675 1454990 91842 156597 397074 1276808 1321257 165785 1321586 168661 201417 2090271 995594 58153 991622 81100 51060 856547 1202925 712988 56912 766383 492710
internal_value=-0.00966791 -0.0193136 0.00164202 -0.0156416 0.00480427 -0.0042095 0.00630501 0.00292768 -0.0178927 -0.00195873 -0.0120587 -0.0124596 -0.00649133 0.00578738 -0.0163581 0.00587681 0.00342808 0.0127551 0.00352783 -0.0191728 0.00680814 -0.0109105 -0.0168365 -0.016599 -0.016329 -0.00326713 0.00525769 -0.0150957 -0.0146765 0.00160632
internal_weight=2.23187e+07 1.20456e+07 1.02731e+07 7.31915e+06 6.66905e+06 3.60405e+06 3.70561e+06 2.96343e+06 4.49494e+06 1.81438e+06 2.82422e+06 2.66762e+06 1.78968e+06 3.43032e+06 2.04435e+06 3.41398e+06 2.77032e+06 275294 2.75164e+06 2.45058e+06 2.0924e+06 1.3887e+06 1.87857e+06 1.812e+06 1.7309e+06 1.29477e+06 771141 874355 823295 661371
internal_count=22318680 12045583 10273097 7319153 6669047 3604050 3705614 2963433 4494938 1814375 2824215 2667618 1789675 3430320 2044354 3413984 2770317 275294 2751642 2450584 2092398 1388696 1878569 1812002 1730902 1294767 771141 874355 823295 661371
cat_boundaries=0 1 2 3 4 81 82 162 241 331 410 489
cat_threshold=39 134217730 15 134217730 0 0 0 0 0 0 0 0 0 0 0 0 134219776 0 1024 0 0 0 512 0 0 1074790416 268435584 0 0 0 0 1073743873 0 0 536870912 512 0 16384 8388608 0 32768 49153 0 0 0 8192 0 0 0 0 0 0 0 0 0 0 0 0 0 0 0 0 0 0 0 0 0 0 0 268435460 8 0 0 0 0 134217729 33554432 1024 0 2097154 34078720 36 0 0 8192 0 65536 0 268435456 0 0 134217728 131072 0 16777216 2147483776 4194304 0 0 262400 0 1 67108864 8 0 0 144 8388608 0 512 0 536870912 0 0 0 0 0 0 0 0 0 0 0 1073741824 0 0 33554432 0 0 0 0 0 0 0 0 0 0 0 0 0 0 0 0 0 536870912 524288 0 128 2147483648 0 0 0 128 2 16908288 0 32 0 0 0 256 2 131072 536870944 262208 0 0 0 0 0 256 0 2048 0 0 0 2048 0 1048576 0 0 0 0 0 2147483648 0 0 0 0 0 1073742336 1048576 16 0 0 0 524288 16384 512 0 67108864 0 0 0 134217732 0 0 0 0 0 0 0 0 0 0 0 0 0 0 0 0 0 0 0 0 8 16793600 0 538968576 0 0 0 0 1048576 134217728 8404992 0 4194304 0 0 262144 66560 0 524288 2 1073741824 64 4194320 69207056 0 0 512 0 134219776 2147483648 1024 134218752 135266306 131072 640 0 0 0 0 0 0 0 0 0 0 0 0 0 0 0 0 0 0 0 0 0 0 0 0 0 0 0 0 0 0 4194304 0 0 4096 0 8388608 4194304 0 0 0 0 0 0 0 0 0 0 0 0 0 0 0 0 0 0 0 0 0 0 0 0 131072 0 0 0 0 0 0 0 0 524288 16 2147483648 16777728 18350080 4194304 0 18874368 0 0 2147483648 0 0 524288 0 0 0 0 0 0 0 0 0 2 671088640 0 134217728 16 0 2147484672 0 134217728 0 0 2097152 4 0 150994944 0 0 1074003968 0 0 0 8388608 0 0 0 0 0 0 0 0 0 0 0 0 0 0 0 0 0 0 0 0 0 0 0 0 18 0 0 0 4 0 4096 0 0 0 16777216 0 32768 2048 134250600 0 0 0 0 0 0 8192 0 0 524288 0 0 0 1024 0 2148007936 2147516416 4 0 0 0 4096 32768 2048 0 33554432 33554434 0 1024 8 0 2147483648 0 0 16 1048576 0 2048 16384 16384 0 0 0 0 0 0 0 0 0 0 0 0 0 0 0 0 0 0 0 0 0 131072 0 0 0 0 0 0 0 0 0 0 0 0 335544320
is_linear=0
shrinkage=0.05


Tree=27
num_leaves=31
num_cat=9
split_feature=20 16 20 20 20 17 19 19 1 6 19 20 6 5 19 20 9 20 20 6 0 0 16 19 0 0 6 9 0 16
split_gain=968873 100608 74631.2 23613.9 7403.98 6997.42 4616.8 4236.45 3529.44 3095.88 3093.66 2780.3 2311.06 2142.77 2119.84 1336.6 1314.98 1264.19 1246.66 1166.92 1149.5 1125.21 1075.05 1061.21 987.272 1070.6 979.175 932.371 927.97 918.837
threshold=0.44641113281250006 1.0000000180025095e-35 0.94653320312500011 0.19641113281250003 0.66088867187500011 1.5000000000000002 17.500000000000004 0.35705566406250006 0 2.5000000000000004 0.78564453125000011 0.30358886718750006 2.5000000000000004 1 0.21423339843750003 7.4121093750000009 2 0.089263916015625014 1.1606445312500002 2.5000000000000004 3 4 2.9853515625000004 0.21423339843750003 5 6 2.5000000000000004 7 8 2.9501953125000004
decision_type=2 10 2 2 2 2 2 2 1 2 2 2 2 1 2 2 9 2 2 2 9 9 10 2 9 9 2 9 9 10
left_child=1 -1 4 8 12 7 13 -4 14 -6 11 -5 -2 15 20 -7 -9 28 26 -13 -3 -22 24 -11 -23 -26 -18 -15 -10 -20
right_child=2 3 5 10 9 6 -8 16 17 23 -12 19 -14 27 -16 -17 18 -19 29 -21 21 22 -24 -25 25 -27 -28 -29 -30 -31
leaf_value=0 0 0 0 0 0.012517204487122763 0.031363348906073431 0.5140729253544104 -0.011507732481460696 0.042868750000000004 0 0 0 0 -0.015406422924684927 0 0.15946017765975562 0.012225718582298956 0 0.01095158394672658 0 0 0 0 0 0 0 0.013276721126744429 0.019634538853685959 0 0.012343595135735587
leaf_weight=4726430 512867 66567 193116 1278922 519608 1926535 146553 18675 3842 91842 156597 397074 1276808 13619 165785 243054 168661 995594 1132570 991622 81100 51060 856547 1202925 56912 766383 492710 1375853 1451148 957701
leaf_count=4726430 512867 66567 193116 1278922 519608 1926535 146553 18675 3842 91842 156597 397074 1276808 13619 165785 243054 168661 995594 1132570 991622 81100 51060 856547 1202925 56912 766383 492710 1375853 1451148 957701
internal_value=-0.00969293 -0.0193136 0.00158767 -0.0156416 -0.0042095 0.00472054 0.0061689 0.00290946 -0.0178927 -0.00195873 -0.0120587 -0.0124596 -0.00649133 0.00581077 -0.0163581 0.0067926 0.00340859 -0.0191728 0.00349833 -0.0109105 -0.0168365 -0.016599 -0.016329 -0.00326713 -0.0150957 -0.0146765 0.00160632 0.0042776 -0.0201123 0.00409699
internal_weight=2.23187e+07 1.20456e+07 1.02731e+07 7.31915e+06 3.60405e+06 6.66905e+06 3.70561e+06 2.96343e+06 4.49494e+06 1.81438e+06 2.82422e+06 2.66762e+06 1.78968e+06 3.55906e+06 2.04435e+06 2.16959e+06 2.77032e+06 2.45058e+06 2.75164e+06 1.3887e+06 1.87857e+06 1.812e+06 1.7309e+06 1.29477e+06 874355 823295 661371 1.38947e+06 1.45499e+06 2.09027e+06
internal_count=22318680 12045583 10273097 7319153 3604050 6669047 3705614 2963433 4494938 1814375 2824215 2667618 1789675 3559061 2044354 2169589 2770317 2450584 2751642 1388696 1878569 1812002 1730902 1294767 874355 823295 661371 1389472 1454990 2090271
cat_boundaries=0 1 2 3 83 162 241 320 321 416
cat_threshold=39 15 134217730 0 0 8192 0 65536 0 268435456 0 0 134217728 131072 0 16777216 2147483776 4194304 0 0 262400 0 1 67108864 8 0 0 144 8388608 0 512 0 536870912 0 0 0 0 0 0 0 0 0 0 0 1073741824 0 0 33554432 0 0 0 0 0 0 0 0 0 0 0 0 0 0 0 0 0 536870912 524288 0 128 2147483648 0 0 0 128 2 16908288 0 32 0 0 0 256 2 131072 536870944 262208 0 0 0 0 0 256 0 2048 0 0 0 2048 0 1048576 0 0 0 0 0 2147483648 0 0 0 0 0 1073742336 1048576 16 0 0 0 524288 16384 512 0 67108864 0 0 0 134217732 0 0 0 0 0 0 0 0 0 0 0 0 0 0 0 0 0 0 0 0 8 16793600 0 538968576 0 0 0 0 1048576 134217728 8404992 0 4194304 0 0 262144 16 2147483648 16777728 18350080 4194304 0 18874368 0 0 2147483648 0 0 524288 0 0 0 0 0 0 0 0 0 2 671088640 0 134217728 16 0 2147484672 0 134217728 0 0 2097152 4 0 150994944 0 0 1074003968 0 0 0 8388608 0 0 0 0 0 0 0 0 0 0 0 0 0 0 0 0 0 0 0 0 0 0 0 0 18 0 0 0 4 0 4096 0 0 0 16777216 0 32768 2048 134250600 0 0 0 0 0 0 8192 0 0 524288 0 0 0 1024 0 2148007936 2147516416 4 0 0 0 4096 32768 2048 0 33554432 33554434 0 1024 8 0 2147483648 0 0 16 1048576 0 2048 16384 16384 0 0 0 0 0 0 0 0 0 0 0 0 0 0 0 0 0 0 0 0 0 131072 0 0 0 0 0 0 0 0 0 0 0 0 335544320 134217730 0 0 0 0 0 0 0 0 0 0 0 0 0 0 0 0 0 0 0 0 0 0 0 0 0 0 0 0 0 0 0 0 0 0 0 0 0 0 0 0 0 0 0 0 0 67110912 524416 2148532224 1073741824 692224 2048 570425344 0 524288 524288 2097152 8388640 403701760 0 0 0 0 0 0 0 0 0 0 0 0 0 0 0 0 0 0 0 0 0 0 131072 0 524288 131072 32 256 0 0 268435456 0 0 536871424 0 0 8404992
is_linear=0
shrinkage=0.05


Tree=28
num_leaves=31
num_cat=11
split_feature=20 16 20 20 17 20 0 19 1 19 20 6 5 6 19 1 20 20 20 0 6 0 0 16 0 0 17 0 20 0
split_gain=961461 100608 72641.8 23613.9 7614.72 6245.83 4867.5 3555.26 3529.44 3093.66 2780.3 2724.37 2606.45 2311.06 2119.84 1690.88 1299.1 1264.19 1204.13 1169.55 1166.92 1149.5 1125.21 1075.05 987.272 1070.6 985.033 968.051 964.369 927.97
threshold=0.44641113281250006 1.0000000180025095e-35 0.91088867187500011 0.19641113281250003 1.0000000180025095e-35 0.66088867187500011 0 0.35705566406250006 1 0.78564453125000011 0.30358886718750006 2.5000000000000004 2 2.5000000000000004 0.21423339843750003 3 1.2319335937500002 0.089263916015625014 7.5527343750000009 4 2.5000000000000004 5 6 2.9853515625000004 7 8 19.500000000000004 9 1.1606445312500002 10
decision_type=2 10 2 2 2 2 9 2 1 2 2 2 1 2 2 1 2 2 2 9 2 9 9 10 9 9 2 9 2 9
left_child=1 -1 5 8 7 13 26 27 14 10 -5 -7 15 -2 21 18 -14 29 -8 -17 -12 -3 -23 24 -24 -26 -6 -4 -9 -10
right_child=2 3 4 9 6 11 12 28 17 -11 20 -13 16 -15 -16 19 -18 -19 -20 -21 -22 22 23 -25 25 -27 -28 -29 -30 -31
leaf_value=0 0 0 0.29832025292994802 0 0.12668373812364636 0.021104186276536152 0.02856048438228407 0.011603806465968803 0.040725312499999999 0 0 0 0.012036230939404169 0 0 0.081089706818530102 0.012127214459299464 0 0.18736186073314431 0.011882928837588503 0 0 0 0 0 0 0.80458846966239261 0 0.010715587918102211 0
leaf_weight=4726430 512867 66567 5138 1278922 109168 464471 1613691 456688 3842 156597 397074 1157903 336120 1276808 165785 74768 1670156 995594 176472 1043231 991622 81100 51060 856547 56912 766383 62521 187276 1125819 1451148
leaf_count=4726430 512867 66567 5138 1278922 109168 464471 1613691 456688 3842 156597 397074 1157903 336120 1276808 165785 74768 1670156 995594 176472 1043231 991622 81100 51060 856547 56912 766383 62521 187276 1125819 1451148
internal_value=-0.0097298 -0.0193136 0.00150757 -0.0156416 0.00447257 -0.00445454 0.00545657 0.00165285 -0.0178927 -0.0120587 -0.0124596 -0.00220772 0.00516743 -0.00649133 -0.0163581 0.00612386 0.00378102 -0.0191728 0.0070767 0.00459811 -0.0109105 -0.0168365 -0.016599 -0.016329 -0.0150957 -0.0146765 0.013732 -0.00476473 0.00243315 -0.0201123
internal_weight=2.23187e+07 1.20456e+07 1.02731e+07 7.31915e+06 6.86105e+06 3.41205e+06 5.08613e+06 1.77492e+06 4.49494e+06 2.82422e+06 2.66762e+06 1.62237e+06 4.91444e+06 1.78968e+06 2.04435e+06 2.90816e+06 2.00628e+06 2.45058e+06 1.79016e+06 1.118e+06 1.3887e+06 1.87857e+06 1.812e+06 1.7309e+06 874355 823295 171689 192414 1.58251e+06 1.45499e+06
internal_count=22318680 12045583 10273097 7319153 6861048 3412049 5086127 1774921 4494938 2824215 2667618 1622374 4914438 1789675 2044354 2908162 2006276 2450584 1790163 1117999 1388696 1878569 1812002 1730902 874355 823295 171689 192414 1582507 1454990
cat_boundaries=0 79 80 81 82 177 257 336 415 494 573 668
cat_threshold=0 0 0 0 0 0 0 1024 0 0 0 0 134217728 0 0 1024 0 131072 0 0 0 1074790400 268435584 0 0 16384 0 1073741825 16 8200 536870912 0 134217728 0 41943040 0 32770 49152 2147483656 33554432 0 8192 536870944 0 512 0 0 0 0 0 0 0 0 0 0 0 0 0 0 0 0 0 0 0 0 268435456 0 0 0 0 0 0 0 0 0 0 0 0 9216 39 15 36 66560 0 524288 2 1073741824 64 4194320 69206032 0 0 0 0 2048 0 1152 134217728 135266306 1073741824 262656 0 0 0 0 0 0 0 0 0 0 0 0 0 0 0 0 0 0 0 0 0 0 0 0 0 0 0 0 0 0 4198400 0 0 4096 0 8388608 4194304 0 0 0 0 0 0 0 0 0 0 0 0 0 0 0 0 0 0 0 0 0 0 0 0 131072 0 524288 0 0 33554432 0 0 0 524288 0 536870912 0 0 16384 0 0 8192 0 65536 0 268435456 0 0 134217728 131072 0 16777216 2147483776 4194304 0 0 262400 0 1 67108864 8 0 0 144 8388608 0 512 0 536870912 0 0 0 0 0 0 0 0 0 0 0 1073741824 0 0 33554432 0 0 0 0 0 0 0 0 0 0 0 0 0 0 0 0 0 536870912 524288 0 128 2147483648 0 0 0 128 2 16908288 0 32 0 0 0 256 2 131072 536870944 262208 0 0 0 0 0 256 0 2048 0 0 0 2048 0 1048576 0 0 0 0 0 2147483648 0 0 0 0 0 1073742336 1048576 16 0 0 0 524288 16384 512 0 67108864 0 0 0 134217732 0 0 0 0 0 0 0 0 0 0 0 0 0 0 0 0 0 0 0 0 8 16793600 0 538968576 0 0 0 0 1048576 134217728 8404992 0 4194304 0 0 262144 16 2147483648 16777728 18350080 4194304 0 18874368 0 0 2147483648 0 0 524288 0 0 0 0 0 0 0 0 0 2 671088640 0 134217728 16 0 2147484672 0 134217728 0 0 2097152 4 0 150994944 0 0 1074003968 0 0 0 8388608 0 0 0 0 0 0 0 0 0 0 0 0 0 0 0 0 0 0 0 0 0 0 0 0 18 0 0 0 4 0 4096 0 0 0 16777216 0 32768 2048 134250600 0 0 0 0 0 0 8192 0 0 524288 0 0 0 1024 0 2148007936 2147516416 4 0 0 0 4096 32768 2048 0 33554432 33554434 0 1024 8 0 2147483648 0 0 16 1048576 0 2048 16384 16384 0 0 0 0 0 0 0 0 0 0 0 0 0 0 0 0 0 0 0 0 0 131072 0 0 0 0 0 0 0 0 0 0 0 0 335544320 0 0 0 0 2147483648 0 0 1024 0 0 64 0 134217728 0 0 0 0 131072 0 0 0 1073741824 8388608 0 0 16384 0 1073741824 16 0 0 0 0 262144 32768 0 0 0 2048 4 8192 4194314 100663328 262144 4096 0 0 0 0 0 0 0 0 0 0 0 0 0 0 0 0 0 0 0 0 268451840 64 0 0 0 0 131072 33554432 134217728 0 0 524416 0 1024 0 0 0 0 0 0 0 0 0 0 0 0 0 0 0 0 0 0 0 0 0 0 0 0 0 0 0 0 0 0 0 0 0 0 0 0 0 0 0 0 0 0 0 0 0 67110912 524416 2148532224 1073741824 692224 2048 570425344 0 524288 524288 2097152 8388640 403701760 0 0 0 0 0 0 0 0 0 0 0 0 0 0 0 0 0 0 0 0 0 0 131072 0 524288 131072 32 256 0 0 268435456 0 0 536871424 0 0 8404992
is_linear=0
shrinkage=0.05


Tree=29
num_leaves=31
num_cat=10
split_feature=20 16 20 20 20 17 20 1 19 6 9 19 6 20 19 20 5 20 16 0 0 19 16 0 0 6 0 19 0 9
split_gain=953050 91395.6 83147.7 18451.1 8417.86 7510.05 4596.81 3529.44 3432.19 3121.92 2823.53 2665.89 2295.39 2270.65 2119.84 1824.61 1536.58 1264.19 1158.74 1149.5 1125.21 1079.25 1075.05 987.272 1070.6 986.686 927.97 922.217 905.974 881.857
threshold=0.41064453125000006 1.0000000180025095e-35 0.91088867187500011 0.19641113281250003 0.62500000000000011 1.0000000180025095e-35 19.304687500000004 0 0.35705566406250006 2.5000000000000004 1 0.78564453125000011 2.5000000000000004 3.0537109375000004 0.21423339843750003 0.30358886718750006 2 0.089263916015625014 0.76000976562500011 3 4 0.21423339843750003 2.9853515625000004 5 6 2.5000000000000004 7 1.3574218750000002 8 9
decision_type=2 10 2 2 2 2 2 1 2 2 9 2 2 2 2 2 1 2 10 9 9 2 10 9 9 2 9 2 9 9
left_child=1 -1 4 7 12 8 10 14 28 -6 -7 15 -2 16 19 -5 -12 26 -15 -3 -21 -11 23 -22 -25 -20 -9 -14 -4 -23
right_child=2 3 5 11 9 6 -8 17 -10 21 13 -13 27 18 -16 -17 -18 -19 25 20 22 29 -24 24 -26 -27 -28 -29 -30 -31
leaf_value=0 0 0 0.29881523385331693 0 0.020048976962709342 -0.013191793984326829 0.58979255038931566 0.038689046875000001 0.010595823562945212 0 0.0107126474796578 0 0 0.033535309823452007 0 0 0.0088750420855646991 0 0.091758990659271802 0 0 0 0 0 0 0.049688955902107562 0 0.050000000000000003 0 0
leaf_weight=4726430 539835 66567 4767 1278922 542632 25216 112395 3842 1582507 105467 1944376 115115 1314791 170393 165785 1062858 1295456 995594 452329 81100 51060 9163 856547 56912 766383 1085962 1451148 28295 187647 1239186
leaf_count=4726430 539835 66567 4767 1278922 542632 25216 112395 3842 1582507 105467 1944376 115115 1314791 170393 165785 1062858 1295456 995594 452329 81100 51060 9163 856547 56912 766383 1085962 1451148 28295 187647 1239186
internal_value=-0.00977311 -0.0196355 0.00105128 -0.0159883 -0.00490399 0.00433171 0.00530893 -0.0178927 0.00153143 -0.00255269 0.00508296 -0.0125041 -0.00727217 0.005168 -0.0163581 -0.0128693 0.0043902 -0.0191728 0.00664283 -0.0168365 -0.016599 -0.00383704 -0.016329 -0.0150957 -0.0146765 0.00707618 -0.0201123 -0.00837895 -0.00477408 -0.00342671
internal_weight=2.23187e+07 1.16783e+07 1.06404e+07 6.95183e+06 3.77937e+06 6.86105e+06 5.08613e+06 4.49494e+06 1.77492e+06 1.89645e+06 4.97373e+06 2.4569e+06 1.88292e+06 4.94852e+06 2.04435e+06 2.34178e+06 3.23983e+06 2.45058e+06 1.70868e+06 1.87857e+06 1.812e+06 1.35382e+06 1.7309e+06 874355 823295 1.53829e+06 1.45499e+06 1.34309e+06 192414 1.24835e+06
internal_count=22318680 11678263 10640417 6951833 3779369 6861048 5086127 4494938 1774921 1896448 4973732 2456895 1882921 4948516 2044354 2341780 3239832 2450584 1708684 1878569 1812002 1353816 1730902 874355 823295 1538291 1454990 1343086 192414 1248349
cat_boundaries=0 1 2 3 83 162 241 320 415 494 495
cat_threshold=39 134217730 15 0 0 8192 0 65536 0 268435456 0 0 134217728 131072 0 16777216 2147483776 4194304 0 0 262400 0 1 67108864 8 0 0 144 8388608 0 512 0 536870912 0 0 0 0 0 0 0 0 0 0 0 1073741824 0 0 33554432 0 0 0 0 0 0 0 0 0 0 0 0 0 0 0 0 0 536870912 524288 0 128 2147483648 0 0 0 128 2 16908288 0 32 0 0 0 256 2 131072 536870944 262208 0 0 0 0 0 256 0 2048 0 0 0 2048 0 1048576 0 0 0 0 0 2147483648 0 0 0 0 0 1073742336 1048576 16 0 0 0 524288 16384 512 0 67108864 0 0 0 134217732 0 0 0 0 0 0 0 0 0 0 0 0 0 0 0 0 0 0 0 0 8 16793600 0 538968576 0 0 0 0 1048576 134217728 8404992 0 4194304 0 0 262144 16 2147483648 16777728 18350080 4194304 0 18874368 0 0 2147483648 0 0 524288 0 0 0 0 0 0 0 0 0 2 671088640 0 134217728 16 0 2147484672 0 134217728 0 0 2097152 4 0 150994944 0 0 1074003968 0 0 0 8388608 0 0 0 0 0 0 0 0 0 0 0 0 0 0 0 0 0 0 0 0 0 0 0 0 18 0 0 0 4 0 4096 0 0 0 16777216 0 32768 2048 134250600 0 0 0 0 0 0 8192 0 0 524288 0 0 0 1024 0 2148007936 2147516416 4 0 0 0 4096 32768 2048 0 33554432 33554434 0 1024 8 0 2147483648 0 0 16 1048576 0 2048 16384 16384 0 0 0 0 0 0 0 0 0 0 0 0 0 0 0 0 0 0 0 0 0 131072 0 0 0 0 0 0 0 0 0 0 0 0 335544320 0 0 0 0 0 0 0 0 0 0 0 0 0 0 0 0 0 0 0 0 0 0 0 0 0 0 0 0 0 0 0 0 0 0 0 0 0 0 0 0 0 0 0 0 0 67110912 524416 2148532224 1073741824 692224 2048 570425344 0 524288 524288 2097152 8388640 403701760 0 0 0 0 0 0 0 0 0 0 0 0 0 0 0 0 0 0 0 0 0 0 131072 0 524288 131072 32 256 0 0 268435456 0 0 536871424 0 0 8404992 0 0 0 0 2147483648 0 0 1024 0 0 64 0 134217728 0 0 1024 2 131072 0 0 0 1073741824 8388608 0 0 16384 0 1073741824 16 0 32768 0 0 0 32768 0 0 0 2048 0 8192 4194314 100663328 262144 0 0 0 0 0 0 0 0 0 0 0 0 0 0 0 0 0 0 0 0 0 268435456 64 0 0 0 0 131072 33554432 134217728 0 0 524416 0 1024 134217730
is_linear=0
shrinkage=0.05


Tree=30
num_leaves=31
num_cat=10
split_feature=20 16 20 20 17 20 18 19 1 6 19 6 9 19 20 20 20 20 1 0 6 0 20 0 16 0 0 19 0 0
split_gain=947256 91395.6 81454.5 18451.1 7710.58 7108.39 4487.97 3577.69 3529.44 2782.42 2665.89 2295.39 2261.12 2119.84 1824.61 1754.9 1634.86 1264.19 1237.49 1225.18 1152.85 1149.5 1130.54 1125.21 1075.05 987.272 1070.6 951.147 949.59 927.97
threshold=0.41064453125000006 1.0000000180025095e-35 0.87500000000000011 0.19641113281250003 1.0000000180025095e-35 0.62500000000000011 11.500000000000002 0.35705566406250006 0 2.5000000000000004 0.78564453125000011 2.5000000000000004 1 0.21423339843750003 0.30358886718750006 1.0893554687500002 24.406250000000004 0.089263916015625014 2 3 2.5000000000000004 4 1.0893554687500002 5 2.9853515625000004 6 7 0.21423339843750003 8 9
decision_type=2 10 2 2 2 2 2 2 1 2 2 2 9 2 2 2 2 2 1 9 2 9 2 9 10 9 9 2 9 9
left_child=1 -1 5 8 7 11 12 28 13 -7 14 -2 -6 21 -5 20 -8 29 -17 -20 -14 -3 -9 -23 25 -25 -27 -11 -4 -10
right_child=2 3 4 10 6 9 16 22 17 27 -12 -13 15 -15 -16 18 -18 -19 19 -21 -22 23 -24 24 -26 26 -28 -29 -30 -31
leaf_value=0 0 0 0.26895845951415365 0 -0.011507476767509295 0.022118993986981347 0.13993417762434082 0 0.036754594531249997 0 0 0 0.0097088002794797797 0 0 0.023458911554217522 0.82449248141996179 0 0.05639456820276334 0.0097116984753554021 0.017204233096364124 0 0.010043282430928991 0 0 0 0 0 0 0
leaf_weight=4726430 539835 66567 5326 1278922 24829 484747 291956 423623 3842 97436 115115 1343086 194540 165785 1062858 2642373 66466 995594 107417 1459940 403563 81100 1238726 51060 856547 56912 766383 1113126 203428 1451148
leaf_count=4726430 539835 66567 5326 1278922 24829 484747 291956 423623 3842 97436 115115 1343086 194540 165785 1062858 2642373 66466 995594 107417 1459940 403563 81100 1238726 51060 856547 56912 766383 1113126 203428 1451148
internal_value=-0.00980313 -0.0196355 0.000988309 -0.0159883 0.00410227 -0.00515756 0.00509416 0.00135042 -0.0178927 -0.00280894 -0.0125041 -0.00727217 0.00469378 -0.0163581 -0.0128693 0.0047715 0.0104925 -0.0191728 0.00513158 0.00401838 0.0022372 -0.0168365 0.0021252 -0.016599 -0.016329 -0.0150957 -0.0146765 -0.00409074 -0.00481931 -0.0201123
internal_weight=2.23187e+07 1.16783e+07 1.06404e+07 6.95183e+06 7.06219e+06 3.57823e+06 5.19108e+06 1.8711e+06 4.49494e+06 1.69531e+06 2.4569e+06 1.88292e+06 4.83266e+06 2.04435e+06 2.34178e+06 4.80783e+06 358422 2.45058e+06 4.20973e+06 1.56736e+06 598103 1.87857e+06 1.66235e+06 1.812e+06 1.7309e+06 874355 823295 1.21056e+06 208754 1.45499e+06
internal_count=22318680 11678263 10640417 6951833 7062187 3578230 5191084 1871103 4494938 1695309 2456895 1882921 4832662 2044354 2341780 4807833 358422 2450584 4209730 1567357 598103 1878569 1662349 1812002 1730902 874355 823295 1210562 208754 1454990
cat_boundaries=0 1 2 3 90 170 249 328 407 484 579
cat_threshold=39 134217730 36 66560 0 1572864 2 1073741824 64 4194304 2098192 0 0 0 0 2048 0 0 134218752 0 131328 262656 0 0 0 0 0 0 0 0 0 0 0 0 0 0 0 0 0 0 0 0 0 0 0 0 0 0 0 134217728 134217728 0 4724736 2147483648 33554432 64 256 0 0 512 134217728 0 0 0 0 0 0 0 0 0 0 0 0 0 0 0 0 0 0 0 0 0 0 131072 0 0 0 0 0 512 0 0 8192 0 65536 0 268435456 0 0 134217728 131072 0 16777216 2147483776 4194304 0 0 262400 0 1 67108864 8 0 0 144 8388608 0 512 0 536870912 0 0 0 0 0 0 0 0 0 0 0 1073741824 0 0 33554432 0 0 0 0 0 0 0 0 0 0 0 0 0 0 0 0 0 536870912 524288 0 128 2147483648 0 0 0 128 2 16908288 0 32 0 0 0 256 2 131072 536870944 262208 0 0 0 0 0 256 0 2048 0 0 0 2048 0 1048576 0 0 0 0 0 2147483648 0 0 0 0 0 1073742336 1048576 16 0 0 0 524288 16384 512 0 67108864 0 0 0 134217732 0 0 0 0 0 0 0 0 0 0 0 0 0 0 0 0 0 0 0 0 8 16793600 0 538968576 0 0 0 0 1048576 134217728 8404992 0 4194304 0 0 262144 16 2147483648 16777728 18350080 4194304 0 18874368 0 0 2147483648 0 0 524288 0 0 0 0 0 0 0 0 0 2 671088640 0 134217728 16 0 2147484672 0 134217728 0 0 2097152 4 0 150994944 0 0 1074003968 0 0 0 8388608 0 0 0 0 0 0 0 0 0 0 0 0 0 0 0 0 0 0 0 0 0 0 0 0 18 0 0 0 4 0 4096 0 0 0 16777216 0 32768 2048 134250600 0 0 0 0 0 0 8192 0 0 524288 0 0 0 1024 0 2148007936 2147516416 4 0 0 0 4096 32768 2048 0 33554432 33554434 0 1024 8 0 2147483648 0 0 16 1048576 0 2048 16384 16384 0 0 0 0 0 0 0 0 0 0 0 0 0 0 0 0 0 0 0 0 0 131072 0 0 0 0 0 0 0 0 0 0 0 0 335544320 0 0 0 0 2147483648 0 0 1024 0 0 0 0 134217728 0 0 1024 2 131072 0 0 0 1140850688 0 4096 0 16384 0 1073741824 16 0 268468224 0 0 0 8421378 16777216 0 0 2048 4 8192 4194314 33554464 262144 0 0 0 0 0 0 0 0 0 0 0 0 0 0 0 0 0 0 0 0 0 268435456 64 0 0 0 0 131072 33554432 0 0 0 128 0 0 0 0 0 0 0 0 0 0 0 0 0 0 0 0 0 0 0 0 0 0 0 0 0 0 0 0 0 0 0 0 0 0 0 0 0 0 0 0 0 0 0 0 0 67110912 524416 2148532224 1073741824 692224 2048 570425344 0 524288 524288 2097152 8388640 403701760 0 0 0 0 0 0 0 0 0 0 0 0 0 0 0 0 0 0 0 0 0 0 131072 0 524288 131072 32 256 0 0 268435456 0 0 536871424 0 0 8404992
is_linear=0
shrinkage=0.05


Tree=31
num_leaves=31
num_cat=11
split_feature=20 16 20 20 17 20 0 19 1 6 19 6 19 5 20 20 0 20 9 0 0 20 16 0 0 17 1 19 0 19
split_gain=940624 91395.6 79548.7 18451.1 7282.31 7108.39 4230.9 3555.69 3529.44 2782.42 2665.89 2295.39 2119.84 1985.65 1824.61 1422.82 1398.21 1264.19 1262.31 1149.5 1125.21 1096.49 1075.05 987.272 1070.6 972.125 971.186 951.147 927.97 922.217
threshold=0.41064453125000006 1.0000000180025095e-35 0.87500000000000011 0.19641113281250003 1.0000000180025095e-35 0.62500000000000011 0 0.35705566406250006 1 2.5000000000000004 0.78564453125000011 2.5000000000000004 0.21423339843750003 2 0.30358886718750006 1.1606445312500002 3 0.089263916015625014 4 5 6 1.0893554687500002 2.9853515625000004 7 8 21.500000000000004 9 0.21423339843750003 10 1.3574218750000002
decision_type=2 10 2 2 2 2 9 2 1 2 2 2 2 1 2 2 9 2 9 9 9 2 10 9 9 2 1 2 9 2
left_child=1 -1 5 8 7 11 25 -4 12 -7 14 -2 19 16 -5 -15 -8 28 -18 -3 -21 -9 23 -22 -25 -6 -20 -11 -10 -13
right_child=2 3 4 10 6 9 13 21 17 27 -12 29 -14 15 -16 -17 18 -19 26 20 22 -23 -24 24 -26 -27 -28 -29 -30 -31
leaf_value=0 0 0 0 0 0.11913998842851625 0.021013044287632277 0.10270911959604795 0 0.034916864804687496 0 0 0 0 0.010218520790795506 0 0.0098355466470998534 -0.012535670105591763 0 0.027402242659668508 0 0 0.0095411183093825416 0 0 0 0.81296488482809637 0.010309630065544324 0 0 0.047500000000000001
leaf_weight=4726430 539835 66567 208754 1278922 114479 484747 91171 423623 3842 97436 115115 1314791 165785 308215 1062858 1740233 4805 995594 1735922 81100 51060 1238726 856547 56912 766383 55027 1141232 1113126 1451148 28295
leaf_count=4726430 539835 66567 208754 1278922 114479 484747 91171 423623 3842 97436 115115 1314791 165785 308215 1062858 1740233 4805 995594 1735922 81100 51060 1238726 856547 56912 766383 55027 1141232 1113126 1451148 28295
internal_value=-0.00983761 -0.0196355 0.000915986 -0.0159883 0.0039933 -0.00515756 0.00495725 0.00131897 -0.0178927 -0.00280894 -0.0125041 -0.00727217 -0.0163581 0.00469496 -0.0128693 0.00349707 0.00552027 -0.0191728 0.00532737 -0.0168365 -0.016599 0.00209136 -0.016329 -0.0150957 -0.0146765 0.0127265 0.00537017 -0.00409074 -0.0201123 -0.00837895
internal_weight=2.23187e+07 1.16783e+07 1.06404e+07 6.95183e+06 7.06219e+06 3.57823e+06 5.19108e+06 1.8711e+06 4.49494e+06 1.69531e+06 2.4569e+06 1.88292e+06 2.04435e+06 5.02158e+06 2.34178e+06 2.04845e+06 2.97313e+06 2.45058e+06 2.88196e+06 1.87857e+06 1.812e+06 1.66235e+06 1.7309e+06 874355 823295 169506 2.87715e+06 1.21056e+06 1.45499e+06 1.34309e+06
internal_count=22318680 11678263 10640417 6951833 7062187 3578230 5191084 1871103 4494938 1695309 2456895 1882921 2044354 5021578 2341780 2048448 2973130 2450584 2881959 1878569 1812002 1662349 1730902 874355 823295 169506 2877154 1210562 1454990 1343086
cat_boundaries=0 79 80 81 161 162 242 321 400 479 480 575
cat_threshold=0 0 0 0 0 0 0 1024 0 0 0 0 134217728 0 0 1024 0 131072 0 0 0 1074790400 268435584 0 0 16384 0 1073741825 16 8192 16384 0 0 0 8388608 0 32770 49152 2147483656 0 536870912 8192 536870944 268435456 544 0 0 0 0 0 0 0 0 0 0 0 0 0 0 0 0 0 0 0 131072 268451840 0 0 0 0 0 0 0 0 0 0 0 0 8192 39 15 0 0 0 0 0 0 0 0 0 0 0 0 0 0 1024 0 0 0 512 0 0 0 0 2048 0 0 320 0 2048 12 0 512 0 536872960 167772160 256 0 0 0 0 8192 0 33554432 0 0 0 0 0 0 0 0 0 0 0 0 0 0 0 0 0 0 0 0 65552 1086324736 0 0 0 0 0 0 134217728 33554432 2147483648 0 2097152 524288 4194306 2147484672 17 2 0 0 8192 0 65536 0 268435456 0 0 134217728 131072 0 16777216 2147483776 4194304 0 0 262400 0 1 67108864 8 0 0 144 8388608 0 512 0 536870912 0 0 0 0 0 0 0 0 0 0 0 1073741824 0 0 33554432 0 0 0 0 0 0 0 0 0 0 0 0 0 0 0 0 0 536870912 524288 0 128 2147483648 0 0 0 128 2 16908288 0 32 0 0 0 256 2 131072 536870944 262208 0 0 0 0 0 256 0 2048 0 0 0 2048 0 1048576 0 0 0 0 0 2147483648 0 0 0 0 0 1073742336 1048576 16 0 0 0 524288 16384 512 0 67108864 0 0 0 134217732 0 0 0 0 0 0 0 0 0 0 0 0 0 0 0 0 0 0 0 0 8 16793600 0 538968576 0 0 0 0 1048576 134217728 8404992 0 4194304 0 0 262144 16 2147483648 16777728 18350080 4194304 0 18874368 0 0 2147483648 0 0 524288 0 0 0 0 0 0 0 0 0 2 671088640 0 134217728 16 0 2147484672 0 134217728 0 0 2097152 4 0 150994944 0 0 1074003968 0 0 0 8388608 0 0 0 0 0 0 0 0 0 0 0 0 0 0 0 0 0 0 0 0 0 0 0 0 18 0 0 0 4 0 4096 0 0 0 16777216 0 32768 2048 134250600 0 0 0 0 0 0 8192 0 0 524288 0 0 0 1024 0 2148007936 2147516416 4 0 0 0 4096 32768 2048 0 33554432 33554434 0 1024 8 0 2147483648 0 0 16 1048576 0 2048 16384 16384 0 0 0 0 0 0 0 0 0 0 0 0 0 0 0 0 0 0 0 0 0 131072 0 0 0 0 0 0 0 0 0 0 0 0 335544320 36 0 0 0 0 0 0 0 0 0 0 0 0 0 0 0 0 0 0 0 0 0 0 0 0 0 0 0 0 0 0 0 0 0 0 0 0 0 0 0 0 0 0 0 0 0 67110912 524416 2148532224 1073741824 692224 2048 570425344 0 524288 524288 2097152 8388640 403701760 0 0 0 0 0 0 0 0 0 0 0 0 0 0 0 0 0 0 0 0 0 0 131072 0 524288 131072 32 256 0 0 268435456 0 0 536871424 0 0 8404992
is_linear=0
shrinkage=0.05


Tree=32
num_leaves=31
num_cat=10
split_feature=20 16 20 20 20 17 20 1 19 6 19 6 19 9 20 9 20 20 20 6 0 0 0 16 0 20 0 0 19 0
split_gain=932652 91395.6 77278.9 18451.1 7108.39 6790.31 4150.52 3529.44 3510.08 2782.42 2665.89 2295.39 2119.84 1839.79 1824.61 1759.15 1514.77 1361.53 1264.19 1151.55 1149.5 1125.21 1107.08 1075.05 1070.24 1064.41 987.272 1070.6 951.147 927.97
threshold=0.41064453125000006 1.0000000180025095e-35 0.87500000000000011 0.19641113281250003 0.62500000000000011 1.0000000180025095e-35 9.7304687500000018 0 0.35705566406250006 2.5000000000000004 0.78564453125000011 2.5000000000000004 0.21423339843750003 1 0.30358886718750006 2 25.554687500000004 1.0893554687500002 0.089263916015625014 2.5000000000000004 3 4 5 2.9853515625000004 6 1.0893554687500002 7 8 0.21423339843750003 9
decision_type=2 10 2 2 2 2 2 1 2 2 2 2 2 9 2 9 2 2 2 2 9 9 9 10 9 2 9 9 2 9
left_child=1 -1 4 7 11 8 15 12 -4 -6 14 -2 20 -10 -5 -7 -8 19 29 -17 -3 -22 -19 26 -24 -15 -23 -28 -11 -9
right_child=2 3 5 10 9 6 16 18 13 28 -12 -13 -14 25 -16 17 -18 22 -20 -21 21 23 24 -25 -26 -27 27 -29 -30 -31
leaf_value=0 0 0 0 0 0.019962392073250665 -0.010938115586086193 0.15144529061009462 0.033171021564453125 -0.010734544010461047 0 0 0 0 0 0 0.008072135522712116 0.80299655034740425 0.07019567868112149 0 0.015828539938268705 0 0 0.052491907563315079 0 0.010284248882258769 0.0095322778587287674 0 0 0 0
leaf_weight=4726430 539835 66567 208754 1278922 484747 24387 310025 3842 6276 97436 115115 1343086 165785 422154 1062858 194581 63662 103416 995594 403644 81100 51060 129061 856547 3962308 1233919 56912 766383 1113126 1451148
leaf_count=4726430 539835 66567 208754 1278922 484747 24387 310025 3842 6276 97436 115115 1343086 165785 422154 1062858 194581 63662 103416 995594 403644 81100 51060 129061 856547 3962308 1233919 56912 766383 1113126 1451148
internal_value=-0.00987922 -0.0196355 0.00082871 -0.0159883 -0.00515756 0.0038618 0.00479262 -0.0178927 0.00127939 -0.00280894 -0.0125041 -0.00727217 -0.0163581 0.00204682 -0.0128693 0.00439885 0.00986889 0.00446701 -0.0191728 0.00223549 -0.0168365 -0.016599 0.00478526 -0.016329 0.00465608 0.00214927 -0.0150957 -0.0146765 -0.00409074 -0.0201123
internal_weight=2.23187e+07 1.16783e+07 1.06404e+07 6.95183e+06 3.57823e+06 7.06219e+06 5.19108e+06 4.49494e+06 1.8711e+06 1.69531e+06 2.4569e+06 1.88292e+06 2.04435e+06 1.66235e+06 2.34178e+06 4.8174e+06 373687 4.79301e+06 2.45058e+06 598225 1.87857e+06 1.812e+06 4.19478e+06 1.7309e+06 4.09137e+06 1.65607e+06 874355 823295 1.21056e+06 1.45499e+06
internal_count=22318680 11678263 10640417 6951833 3578230 7062187 5191084 4494938 1871103 1695309 2456895 1882921 2044354 1662349 2341780 4817397 373687 4793010 2450584 598225 1878569 1812002 4194785 1730902 4091369 1656073 874355 823295 1210562 1454990
cat_boundaries=0 1 2 3 83 162 243 321 400 479 574
cat_threshold=39 2 134217730 0 0 8192 0 65536 0 268435456 0 0 134217728 131072 0 16777216 2147483776 4194304 0 0 262400 0 1 67108864 8 0 0 144 8388608 0 512 0 536870912 0 0 0 0 0 0 0 0 0 0 0 1073741824 0 0 33554432 0 0 0 0 0 0 0 0 0 0 0 0 0 0 0 0 0 536870912 524288 0 128 2147483648 0 0 0 128 2 16908288 0 32 0 0 0 256 2 131072 536870944 262208 0 0 0 0 0 256 0 2048 0 0 0 2048 0 1048576 0 0 0 0 0 2147483648 0 0 0 0 0 1073742336 1048576 16 0 0 0 524288 16384 512 0 67108864 0 0 0 134217732 0 0 0 0 0 0 0 0 0 0 0 0 0 0 0 0 0 0 0 0 8 16793600 0 538968576 0 0 0 0 1048576 134217728 8404992 0 4194304 0 0 262144 0 0 524288 0 0 0 4194304 0 0 0 0 0 2048 0 0 134217728 0 0 512 0 2048 1073741824 0 0 0 536887312 0 1 536870912 8200 2 0 0 536870912 2 256 0 16384 0 33554432 8192 4194306 35651584 0 512 0 0 0 0 0 0 0 0 0 0 0 0 0 0 0 0 0 0 0 8388608 268435456 0 0 0 0 0 131072 0 0 0 0 0 0 8192 1 131072 0 512 0 2 0 64 0 0 0 0 0 0 0 0 0 0 0 0 0 0 0 134217728 0 1 0 0 320 0 1048576 0 268435456 134217728 0 33554464 134217728 4194304 1073741824 0 0 65536 134217728 0 2048 268435456 0 0 0 0 0 0 0 0 0 0 0 0 512 0 0 0 0 0 0 69640 0 0 512 0 512 2684354560 0 0 536870912 0 8390656 0 8192 67108864 16 2147483648 16777728 18350080 4194304 0 18874368 0 0 2147483648 0 0 524288 0 0 0 0 0 0 0 0 0 2 671088640 0 134217728 16 0 2147484672 0 134217728 0 0 2097152 4 0 150994944 0 0 1074003968 0 0 0 8388608 0 0 0 0 0 0 0 0 0 0 0 0 0 0 0 0 0 0 0 0 0 0 0 0 18 0 0 0 4 0 4096 0 0 0 16777216 0 32768 2048 134250600 0 0 0 0 0 0 8192 0 0 524288 0 0 0 1024 0 2148007936 2147516416 4 0 0 0 4096 32768 2048 0 33554432 33554434 0 1024 8 0 2147483648 0 0 16 1048576 0 2048 16384 16384 0 0 0 0 0 0 0 0 0 0 0 0 0 0 0 0 0 0 0 0 0 131072 0 0 0 0 0 0 0 0 0 0 0 0 335544320 0 0 0 0 0 0 0 0 0 0 0 0 0 0 0 0 0 0 0 0 0 0 0 0 0 0 0 0 0 0 0 0 0 0 0 0 0 0 0 0 0 0 0 0 0 67110912 524416 2148532224 1073741824 692224 2048 570425344 0 524288 524288 2097152 8388640 403701760 0 0 0 0 0 0 0 0 0 0 0 0 0 0 0 0 0 0 0 0 0 0 131072 0 524288 131072 32 256 0 0 268435456 0 0 536871424 0 0 8404992
is_linear=0
shrinkage=0.05


Tree=33
num_leaves=31
num_cat=9
split_feature=20 16 20 20 20 19 17 1 6 19 19 6 9 19 20 18 20 20 0 0 16 0 0 19 6 20 0 19 0 0
split_gain=925828 91395.6 75354.5 18451.1 7108.39 6280.46 4084.72 3529.44 2782.42 2665.89 2613.57 2295.39 2241.89 2119.84 1824.61 1763.71 1348.48 1264.19 1149.5 1125.21 1075.05 987.272 1070.6 951.147 935.003 957.067 927.97 922.217 881.829 911.517
threshold=0.41064453125000006 1.0000000180025095e-35 0.87500000000000011 0.19641113281250003 0.62500000000000011 0.92846679687500011 13.500000000000002 0 2.5000000000000004 0.78564453125000011 0.21423339843750003 2.5000000000000004 1 0.21423339843750003 0.30358886718750006 1.5000000000000002 23.500000000000004 0.089263916015625014 2 3 2.9853515625000004 4 5 0.21423339843750003 2.5000000000000004 2.0898437500000004 6 1.3574218750000002 7 8
decision_type=2 10 2 2 2 2 2 1 2 2 2 2 9 2 2 2 2 2 9 9 10 9 9 2 2 2 9 2 9 9
left_child=1 -1 4 7 11 10 12 13 -6 14 -4 -2 -7 18 -5 -14 -8 26 -3 -20 21 -21 -23 -10 25 -17 -9 -13 -24 -30
right_child=2 3 5 9 8 6 16 17 23 -11 -12 27 15 -15 -16 24 -18 -19 19 20 -22 22 28 -25 -26 -27 -28 -29 29 -31
leaf_value=0 0 0 0 0 0.01896427246958813 -0.010595061167336252 0.14642723879063929 0.031512470486230473 0 0 0.0066477149333661672 0 0.0077759285851439382 0 0 0.0094601148953245007 0.71284672283003414 0 0 0 0 0 0.060149738757163985 0 0.015912471734343171 0.062067152302152373 0 0.045124999999999998 0.047723804208540943 0
leaf_weight=4726430 539835 66567 166895 1278922 484747 31602 224227 3842 97436 115115 920822 1314791 2451238 165785 1062858 386298 69931 995594 81100 51060 856547 56912 4393 1113126 2176648 634526 1451148 28295 6079 755911
leaf_count=4726430 539835 66567 166895 1278922 484747 31602 224227 3842 97436 115115 920822 1314791 2451238 165785 1062858 386298 69931 995594 81100 51060 856547 56912 4393 1113126 2176648 634526 1451148 28295 6079 755911
internal_value=-0.00991498 -0.0196355 0.000753704 -0.0159883 -0.00515756 0.00374879 0.00438501 -0.0178927 -0.00280894 -0.0125041 0.000254271 -0.00727217 0.0040875 -0.0163581 -0.0128693 0.00416179 0.0101301 -0.0191728 -0.0168365 -0.016599 -0.016329 -0.0150957 -0.0146765 -0.00409074 0.00493537 0.00618388 -0.0201123 -0.00837895 -0.0141846 -0.0143135
internal_weight=2.23187e+07 1.16783e+07 1.06404e+07 6.95183e+06 3.57823e+06 7.06219e+06 5.97447e+06 4.49494e+06 1.69531e+06 2.4569e+06 1.08772e+06 1.88292e+06 5.68031e+06 2.04435e+06 2.34178e+06 5.64871e+06 294158 2.45058e+06 1.87857e+06 1.812e+06 1.7309e+06 874355 823295 1.21056e+06 3.19747e+06 1.02082e+06 1.45499e+06 1.34309e+06 766383 761990
internal_count=22318680 11678263 10640417 6951833 3578230 7062187 5974470 4494938 1695309 2456895 1087717 1882921 5680312 2044354 2341780 5648710 294158 2450584 1878569 1812002 1730902 874355 823295 1210562 3197472 1020824 1454990 1343086 766383 761990
cat_boundaries=0 1 2 82 161 240 319 414 494 572
cat_threshold=39 134217730 0 0 8192 0 65536 0 268435456 0 0 134217728 131072 0 16777216 2147483776 4194304 0 0 262400 0 1 67108864 8 0 0 144 8388608 0 512 0 536870912 0 0 0 0 0 0 0 0 0 0 0 1073741824 0 0 33554432 0 0 0 0 0 0 0 0 0 0 0 0 0 0 0 0 0 536870912 524288 0 128 2147483648 0 0 0 128 2 16908288 0 32 0 0 0 256 2 131072 536870944 262208 0 0 0 0 0 256 0 2048 0 0 0 2048 0 1048576 0 0 0 0 0 2147483648 0 0 0 0 0 1073742336 1048576 16 0 0 0 524288 16384 512 0 67108864 0 0 0 134217732 0 0 0 0 0 0 0 0 0 0 0 0 0 0 0 0 0 0 0 0 8 16793600 0 538968576 0 0 0 0 1048576 134217728 8404992 0 4194304 0 0 262144 16 2147483648 16777728 18350080 4194304 0 18874368 0 0 2147483648 0 0 524288 0 0 0 0 0 0 0 0 0 2 671088640 0 134217728 16 0 2147484672 0 134217728 0 0 2097152 4 0 150994944 0 0 1074003968 0 0 0 8388608 0 0 0 0 0 0 0 0 0 0 0 0 0 0 0 0 0 0 0 0 0 0 0 0 18 0 0 0 4 0 4096 0 0 0 16777216 0 32768 2048 134250600 0 0 0 0 0 0 8192 0 0 524288 0 0 0 1024 0 2148007936 2147516416 4 0 0 0 4096 32768 2048 0 33554432 33554434 0 1024 8 0 2147483648 0 0 16 1048576 0 2048 16384 16384 0 0 0 0 0 0 0 0 0 0 0 0 0 0 0 0 0 0 0 0 0 131072 0 0 0 0 0 0 0 0 0 0 0 0 335544320 0 0 0 0 0 0 0 0 0 0 0 0 0 0 0 0 0 0 0 0 0 0 0 0 0 0 0 0 0 0 0 0 0 0 0 0 0 0 0 0 0 0 0 0 0 67110912 524416 2148532224 1073741824 692224 2048 570425344 0 524288 524288 2097152 8388640 403701760 0 0 0 0 0 0 0 0 0 0 0 0 0 0 0 0 0 0 0 0 0 0 131072 0 524288 131072 32 256 0 0 268435456 0 0 536871424 0 0 8404992 8 0 0 0 1073741824 1048576 0 0 0 0 0 16384 0 0 0 0 0 134217728 0 0 0 0 0 0 268500992 64 0 1107296320 16 8 68 0 0 32 8388608 256 1073741824 134217728 0 0 40960 16777216 33 0 0 0 0 0 0 0 0 0 0 0 0 0 0 0 0 0 0 0 0 16 131072 0 128 0 0 0 0 0 33554432 256 0 0 524288 0 0 16 0 0 0 2050 2147483648 0 0 16777216 0 0 0 0 0 0 0 0 0 537067520 0 0 32 0 131072 132 0 2 0 131072 0 131072 0 0 2 0 8192 2 2 0 2147483648 8 0 0 0 512 33280 0 0 0 0 0 0 0 0 0 0 0 0 0 0 0 0 0 0 0 0 256 0 0 0 512 262144 134217728 512 0 0 1032 33554432 64
is_linear=0
shrinkage=0.05


Tree=34
num_leaves=31
num_cat=14
split_feature=20 16 20 20 20 19 0 1 6 19 19 6 19 0 20 9 0 0 20 5 0 0 16 0 3 17 19 0 0 0
split_gain=919454 91385.4 73565.2 18456.5 7108.39 5982.83 3851.87 3525.15 2782.42 2665.89 2593.11 2295.39 2121.18 1880.31 1824.61 1690.23 1506.9 1447.43 1264.19 1236.03 1148.84 1124.45 1071.6 997.431 993.017 955.234 951.147 950.469 1028.24 927.97
threshold=0.41064453125000006 1.0000000180025095e-35 0.87500000000000011 0.19641113281250003 0.62500000000000011 0.92846679687500011 0 1 2.5000000000000004 0.78564453125000011 0.21423339843750003 2.5000000000000004 0.21423339843750003 2 0.30358886718750006 3 4 5 0.089263916015625014 6 7 8 2.9853515625000004 9 10 25.500000000000004 0.21423339843750003 11 12 13
decision_type=2 10 2 2 2 2 9 1 2 2 2 2 2 9 2 9 9 9 2 1 9 9 10 9 1 2 2 9 9 9
left_child=1 -1 4 7 11 10 25 12 -6 14 -4 -2 20 -8 -5 -15 -17 -18 29 -19 -3 -22 23 -23 -21 -7 -10 -25 -29 -9
right_child=2 3 5 9 8 6 13 18 26 -11 -12 -13 -14 15 -16 16 17 19 -20 24 21 22 -24 27 -26 -27 -28 28 -30 -31
leaf_value=0 0 0 0 0 0.018016058846108723 0.11270065987013976 0.076614723226793524 0.029936846961918947 0 0 0.00631532918669786 0 0 -0.0099801985746755459 0 0.065170614976836433 0.048078832520642878 0.010455357559352308 0 0.010132768423241678 0 0.064100258155497608 0 0 0.0059285284002402244 0.91098519611282969 0 0 0 0
leaf_weight=4726430 539835 66567 166895 1278922 484747 133586 180441 3842 97436 115115 920822 1343086 165785 30690 1062858 164815 175568 3011127 995594 765904 81100 4669 856547 51060 1470478 41861 1113126 56912 761714 1451148
leaf_count=4726430 539835 66567 166895 1278922 484747 133586 180441 3842 97436 115115 920822 1343086 165785 30690 1062858 164815 175568 3011127 995594 765904 81100 4669 856547 51060 1470478 41861 1113126 56912 761714 1451148
internal_value=-0.00994879 -0.0196358 0.000683101 -0.0159888 -0.00515756 0.00364242 0.00426337 -0.0178935 -0.00280894 -0.0125041 0.000231701 -0.00727217 -0.0163599 0.00404252 -0.0128693 0.00388116 0.00394543 0.00380228 -0.0191728 0.00365285 -0.0168384 -0.016601 -0.016331 -0.0150997 0.00276237 0.0115622 -0.00409074 -0.0152234 -0.0148099 -0.0201123
internal_weight=2.23187e+07 1.16783e+07 1.06404e+07 6.95183e+06 3.57823e+06 7.06219e+06 5.97447e+06 4.49494e+06 1.69531e+06 2.4569e+06 1.08772e+06 1.88292e+06 2.04435e+06 5.79902e+06 2.34178e+06 5.61858e+06 5.58789e+06 5.42308e+06 2.45058e+06 5.24751e+06 1.87857e+06 1.812e+06 1.7309e+06 874355 2.23638e+06 175447 1.21056e+06 869686 818626 1.45499e+06
internal_count=22318680 11678263 10640417 6951833 3578230 7062187 5974470 4494938 1695309 2456895 1087717 1882921 2044354 5799023 2341780 5618582 5587892 5423077 2450584 5247509 1878569 1812002 1730902 874355 2236382 175447 1210562 869686 818626 1454990
cat_boundaries=0 79 80 159 160 241 321 322 402 481 561 562 641 720 815
cat_threshold=1024 0 0 0 0 0 0 1024 0 0 0 0 134217728 0 134217728 134218752 0 131072 0 0 0 1074790400 268435584 0 0 16384 0 1073741825 16 8192 536870912 0 0 0 8388608 0 1073774594 49152 2147483656 33554432 0 8192 32 0 512 0 0 0 0 0 0 0 0 0 0 0 0 0 0 0 0 0 0 0 0 268451840 0 0 0 0 0 0 0 0 0 0 0 0 8192 39 0 0 0 0 0 64 0 0 0 0 0 0 2048 0 0 0 0 0 512 0 0 134217728 0 0 0 0 320 0 2048 8 16386 512 0 536887296 33587202 0 0 0 0 0 536870913 0 572524544 0 32 0 0 0 0 0 0 0 0 0 0 0 0 0 0 0 0 0 0 16 4325376 0 0 0 0 0 0 131072 0 1024 0 2097152 128 2 1024 134217730 0 0 524288 2 0 0 0 16 0 0 0 0 0 0 1024 0 0 0 0 0 0 0 32768 2048 0 16 0 64 536870912 4 0 0 134217728 2048 134217728 4194560 0 0 0 327680 8192 4194306 0 268435456 524288 0 0 0 0 0 0 0 0 0 0 0 0 0 0 0 0 0 0 0 8388608 0 128 16 0 0 0 0 33554432 2147483648 8388608 0 34078720 0 0 1 131072 0 0 0 0 0 0 0 0 0 0 0 0 0 0 0 0 0 0 0 0 0 16 0 134217728 0 536870912 0 536872960 1048576 0 268435456 135266304 0 33554464 0 0 2097152 0 0 0 134217728 0 576 0 0 0 0 0 0 6144 0 0 0 0 0 0 0 0 0 0 0 0 0 21037056 64 33554432 512 64 0 8388608 268697600 0 0 0 0 67108866 0 0 2147483648 18 15 0 0 8192 0 65536 0 268435456 0 0 134217728 131072 0 16777216 2147483776 4194304 0 0 262400 0 1 67108864 8 0 0 144 8388608 0 512 0 536870912 0 0 0 0 0 0 0 0 0 0 0 1073741824 0 0 33554432 0 0 0 0 0 0 0 0 0 0 0 0 0 0 0 0 0 536870912 524288 0 128 2147483648 0 0 0 128 2 16908288 0 32 0 0 0 256 2 131072 536870944 262208 0 0 0 0 0 256 0 2048 0 0 0 2048 0 1048576 0 0 0 0 0 2147483648 0 0 0 0 0 1073742336 1048576 16 0 0 0 524288 16384 512 0 67108864 0 0 0 134217732 0 0 0 0 0 0 0 0 0 0 0 0 0 0 0 0 0 0 0 0 8 16793600 0 538968576 0 0 0 0 1048576 134217728 8404992 0 4194304 0 0 262144 8 0 0 0 1073741824 1048576 0 0 0 0 0 16384 0 0 0 0 0 134283264 0 0 0 0 0 0 268500992 0 0 1107296320 16 8 4 0 0 32 8388608 256 1073741824 134217728 0 0 40960 16777216 33 0 32768 0 0 0 0 0 0 0 0 0 0 0 0 0 0 0 0 0 0 16 131072 0 128 0 0 0 0 0 33554432 256 0 0 524288 0 0 16 4 16 2147483648 16777728 18350080 4194304 0 18874368 0 0 2147483648 0 0 524288 0 0 0 0 0 0 0 0 0 2 671088640 0 134217728 16 0 2147484672 0 134217728 0 0 2097152 4 0 150994944 0 0 1074003968 0 0 0 8388608 0 0 0 0 0 0 0 0 0 0 0 0 0 0 0 0 0 0 0 0 0 0 0 0 18 0 0 0 4 0 4096 0 0 0 16777216 0 32768 2048 134250600 0 0 0 0 0 0 8192 0 0 524288 0 0 0 1024 0 2148007936 2147516416 4 0 0 0 4096 32768 2048 0 33554432 33554434 0 1024 8 0 2147483648 0 0 16 1048576 0 2048 16384 16384 0 0 0 0 0 0 0 0 0 0 0 0 0 0 0 0 0 0 0 0 0 131072 0 0 0 0 0 0 0 0 0 0 0 0 335544320 0 0 0 0 0 0 0 0 0 0 0 0 0 0 0 0 0 0 0 0 0 0 0 0 0 0 0 0 0 0 0 0 0 0 0 0 0 0 0 0 0 0 0 0 0 67110912 524416 2148532224 1073741824 692224 2048 570425344 0 524288 524288 2097152 8388640 403701760 0 0 0 0 0 0 0 0 0 0 0 0 0 0 0 0 0 0 0 0 0 0 131072 0 524288 131072 32 256 0 0 268435456 0 0 536871424 0 0 8404992
is_linear=0
shrinkage=0.05


Tree=35
num_leaves=31
num_cat=9
split_feature=20 16 20 20 20 19 17 1 6 19 6 19 19 20 6 20 9 16 20 6 0 0 16 0 0 19 0 19 0 0
split_gain=912396 91376.2 71603.3 18461.3 7108.39 5765.09 4283.59 3521.28 2782.42 2665.89 2295.39 2145.15 2122.38 2060.72 1866.46 1824.61 1497.29 1286.16 1264.19 1162.34 1148.24 1123.77 1068.5 985.044 1067.99 951.147 927.97 922.217 880.183 871.987
threshold=0.41064453125000006 1.0000000180025095e-35 0.87500000000000011 0.19641113281250003 0.62500000000000011 0.35705566406250006 6.5000000000000009 0 2.5000000000000004 0.78564453125000011 2.5000000000000004 25.500000000000004 0.21423339843750003 1.0893554687500002 2.5000000000000004 0.30358886718750006 1 2.9501953125000004 0.089263916015625014 2.5000000000000004 2 3 2.9853515625000004 4 5 0.21423339843750003 6 1.3574218750000002 7 8
decision_type=2 10 2 2 2 2 2 1 2 2 2 2 2 2 2 2 9 10 2 2 9 9 10 9 9 2 9 2 9 9
left_child=1 -1 4 7 10 -4 13 12 -6 15 -2 19 20 14 -7 -5 -15 -18 26 -8 -3 -22 23 -23 -25 -10 -9 -12 -26 -24
right_child=2 3 5 9 8 6 11 18 25 -11 27 -13 -14 16 -16 -17 17 -19 -20 -21 21 22 29 24 28 -27 -28 -29 -30 -31
leaf_value=0 0 0 0 0 0.017115255903803289 0.0074219942735427374 0.10073198988486443 0.028440004613823001 0 0 0 0.68165512688289098 0 -0.010978727110540713 -0.00064815220600320141 0 0.0080808788557751362 0.008326306843343451 0 0.050769813449361469 0 0 0.034485870011386303 0 0.065261933555569154 0 0 0.042868750000000004 0 0
leaf_weight=4726430 539835 66567 233175 1278922 484747 288404 308787 3842 97436 115115 1314791 69346 165785 28978 719587 1062858 2626119 2265455 995594 522336 81100 51060 4189 56912 4463 1113126 1451148 28295 761920 852358
leaf_count=4726430 539835 66567 233175 1278922 484747 288404 308787 3842 97436 115115 1314791 69346 165785 28978 719587 1062858 2626119 2265455 995594 522336 81100 51060 4189 56912 4463 1113126 1451148 28295 761920 852358
internal_value=-0.00998632 -0.0196361 0.000604692 -0.0159893 -0.00515756 0.00352428 0.00378826 -0.0178942 -0.00280894 -0.0125041 -0.00727217 0.00700143 -0.0163614 0.00330022 0.00124061 -0.0128693 0.00372213 0.00378926 -0.0191728 0.00629651 -0.0168401 -0.0166027 -0.0163328 -0.0151033 -0.0146846 -0.00409074 -0.0201123 -0.00837895 -0.0141933 -0.017588
internal_weight=2.23187e+07 1.16783e+07 1.06404e+07 6.95183e+06 3.57823e+06 7.06219e+06 6.82901e+06 4.49494e+06 1.69531e+06 2.4569e+06 1.88292e+06 900469 2.04435e+06 5.92854e+06 1.00799e+06 2.34178e+06 4.92055e+06 4.89157e+06 2.45058e+06 831123 1.87857e+06 1.812e+06 1.7309e+06 874355 823295 1.21056e+06 1.45499e+06 1.34309e+06 766383 856547
internal_count=22318680 11678263 10640417 6951833 3578230 7062187 6829012 4494938 1695309 2456895 1882921 900469 2044354 5928543 1007991 2341780 4920552 4891574 2450584 831123 1878569 1812002 1730902 874355 823295 1210562 1454990 1343086 766383 856547
cat_boundaries=0 1 2 82 161 240 319 414 494 573
cat_threshold=39 134217730 0 0 8192 0 65536 0 268435456 0 0 134217728 131072 0 16777216 2147483776 4194304 0 0 262400 0 1 67108864 8 0 0 144 8388608 0 512 0 536870912 0 0 0 0 0 0 0 0 0 0 0 1073741824 0 0 33554432 0 0 0 0 0 0 0 0 0 0 0 0 0 0 0 0 0 536870912 524288 0 128 2147483648 0 0 0 128 2 16908288 0 32 0 0 0 256 2 131072 536870944 262208 0 0 0 0 0 256 0 2048 0 0 0 2048 0 1048576 0 0 0 0 0 2147483648 0 0 0 0 0 1073742336 1048576 16 0 0 0 524288 16384 512 0 67108864 0 0 0 134217732 0 0 0 0 0 0 0 0 0 0 0 0 0 0 0 0 0 0 0 0 8 16793600 0 538968576 0 0 0 0 1048576 134217728 8404992 0 4194304 0 0 262144 16 2147483648 16777728 18350080 4194304 0 18874368 0 0 2147483648 0 0 524288 0 0 0 0 0 0 0 0 0 2 671088640 0 134217728 16 0 2147484672 0 134217728 0 0 2097152 4 0 150994944 0 0 1074003968 0 0 0 8388608 0 0 0 0 0 0 0 0 0 0 0 0 0 0 0 0 0 0 0 0 0 0 0 0 18 0 0 0 4 0 4096 0 0 0 16777216 0 32768 2048 134250600 0 0 0 0 0 0 8192 0 0 524288 0 0 0 1024 0 2148007936 2147516416 4 0 0 0 4096 32768 2048 0 33554432 33554434 0 1024 8 0 2147483648 0 0 16 1048576 0 2048 16384 16384 0 0 0 0 0 0 0 0 0 0 0 0 0 0 0 0 0 0 0 0 0 131072 0 0 0 0 0 0 0 0 0 0 0 0 335544320 0 0 0 0 0 0 0 0 0 0 0 0 0 0 0 0 0 0 0 0 0 0 0 0 0 0 0 0 0 0 0 0 0 0 0 0 0 0 0 0 0 0 0 0 0 67110912 524416 2148532224 1073741824 692224 2048 570425344 0 524288 524288 2097152 8388640 403701760 0 0 0 0 0 0 0 0 0 0 0 0 0 0 0 0 0 0 0 0 0 0 131072 0 524288 131072 32 256 0 0 268435456 0 0 536871424 0 0 8404992 8 0 0 0 1073741824 0 0 16777216 0 0 0 16384 0 0 0 0 0 134283264 0 0 0 0 131072 0 268500992 0 0 1107296256 16 8 4 0 0 32 8388608 256 1073741824 134217728 0 0 40960 0 33 0 32768 0 0 0 0 0 0 0 0 0 0 0 0 0 0 0 0 0 0 16 131072 0 128 0 0 0 0 134217728 33554432 256 0 0 524288 0 0 16 0 0 0 0 0 0 0 0 0 268435968 64 0 0 0 0 0 0 524288 0 0 0 8192 64 4096 0 1064960 0 0 16777216 0 16777216 8192 0 0 262145 64 0 524288 2048 33554432 1024 0 0 0 0 0 0 0 0 0 0 0 0 0 0 0 0 0 0 0 0 0 0 0 1082130432 285229056 0 536870912 0 0 32 0 537395200 0 0 67108864 0 0 1088
is_linear=0
shrinkage=0.05


Tree=36
num_leaves=31
num_cat=9
split_feature=20 16 20 20 20 19 18 1 6 19 6 19 20 6 20 17 9 16 20 0 0 0 16 0 0 19 0 19 6 0
split_gain=906554 91354.7 69983.7 18472.5 7108.39 5618.76 4057.4 3512.28 2782.42 2665.89 2295.39 2125.2 1977.54 1841.54 1824.61 1792.28 1418.17 1294.18 1264.19 1218.11 1123.11 1095.5 1002.45 953.198 1031.33 951.147 927.97 922.217 842.402 829.298
threshold=0.41064453125000006 1.0000000180025095e-35 0.87500000000000011 0.19641113281250003 0.62500000000000011 0.35705566406250006 7.5000000000000009 0 2.5000000000000004 0.78564453125000011 2.5000000000000004 0.21423339843750003 1.0893554687500002 2.5000000000000004 0.30358886718750006 17.500000000000004 1 2.9501953125000004 0.089263916015625014 2 3 4 2.9853515625000004 5 6 0.21423339843750003 7 1.3574218750000002 2.5000000000000004 8
decision_type=2 10 2 2 2 2 2 1 2 2 2 2 2 2 2 2 9 10 2 9 9 9 10 9 9 2 9 2 2 9
left_child=1 -1 4 7 10 -4 12 11 -6 14 -2 19 13 -7 -5 -8 -14 -18 26 -3 -21 -22 23 -23 -25 -10 -9 -12 -16 -26
right_child=2 3 5 9 8 6 15 18 25 -11 27 -13 16 -15 28 -17 17 -19 -20 20 21 22 -24 24 29 -27 -28 -29 -30 -31
leaf_value=0 0 0.061273113832366555 0 0 0.016259493108613129 0.0070426349459029097 0.065955771849832992 0.027018004383131844 0 0 0 0 -0.010589186271965209 -0.00061574459570304136 0 0.33691093424982149 0.0078907811189056765 0.007980284108173025 0 0 0 0 0 0 0 0 0 0.040725312499999999 0 0
leaf_weight=4726430 539835 5220 233175 1278922 484747 289718 581365 3842 97436 115115 1314791 165785 29404 721467 303889 151190 2734914 2320954 995594 66567 81100 51060 855370 56912 49355 1113126 1451148 28295 758969 712985
leaf_count=4726430 539835 5220 233175 1278922 484747 289718 581365 3842 97436 115115 1314791 165785 29404 721467 303889 151190 2734914 2320954 995594 66567 81100 51060 855370 56912 49355 1113126 1451148 28295 758969 712985
internal_value=-0.0100179 -0.0196367 0.000539154 -0.0159903 -0.00515756 0.00342554 0.00368614 -0.0178959 -0.00280894 -0.0125041 -0.00727217 -0.016365 0.00326367 0.00124421 -0.0128693 0.00720202 0.00366523 0.00372891 -0.0191728 -0.016844 -0.0169111 -0.0166758 -0.0164085 -0.0152139 -0.0148 -0.00409074 -0.0201123 -0.00837895 -0.0113383 -0.0143147
internal_weight=2.23187e+07 1.16783e+07 1.06404e+07 6.95183e+06 3.57823e+06 7.06219e+06 6.82901e+06 4.49494e+06 1.69531e+06 2.4569e+06 1.88292e+06 2.04435e+06 6.09646e+06 1.01118e+06 2.34178e+06 732555 5.08527e+06 5.05587e+06 2.45058e+06 1.87857e+06 1.87335e+06 1.80678e+06 1.72568e+06 870312 819252 1.21056e+06 1.45499e+06 1.34309e+06 1.06286e+06 762340
internal_count=22318680 11678263 10640417 6951833 3578230 7062187 6829012 4494938 1695309 2456895 1882921 2044354 6096457 1011185 2341780 732555 5085272 5055868 2450584 1878569 1873349 1806782 1725682 870312 819252 1210562 1454990 1343086 1062858 762340
cat_boundaries=0 1 2 81 161 240 319 398 493 570
cat_threshold=39 134217730 8 0 0 0 1073741824 0 0 16777216 0 0 0 16384 0 0 0 0 0 65536 0 0 0 0 131072 4096 0 16384 0 1107296256 16777232 8 0 0 2 32 8388608 0 1073741824 134217728 2147485696 0 8192 0 32 0 32768 0 0 0 0 0 0 0 0 0 0 0 0 0 0 0 0 0 0 0 1073741824 16384 128 0 0 0 0 0 570425344 256 0 0 524288 0 1088 0 0 8192 0 65536 0 268435456 0 0 134217728 131072 0 16777216 2147483776 4194304 0 0 262400 0 1 67108864 8 0 0 144 8388608 0 512 0 536870912 0 0 0 0 0 0 0 0 0 0 0 1073741824 0 0 33554432 0 0 0 0 0 0 0 0 0 0 0 0 0 0 0 0 0 536870912 524288 0 128 2147483648 0 0 0 128 2 16908288 0 32 0 0 0 256 2 131072 536870944 262208 0 0 0 0 0 256 0 2048 0 0 0 2048 0 1048576 0 0 0 0 0 2147483648 0 0 0 0 0 1073742336 1048576 16 0 0 0 524288 16384 512 0 67108864 0 0 0 134217732 0 0 0 0 0 0 0 0 0 0 0 0 0 0 0 0 0 0 0 0 8 16793600 0 538968576 0 0 0 0 1048576 134217728 8404992 0 4194304 0 0 262144 16 2147483648 16777728 18350080 4194304 0 18874368 0 0 2147483648 0 0 524288 0 0 0 0 0 0 0 0 0 2 671088640 0 134217728 16 0 2147484672 0 134217728 0 0 2097152 4 0 150994944 0 0 1074003968 0 0 0 8388608 0 0 0 0 0 0 0 0 0 0 0 0 0 0 0 0 0 0 0 0 0 0 0 0 18 0 0 0 4 0 4096 0 0 0 16777216 0 32768 2048 134250600 0 0 0 0 0 0 8192 0 0 524288 0 0 0 1024 0 2148007936 2147516416 4 0 0 0 4096 32768 2048 0 33554432 33554434 0 1024 8 0 2147483648 0 0 16 1048576 0 2048 16384 16384 0 0 0 0 0 0 0 0 0 0 0 0 0 0 0 0 0 0 0 0 0 131072 0 0 0 0 0 0 0 0 0 0 0 0 335544320 0 0 0 0 0 0 0 0 0 0 0 0 0 0 0 0 0 0 0 0 0 0 0 0 0 0 0 0 0 0 0 0 0 0 0 0 0 0 0 0 0 0 0 0 0 67110912 524416 2148532224 1073741824 692224 2048 570425344 0 524288 524288 2097152 8388640 403701760 0 0 0 0 0 0 0 0 0 0 0 0 0 0 0 0 0 0 0 0 0 0 131072 0 524288 131072 32 256 0 0 268435456 0 0 536871424 0 0 8404992 0 262144 0 0 1024 0 1 131072 0 524288 537395200 0 0 0 0 2147483648 0 0 20480 0 268435456 0 0 0 0 0 8388608 16 0 0 2147483648 2147484160 0 1140850688 0 1073741824 8 1 2097152 136315024 0 1048576 0 524288 0 0 0 0 0 0 0 0 0 0 0 0 0 0 0 0 0 0 0 0 0 1024 131080 0 0 0 0 0 0 0 0 0 1073741824
is_linear=0
shrinkage=0.05


Tree=37
num_leaves=31
num_cat=8
split_feature=20 16 20 20 20 19 20 1 6 19 19 6 19 20 6 20 6 16 20 0 0 0 16 9 19 0 0 0 19 6
split_gain=901374 91344.8 68565.5 18477.7 7108.39 5490.79 3845.58 3508.11 2782.42 2665.89 2319.82 2295.39 2126.5 1824.61 1386.29 1329.95 1573.61 1410.5 1264.19 1226.08 1122.12 1094.37 989.412 965.855 951.147 950.271 1027.97 927.97 922.217 842.402
threshold=0.41064453125000006 1.0000000180025095e-35 0.87500000000000011 0.19641113281250003 0.62500000000000011 0.35705566406250006 3.1250000000000004 0 2.5000000000000004 0.78564453125000011 24.210937500000004 2.5000000000000004 0.21423339843750003 0.30358886718750006 2.5000000000000004 1.0537109375000002 2.5000000000000004 2.9501953125000004 0.089263916015625014 1 2 3 2.9853515625000004 4 0.21423339843750003 5 6 7 1.3574218750000002 2.5000000000000004
decision_type=2 10 2 2 2 2 2 1 2 2 2 2 2 2 2 2 2 10 2 9 9 9 10 9 2 9 9 9 2 2
left_child=1 -1 4 7 11 -4 15 12 -6 13 14 -2 19 -5 -8 16 -7 -17 27 -3 -21 -22 25 -16 -10 -23 -27 -9 -13 -15
right_child=2 3 5 9 8 6 10 18 24 -11 -12 28 -14 29 23 17 -18 -19 -20 20 21 22 -24 -25 -26 26 -28 -29 -30 -31
leaf_value=0 0 0.058935181186172372 0 0 0.015446518453182474 0.0066987628125704524 0.076090463949571419 0.025667104163975253 0 0 0.57826969359381475 0 0 0 -0.025318754518532938 0.0048663611438378501 -0.00058495736591788929 0.0065833381658296835 0 0 0 0 0 0.036434698891003779 0 0 0 0 0.038689046875000001 0
leaf_weight=4726430 539835 5344 233175 1278922 484747 245556 538055 3842 97436 115115 79283 1314791 165785 303889 9573 1986802 610286 2025145 995594 66567 81100 51060 855682 1334312 1113126 56912 761904 1451148 28295 758969
leaf_count=4726430 539835 5344 233175 1278922 484747 245556 538055 3842 97436 115115 79283 1314791 165785 303889 9573 1986802 610286 2025145 995594 66567 81100 51060 855682 1334312 1113126 56912 761904 1451148 28295 758969
internal_value=-0.0100457 -0.019637 0.000481135 -0.0159908 -0.00515756 0.00333812 0.00359574 -0.0178966 -0.00280894 -0.0125041 0.00546502 -0.00727217 -0.0163667 -0.0128693 0.00511207 0.00284261 0.00105323 0.00322433 -0.0191728 -0.0168458 -0.016914 -0.0166787 -0.0164116 0.0042534 -0.00409074 -0.0152242 -0.0148107 -0.0201123 -0.00837895 -0.0113383
internal_weight=2.23187e+07 1.16783e+07 1.06404e+07 6.95183e+06 3.57823e+06 7.06219e+06 6.82901e+06 4.49494e+06 1.69531e+06 2.4569e+06 1.96122e+06 1.88292e+06 2.04435e+06 2.34178e+06 1.88194e+06 4.86779e+06 855842 4.01195e+06 2.45058e+06 1.87857e+06 1.87322e+06 1.80666e+06 1.72556e+06 1.34388e+06 1.21056e+06 869876 818816 1.45499e+06 1.34309e+06 1.06286e+06
internal_count=22318680 11678263 10640417 6951833 3578230 7062187 6829012 4494938 1695309 2456895 1961223 1882921 2044354 2341780 1881940 4867789 855842 4011947 2450584 1878569 1873225 1806658 1725558 1343885 1210562 869876 818816 1454990 1343086 1062858
cat_boundaries=0 1 80 160 239 240 319 398 493
cat_threshold=39 8 0 0 2 1073741824 0 0 16777216 0 0 0 16384 0 0 0 0 0 65536 0 0 32 0 131072 0 0 16384 0 1107296256 16777232 8 0 0 2 32 8388608 0 1073741824 134217728 2147485696 0 8192 0 32 0 32768 0 0 0 0 0 0 0 0 0 0 0 0 0 0 0 0 0 0 0 8388608 0 128 0 0 0 0 0 570425344 256 0 67108864 524288 0 64 0 0 8192 0 65536 0 268435456 0 0 134217728 131072 0 16777216 2147483776 4194304 0 0 262400 0 1 67108864 8 0 0 144 8388608 0 512 0 536870912 0 0 0 0 0 0 0 0 0 0 0 1073741824 0 0 33554432 0 0 0 0 0 0 0 0 0 0 0 0 0 0 0 0 0 536870912 524288 0 128 2147483648 0 0 0 128 2 16908288 0 32 0 0 0 256 2 131072 536870944 262208 0 0 0 0 0 256 0 2048 0 0 0 2048 0 1048576 0 0 0 0 0 2147483648 0 0 0 0 0 1073742336 1048576 16 0 0 0 524288 16384 512 0 67108864 0 0 0 134217732 0 0 0 0 0 0 0 0 0 0 0 0 0 0 0 0 0 0 0 0 8 16793600 0 538968576 0 0 0 0 1048576 134217728 8404992 0 4194304 0 0 262144 134217730 16 2147483648 16777728 18350080 4194304 0 18874368 0 0 2147483648 0 0 524288 0 0 0 0 0 0 0 0 0 2 671088640 0 134217728 16 0 2147484672 0 134217728 0 0 2097152 4 0 150994944 0 0 1074003968 0 0 0 8388608 0 0 0 0 0 0 0 0 0 0 0 0 0 0 0 0 0 0 0 0 0 0 0 0 18 0 0 0 4 0 4096 0 0 0 16777216 0 32768 2048 134250600 0 0 0 0 0 0 8192 0 0 524288 0 0 0 1024 0 2148007936 2147516416 4 0 0 0 4096 32768 2048 0 33554432 33554434 0 1024 8 0 2147483648 0 0 16 1048576 0 2048 16384 16384 0 0 0 0 0 0 0 0 0 0 0 0 0 0 0 0 0 0 0 0 0 131072 0 0 0 0 0 0 0 0 0 0 0 0 335544320 0 0 0 0 0 0 0 0 0 0 0 0 0 0 0 0 0 0 0 0 0 0 0 0 0 0 0 0 0 0 0 0 0 0 0 0 0 0 0 0 0 0 0 0 0 67110912 524416 2148532224 1073741824 692224 2048 570425344 0 524288 524288 2097152 8388640 403701760 0 0 0 0 0 0 0 0 0 0 0 0 0 0 0 0 0 0 0 0 0 0 131072 0 524288 131072 32 256 0 0 268435456 0 0 536871424 0 0 8404992
is_linear=0
shrinkage=0.05


Tree=38
num_leaves=31
num_cat=8
split_feature=20 16 20 20 19 20 20 1 6 19 20 19 6 20 20 6 6 20 16 0 0 0 16 0 0 19 0 3 6 19
split_gain=895443 91333.4 67004.7 18483.6 5935.91 5906.11 3890.09 3503.34 2836.19 2665.89 2295.51 2127.99 1879.59 1824.61 1671.16 1612.53 1583.91 1264.19 1251.17 1220.52 1121.35 1093.5 985.584 948.948 1026.43 945.05 927.97 916.585 842.402 834.481
threshold=0.41064453125000006 1.0000000180025095e-35 0.83911132812500011 0.19641113281250003 0.35705566406250006 0.58911132812500011 2.5537109375000004 0 2.5000000000000004 0.78564453125000011 23.500000000000004 0.21423339843750003 2.5000000000000004 0.30358886718750006 1.0180664062500002 2.5000000000000004 2.5000000000000004 0.089263916015625014 2.9501953125000004 1 2 3 2.9853515625000004 4 5 1.0000000180025095e-35 6 7 2.5000000000000004 1.3574218750000002
decision_type=2 10 2 2 2 2 2 1 2 2 2 2 2 2 2 2 2 2 10 9 9 9 10 9 9 2 9 1 2 2
left_child=1 -1 5 7 -4 12 14 11 -7 13 16 19 -2 -5 15 -6 -8 26 -16 -3 -21 -22 23 -23 -25 -10 -9 -18 -15 -14
right_child=2 3 4 9 6 8 10 17 25 -11 -12 -13 29 28 18 -17 27 -19 -20 20 21 22 -24 24 -26 -27 -28 -29 -30 -31
leaf_value=0 0 0.061881516497719308 0 0 0.0073873032446918792 -0.0092746875000000017 0.063589221188578349 0.024383748955776493 0 0 0.55181333914656461 0 0 0 0.0038982202669520186 0 0.040828600081848965 0 0.0058880590504668817 0 0 0 0 0 0 0 0 0.019851055975252854 0 0.036754594531249997
leaf_weight=4726430 458985 5384 259617 1278922 255773 501805 691867 3842 57157 115115 77672 165785 1119795 303889 1744968 637917 674377 995594 1892657 66567 81100 51060 855682 56912 761864 1193208 1451148 1052089 758969 22530
leaf_count=4726430 458985 5384 259617 1278922 255773 501805 691867 3842 57157 115115 77672 165785 1119795 303889 1744968 637917 674377 995594 1892657 66567 81100 51060 855682 56912 761864 1193208 1451148 1052089 758969 22530
internal_value=-0.0100776 -0.0196374 0.000414507 -0.0159914 0.00310616 -0.00543431 0.00338045 -0.0178975 -0.00342835 -0.0125041 0.0049655 -0.0163686 -0.00762925 -0.0128693 0.00250735 0.000570108 0.00469376 -0.0191728 0.00298329 -0.0168479 -0.0169161 -0.016681 -0.0164139 -0.0152288 -0.0148156 -0.00470273 -0.0201123 0.00388371 -0.0113383 -0.0087151
internal_weight=2.23187e+07 1.16783e+07 1.06404e+07 6.95183e+06 7.28694e+06 3.35348e+06 7.02732e+06 4.49494e+06 1.75217e+06 2.4569e+06 2.496e+06 2.04435e+06 1.60131e+06 2.34178e+06 4.53132e+06 893690 2.41833e+06 2.45058e+06 3.63762e+06 1.87857e+06 1.87318e+06 1.80662e+06 1.72552e+06 869836 818776 1.25036e+06 1.45499e+06 1.72647e+06 1.06286e+06 1.14232e+06
internal_count=22318680 11678263 10640417 6951833 7286937 3353480 7027320 4494938 1752170 2456895 2496005 2044354 1601310 2341780 4531315 893690 2418333 2450584 3637625 1878569 1873185 1806618 1725518 869836 818776 1250365 1454990 1726466 1062858 1142325
cat_boundaries=0 1 80 160 239 318 397 492 493
cat_threshold=39 8 0 0 2 1073741824 0 0 16777216 0 0 0 16384 0 0 0 0 0 65536 0 0 32 0 131072 0 0 16384 0 1107296256 16777232 8 0 0 2 32 8192 0 1073741824 0 2147485696 0 8192 0 32 0 0 0 0 0 0 0 0 0 0 0 0 0 0 0 0 0 0 0 0 0 8388608 0 128 0 0 0 0 134217728 570425344 256 0 67109888 524288 0 64 0 0 8192 0 65536 0 268435456 0 0 134217728 131072 0 16777216 2147483776 4194304 0 0 262400 0 1 67108864 8 0 0 144 8388608 0 512 0 536870912 0 0 0 0 0 0 0 0 0 0 0 1073741824 0 0 33554432 0 0 0 0 0 0 0 0 0 0 0 0 0 0 0 0 0 536870912 524288 0 128 2147483648 0 0 0 128 2 16908288 0 32 0 0 0 256 2 131072 536870944 262208 0 0 0 0 0 256 0 2048 0 0 0 2048 0 1048576 0 0 0 0 0 2147483648 0 0 0 0 0 1073742336 1048576 16 0 0 0 524288 16384 512 0 67108864 0 0 0 134217732 0 0 0 0 0 0 0 0 0 0 0 0 0 0 0 0 0 0 0 0 8 16793600 0 538968576 0 0 0 0 1048576 134217728 8404992 0 4194304 0 0 262144 16 2147483648 16777728 18350080 4194304 0 18874368 0 0 2147483648 0 0 524288 0 0 0 0 0 0 0 0 0 2 671088640 0 134217728 16 0 2147484672 0 134217728 0 0 2097152 4 0 150994944 0 0 1074003968 0 0 0 8388608 0 0 0 0 0 0 0 0 0 0 0 0 0 0 0 0 0 0 0 0 0 0 0 0 18 0 0 0 4 0 4096 0 0 0 16777216 0 32768 2048 134250600 0 0 0 0 0 0 8192 0 0 524288 0 0 0 1024 0 2148007936 2147516416 4 0 0 0 4096 32768 2048 0 33554432 33554434 0 1024 8 0 2147483648 0 0 16 1048576 0 2048 16384 16384 0 0 0 0 0 0 0 0 0 0 0 0 0 0 0 0 0 0 0 0 0 131072 0 0 0 0 0 0 0 0 0 0 0 0 335544320 0 0 0 0 0 0 0 0 0 0 0 0 0 0 0 0 0 0 0 0 0 0 0 0 0 0 0 0 0 0 0 0 0 0 0 0 0 0 0 0 0 0 0 0 0 67110912 524416 2148532224 1073741824 692224 2048 570425344 0 524288 524288 2097152 8388640 403701760 0 0 0 0 0 0 0 0 0 0 0 0 0 0 0 0 0 0 0 0 0 0 131072 0 524288 131072 32 256 0 0 268435456 0 0 536871424 0 0 8404992 4
is_linear=0
shrinkage=0.05


Tree=39
num_leaves=31
num_cat=8
split_feature=20 16 20 20 20 19 20 1 6 19 20 19 6 6 20 9 20 16 20 0 0 6 0 16 0 0 19 0 6 19
split_gain=888494 91322.8 65223.4 18489.2 5906.11 5754.57 3562.85 3498.88 2836.19 2665.89 2337.64 2129.39 1917.55 1879.59 1824.61 1545.82 1392.87 1306.21 1264.19 1232.4 1120.28 1107.31 1092.29 985.289 947.943 1025.25 945.05 927.97 842.402 834.481
threshold=0.41064453125000006 1.0000000180025095e-35 0.83911132812500011 0.19641113281250003 0.58911132812500011 0.35705566406250006 7.5527343750000009 0 2.5000000000000004 0.78564453125000011 1.0537109375000002 0.21423339843750003 2.5000000000000004 2.5000000000000004 0.30358886718750006 1 32.125000000000007 2.9501953125000004 0.089263916015625014 2 3 2.5000000000000004 4 2.9853515625000004 5 6 1.0000000180025095e-35 7 2.5000000000000004 1.3574218750000002
decision_type=2 10 2 2 2 2 2 1 2 2 2 2 2 2 2 9 2 10 2 9 9 2 9 10 9 9 2 9 2 2
left_child=1 -1 4 7 13 -4 10 11 -6 14 12 19 -7 -2 -5 -12 21 -17 27 -3 -21 -8 -22 24 -24 -26 -10 -9 -16 -15
right_child=2 3 5 9 8 6 16 18 26 -11 15 -13 -14 29 28 17 -18 -19 -20 20 22 -23 23 -25 25 -27 -28 -29 -30 -31
leaf_value=0 0 0.060629726608076043 0 0 -0.0088109531250000015 0.0069337287669482611 0.18476337314458832 0.023164561507987669 0 0 -0.01099960277438322 0 0 0 0 0.0068440667865016071 0.9080034816135335 0.0069577000419495496 0 0 0 0.072123655968332964 0 0 0 0 0 0 0 0.034916864804687496
leaf_weight=4726430 458985 5506 259617 1278922 501805 301746 157405 3842 57157 115115 30426 165785 752404 1119795 303889 2881754 38235 2472368 995594 66567 81100 392982 51060 855561 56912 761863 1193208 1451148 758969 22530
leaf_count=4726430 458985 5506 259617 1278922 501805 301746 157405 3842 57157 115115 30426 165785 752404 1119795 303889 2881754 38235 2472368 995594 66567 81100 392982 51060 855561 56912 761863 1193208 1451148 758969 22530
internal_value=-0.0101151 -0.0196377 0.000336239 -0.0159919 -0.00543431 0.00299187 0.00326194 -0.0178983 -0.00342835 -0.0125041 0.00292154 -0.0163703 0.000768344 -0.00762925 -0.0128693 0.00334308 0.00698547 0.00340694 -0.0191728 -0.0168498 -0.0169192 0.0063444 -0.0166841 -0.0164172 -0.0152323 -0.0148193 -0.00470273 -0.0201123 -0.0113383 -0.0087151
internal_weight=2.23187e+07 1.16783e+07 1.06404e+07 6.95183e+06 3.35348e+06 7.28694e+06 7.02732e+06 4.49494e+06 1.75217e+06 2.4569e+06 6.4387e+06 2.04435e+06 1.05415e+06 1.60131e+06 2.34178e+06 5.38455e+06 588622 5.35412e+06 2.45058e+06 1.87857e+06 1.87306e+06 550387 1.8065e+06 1.7254e+06 869835 818775 1.25036e+06 1.45499e+06 1.06286e+06 1.14232e+06
internal_count=22318680 11678263 10640417 6951833 3353480 7286937 7027320 4494938 1752170 2456895 6438698 2044354 1054150 1601310 2341780 5384548 588622 5354122 2450584 1878569 1873063 550387 1806496 1725396 869835 818775 1250365 1454990 1062858 1142325
cat_boundaries=0 1 2 81 161 240 319 398 493
cat_threshold=39 134217730 8 0 0 2 3221225472 0 0 16777216 0 0 0 16384 0 0 0 0 0 0 0 0 32 0 131072 0 0 16384 0 1073741824 16777232 8 0 0 2 0 8192 2 1073741824 0 2147485696 33554432 8192 0 32 0 0 0 0 0 0 0 0 0 0 0 0 0 0 0 0 0 0 0 0 0 8388608 256 0 0 0 0 0 134217728 570425344 256 0 67109888 524288 0 64 0 0 8192 0 65536 0 268435456 0 0 134217728 131072 0 16777216 2147483776 4194304 0 0 262400 0 1 67108864 8 0 0 144 8388608 0 512 0 536870912 0 0 0 0 0 0 0 0 0 0 0 1073741824 0 0 33554432 0 0 0 0 0 0 0 0 0 0 0 0 0 0 0 0 0 536870912 524288 0 128 2147483648 0 0 0 128 2 16908288 0 32 0 0 0 256 2 131072 536870944 262208 0 0 0 0 0 256 0 2048 0 0 0 2048 0 1048576 0 0 0 0 0 2147483648 0 0 0 0 0 1073742336 1048576 16 0 0 0 524288 16384 512 0 67108864 0 0 0 134217732 0 0 0 0 0 0 0 0 0 0 0 0 0 0 0 0 0 0 0 0 8 16793600 0 538968576 0 0 0 0 1048576 134217728 8404992 0 4194304 0 0 262144 16 2147483648 16777728 18350080 4194304 0 18874368 0 0 2147483648 0 0 524288 0 0 0 0 0 0 0 0 0 2 671088640 0 134217728 16 0 2147484672 0 134217728 0 0 2097152 4 0 150994944 0 0 1074003968 0 0 0 8388608 0 0 0 0 0 0 0 0 0 0 0 0 0 0 0 0 0 0 0 0 0 0 0 0 18 0 0 0 4 0 4096 0 0 0 16777216 0 32768 2048 134250600 0 0 0 0 0 0 8192 0 0 524288 0 0 0 1024 0 2148007936 2147516416 4 0 0 0 4096 32768 2048 0 33554432 33554434 0 1024 8 0 2147483648 0 0 16 1048576 0 2048 16384 16384 0 0 0 0 0 0 0 0 0 0 0 0 0 0 0 0 0 0 0 0 0 131072 0 0 0 0 0 0 0 0 0 0 0 0 335544320 0 0 0 0 0 0 0 0 0 0 0 0 0 0 0 0 0 0 0 0 0 0 0 0 0 0 0 0 0 0 0 0 0 0 0 0 0 0 0 0 0 0 0 0 0 67110912 524416 2148532224 1073741824 692224 2048 570425344 0 524288 524288 2097152 8388640 403701760 0 0 0 0 0 0 0 0 0 0 0 0 0 0 0 0 0 0 0 0 0 0 131072 0 524288 131072 32 256 0 0 268435456 0 0 536871424 0 0 8404992
is_linear=0
shrinkage=0.05


Tree=40
num_leaves=31
num_cat=9
split_feature=20 16 20 20 20 19 20 1 6 19 19 0 6 20 6 20 20 6 0 0 0 16 3 0 0 19 0 16 6 19
split_gain=879494 91310.5 62942.8 18495.6 5906.11 5522.95 3752.23 3493.75 2836.19 2665.89 2131 2049.7 1879.59 1824.61 1541.28 1264.19 1244.02 1589.4 1143.97 1118.92 1086.36 992.705 952.959 950.022 1027.62 945.05 927.97 865.793 842.402 834.481
threshold=0.41064453125000006 1.0000000180025095e-35 0.83911132812500011 0.19641113281250003 0.58911132812500011 0.35705566406250006 2.4824218750000004 0 2.5000000000000004 0.78564453125000011 0.21423339843750003 1 2.5000000000000004 0.30358886718750006 2.5000000000000004 0.089263916015625014 1.0180664062500002 2.5000000000000004 2 3 4 2.9853515625000004 5 6 7 1.0000000180025095e-35 8 2.8251953125000004 2.5000000000000004 1.3574218750000002
decision_type=2 10 2 2 2 2 2 1 2 2 2 9 2 2 2 2 2 2 9 9 9 10 1 9 9 2 9 10 2 2
left_child=1 -1 4 7 12 -4 16 10 -6 13 18 -8 -2 -5 -13 26 17 -7 -3 -20 -21 23 -16 -22 -25 -10 -9 -18 -15 -14
right_child=2 3 5 9 8 6 11 15 25 -11 -12 14 29 28 22 -17 27 -19 19 20 21 -23 -24 24 -26 -27 -28 -29 -30 -31
leaf_value=0 0 0 0 0 -0.0083704054687500015 0.0066712516441098718 0.16006379058519773 0.022006333432588288 0 0 0 0.058289454812414168 0 0 0.038295302383096412 0 0.0032239337025372519 0 0 0.06217053533880626 0 0 0.017352458444102138 0 0 0 0 0.0050442059385191309 0 0.033171021564453125
leaf_weight=4726430 458985 66567 259617 1278922 501805 255773 106161 3842 57157 115115 165785 707319 1119795 303889 703642 995594 1579802 637917 81100 5094 51060 855571 1062229 56912 762265 1193208 1451148 1974477 758969 22530
leaf_count=4726430 458985 66567 259617 1278922 501805 255773 106161 3842 57157 115115 165785 707319 1119795 303889 703642 995594 1579802 637917 81100 5094 51060 855571 1062229 56912 762265 1193208 1451148 1974477 758969 22530
internal_value=-0.0101638 -0.019638 0.000234453 -0.0159925 -0.00543431 0.00284324 0.00310782 -0.0178992 -0.00342835 -0.0125041 -0.0163724 0.00462503 -0.00762925 -0.0128693 0.00433295 -0.0191728 0.002228 0.000560429 -0.016852 -0.0166151 -0.0163458 -0.0164139 0.003543 -0.015225 -0.0148117 -0.00470273 -0.0201123 0.00264729 -0.0113383 -0.0087151
internal_weight=2.23187e+07 1.16783e+07 1.06404e+07 6.95183e+06 3.35348e+06 7.28694e+06 7.02732e+06 4.49494e+06 1.75217e+06 2.4569e+06 2.04435e+06 2.57935e+06 1.60131e+06 2.34178e+06 2.47319e+06 2.45058e+06 4.44797e+06 893690 1.87857e+06 1.812e+06 1.7309e+06 1.72581e+06 1.76587e+06 870237 819177 1.25036e+06 1.45499e+06 3.55428e+06 1.06286e+06 1.14232e+06
internal_count=22318680 11678263 10640417 6951833 3353480 7286937 7027320 4494938 1752170 2456895 2044354 2579351 1601310 2341780 2473190 2450584 4447969 893690 1878569 1812002 1730902 1725808 1765871 870237 819177 1250365 1454990 3554279 1062858 1142325
cat_boundaries=0 1 86 166 245 324 325 404 483 578
cat_threshold=39 0 0 0 0 0 0 0 0 0 0 0 0 0 0 0 0 0 0 0 268435456 0 1074790528 268435456 0 0 16400 0 1073741825 16 0 2097152 0 0 0 0 0 32768 49152 0 0 0 8192 32 0 512 0 0 0 0 0 2048 0 64 1073741824 0 0 0 0 0 0 0 0 0 8 4194304 268697600 0 0 0 2147483648 0 0 1024 0 0 2097152 512 0 0 16 131072 8388608 0 0 32 0 0 8192 0 65536 0 268435456 0 0 134217728 131072 0 16777216 2147483776 4194304 0 0 262400 0 1 67108864 8 0 0 144 8388608 0 512 0 536870912 0 0 0 0 0 0 0 0 0 0 0 1073741824 0 0 33554432 0 0 0 0 0 0 0 0 0 0 0 0 0 0 0 0 0 536870912 524288 0 128 2147483648 0 0 0 128 2 16908288 0 32 0 0 0 256 2 131072 536870944 262208 0 0 0 0 0 256 0 2048 0 0 0 2048 0 1048576 0 0 0 0 0 2147483648 0 0 0 0 0 1073742336 1048576 16 0 0 0 524288 16384 512 0 67108864 0 0 0 134217732 0 0 0 0 0 0 0 0 0 0 0 0 0 0 0 0 0 0 0 0 8 16793600 0 538968576 0 0 0 0 1048576 134217728 8404992 0 4194304 0 0 262144 8 0 0 2 3221225472 0 0 0 0 0 0 16384 0 0 0 0 0 131072 0 0 32 0 131072 0 0 16384 0 1073741824 16777232 0 0 0 2 0 8192 2 1073741824 0 2147483648 33554432 8192 0 32 0 512 0 0 0 0 0 0 0 0 0 0 0 0 0 0 0 0 0 0 0 8388608 256 0 0 0 0 0 134217728 570949632 256 0 67109888 524288 0 64 4 16 2147483648 16777728 18350080 4194304 0 18874368 0 0 2147483648 0 0 524288 0 0 0 0 0 0 0 0 0 2 671088640 0 134217728 16 0 2147484672 0 134217728 0 0 2097152 4 0 150994944 0 0 1074003968 0 0 0 8388608 0 0 0 0 0 0 0 0 0 0 0 0 0 0 0 0 0 0 0 0 0 0 0 0 18 0 0 0 4 0 4096 0 0 0 16777216 0 32768 2048 134250600 0 0 0 0 0 0 8192 0 0 524288 0 0 0 1024 0 2148007936 2147516416 4 0 0 0 4096 32768 2048 0 33554432 33554434 0 1024 8 0 2147483648 0 0 16 1048576 0 2048 16384 16384 0 0 0 0 0 0 0 0 0 0 0 0 0 0 0 0 0 0 0 0 0 131072 0 0 0 0 0 0 0 0 0 0 0 0 335544320 0 0 0 0 0 0 0 0 0 0 0 0 0 0 0 0 0 0 0 0 0 0 0 0 0 0 0 0 0 0 0 0 0 0 0 0 0 0 0 0 0 0 0 0 0 67110912 524416 2148532224 1073741824 692224 2048 570425344 0 524288 524288 2097152 8388640 403701760 0 0 0 0 0 0 0 0 0 0 0 0 0 0 0 0 0 0 0 0 0 0 131072 0 524288 131072 32 256 0 0 268435456 0 0 536871424 0 0 8404992
is_linear=0
shrinkage=0.05


Tree=41
num_leaves=31
num_cat=8
split_feature=20 16 20 20 20 19 1 20 6 19 19 19 6 20 9 20 6 20 0 6 0 0 16 16 0 0 19 0 6 19
split_gain=872397 91303.4 61166.9 18499.3 5906.11 5343.05 3490.75 3413.87 2836.19 2665.89 2131.94 1961.06 1879.59 1824.61 1353.87 1310.6 1567.1 1264.19 1207.04 1183.3 1119.23 1091.1 1028.75 1000.51 949.44 1026.93 945.05 927.97 842.402 834.481
threshold=0.41064453125000006 1.0000000180025095e-35 0.83911132812500011 0.19641113281250003 0.58911132812500011 0.35705566406250006 0 3.0537109375000004 2.5000000000000004 0.78564453125000011 0.21423339843750003 26.648437500000004 2.5000000000000004 0.30358886718750006 1 1.0180664062500002 2.5000000000000004 0.089263916015625014 2 2.5000000000000004 3 4 2.9501953125000004 2.9853515625000004 5 6 1.0000000180025095e-35 7 2.5000000000000004 1.3574218750000002
decision_type=2 10 2 2 2 2 1 2 2 2 2 2 2 2 9 2 2 2 9 2 9 9 10 10 9 9 2 9 2 2
left_child=1 -1 4 6 12 -4 10 15 -6 13 18 14 -2 -5 -9 16 -7 27 -3 -16 -20 -22 -17 24 -23 -26 -10 -8 -15 -14
right_child=2 3 5 9 8 7 17 11 26 -11 -12 -13 29 28 19 22 -18 -19 20 -21 21 23 -24 -25 25 -27 -28 -29 -30 -31
leaf_value=0 0 0.066650915653521464 0 0 -0.0079518851953125011 0.006337689061904378 0.020906016760958875 -0.029725476428933136 0 0 0 0.59107397985049648 0 0 0.064783949464765983 0.0038437077614299265 0 0 0 0.030327412927298836 0 0 0.0053377354171009863 0 0 0 0 0 0 0.031512470486230473
leaf_weight=4726430 458985 5532 259617 1278922 501805 255773 3842 10833 57157 115115 165785 64899 1119795 303889 557282 2018131 637917 995594 66567 1384035 81100 51060 2098450 855122 56912 762276 1193208 1451148 758969 22530
leaf_count=4726430 458985 5532 259617 1278922 501805 255773 3842 10833 57157 115115 165785 64899 1119795 303889 557282 2018131 637917 995594 66567 1384035 81100 51060 2098450 855122 56912 762276 1193208 1451148 758969 22530
internal_value=-0.0102023 -0.0196382 0.000153911 -0.0159929 -0.00543431 0.00272563 -0.0178998 0.00298587 -0.00342835 -0.0125041 -0.0163736 0.00472275 -0.00762925 -0.0128693 0.00443849 0.00228663 0.00055103 -0.0191728 -0.0168533 0.00453686 -0.0169222 -0.0166872 0.00266342 -0.0164204 -0.015227 -0.0148139 -0.00470273 -0.0201123 -0.0113383 -0.0087151
internal_weight=2.23187e+07 1.16783e+07 1.06404e+07 6.95183e+06 3.35348e+06 7.28694e+06 4.49494e+06 7.02732e+06 1.75217e+06 2.4569e+06 2.04435e+06 2.01705e+06 1.60131e+06 2.34178e+06 1.95215e+06 5.01027e+06 893690 2.45058e+06 1.87857e+06 1.94132e+06 1.87304e+06 1.80647e+06 4.11658e+06 1.72537e+06 870248 819188 1.25036e+06 1.45499e+06 1.06286e+06 1.14232e+06
internal_count=22318680 11678263 10640417 6951833 3353480 7286937 4494938 7027320 1752170 2456895 2044354 2017049 1601310 2341780 1952150 5010271 893690 2450584 1878569 1941317 1873037 1806470 4116581 1725370 870248 819188 1250365 1454990 1062858 1142325
cat_boundaries=0 1 2 81 161 240 319 398 493
cat_threshold=39 134217730 8 0 0 2 1073741824 0 0 0 0 0 0 0 0 0 0 0 0 131072 0 0 32 0 131072 0 0 16384 0 1073741824 16777232 0 0 0 2 0 8192 2 1073741826 0 2147483648 33554432 9216 0 32 0 512 0 0 0 0 0 0 0 0 0 0 0 0 0 0 0 0 0 0 0 8388608 16777472 0 0 0 0 0 134217728 570949632 0 0 67109888 524288 0 64 0 0 8192 0 65536 0 268435456 0 0 134217728 131072 0 16777216 2147483776 4194304 0 0 262400 0 1 67108864 8 0 0 144 8388608 0 512 0 536870912 0 0 0 0 0 0 0 0 0 0 0 1073741824 0 0 33554432 0 0 0 0 0 0 0 0 0 0 0 0 0 0 0 0 0 536870912 524288 0 128 2147483648 0 0 0 128 2 16908288 0 32 0 0 0 256 2 131072 536870944 262208 0 0 0 0 0 256 0 2048 0 0 0 2048 0 1048576 0 0 0 0 0 2147483648 0 0 0 0 0 1073742336 1048576 16 0 0 0 524288 16384 512 0 67108864 0 0 0 134217732 0 0 0 0 0 0 0 0 0 0 0 0 0 0 0 0 0 0 0 0 8 16793600 0 538968576 0 0 0 0 1048576 134217728 8404992 0 4194304 0 0 262144 16 2147483648 16777728 18350080 4194304 0 18874368 0 0 2147483648 0 0 524288 0 0 0 0 0 0 0 0 0 2 671088640 0 134217728 16 0 2147484672 0 134217728 0 0 2097152 4 0 150994944 0 0 1074003968 0 0 0 8388608 0 0 0 0 0 0 0 0 0 0 0 0 0 0 0 0 0 0 0 0 0 0 0 0 18 0 0 0 4 0 4096 0 0 0 16777216 0 32768 2048 134250600 0 0 0 0 0 0 8192 0 0 524288 0 0 0 1024 0 2148007936 2147516416 4 0 0 0 4096 32768 2048 0 33554432 33554434 0 1024 8 0 2147483648 0 0 16 1048576 0 2048 16384 16384 0 0 0 0 0 0 0 0 0 0 0 0 0 0 0 0 0 0 0 0 0 131072 0 0 0 0 0 0 0 0 0 0 0 0 335544320 0 0 0 0 0 0 0 0 0 0 0 0 0 0 0 0 0 0 0 0 0 0 0 0 0 0 0 0 0 0 0 0 0 0 0 0 0 0 0 0 0 0 0 0 0 67110912 524416 2148532224 1073741824 692224 2048 570425344 0 524288 524288 2097152 8388640 403701760 0 0 0 0 0 0 0 0 0 0 0 0 0 0 0 0 0 0 0 0 0 0 131072 0 524288 131072 32 256 0 0 268435456 0 0 536871424 0 0 8404992
is_linear=0
shrinkage=0.05


Tree=42
num_leaves=31
num_cat=10
split_feature=20 16 20 20 19 20 20 1 19 6 19 0 6 20 20 6 9 20 6 0 0 0 16 16 0 0 0 3 6 19
split_gain=864546 91296.3 59290.6 18503.1 5645.41 4795.87 3697.45 3487.76 2665.89 2429.62 2132.88 1924.54 1879.59 1824.61 1574.07 1673.16 1294.86 1264.19 1209.87 1174.23 1119.4 1091.28 1007.31 996.727 948.971 1026.39 927.97 873.669 842.402 834.481
threshold=0.41064453125000006 1.0000000180025095e-35 0.80346679687500011 0.19641113281250003 0.35705566406250006 0.58911132812500011 2.4824218750000004 0 0.78564453125000011 2.5000000000000004 0.21423339843750003 1 2.5000000000000004 0.30358886718750006 0.98217773437500011 2.5000000000000004 2 0.089263916015625014 2.5000000000000004 3 4 5 2.9501953125000004 2.9853515625000004 6 7 8 9 2.5000000000000004 1.3574218750000002
decision_type=2 10 2 2 2 2 2 1 2 2 2 9 2 2 2 2 9 2 2 9 9 9 10 10 9 9 9 1 2 2
left_child=1 -1 5 7 -4 12 14 10 13 -7 19 -8 -2 -5 15 -6 -13 26 -18 -3 -21 -22 -16 24 -23 -26 -9 -20 -15 -14
right_child=2 3 4 8 6 9 11 17 -10 -11 -12 16 29 28 22 -17 18 -19 27 20 21 23 -24 -25 25 -27 -28 -29 -30 -31
leaf_value=0 0 0.063318369870845381 0 0 0.0070023638727304107 -0.007554290935546876 0.15887165456687791 0.019860715922910933 0 0 0 -0.019719202604703188 0 0 0.0028826039622660282 0 0.052632712994531719 0 0.035544903120836101 0 0 0 0.0046714169045873558 0 0 0 0 0.016020299432134722 0 0.029936846961918947
leaf_weight=4726430 458985 5396 285392 1278922 264690 437943 126686 3842 115115 1090885 165785 13678 1119795 303889 1764774 660202 700335 995594 697449 66567 81100 51060 1955870 855316 56912 762218 1451148 1041203 758969 22530
leaf_count=4726430 458985 5396 285392 1278922 264690 437943 126686 3842 115115 1090885 165785 13678 1119795 303889 1764774 660202 700335 995594 697449 66567 81100 51060 1955870 855316 56912 762218 1451148 1041203 758969 22530
internal_value=-0.0102451 -0.0196384 6.44359e-05 -0.0159932 0.00247399 -0.00571692 0.00274645 -0.0179003 -0.0125041 -0.00371392 -0.0163748 0.00426444 -0.00762925 -0.0128693 0.00190361 5.76284e-05 0.00395398 -0.0191728 0.00404003 -0.0168547 -0.0169217 -0.0166867 0.00236249 -0.0164199 -0.0152286 -0.0148156 -0.0201123 0.00333327 -0.0113383 -0.0087151
internal_weight=2.23187e+07 1.16783e+07 1.06404e+07 6.95183e+06 7.51028e+06 3.13014e+06 7.22489e+06 4.49494e+06 2.4569e+06 1.52883e+06 2.04435e+06 2.57935e+06 1.60131e+06 2.34178e+06 4.64554e+06 924892 2.45266e+06 2.45058e+06 2.43899e+06 1.87857e+06 1.87317e+06 1.80661e+06 3.72064e+06 1.72551e+06 870190 819130 1.45499e+06 1.73865e+06 1.06286e+06 1.14232e+06
internal_count=22318680 11678263 10640417 6951833 7510279 3130138 7224887 4494938 2456895 1528828 2044354 2579351 1601310 2341780 4645536 924892 2452665 2450584 2438987 1878569 1873173 1806606 3720644 1725506 870190 819130 1454990 1738652 1062858 1142325
cat_boundaries=0 1 80 81 159 239 318 397 476 571 572
cat_threshold=39 0 0 0 0 0 0 0 1024 0 0 0 0 0 256 0 1073741824 0 0 0 0 0 1074790400 268435456 0 0 16400 0 1073750017 16 0 0 0 0 0 0 0 32770 49152 0 0 0 8192 32 0 544 0 0 0 0 0 2147483648 0 64 1073741824 0 0 0 0 0 0 0 0 0 4096 1073741824 268697600 0 0 0 8388608 0 0 0 2147614720 0 2097152 0 0 1024 134217730 8 0 0 2 1073741824 0 0 0 0 0 0 0 0 0 0 0 0 131072 0 0 32 0 131072 0 0 16384 0 1073741824 16777232 131072 0 0 2 0 8192 2 2 0 2147483648 33554432 9216 0 32 0 512 0 0 0 0 0 0 0 0 0 0 0 0 0 0 0 0 0 0 0 8388608 16777472 0 0 0 0 0 134217728 570949632 0 0 67109888 524288 64 0 0 8192 0 65536 0 268435456 0 0 134217728 131072 0 16777216 2147483776 4194304 0 0 262400 0 1 67108864 8 0 0 144 8388608 0 512 0 536870912 0 0 0 0 0 0 0 0 0 0 0 1073741824 0 0 33554432 0 0 0 0 0 0 0 0 0 0 0 0 0 0 0 0 0 536870912 524288 0 128 2147483648 0 0 0 128 2 16908288 0 32 0 0 0 256 2 131072 536870944 262208 0 0 0 0 0 256 0 2048 0 0 0 2048 0 1048576 0 0 0 0 0 2147483648 0 0 0 0 0 1073742336 1048576 16 0 0 0 524288 16384 512 0 67108864 0 0 0 134217732 0 0 0 0 0 0 0 0 0 0 0 0 0 0 0 0 0 0 0 0 8 16793600 0 538968576 0 0 0 0 1048576 134217728 8404992 0 4194304 0 0 262144 16 2147483648 16777728 18350080 4194304 0 18874368 0 0 2147483648 0 0 524288 0 0 0 0 0 0 0 0 0 2 671088640 0 134217728 16 0 2147484672 0 134217728 0 0 2097152 4 0 150994944 0 0 1074003968 0 0 0 8388608 0 0 0 0 0 0 0 0 0 0 0 0 0 0 0 0 0 0 0 0 0 0 0 0 18 0 0 0 4 0 4096 0 0 0 16777216 0 32768 2048 134250600 0 0 0 0 0 0 8192 0 0 524288 0 0 0 1024 0 2148007936 2147516416 4 0 0 0 4096 32768 2048 0 33554432 33554434 0 1024 8 0 2147483648 0 0 16 1048576 0 2048 16384 16384 0 0 0 0 0 0 0 0 0 0 0 0 0 0 0 0 0 0 0 0 0 131072 0 0 0 0 0 0 0 0 0 0 0 0 335544320 0 0 0 0 0 0 0 0 0 0 0 0 0 0 0 0 0 0 0 0 0 0 0 0 0 0 0 0 0 0 0 0 0 0 0 0 0 0 0 0 0 0 0 0 0 67110912 524416 2148532224 1073741824 692224 2048 570425344 0 524288 524288 2097152 8388640 403701760 0 0 0 0 0 0 0 0 0 0 0 0 0 0 0 0 0 0 0 0 0 0 131072 0 524288 131072 32 256 0 0 268435456 0 0 536871424 0 0 8404992 4
is_linear=0
shrinkage=0.05


Tree=43
num_leaves=31
num_cat=11
split_feature=20 16 20 20 19 20 1 20 19 6 20 19 6 20 9 6 20 0 0 0 0 0 16 16 0 0 0 6 19 0
split_gain=858854 91288.1 57960.6 18507.3 5495.19 4795.87 3484.35 3325.15 2665.89 2429.62 2329.41 2133.96 1879.59 1824.61 1710.06 1670.47 1264.19 1222.03 1117.72 1114.64 1089.4 1011.49 1020.42 979.462 944.797 1021.61 927.97 842.402 834.481 820.72
threshold=0.41064453125000006 1.0000000180025095e-35 0.80346679687500011 0.19641113281250003 0.35705566406250006 0.58911132812500011 0 9.5195312500000018 0.78564453125000011 2.5000000000000004 0.98217773437500011 0.21423339843750003 2.5000000000000004 0.30358886718750006 1 2.5000000000000004 0.089263916015625014 2 3 4 5 6 2.9003906250000004 2.9853515625000004 7 8 9 2.5000000000000004 1.3574218750000002 10
decision_type=2 10 2 2 2 2 1 2 2 2 2 2 2 2 9 2 2 9 9 9 9 9 10 10 9 9 9 2 2 9
left_child=1 -1 5 6 -4 12 11 10 13 -7 15 17 -2 -5 -12 -6 26 -3 -19 -9 -20 -16 -23 24 -22 -26 -8 -15 -14 -27
right_child=2 3 4 8 7 9 16 19 -10 -11 14 -13 28 27 21 -17 -18 18 20 -21 23 22 -24 -25 25 29 -28 -29 -30 -31
leaf_value=0 0 0.065683679903154824 0 0 0.0066522456790938881 -0.0071765763887695318 0.018867680126765388 0.27221545490385796 0 0 -0.011242518040331429 0 0 0 0.053319203536658692 0 0 0 0 0.11333414051269478 0 0.0054151781476547535 0.0057440778118020347 0 0 0 0 0 0.028440004613823001 0
leaf_weight=4726430 458985 5705 285392 1278922 264690 437943 3842 69346 115115 1090885 33240 165785 1119795 303889 107452 660202 995594 66567 81100 334207 51060 3075312 2680438 855655 56912 49355 1451148 758969 22530 712215
leaf_count=4726430 458985 5705 285392 1278922 264690 437943 3842 69346 115115 1090885 33240 165785 1119795 303889 107452 660202 995594 66567 81100 334207 51060 3075312 2680438 855655 56912 49355 1451148 758969 22530 712215
internal_value=-0.0102763 -0.0196387 -7.72996e-07 -0.0159936 0.00238161 -0.00571692 -0.0179009 0.00265041 -0.0125041 -0.00371392 0.00238951 -0.0163762 -0.00762925 -0.0128693 0.00275545 5.65471e-05 -0.0191728 -0.0168561 -0.0169265 0.00706047 -0.0166916 0.00281956 0.00272982 -0.016425 -0.0152433 -0.0148309 -0.0201123 -0.0113383 -0.0087151 -0.0143473
internal_weight=2.23187e+07 1.16783e+07 1.06404e+07 6.95183e+06 7.51028e+06 3.13014e+06 4.49494e+06 7.22489e+06 2.4569e+06 1.52883e+06 6.82133e+06 2.04435e+06 1.60131e+06 2.34178e+06 5.89644e+06 924892 2.45058e+06 1.87857e+06 1.87286e+06 403553 1.8063e+06 5.8632e+06 5.75575e+06 1.7252e+06 869542 818482 1.45499e+06 1.06286e+06 1.14232e+06 761570
internal_count=22318680 11678263 10640417 6951833 7510279 3130138 4494938 7224887 2456895 1528828 6821334 2044354 1601310 2341780 5896442 924892 2450584 1878569 1872864 403553 1806297 5863202 5755750 1725197 869542 818482 1454990 1062858 1142325 761570
cat_boundaries=0 1 2 80 160 239 318 407 486 565 660 737
cat_threshold=39 134217730 8 0 0 2 1073741824 0 0 0 0 0 0 0 0 0 0 0 0 131072 0 0 32 0 131072 0 0 16384 0 1073741824 16 131080 0 0 2 0 8192 2 2 0 2147483648 33554440 9216 0 32 0 512 0 0 0 0 0 0 0 0 0 0 0 0 0 0 0 0 0 0 0 8388608 16777472 0 0 0 0 0 134217728 34078720 0 0 67109888 524288 64 0 0 8192 0 65536 0 268435456 0 0 134217728 131072 0 16777216 2147483776 4194304 0 0 262400 0 1 67108864 8 0 0 144 8388608 0 512 0 536870912 0 0 0 0 0 0 0 0 0 0 0 1073741824 0 0 33554432 0 0 0 0 0 0 0 0 0 0 0 0 0 0 0 0 0 536870912 524288 0 128 2147483648 0 0 0 128 2 16908288 0 32 0 0 0 256 2 1024 0 0 0 0 64 0 0 0 0 0 0 0 0 0 0 0 0 0 0 0 1074790416 268435456 0 0 0 0 1 16 0 0 0 0 16384 0 0 1073774592 49152 0 0 536870912 0 2097152 0 0 0 0 0 0 0 0 0 0 0 0 0 0 0 0 0 0 0 2097152 4112 0 16388 8 0 524288 8388608 268435456 0 0 3221225472 8388608 2097152 33554816 0 8192 131072 536870944 262208 0 0 0 0 0 256 0 2048 0 0 0 2048 0 1048576 0 0 0 0 0 2147483648 0 0 0 0 0 1073742336 1048576 16 0 0 0 524288 16384 512 0 67108864 0 0 0 134217732 0 0 0 0 0 0 0 0 0 0 0 0 0 0 0 0 0 0 0 0 8 16793600 0 538968576 0 0 0 0 1048576 134217728 8404992 0 4194304 0 0 262144 65536 512 524288 0 1073741824 0 4194304 0 0 0 0 0 0 0 0 134217728 0 0 512 0 0 1073741824 0 0 0 16384 0 1 536870912 8 268435456 0 0 0 0 256 2 16384 0 33619968 134225920 4194306 0 0 524800 0 0 131072 0 0 0 0 16384 0 0 0 0 1048576 0 0 0 0 0 0 0 268435456 0 0 4096 0 0 131072 0 0 0 0 0 0 0 0 0 0 0 0 0 8192 0 0 268435456 16 2147483648 16777728 18350080 4194304 0 18874368 0 0 2147483648 0 0 524288 0 0 0 0 0 0 0 0 0 2 671088640 0 134217728 16 0 2147484672 0 134217728 0 0 2097152 4 0 150994944 0 0 1074003968 0 0 0 8388608 0 0 0 0 0 0 0 0 0 0 0 0 0 0 0 0 0 0 0 0 0 0 0 0 18 0 0 0 4 0 4096 0 0 0 16777216 0 32768 2048 134250600 0 0 0 0 0 0 8192 0 0 524288 0 0 0 1024 0 2148007936 2147516416 4 0 0 0 4096 32768 2048 0 33554432 33554434 0 1024 8 0 2147483648 0 0 16 1048576 0 2048 16384 16384 0 0 0 0 0 0 0 0 0 0 0 0 0 0 0 0 0 0 0 0 0 131072 0 0 0 0 0 0 0 0 0 0 0 0 335544320 0 0 0 0 0 0 0 0 0 0 0 0 0 0 0 0 0 0 0 0 0 0 0 0 0 0 0 0 0 0 0 0 0 0 0 0 0 0 0 0 0 0 0 0 0 67110912 524416 2148532224 1073741824 692224 2048 570425344 0 524288 524288 2097152 8388640 403701760 0 0 0 0 0 0 0 0 0 0 0 0 0 0 0 0 0 0 0 0 0 0 131072 0 524288 131072 32 256 0 0 268435456 0 0 536871424 0 0 8404992 0 262144 0 0 1024 0 1 131072 0 524288 537395200 0 0 0 0 2147483648 0 0 20480 0 268435456 0 0 0 0 0 8388608 16 0 0 2147483648 2147484160 0 1140850688 0 1073741824 8 1 2097152 136315024 0 1048576 0 524288 0 0 0 0 0 0 0 0 0 0 0 0 0 0 0 0 0 0 0 0 0 1024 131080 0 0 0 0 0 0 0 0 0 1073741824
is_linear=0
shrinkage=0.05


Tree=44
num_leaves=31
num_cat=9
split_feature=20 16 20 20 20 19 1 20 6 19 19 20 6 6 20 20 6 6 0 0 0 16 9 19 0 0 19 20 0 0
split_gain=852317 82854.6 67814.8 14074.6 6623.7 5320.24 3478.19 3375.41 2791.32 2390.01 2135.9 1984.62 1845.6 1424.87 1264.19 1262.19 1356.54 1207.68 1165.55 1117.76 1089.43 983.456 961.282 955.818 945.401 1022.27 945.216 942.788 927.97 821.268
threshold=0.37500000000000006 1.0000000180025095e-35 0.80346679687500011 0.19641113281250003 0.55346679687500011 0.35705566406250006 0 2.3750000000000004 2.5000000000000004 0.78564453125000011 0.21423339843750003 26.765625000000004 2.5000000000000004 2.5000000000000004 0.089263916015625014 0.94653320312500011 2.5000000000000004 2.5000000000000004 1 2 3 2.9853515625000004 4 1.2143554687500002 5 6 1.0000000180025095e-35 1.5893554687500002 7 8
decision_type=2 10 2 2 2 2 1 2 2 2 2 2 2 2 2 2 2 2 9 9 9 10 9 2 9 9 2 2 9 9
left_child=1 -1 4 6 12 -4 10 15 -6 17 18 13 -2 -9 28 16 -7 -5 -3 -20 -21 24 27 -14 -22 -26 -10 -17 -8 -27
right_child=2 3 5 9 8 7 14 11 26 -11 -12 -13 23 -15 -16 22 -18 -19 19 20 21 -23 -24 -25 25 29 -28 -29 -30 -31
leaf_value=0 0 0.069235339462745585 0 0 0 0.0070258118402429853 0.017924296120427115 0.049494072430032968 0 0 0 0.59528605481979546 0 0.018488049405871055 0 -0.011406066626868711 0 0 0 0 0 0 0.003431153465462489 0 0 0 0 0.0020931256788308179 0 0
leaf_weight=4726430 478361 5515 285392 575663 522394 215292 3842 758826 64038 85369 165785 58706 1161050 1894404 995594 13006 537810 1433300 66567 81100 51060 855572 3738699 29469 56912 49355 1237389 8144 1451148 712488
leaf_count=4726430 478361 5515 285392 575663 522394 215292 3842 758826 64038 85369 165785 58706 1161050 1894404 995594 13006 537810 1433300 66567 81100 51060 855572 3738699 29469 56912 49355 1237389 8144 1451148 712488
internal_value=-0.0103133 -0.0199483 -0.000404477 -0.0163247 -0.00616053 0.00227241 -0.0179021 0.0025369 -0.00407766 -0.0129393 -0.0163786 0.00393105 -0.00843677 0.00372985 -0.0191728 0.00169913 -0.000169233 -0.0132875 -0.0168588 -0.0169264 -0.0166915 -0.016425 0.00207336 -0.00949076 -0.0152411 -0.0148287 -0.00531695 -0.00855388 -0.0201123 -0.0143452
internal_weight=2.23187e+07 1.13157e+07 1.1003e+07 6.58927e+06 3.4927e+06 7.51028e+06 4.49494e+06 7.22489e+06 1.82382e+06 2.09433e+06 2.04435e+06 2.71194e+06 1.66888e+06 2.65323e+06 2.45058e+06 4.51295e+06 753102 2.00896e+06 1.87857e+06 1.87305e+06 1.80649e+06 1.72539e+06 3.75985e+06 1.19052e+06 869815 818755 1.30143e+06 21150 1.45499e+06 761843
internal_count=22318680 11315700 11002980 6589270 3492701 7510279 4494938 7224887 1823821 2094332 2044354 2711936 1668880 2653230 2450584 4512951 753102 2008963 1878569 1873054 1806487 1725387 3759849 1190519 869815 818755 1301427 21150 1454990 761843
cat_boundaries=0 1 79 159 238 239 318 397 492 569
cat_threshold=39 8 0 0 2 1073741824 0 0 0 0 0 0 0 0 0 0 0 0 537001984 0 0 0 0 131072 0 0 16384 0 1073741824 16 131080 0 0 2 0 0 2 2 0 2147483648 33554440 9216 0 32 0 512 0 0 0 0 0 0 0 0 0 0 0 0 0 0 0 0 0 0 0 0 285212928 0 0 0 0 0 134217728 34078720 0 0 67109888 34078720 64 0 0 8192 0 65536 0 268435456 0 0 134217728 131072 0 16777216 2147483776 4194304 0 0 262400 0 1 67108864 8 0 0 144 8388608 0 512 0 536870912 0 0 0 0 0 0 0 0 0 0 0 1073741824 0 0 33554432 0 0 0 0 0 0 0 0 0 0 0 0 0 0 0 0 0 536870912 524288 0 128 2147483648 0 0 0 128 2 16908288 0 32 0 0 0 256 2 131072 536870944 262208 0 0 0 0 0 256 0 2048 0 0 0 2048 0 1048576 0 0 0 0 0 2147483648 0 0 0 0 0 1073742336 1048576 16 0 0 0 524288 16384 512 0 67108864 0 0 0 134217732 0 0 0 0 0 0 0 0 0 0 0 0 0 0 0 0 0 0 0 0 8 16793600 0 538968576 0 0 0 0 1048576 134217728 8404992 0 4194304 0 0 262144 134217730 16 2147483648 16777728 18350080 4194304 0 18874368 0 0 2147483648 0 0 524288 0 0 0 0 0 0 0 0 0 2 671088640 0 134217728 16 0 2147484672 0 134217728 0 0 2097152 4 0 150994944 0 0 1074003968 0 0 0 8388608 0 0 0 0 0 0 0 0 0 0 0 0 0 0 0 0 0 0 0 0 0 0 0 0 18 0 0 0 4 0 4096 0 0 0 16777216 0 32768 2048 134250600 0 0 0 0 0 0 8192 0 0 524288 0 0 0 1024 0 2148007936 2147516416 4 0 0 0 4096 32768 2048 0 33554432 33554434 0 1024 8 0 2147483648 0 0 16 1048576 0 2048 16384 16384 0 0 0 0 0 0 0 0 0 0 0 0 0 0 0 0 0 0 0 0 0 131072 0 0 0 0 0 0 0 0 0 0 0 0 335544320 0 0 0 0 0 0 0 0 0 0 0 0 0 0 0 0 0 0 0 0 0 0 0 0 0 0 0 0 0 0 0 0 0 0 0 0 0 0 0 0 0 0 0 0 0 67110912 524416 2148532224 1073741824 692224 2048 570425344 0 524288 524288 2097152 8388640 403701760 0 0 0 0 0 0 0 0 0 0 0 0 0 0 0 0 0 0 0 0 0 0 131072 0 524288 131072 32 256 0 0 268435456 0 0 536871424 0 0 8404992 0 262144 0 0 1024 0 1 131072 0 524288 537395200 0 0 0 0 2147483648 0 0 20480 0 268435456 0 0 0 0 0 8388608 16 0 0 2147483648 2147484160 0 1140850688 0 1073741824 8 1 2097152 136315024 0 1048576 0 524288 0 0 0 0 0 0 0 0 0 0 0 0 0 0 0 0 0 0 0 0 0 1024 131080 0 0 0 0 0 0 0 0 0 1073741824
is_linear=0
shrinkage=0.05


Tree=45
num_leaves=31
num_cat=10
split_feature=20 16 20 20 19 20 1 20 0 6 19 19 6 6 9 20 6 0 20 0 0 16 19 0 0 0 17 16 0 19
split_gain=846636 82853.5 66333.5 14075.1 5717.31 5402.64 3477.7 3463.21 2606.62 2412.25 2390.01 2136.05 2029.13 1845.6 1836.96 1264.19 1207.68 1162.09 1120.01 1117.71 1089.38 983.237 955.818 945.325 1022.18 927.97 920.153 868.503 840.093 883.247
threshold=0.37500000000000006 1.0000000180025095e-35 0.76782226562500011 0.19641113281250003 0.35705566406250006 0.55346679687500011 0 0.98217773437500011 1 2.5000000000000004 0.78564453125000011 0.21423339843750003 2.5000000000000004 2.5000000000000004 2 0.089263916015625014 2.5000000000000004 3 2.5898437500000004 4 5 2.9853515625000004 1.2143554687500002 6 7 8 31.500000000000004 0.76000976562500011 9 1.0000000180025095e-35
decision_type=2 10 2 2 2 2 1 2 9 2 2 2 2 2 9 2 2 9 2 9 9 10 2 9 9 9 2 10 9 2
left_child=1 -1 5 6 28 13 11 12 26 -7 16 17 -6 -2 -10 25 -5 -3 -16 -19 -21 23 -15 -22 -25 -8 -9 -20 -4 -30
right_child=2 3 4 10 7 9 15 8 14 -11 -12 -13 -14 22 18 -17 -18 19 27 20 21 -23 -24 24 -26 -27 -28 -29 29 -31
leaf_value=0 0 0.064417960274843297 0.25551053653844596 0 0.0064111091470092198 0 0.017028081314405759 0.097012295475974661 -0.011016160073852595 0 0 0 0 0 0.0034554434940224366 0 0 0 0.0099256790792122858 0 0 0 0 0 0 0 0.87372776079654568 0.02656169499056911 0 0
leaf_weight=4726430 478361 5517 4696 575663 321947 456690 3842 152098 34335 1138070 85369 165785 803093 1161050 3818170 995594 1433300 66567 240508 81100 51060 855572 29469 56912 761841 1451148 32277 2022607 147950 161659
leaf_count=4726430 478361 5517 4696 575663 321947 456690 3842 152098 34335 1138070 85369 165785 803093 1161050 3818170 995594 1433300 66567 240508 81100 51060 855572 29469 56912 761841 1451148 32277 2022607 147950 161659
internal_value=-0.0103455 -0.0199483 -0.000469759 -0.0163248 0.00205129 -0.00644812 -0.0179022 0.00233089 0.00278721 -0.00436705 -0.0129393 -0.0163788 -0.000224436 -0.00843677 0.00261061 -0.0191728 -0.0132875 -0.016859 0.00267573 -0.0169265 -0.0166917 -0.0164251 -0.00949076 -0.0152414 -0.014829 -0.0201123 0.00864455 0.0035571 -0.00455394 -0.00487236
internal_weight=2.23187e+07 1.13157e+07 1.1003e+07 6.58927e+06 7.73934e+06 3.26364e+06 4.49494e+06 7.42504e+06 6.3e+06 1.59476e+06 2.09433e+06 2.04435e+06 1.12504e+06 1.66888e+06 6.11562e+06 2.45058e+06 2.00896e+06 1.87857e+06 6.08128e+06 1.87305e+06 1.80648e+06 1.72538e+06 1.19052e+06 869813 818753 1.45499e+06 184375 2.26312e+06 314305 309609
internal_count=22318680 11315700 11002980 6589270 7739340 3263640 4494938 7425035 6299995 1594760 2094332 2044354 1125040 1668880 6115620 2450584 2008963 1878569 6081285 1873052 1806485 1725385 1190519 869813 818753 1454990 184375 2263115 314305 309609
cat_boundaries=0 1 67 68 146 226 305 384 463 558 635
cat_threshold=39 0 0 0 0 0 64 0 1024 0 0 0 0 134217728 0 0 1024 0 131072 0 0 0 1074790400 268435584 0 0 16384 0 1073741825 2064 8200 0 0 0 16384 41975808 0 1073774594 49152 2147483648 0 0 8192 33554464 0 512 0 0 0 0 0 0 0 0 0 0 0 0 0 0 0 0 0 0 0 0 268451840 134217730 8 0 0 2 1073741824 0 0 0 0 0 0 0 0 0 0 0 0 537001984 0 0 0 0 131072 0 0 16384 0 1073741824 16 131080 0 0 2 0 0 2 2 0 2147483648 33554440 9216 0 32 0 512 0 0 0 0 0 0 0 0 0 0 0 0 0 0 0 0 0 0 0 0 285212928 0 0 0 0 262144 134217728 34078720 0 0 67109888 33554432 64 0 0 8192 0 65536 0 268435456 0 0 134217728 131072 0 16777216 2147483776 4194304 0 0 262400 0 1 67108864 8 0 0 144 8388608 0 512 0 536870912 0 0 0 0 0 0 0 0 0 0 0 1073741824 0 0 33554432 0 0 0 0 0 0 0 0 0 0 0 0 0 0 0 0 0 536870912 524288 0 128 2147483648 0 0 0 128 2 16908288 0 32 0 0 0 256 2 131072 536870944 262208 0 0 0 0 0 256 0 2048 0 0 0 2048 0 1048576 0 0 0 0 0 2147483648 0 0 0 0 0 1073742336 1048576 16 0 0 0 524288 16384 512 0 67108864 0 0 0 134217732 0 0 0 0 0 0 0 0 0 0 0 0 0 0 0 0 0 0 0 0 8 16793600 0 538968576 0 0 0 0 1048576 134217728 8404992 0 4194304 0 0 262144 16 2147483648 16777728 18350080 4194304 0 18874368 0 0 2147483648 0 0 524288 0 0 0 0 0 0 0 0 0 2 671088640 0 134217728 16 0 2147484672 0 134217728 0 0 2097152 4 0 150994944 0 0 1074003968 0 0 0 8388608 0 0 0 0 0 0 0 0 0 0 0 0 0 0 0 0 0 0 0 0 0 0 0 0 18 0 0 0 4 0 4096 0 0 0 16777216 0 32768 2048 134250600 0 0 0 0 0 0 8192 0 0 524288 0 0 0 1024 0 2148007936 2147516416 4 0 0 0 4096 32768 2048 0 33554432 33554434 0 1024 8 0 2147483648 0 0 16 1048576 0 2048 16384 16384 0 0 0 0 0 0 0 0 0 0 0 0 0 0 0 0 0 0 0 0 0 131072 0 0 0 0 0 0 0 0 0 0 0 0 335544320 0 0 0 0 0 0 0 0 0 0 0 0 0 0 0 0 0 0 0 0 0 0 0 0 0 0 0 0 0 0 0 0 0 0 0 0 0 0 0 0 0 0 0 0 0 67110912 524416 2148532224 1073741824 692224 2048 570425344 0 524288 524288 2097152 8388640 403701760 0 0 0 0 0 0 0 0 0 0 0 0 0 0 0 0 0 0 0 0 0 0 131072 0 524288 131072 32 256 0 0 268435456 0 0 536871424 0 0 8404992 0 4096 0 0 0 0 0 1040 0 0 0 0 134217728 0 0 0 2 131072 0 0 0 1275068416 8388608 4096 0 16384 0 1073741824 0 0 268435456 0 0 0 8421378 16777216 0 0 0 0 8192 4194314 33554464 268435456 0 0 0 0 0 0 0 0 0 0 0 0 0 0 0 0 0 0 0 0 0 268435456 0 0 0 65536 0 0 1107296256 0 0 2097152 2
is_linear=0
shrinkage=0.05


Tree=46
num_leaves=31
num_cat=10
split_feature=20 16 20 20 19 20 1 20 6 19 20 19 6 6 19 9 20 6 0 0 0 6 16 19 0 0 0 16 0 0
split_gain=840425 82853.5 64754.6 14075.1 5571.82 5402.64 3477.7 3220.9 2412.25 2390.01 2350.64 2136.05 1845.6 1715.6 1367.32 1332.09 1264.19 1207.68 1162.09 1117.71 1089.38 1075.69 983.237 955.818 945.325 1022.18 927.97 893.122 821.189 925.27
threshold=0.37500000000000006 1.0000000180025095e-35 0.76782226562500011 0.19641113281250003 0.35705566406250006 0.55346679687500011 0 5.7324218750000009 2.5000000000000004 0.78564453125000011 0.94653320312500011 0.21423339843750003 2.5000000000000004 2.5000000000000004 31.351562500000004 1 0.089263916015625014 2.5000000000000004 2 3 4 2.5000000000000004 2.9853515625000004 1.2143554687500002 5 6 7 2.9003906250000004 8 9
decision_type=2 10 2 2 2 2 1 2 2 2 2 2 2 2 2 9 2 2 9 9 9 2 10 2 9 9 9 10 9 9
left_child=1 -1 5 6 -4 12 11 10 -7 17 13 18 -2 -6 21 -12 26 -5 -3 -20 -21 -9 24 -14 -22 -26 -8 -17 -27 -30
right_child=2 3 4 9 7 8 16 14 -10 -11 15 -13 23 -15 -16 27 -18 -19 19 20 22 -23 -24 -25 25 28 -28 -29 29 -31
leaf_value=0 0 0.061197062261101137 0 0 0.011953117367686806 0 0.016176677248685468 0.11336649352464967 0 0 -0.0089517581580073561 0 0 0 0.68483439360026799 0.0038942755287541542 0 0 0 0 0 0.042760682090848538 0 0 0 0 0 0.0048140471965564596 0 0
leaf_weight=4726430 478361 5517 314305 575663 272549 456690 3842 241218 1138070 85369 31446 165785 1161050 680701 44917 2835132 995594 1433300 66567 81100 51060 602652 855572 29469 56912 49355 1451148 2716420 58048 654438
leaf_count=4726430 478361 5517 314305 575663 272549 456690 3842 241218 1138070 85369 31446 165785 1161050 680701 44917 2835132 995594 1433300 66567 81100 51060 602652 855572 29469 56912 49355 1451148 2716420 58048 654438
internal_value=-0.0103808 -0.0199483 -0.00054134 -0.0163248 0.00194952 -0.00644812 -0.0179022 0.00222554 -0.00436705 -0.0129393 0.00184153 -0.0163788 -0.00843677 -0.000453186 0.00504961 0.00223333 -0.0191728 -0.0132875 -0.016859 -0.0169265 -0.0166917 0.00459715 -0.0164251 -0.00949076 -0.0152414 -0.014829 -0.0201123 0.00229146 -0.0143455 -0.0139128
internal_weight=2.23187e+07 1.13157e+07 1.1003e+07 6.58927e+06 7.73934e+06 3.26364e+06 4.49494e+06 7.42504e+06 1.59476e+06 2.09433e+06 6.53625e+06 2.04435e+06 1.66888e+06 953250 888787 5.583e+06 2.45058e+06 2.00896e+06 1.87857e+06 1.87305e+06 1.80648e+06 843870 1.72538e+06 1.19052e+06 869813 818753 1.45499e+06 5.55155e+06 761841 712486
internal_count=22318680 11315700 11002980 6589270 7739340 3263640 4494938 7425035 1594760 2094332 6536248 2044354 1668880 953250 888787 5582998 2450584 2008963 1878569 1873052 1806485 843870 1725385 1190519 869813 818753 1454990 5551552 761841 712486
cat_boundaries=0 1 2 80 160 239 318 397 492 569 644
cat_threshold=39 134217730 8 0 0 2 1073741824 0 0 0 0 0 0 0 0 0 0 0 0 537001984 0 0 0 0 131072 0 0 16384 0 1073741824 16 131080 0 0 2 0 0 2 2 0 2147483648 33554440 9216 0 32 0 512 0 0 0 0 0 0 0 0 0 0 0 0 0 0 0 0 0 0 0 0 285212928 0 0 0 0 262144 134217728 34078720 0 0 67109888 33554432 64 0 0 8192 0 65536 0 268435456 0 0 134217728 131072 0 16777216 2147483776 4194304 0 0 262400 0 1 67108864 8 0 0 144 8388608 0 512 0 536870912 0 0 0 0 0 0 0 0 0 0 0 1073741824 0 0 33554432 0 0 0 0 0 0 0 0 0 0 0 0 0 0 0 0 0 536870912 524288 0 128 2147483648 0 0 0 128 2 16908288 0 32 0 0 0 256 2 131072 536870944 262208 0 0 0 0 0 256 0 2048 0 0 0 2048 0 1048576 0 0 0 0 0 2147483648 0 0 0 0 0 1073742336 1048576 16 0 0 0 524288 16384 512 0 67108864 0 0 0 134217732 0 0 0 0 0 0 0 0 0 0 0 0 0 0 0 0 0 0 0 0 8 16793600 0 538968576 0 0 0 0 1048576 134217728 8404992 0 4194304 0 0 262144 16 2147483648 16777728 18350080 4194304 0 18874368 0 0 2147483648 0 0 524288 0 0 0 0 0 0 0 0 0 2 671088640 0 134217728 16 0 2147484672 0 134217728 0 0 2097152 4 0 150994944 0 0 1074003968 0 0 0 8388608 0 0 0 0 0 0 0 0 0 0 0 0 0 0 0 0 0 0 0 0 0 0 0 0 18 0 0 0 4 0 4096 0 0 0 16777216 0 32768 2048 134250600 0 0 0 0 0 0 8192 0 0 524288 0 0 0 1024 0 2148007936 2147516416 4 0 0 0 4096 32768 2048 0 33554432 33554434 0 1024 8 0 2147483648 0 0 16 1048576 0 2048 16384 16384 0 0 0 0 0 0 0 0 0 0 0 0 0 0 0 0 0 0 0 0 0 131072 0 0 0 0 0 0 0 0 0 0 0 0 335544320 0 0 0 0 0 0 0 0 0 0 0 0 0 0 0 0 0 0 0 0 0 0 0 0 0 0 0 0 0 0 0 0 0 0 0 0 0 0 0 0 0 0 0 0 0 67110912 524416 2148532224 1073741824 692224 2048 570425344 0 524288 524288 2097152 8388640 403701760 0 0 0 0 0 0 0 0 0 0 0 0 0 0 0 0 0 0 0 0 0 0 131072 0 524288 131072 32 256 0 0 268435456 0 0 536871424 0 0 8404992 0 262144 0 0 1024 0 1 131072 0 524288 537395200 0 0 0 0 2147483648 0 0 20480 0 268435456 0 0 0 0 0 8388608 16 0 0 2147483648 2147484160 0 1140850688 0 1073741824 8 1 2097152 136315024 0 1048576 0 524288 0 0 0 0 0 0 0 0 0 0 0 0 0 0 0 0 0 0 0 0 0 1024 131080 0 0 0 0 0 0 0 0 0 1073741824 0 0 545259520 4 0 16 256 0 0 8192 32768 0 0 0 0 8388608 0 0 67108864 4194336 0 0 33555456 2147483648 32832 0 0 0 0 2147483648 0 0 0 0 0 4 327680 0 128 268435456 0 0 65536 2147483648 3 0 0 0 0 0 0 0 0 0 0 0 0 0 0 0 0 0 0 64 256 0 0 0 1048576 0 65536 0 0 0 536887296
is_linear=0
shrinkage=0.05


Tree=47
num_leaves=31
num_cat=10
split_feature=20 16 20 20 19 20 1 20 6 19 19 6 19 20 6 20 6 0 6 0 0 16 19 0 0 0 9 20 0 0
split_gain=834582 82844 63275.3 14079.2 5408.16 5402.64 3473.74 3198.93 2412.25 2390.01 2137.3 1845.6 1708.16 1535.73 1377.4 1264.19 1207.68 1140.87 1116.47 1115.39 1081.08 993.799 955.818 946.95 1024.02 927.97 837.237 1053.82 822.77 927.151
threshold=0.37500000000000006 1.0000000180025095e-35 0.76782226562500011 0.19641113281250003 0.35705566406250006 0.55346679687500011 0 2.3398437500000004 2.5000000000000004 0.78564453125000011 0.21423339843750003 2.5000000000000004 20.500000000000004 0.91088867187500011 2.5000000000000004 0.089263916015625014 2.5000000000000004 1 2.5000000000000004 2 3 2.9853515625000004 1.2143554687500002 4 5 6 7 1.5893554687500002 8 9
decision_type=2 10 2 2 2 2 1 2 2 2 2 2 2 2 2 2 2 9 2 9 9 10 2 9 9 9 9 2 9 9
left_child=1 -1 5 6 -4 11 10 13 -7 16 17 -2 18 14 -6 25 -5 -3 -9 -19 -21 23 -13 -22 -25 -8 27 -15 -26 -30
right_child=2 3 4 9 7 8 15 12 -10 -11 -12 22 -14 26 -16 -17 -18 19 -20 20 21 -23 -24 24 28 -27 -28 -29 29 -31
leaf_value=0 0 0 0 0 0.011355461499302466 0 0.015367843386251197 0.042272579579843872 0 0 0 0 0.32309011285813072 -0.0094117988548318831 0 0 0 0 0.015425417120232777 0.058137209148046078 0 0 0 0 0 0 0.0027814446588908695 0.0029906040401891181 0 0
leaf_weight=4726430 478361 66567 314305 575663 222268 456690 3842 757214 1138070 85369 165785 1161050 110844 13935 555564 995594 1433300 81100 1890478 5394 51060 855301 29469 56912 49355 1451148 3866834 7898 58048 654832
leaf_count=4726430 478361 66567 314305 575663 222268 456690 3842 757214 1138070 85369 165785 1161050 110844 13935 555564 995594 1433300 81100 1890478 5394 51060 855301 29469 56912 49355 1451148 3866834 7898 58048 654832
internal_value=-0.0104144 -0.0199486 -0.000609199 -0.0163253 0.00185305 -0.00644812 -0.0179029 0.00212498 -0.00436705 -0.0129393 -0.0163804 -0.00843677 0.00347481 0.00132705 -0.000701051 -0.0191728 -0.0132875 -0.0168608 0.00322024 -0.0166242 -0.0163553 -0.0164252 -0.00949076 -0.0152357 -0.0148231 -0.0201123 0.00173272 -0.00802889 -0.0143394 -0.0139065
internal_weight=2.23187e+07 1.13157e+07 1.1003e+07 6.58927e+06 7.73934e+06 3.26364e+06 4.49494e+06 7.42504e+06 1.59476e+06 2.09433e+06 2.04435e+06 1.66888e+06 2.75854e+06 4.6665e+06 777832 2.45058e+06 2.00896e+06 1.87857e+06 2.64769e+06 1.812e+06 1.7309e+06 1.72551e+06 1.19052e+06 870207 819147 1.45499e+06 3.88867e+06 21833 762235 712880
internal_count=22318680 11315700 11002980 6589270 7739340 3263640 4494938 7425035 1594760 2094332 2044354 1668880 2758536 4666499 777832 2450584 2008963 1878569 2647692 1812002 1730902 1725508 1190519 870207 819147 1454990 3888667 21833 762235 712880
cat_boundaries=0 1 81 160 238 317 396 491 492 569 644
cat_threshold=39 0 0 8192 0 65536 0 268435456 0 0 134217728 131072 0 16777216 2147483776 4194304 0 0 262400 0 1 67108864 8 0 0 144 8388608 0 512 0 536870912 0 0 0 0 0 0 0 0 0 0 0 1073741824 0 0 33554432 0 0 0 0 0 0 0 0 0 0 0 0 0 0 0 0 0 536870912 524288 0 128 2147483648 0 0 0 128 2 16908288 0 32 0 0 0 256 2 131072 536870944 262208 0 0 0 0 0 256 0 2048 0 0 0 2048 0 1048576 0 0 0 0 0 2147483648 0 0 0 0 0 1073742336 1048576 16 0 0 0 524288 16384 512 0 67108864 0 0 0 134217732 0 0 0 0 0 0 0 0 0 0 0 0 0 0 0 0 0 0 0 0 8 16793600 0 538968576 0 0 0 0 1048576 134217728 8404992 0 4194304 0 0 262144 8 0 0 2 1073741824 0 0 0 0 0 0 0 0 0 0 0 0 537001984 0 0 0 0 0 0 0 16386 0 1073872896 16 131080 0 8192 2 0 0 0 2 0 2147483648 33554440 9216 0 32 0 512 0 0 0 0 0 0 0 0 0 0 0 0 0 0 0 0 0 0 0 0 285212672 0 0 0 0 262176 0 34078720 0 0 67109888 33554432 64 16 2147483648 16777728 18350080 4194304 0 18874368 0 0 2147483648 0 0 524288 0 0 0 0 0 0 0 0 0 2 671088640 0 134217728 16 0 2147484672 0 134217728 0 0 2097152 4 0 150994944 0 0 1074003968 0 0 0 8388608 0 0 0 0 0 0 0 0 0 0 0 0 0 0 0 0 0 0 0 0 0 0 0 0 18 0 0 0 4 0 4096 0 0 0 16777216 0 32768 2048 134250600 0 0 0 0 0 0 8192 0 0 524288 0 0 0 1024 0 2148007936 2147516416 4 0 0 0 4096 32768 2048 0 33554432 33554434 0 1024 8 0 2147483648 0 0 16 1048576 0 2048 16384 16384 0 0 0 0 0 0 0 0 0 0 0 0 0 0 0 0 0 0 0 0 0 131072 0 0 0 0 0 0 0 0 0 0 0 0 335544320 0 0 0 0 0 0 0 0 0 0 0 0 0 0 0 0 0 0 0 0 0 0 0 0 0 0 0 0 0 0 0 0 0 0 0 0 0 0 0 0 0 0 0 0 0 67110912 524416 2148532224 1073741824 692224 2048 570425344 0 524288 524288 2097152 8388640 403701760 0 0 0 0 0 0 0 0 0 0 0 0 0 0 0 0 0 0 0 0 0 0 131072 0 524288 131072 32 256 0 0 268435456 0 0 536871424 0 0 8404992 134217730 0 262144 0 0 1024 0 1 131072 0 524288 537395200 0 0 0 0 2147483648 0 0 20480 0 268435456 0 0 0 0 0 8388608 16 0 0 2147483648 2147484160 0 1140850688 0 1073741824 8 1 2097152 136315024 0 1048576 0 524288 0 0 0 0 0 0 0 0 0 0 0 0 0 0 0 0 0 0 0 0 0 1024 131080 0 0 0 0 0 0 0 0 0 1073741824 0 0 545259520 4 0 16 256 0 0 8192 32768 0 0 0 0 8388608 0 0 67108864 4194336 0 0 33555456 2147483648 32832 0 0 0 0 2147483648 0 0 0 0 0 4 327680 0 128 268435456 0 0 65536 2147483648 3 0 0 0 0 0 0 0 0 0 0 0 0 0 0 0 0 0 0 64 256 0 0 0 1048576 0 65536 0 0 0 536887296
is_linear=0
shrinkage=0.05


Tree=48
num_leaves=31
num_cat=11
split_feature=20 16 20 20 20 19 1 20 6 19 19 6 18 20 6 20 6 0 0 0 16 9 19 0 0 0 9 20 0 0
split_gain=828248 82835.2 61685.8 14083 5402.64 5232.94 3470.03 2952.81 2412.25 2390.01 2138.47 1845.6 1645.56 1419.79 1377.4 1264.19 1207.68 1140.29 1114.73 1064.38 994.79 988.19 955.818 946.848 1023.89 927.97 866.98 987.2 822.649 926.991
threshold=0.37500000000000006 1.0000000180025095e-35 0.76782226562500011 0.19641113281250003 0.55346679687500011 0.35705566406250006 0 2.3398437500000004 2.5000000000000004 0.78564453125000011 0.21423339843750003 2.5000000000000004 19.500000000000004 0.91088867187500011 2.5000000000000004 0.089263916015625014 2.5000000000000004 1 2 3 2.9853515625000004 4 1.2143554687500002 5 6 7 8 1.5893554687500002 9 10
decision_type=2 10 2 2 2 2 1 2 2 2 2 2 2 2 2 2 2 9 9 9 10 9 2 9 9 9 9 2 9 9
left_child=1 -1 4 6 11 -4 10 13 -6 16 17 -2 21 14 -7 25 -5 -3 -19 -20 23 -9 -13 -21 -25 -8 27 -15 -26 -30
right_child=2 3 5 9 8 7 15 12 -10 -11 -12 22 -14 26 -16 -17 -18 18 19 20 -22 -23 -24 24 28 -27 -28 -29 29 -31
leaf_value=0 0 0 0 0 0 0.010787688424337345 0.014599451216938637 -0.017926270922632184 0 0 0 0 0.22396161519743957 -0.0089412089120902895 0 0 0 0 0.057729929452520513 0 0 0.018998237180828537 0 0 0 0 0.0026423724259463269 0.0028410738381796623 0 0
leaf_weight=4726430 478361 66567 314305 575663 456690 222268 3842 14762 1138070 85369 165785 1161050 153795 13935 555564 995594 1433300 81100 5343 51060 855306 2589979 29469 56912 49355 1451148 3866834 7898 58048 654878
leaf_count=4726430 478361 66567 314305 575663 456690 222268 3842 14762 1138070 85369 165785 1161050 153795 13935 555564 995594 1433300 81100 5343 51060 855306 2589979 29469 56912 49355 1451148 3866834 7898 58048 654878
internal_value=-0.0104509 -0.0199489 -0.000683001 -0.0163257 -0.00644812 0.00174812 -0.0179036 0.00201562 -0.00436705 -0.0129393 -0.0163819 -0.00843677 0.00331248 0.00124899 -0.000701051 -0.0191728 -0.0132875 -0.0168624 -0.0166259 -0.016357 -0.0164261 0.00301574 -0.00949076 -0.015236 -0.0148235 -0.0201123 0.00163905 -0.00829442 -0.0143398 -0.013907
internal_weight=2.23187e+07 1.13157e+07 1.1003e+07 6.58927e+06 3.26364e+06 7.73934e+06 4.49494e+06 7.42504e+06 1.59476e+06 2.09433e+06 2.04435e+06 1.66888e+06 2.75854e+06 4.6665e+06 777832 2.45058e+06 2.00896e+06 1.87857e+06 1.812e+06 1.7309e+06 1.72556e+06 2.60474e+06 1.19052e+06 870253 819193 1.45499e+06 3.88867e+06 21833 762281 712926
internal_count=22318680 11315700 11002980 6589270 3263640 7739340 4494938 7425035 1594760 2094332 2044354 1668880 2758536 4666499 777832 2450584 2008963 1878569 1812002 1730902 1725559 2604741 1190519 870253 819193 1454990 3888667 21833 762281 712926
cat_boundaries=0 1 81 160 238 239 318 397 492 493 570 645
cat_threshold=39 0 0 8192 0 65536 0 268435456 0 0 134217728 131072 0 16777216 2147483776 4194304 0 0 262400 0 1 67108864 8 0 0 144 8388608 0 512 0 536870912 0 0 0 0 0 0 0 0 0 0 0 1073741824 0 0 33554432 0 0 0 0 0 0 0 0 0 0 0 0 0 0 0 0 0 536870912 524288 0 128 2147483648 0 0 0 128 2 16908288 0 32 0 0 0 256 2 131072 536870944 262208 0 0 0 0 0 256 0 2048 0 0 0 2048 0 1048576 0 0 0 0 0 2147483648 0 0 0 0 0 1073742336 1048576 16 0 0 0 524288 16384 512 0 67108864 0 0 0 134217732 0 0 0 0 0 0 0 0 0 0 0 0 0 0 0 0 0 0 0 0 8 16793600 0 538968576 0 0 0 0 1048576 134217728 8404992 0 4194304 0 0 262144 8 0 0 2048 1073741824 0 0 0 0 0 0 0 0 0 0 0 0 537001984 0 0 0 0 0 0 0 16386 0 1073872896 16 131080 16777216 8192 0 0 0 0 2 0 2147483648 33554440 9216 0 32 512 512 0 0 0 0 0 0 0 0 0 0 0 0 0 0 0 0 0 0 0 0 285212672 0 0 0 0 262176 0 33554432 0 0 67109888 33554432 64 134217730 16 2147483648 16777728 18350080 4194304 0 18874368 0 0 2147483648 0 0 524288 0 0 0 0 0 0 0 0 0 2 671088640 0 134217728 16 0 2147484672 0 134217728 0 0 2097152 4 0 150994944 0 0 1074003968 0 0 0 8388608 0 0 0 0 0 0 0 0 0 0 0 0 0 0 0 0 0 0 0 0 0 0 0 0 18 0 0 0 4 0 4096 0 0 0 16777216 0 32768 2048 134250600 0 0 0 0 0 0 8192 0 0 524288 0 0 0 1024 0 2148007936 2147516416 4 0 0 0 4096 32768 2048 0 33554432 33554434 0 1024 8 0 2147483648 0 0 16 1048576 0 2048 16384 16384 0 0 0 0 0 0 0 0 0 0 0 0 0 0 0 0 0 0 0 0 0 131072 0 0 0 0 0 0 0 0 0 0 0 0 335544320 0 0 0 0 0 0 0 0 0 0 0 0 0 0 0 0 0 0 0 0 0 0 0 0 0 0 0 0 0 0 0 0 0 0 0 0 0 0 0 0 0 0 0 0 0 67110912 524416 2148532224 1073741824 692224 2048 570425344 0 524288 524288 2097152 8388640 403701760 0 0 0 0 0 0 0 0 0 0 0 0 0 0 0 0 0 0 0 0 0 0 131072 0 524288 131072 32 256 0 0 268435456 0 0 536871424 0 0 8404992 134217730 0 262144 0 0 1024 0 1 131072 0 524288 537395200 0 0 0 0 2147483648 0 0 20480 0 268435456 0 0 0 0 0 8388608 16 0 0 2147483648 2147484160 0 1140850688 0 1073741824 8 1 2097152 136315024 0 1048576 0 524288 0 0 0 0 0 0 0 0 0 0 0 0 0 0 0 0 0 0 0 0 0 1024 131080 0 0 0 0 0 0 0 0 0 1073741824 0 0 545259520 4 0 16 256 0 0 8192 32768 0 0 0 0 8388608 0 0 67108864 4194336 0 0 33555456 2147483648 32832 0 0 0 0 2147483648 0 0 0 0 0 4 327680 0 128 268435456 0 0 65536 2147483648 3 0 0 0 0 0 0 0 0 0 0 0 0 0 0 0 0 0 0 64 256 0 0 0 1048576 0 65536 0 0 0 536887296
is_linear=0
shrinkage=0.05


Tree=49
num_leaves=31
num_cat=10
split_feature=20 16 20 20 20 19 1 20 6 19 19 20 6 6 20 20 6 0 0 9 16 6 0 0 19 0 16 0 0 0
split_gain=823012 82832.9 60386 14084 5402.64 5090.15 3469.06 2758.47 2412.25 2390.01 2138.78 1865.75 1845.6 1809.6 1311.54 1264.19 1207.68 1140.14 1114.56 1105.94 1053.24 989.759 975.254 1056.5 955.818 927.97 886.646 851.186 961.573 913.486
threshold=0.37500000000000006 1.0000000180025095e-35 0.76782226562500011 0.19641113281250003 0.55346679687500011 0.35705566406250006 0 5.5175781250000009 2.5000000000000004 0.78564453125000011 0.21423339843750003 0.98217773437500011 2.5000000000000004 2.5000000000000004 35.062500000000007 0.089263916015625014 2.5000000000000004 1 2 3 2.9853515625000004 2.5000000000000004 4 5 1.2143554687500002 6 2.9003906250000004 7 8 9
decision_type=2 10 2 2 2 2 1 2 2 2 2 2 2 2 2 2 2 9 9 9 10 2 9 9 2 9 10 9 9 9
left_child=1 -1 4 6 12 -4 10 11 -6 16 17 13 -2 -7 21 25 -5 -3 -19 -13 22 -9 -20 -24 -14 -8 -21 -25 -29 -30
right_child=2 3 5 9 8 7 15 14 -10 -11 -12 19 24 -15 -16 -17 -18 18 20 26 -22 -23 23 27 -26 -27 -28 28 29 -31
leaf_value=0 0 0 0 0 0 0.0054291229606295349 0.013869478656091706 0.10154327434264464 0 0 0 -0.0077625269610132417 0 0 0.86844706667392646 0 0 0 0 0.0032119470688846963 0 0.037663080622972349 0 0 0 0 0.0042073138150763743 0 0 0
leaf_weight=4726430 478361 66567 314305 575663 456690 321947 3842 259413 1138070 85369 165785 60375 1161050 803093 30402 995594 1433300 81100 51060 2719595 856547 648105 56912 49355 29469 1451148 2582105 58048 57646 601334
leaf_count=4726430 478361 66567 314305 575663 456690 321947 3842 259413 1138070 85369 165785 60375 1161050 803093 30402 995594 1433300 81100 51060 2719595 856547 648105 56912 49355 29469 1451148 2582105 58048 57646 601334
internal_value=-0.010481 -0.0199489 -0.000744067 -0.0163259 -0.00644812 0.0016613 -0.0179037 0.00192513 -0.00436705 -0.0129393 -0.0163823 0.00155868 -0.00843677 -0.000292523 0.00445966 -0.0191728 -0.0132875 -0.0168628 -0.0166263 0.00194709 -0.0163575 0.00411744 -0.0151368 -0.0147202 -0.00949076 -0.0201123 0.00202371 -0.0142315 -0.0137937 -0.0132496
internal_weight=2.23187e+07 1.13157e+07 1.1003e+07 6.58927e+06 3.26364e+06 7.73934e+06 4.49494e+06 7.42504e+06 1.59476e+06 2.09433e+06 2.04435e+06 6.48712e+06 1.66888e+06 1.12504e+06 937920 2.45058e+06 2.00896e+06 1.87857e+06 1.812e+06 5.36208e+06 1.7309e+06 907518 874355 823295 1.19052e+06 1.45499e+06 5.3017e+06 766383 717028 658980
internal_count=22318680 11315700 11002980 6589270 3263640 7739340 4494938 7425035 1594760 2094332 2044354 6487115 1668880 1125040 937920 2450584 2008963 1878569 1812002 5362075 1730902 907518 874355 823295 1190519 1454990 5301700 766383 717028 658980
cat_boundaries=0 1 81 160 161 240 319 414 491 566 641
cat_threshold=39 0 0 8192 0 65536 0 268435456 0 0 134217728 131072 0 16777216 2147483776 4194304 0 0 262400 0 1 67108864 8 0 0 144 8388608 0 512 0 536870912 0 0 0 0 0 0 0 0 0 0 0 1073741824 0 0 33554432 0 0 0 0 0 0 0 0 0 0 0 0 0 0 0 0 0 536870912 524288 0 128 2147483648 0 0 0 128 2 16908288 0 32 0 0 0 256 2 131072 536870944 262208 0 0 0 0 0 256 0 2048 0 0 0 2048 0 1048576 0 0 0 0 0 2147483648 0 0 0 0 0 1073742336 1048576 16 0 0 0 524288 16384 512 0 67108864 0 0 0 134217732 0 0 0 0 0 0 0 0 0 0 0 0 0 0 0 0 0 0 0 0 8 16793600 0 538968576 0 0 0 0 1048576 134217728 8404992 0 4194304 0 0 262144 134480130 16 2147483648 16777728 18350080 4194304 0 18874368 0 0 2147483648 0 0 524288 0 0 0 0 0 0 0 0 0 2 671088640 0 134217728 16 0 2147484672 0 134217728 0 0 2097152 4 0 150994944 0 0 1074003968 0 0 0 8388608 0 0 0 0 0 0 0 0 0 0 0 0 0 0 0 0 0 0 0 0 0 0 0 0 18 0 0 0 4 0 4096 0 0 0 16777216 0 32768 2048 134250600 0 0 0 0 0 0 8192 0 0 524288 0 0 0 1024 0 2148007936 2147516416 4 0 0 0 4096 32768 2048 0 33554432 33554434 0 1024 8 0 2147483648 0 0 16 1048576 0 2048 16384 16384 0 0 0 0 0 0 0 0 0 0 0 0 0 0 0 0 0 0 0 0 0 131072 0 0 0 0 0 0 0 0 0 0 0 0 335544320 0 0 0 0 0 0 0 0 0 0 0 0 0 0 0 0 0 0 0 0 0 0 0 0 0 0 0 0 0 0 0 0 0 0 0 0 0 0 0 0 0 0 0 0 0 67110912 524416 2148532224 1073741824 692224 2048 570425344 0 524288 524288 2097152 8388640 403701760 0 0 0 0 0 0 0 0 0 0 0 0 0 0 0 0 0 0 0 0 0 0 131072 0 524288 131072 32 256 0 0 268435456 0 0 536871424 0 0 8404992 0 262144 0 0 1024 0 1 131072 0 524288 537395200 0 0 0 0 2147483648 0 0 20480 0 268435456 0 0 0 0 0 8388608 16 0 0 2147483648 2147484160 0 1140850688 0 1073741824 8 1 2097152 136315024 0 1048576 0 524288 0 0 0 0 0 0 0 0 0 0 0 0 0 0 0 0 0 0 0 0 0 1024 131080 0 0 0 0 0 0 0 0 0 1073741824 0 0 545259520 4 0 16 256 0 0 8192 32768 0 0 0 0 8388608 0 0 67108864 4194336 0 0 33555456 2147483648 32832 0 0 0 0 2147483648 0 0 0 0 0 4 327680 0 128 268435456 0 0 65536 2147483648 3 0 0 0 0 0 0 0 0 0 0 0 0 0 0 0 0 0 0 64 256 0 0 0 1048576 0 65536 0 0 0 536887296 64 2 16 0 0 33554432 0 0 0 8 0 0 262144 0 4098 0 134217728 0 0 0 1 0 4227072 67108928 67108864 524288 0 0 0 0 4096 0 2147483648 512 0 0 0 536870912 2 524288 2 262144 268435456 16777216 17891328 0 0 0 0 0 0 0 0 0 0 0 0 0 0 0 0 0 0 1048576 0 0 0 0 0 0 134217728 0 0 0 8388608
is_linear=0
shrinkage=0.05


Tree=50
num_leaves=31
num_cat=11
split_feature=20 16 20 20 20 19 1 20 6 19 19 6 17 20 20 6 6 0 0 16 0 0 19 0 0 0 0 0 0 19
split_gain=817855 82832.9 59116.9 14084 5402.64 4951.18 3469.06 2648.62 2412.25 2390.01 2138.78 1845.6 1539.87 1264.19 1213.32 1377.27 1207.68 1140.14 1114.56 1053.24 975.254 1056.5 955.818 927.97 856.45 851.186 961.573 913.486 814.033 890.552
threshold=0.37500000000000006 1.0000000180025095e-35 0.76782226562500011 0.19641113281250003 0.55346679687500011 0.35705566406250006 0 2.3037109375000004 2.5000000000000004 0.78564453125000011 0.21423339843750003 2.5000000000000004 15.500000000000002 0.089263916015625014 0.91088867187500011 2.5000000000000004 2.5000000000000004 1 2 2.9853515625000004 3 4 1.2143554687500002 5 6 7 8 9 10 1.0000000180025095e-35
decision_type=2 10 2 2 2 2 1 2 2 2 2 2 2 2 2 2 2 9 9 10 9 9 2 9 9 9 9 9 9 2
left_child=1 -1 4 6 11 28 10 14 -6 16 17 -2 -9 23 15 -7 -5 -3 -19 20 -20 -22 -13 -8 -14 -23 -27 -28 -4 -30
right_child=2 3 5 9 8 7 13 12 -10 -11 -12 22 24 -15 -16 -17 -18 18 19 -21 21 25 -24 -25 -26 26 27 -29 29 -31
leaf_value=0 0 0 0.26392831569588571 0 0 0.0099768478550890001 0.013176004723287123 0.015852135499547559 0 0 0 0 0.37502471334023008 0 0.0022529011031229454 0 0 0 0 0 0 0 0 0 0.11652993355581845 0 0 0 0 0
leaf_weight=4726430 478361 66567 5057 575663 456690 222268 3842 2576441 1138070 85369 165785 1161050 44256 995594 3840744 555564 1433300 81100 51060 856547 56912 49355 29469 1451148 185762 58048 57646 601334 147733 161515
leaf_count=4726430 478361 66567 5057 575663 456690 222268 3842 2576441 1138070 85369 165785 1161050 44256 995594 3840744 555564 1433300 81100 51060 856547 56912 49355 29469 1451148 185762 58048 57646 601334 147733 161515
internal_value=-0.0105108 -0.0199489 -0.000804323 -0.0163259 -0.00644812 0.00157564 -0.0179037 0.00183583 -0.00436705 -0.0129393 -0.0163823 -0.00843677 0.00304728 -0.0191728 0.0010997 -0.000701115 -0.0132875 -0.0168628 -0.0166263 -0.0163575 -0.0151368 -0.0147202 -0.00949076 -0.0201123 0.00696706 -0.0142315 -0.0137937 -0.0132496 -0.00457112 -0.00489656
internal_weight=2.23187e+07 1.13157e+07 1.1003e+07 6.58927e+06 3.26364e+06 7.73934e+06 4.49494e+06 7.42504e+06 1.59476e+06 2.09433e+06 2.04435e+06 1.66888e+06 2.80646e+06 2.45058e+06 4.61858e+06 777832 2.00896e+06 1.87857e+06 1.812e+06 1.7309e+06 874355 823295 1.19052e+06 1.45499e+06 230018 766383 717028 658980 314305 309248
internal_count=22318680 11315700 11002980 6589270 3263640 7739340 4494938 7425035 1594760 2094332 2044354 1668880 2806459 2450584 4618576 777832 2008963 1878569 1812002 1730902 874355 823295 1190519 1454990 230018 766383 717028 658980 314305 309248
cat_boundaries=0 1 81 160 239 318 413 492 569 644 719 796
cat_threshold=39 0 0 8192 0 65536 0 268435456 0 0 134217728 131072 0 16777216 2147483776 4194304 0 0 262400 0 1 67108864 8 0 0 144 8388608 0 512 0 536870912 0 0 0 0 0 0 0 0 0 0 0 1073741824 0 0 33554432 0 0 0 0 0 0 0 0 0 0 0 0 0 0 0 0 0 536870912 524288 0 128 2147483648 0 0 0 128 2 16908288 0 32 0 0 0 256 2 131072 536870944 262208 0 0 0 0 0 256 0 2048 0 0 0 2048 0 1048576 0 0 0 0 0 2147483648 0 0 0 0 0 1073742336 1048576 16 0 0 0 524288 16384 512 0 67108864 0 0 0 134217732 0 0 0 0 0 0 0 0 0 0 0 0 0 0 0 0 0 0 0 0 8 16793600 0 538968576 0 0 0 0 1048576 134217728 8404992 0 4194304 0 0 262144 16 2147483648 16777728 18350080 4194304 0 18874368 0 0 2147483648 0 0 524288 0 0 0 0 0 0 0 0 0 2 671088640 0 134217728 16 0 2147484672 0 134217728 0 0 2097152 4 0 150994944 0 0 1074003968 0 0 0 8388608 0 0 0 0 0 0 0 0 0 0 0 0 0 0 0 0 0 0 0 0 0 0 0 0 18 0 0 0 4 0 4096 0 0 0 16777216 0 32768 2048 134250600 0 0 0 0 0 0 8192 0 0 524288 0 0 0 1024 0 2148007936 2147516416 4 0 0 0 4096 32768 2048 0 33554432 33554434 0 1024 8 0 2147483648 0 0 16 1048576 0 2048 16384 16384 0 0 0 0 0 0 0 0 0 0 0 0 0 0 0 0 0 0 0 0 0 131072 0 0 0 0 0 0 0 0 0 0 0 0 335544320 0 0 0 0 0 0 0 0 0 0 0 0 0 0 0 0 0 0 0 0 0 0 0 0 0 0 0 0 0 0 0 0 0 0 0 0 0 0 0 0 0 0 0 0 0 67110912 524416 2148532224 1073741824 692224 2048 570425344 0 524288 524288 2097152 8388640 403701760 0 0 0 0 0 0 0 0 0 0 0 0 0 0 0 0 0 0 0 0 0 0 131072 0 524288 131072 32 256 0 0 268435456 0 0 536871424 0 0 8404992 1024 0 1048576 0 0 64 0 16 0 0 0 0 0 0 0 0 0 0 0 0 0 1073741840 268468224 2048 0 0 256 2049 0 0 16384 512 0 0 0 0 32768 49152 0 0 1 0 33556480 0 0 0 0 0 0 0 0 0 0 0 0 0 0 0 0 0 0 0 0 16384 0 268451840 8 0 0 0 0 134217728 33554432 2147484672 0 0 524288 2 2147484672 0 262144 0 0 1024 0 1 131072 0 524288 537395200 0 0 0 0 2147483648 0 0 20480 0 268435456 0 0 0 0 0 8388608 16 0 0 2147483648 2147484160 0 1140850688 0 1073741824 8 1 2097152 136315024 0 1048576 0 524288 0 0 0 0 0 0 0 0 0 0 0 0 0 0 0 0 0 0 0 0 0 1024 131080 0 0 0 0 0 0 0 0 0 1073741824 0 0 545259520 4 0 16 256 0 0 8192 32768 0 0 0 0 8388608 0 0 67108864 4194336 0 0 33555456 2147483648 32832 0 0 0 0 2147483648 0 0 0 0 0 4 327680 0 128 268435456 0 0 65536 2147483648 3 0 0 0 0 0 0 0 0 0 0 0 0 0 0 0 0 0 0 64 256 0 0 0 1048576 0 65536 0 0 0 536887296 64 2 16 0 0 33554432 0 0 0 8 0 0 262144 0 4098 0 134217728 0 0 0 1 0 4227072 67108928 67108864 524288 0 0 0 0 4096 0 2147483648 512 0 0 0 536870912 2 524288 2 262144 268435456 16777216 17891328 0 0 0 0 0 0 0 0 0 0 0 0 0 0 0 0 0 0 1048576 0 0 0 0 0 0 134217728 0 0 0 8388608 0 4096 0 0 2147483648 0 0 1040 0 0 0 0 134217728 0 0 0 2 131072 512 0 0 1073741824 0 4096 0 1064960 0 1073741824 16 256 268435456 8192 0 0 8421378 0 0 0 0 4 8192 4194304 33554464 268435456 0 0 0 0 0 0 0 0 0 0 0 0 0 0 0 0 0 0 0 0 0 268435456 8 0 0 65536 0 0 33554432 0 0 2097152 2
is_linear=0
shrinkage=0.05


Tree=51
num_leaves=31
num_cat=11
split_feature=20 16 20 20 20 19 1 20 6 19 19 6 17 20 6 20 6 0 0 16 6 0 0 19 0 0 0 0 0 9
split_gain=812629 82832.9 57840.4 14084 5402.64 4827.67 3469.06 2654.02 2412.25 2390.01 2138.78 1845.6 1518.31 1270.45 1422.9 1264.19 1207.68 1140.14 1114.56 1053.24 981.787 975.254 1056.5 955.818 927.97 899.07 851.186 961.573 913.486 812.67
threshold=0.37500000000000006 1.0000000180025095e-35 0.76782226562500011 0.19641113281250003 0.55346679687500011 0.21423339843750003 0 2.2675781250000004 2.5000000000000004 0.78564453125000011 0.21423339843750003 2.5000000000000004 30.500000000000004 0.91088867187500011 2.5000000000000004 0.089263916015625014 2.5000000000000004 1 2 2.9853515625000004 2.5000000000000004 3 4 1.2143554687500002 5 6 7 8 9 10
decision_type=2 10 2 2 2 2 1 2 2 2 2 2 2 2 2 2 2 9 9 10 2 9 9 2 9 9 9 9 9 9
left_child=1 -1 4 6 11 25 10 13 -6 16 17 -2 20 14 -7 24 -5 -3 -19 21 -9 -20 -23 -13 -8 -4 -24 -28 -29 -15
right_child=2 3 5 9 8 7 15 12 -10 -11 -12 23 -14 29 -16 -17 -18 18 19 -21 -22 22 26 -25 -26 -27 27 28 -30 -31
leaf_value=0 0 0 0.23680358421520575 0 0 0.0094780054623345503 0.012517204487122763 0.036952128624002233 0 0 0 0 0.44218197212509858 -0.0064454789184085794 0 0 0 0 0 0 0.01281437067852877 0 0 0 0 0 0 0 0 0.0021508929403366516
leaf_weight=4726430 478361 66567 4799 575663 456690 234611 3842 792482 1138070 85369 165785 1161050 62669 21655 585686 995594 1433300 81100 51060 856547 2005272 56912 49355 29469 1451148 208851 58048 57646 601334 3823315
leaf_count=4726430 478361 66567 4799 575663 456690 234611 3842 792482 1138070 85369 165785 1161050 62669 21655 585686 995594 1433300 81100 51060 856547 2005272 56912 49355 29469 1451148 208851 58048 57646 601334 3823315
internal_value=-0.010541 -0.0199489 -0.000865588 -0.0163259 -0.00644812 0.00148854 -0.0179037 0.00169895 -0.00436705 -0.0129393 -0.0163823 -0.00843677 0.00289809 0.000963712 -0.000822659 -0.0191728 -0.0132875 -0.0168628 -0.0166263 -0.0163575 0.00272569 -0.0151368 -0.0147202 -0.00949076 -0.0201123 -0.005923 -0.0142315 -0.0137937 -0.0132496 0.00134482
internal_weight=2.23187e+07 1.13157e+07 1.1003e+07 6.58927e+06 3.26364e+06 7.73934e+06 4.49494e+06 7.52569e+06 1.59476e+06 2.09433e+06 2.04435e+06 1.66888e+06 2.86042e+06 4.66527e+06 820297 2.45058e+06 2.00896e+06 1.87857e+06 1.812e+06 1.7309e+06 2.79775e+06 874355 823295 1.19052e+06 1.45499e+06 213650 766383 717028 658980 3.84497e+06
internal_count=22318680 11315700 11002980 6589270 3263640 7739340 4494938 7525690 1594760 2094332 2044354 1668880 2860423 4665267 820297 2450584 2008963 1878569 1812002 1730902 2797754 874355 823295 1190519 1454990 213650 766383 717028 658980 3844970
cat_boundaries=0 1 81 160 239 318 413 500 577 652 727 728
cat_threshold=39 0 0 8192 0 65536 0 268435456 0 0 134217728 131072 0 16777216 2147483776 4194304 0 0 262400 0 1 67108864 8 0 0 144 8388608 0 512 0 536870912 0 0 0 0 0 0 0 0 0 0 0 1073741824 0 0 33554432 0 0 0 0 0 0 0 0 0 0 0 0 0 0 0 0 0 536870912 524288 0 128 2147483648 0 0 0 128 2 16908288 0 32 0 0 0 256 2 131072 536870944 262208 0 0 0 0 0 256 0 2048 0 0 0 2048 0 1048576 0 0 0 0 0 2147483648 0 0 0 0 0 1073742336 1048576 16 0 0 0 524288 16384 512 0 67108864 0 0 0 134217732 0 0 0 0 0 0 0 0 0 0 0 0 0 0 0 0 0 0 0 0 8 16793600 0 538968576 0 0 0 0 1048576 134217728 8404992 0 4194304 0 0 262144 16 2147483648 16777728 18350080 4194304 0 18874368 0 0 2147483648 0 0 524288 0 0 0 0 0 0 0 0 0 2 671088640 0 134217728 16 0 2147484672 0 134217728 0 0 2097152 4 0 150994944 0 0 1074003968 0 0 0 8388608 0 0 0 0 0 0 0 0 0 0 0 0 0 0 0 0 0 0 0 0 0 0 0 0 18 0 0 0 4 0 4096 0 0 0 16777216 0 32768 2048 134250600 0 0 0 0 0 0 8192 0 0 524288 0 0 0 1024 0 2148007936 2147516416 4 0 0 0 4096 32768 2048 0 33554432 33554434 0 1024 8 0 2147483648 0 0 16 1048576 0 2048 16384 16384 0 0 0 0 0 0 0 0 0 0 0 0 0 0 0 0 0 0 0 0 0 131072 0 0 0 0 0 0 0 0 0 0 0 0 335544320 0 0 0 0 0 0 0 0 0 0 0 0 0 0 0 0 0 0 0 0 0 0 0 0 0 0 0 0 0 0 0 0 0 0 0 0 0 0 0 0 0 0 0 0 0 67110912 524416 2148532224 1073741824 692224 2048 570425344 0 524288 524288 2097152 8388640 403701760 0 0 0 0 0 0 0 0 0 0 0 0 0 0 0 0 0 0 0 0 0 0 131072 0 524288 131072 32 256 0 0 268435456 0 0 536871424 0 0 8404992 0 4096 0 0 0 0 0 1040 0 0 0 0 134217728 0 0 0 0 131072 4194304 2147483648 128 1140850688 8388608 0 0 16384 16 1073741824 0 256 268435456 8192 0 0 32768 0 0 0 2048 0 8192 4194304 33554464 4194304 0 0 0 0 0 0 0 0 0 0 0 0 0 0 0 0 0 0 0 16 0 268435456 0 0 0 65536 0 0 524288 0 0 2097152 2 0 2048 0 0 0 0 0 0 0 268435456 0 262144 0 0 1024 0 1 131072 0 524288 537395200 0 0 0 0 2147483648 0 0 20480 0 268435456 0 0 0 0 0 8388608 16 0 0 2147483648 2147484160 0 1140850688 0 1073741824 8 1 2097152 136315024 0 1048576 0 524288 0 0 0 0 0 0 0 0 0 0 0 0 0 0 0 0 0 0 0 0 0 1024 131080 0 0 0 0 0 0 0 0 0 1073741824 0 0 545259520 4 0 16 256 0 0 8192 32768 0 0 0 0 8388608 0 0 67108864 4194336 0 0 33555456 2147483648 32832 0 0 0 0 2147483648 0 0 0 0 0 4 327680 0 128 268435456 0 0 65536 2147483648 3 0 0 0 0 0 0 0 0 0 0 0 0 0 0 0 0 0 0 64 256 0 0 0 1048576 0 65536 0 0 0 536887296 64 2 16 0 0 33554432 0 0 0 8 0 0 262144 0 4098 0 134217728 0 0 0 1 0 4227072 67108928 67108864 524288 0 0 0 0 4096 0 2147483648 512 0 0 0 536870912 2 524288 2 262144 268435456 16777216 17891328 0 0 0 0 0 0 0 0 0 0 0 0 0 0 0 0 0 0 1048576 0 0 0 0 0 0 134217728 0 0 0 8388608 134217730
is_linear=0
shrinkage=0.05


Tree=52
num_leaves=31
num_cat=11
split_feature=20 16 20 20 20 19 1 19 6 19 19 20 6 6 9 20 6 0 0 16 0 0 19 20 0 0 0 0 0 6
split_gain=808045 82832.9 56728.9 14084 5402.64 4753.13 3469.06 2488.53 2412.25 2390.01 2138.78 1917.39 1845.6 1788.99 1396.28 1264.19 1207.68 1140.14 1114.56 1053.24 975.254 1056.5 955.818 934.466 927.97 867.092 851.186 961.573 913.486 824.835
threshold=0.37500000000000006 1.0000000180025095e-35 0.76782226562500011 0.19641113281250003 0.55346679687500011 0.21423339843750003 0 9.9296875000000018 2.5000000000000004 0.78564453125000011 0.21423339843750003 0.98217773437500011 2.5000000000000004 2.5000000000000004 1 0.089263916015625014 2.5000000000000004 2 3 2.9853515625000004 4 5 1.2143554687500002 38.265625000000007 6 7 8 9 10 2.5000000000000004
decision_type=2 10 2 2 2 2 1 2 2 2 2 2 2 2 9 2 2 9 9 10 9 9 2 2 9 9 9 9 9 2
left_child=1 -1 4 6 12 25 10 11 -6 16 17 13 -2 -7 -13 24 -5 -3 -19 20 -20 -22 -14 29 -8 -4 -23 -28 -29 -9
right_child=2 3 5 9 8 7 15 23 -10 -11 -12 14 22 -15 -16 -17 -18 18 19 -21 21 26 -24 -25 -26 -27 27 28 -30 -31
leaf_value=0 0 0 0.25340848200991567 0 0 0.0049374771104250762 0.011891344262766624 0.18717951389078752 0 0 0 -0.0085023585350985469 0 0 0.003590204391773444 0 0 0 0 0 0 0 0 0.98416437906696363 0 0 0 0 0 0.057235857422651117
leaf_weight=4726430 478361 66567 4727 575663 456690 337974 3842 108080 1138070 85369 165785 33793 1161050 842462 5911494 995594 1433300 81100 51060 856547 56912 49355 29469 23789 1451148 208923 58048 57646 601334 268098
leaf_count=4726430 478361 66567 4727 575663 456690 337974 3842 108080 1138070 85369 165785 33793 1161050 842462 5911494 995594 1433300 81100 51060 856547 56912 49355 29469 23789 1451148 208923 58048 57646 601334 268098
internal_value=-0.0105675 -0.0199489 -0.000919487 -0.0163259 -0.00644812 0.00141191 -0.0179037 0.00162069 -0.00436705 -0.0129393 -0.0163823 0.00140528 -0.00843677 -0.00043539 0.00177074 -0.0191728 -0.0132875 -0.0168628 -0.0166263 -0.0163575 -0.0151368 -0.0147202 -0.00949076 0.00545839 -0.0201123 -0.0059422 -0.0142315 -0.0137937 -0.0132496 0.00485063
internal_weight=2.23187e+07 1.13157e+07 1.1003e+07 6.58927e+06 3.26364e+06 7.73934e+06 4.49494e+06 7.52569e+06 1.59476e+06 2.09433e+06 2.04435e+06 7.12572e+06 1.66888e+06 1.18044e+06 5.94529e+06 2.45058e+06 2.00896e+06 1.87857e+06 1.812e+06 1.7309e+06 874355 823295 1.19052e+06 399967 1.45499e+06 213650 766383 717028 658980 376178
internal_count=22318680 11315700 11002980 6589270 3263640 7739340 4494938 7525690 1594760 2094332 2044354 7125723 1668880 1180436 5945287 2450584 2008963 1878569 1812002 1730902 874355 823295 1190519 399967 1454990 213650 766383 717028 658980 376178
cat_boundaries=0 1 2 82 161 240 319 414 501 578 653 728
cat_threshold=39 134217730 0 0 8192 0 65536 0 268435456 0 0 134217728 131072 0 16777216 2147483776 4194304 0 0 262400 0 1 67108864 8 0 0 144 8388608 0 512 0 536870912 0 0 0 0 0 0 0 0 0 0 0 1073741824 0 0 33554432 0 0 0 0 0 0 0 0 0 0 0 0 0 0 0 0 0 536870912 524288 0 128 2147483648 0 0 0 128 2 16908288 0 32 0 0 0 256 2 131072 536870944 262208 0 0 0 0 0 256 0 2048 0 0 0 2048 0 1048576 0 0 0 0 0 2147483648 0 0 0 0 0 1073742336 1048576 16 0 0 0 524288 16384 512 0 67108864 0 0 0 134217732 0 0 0 0 0 0 0 0 0 0 0 0 0 0 0 0 0 0 0 0 8 16793600 0 538968576 0 0 0 0 1048576 134217728 8404992 0 4194304 0 0 262144 16 2147483648 16777728 18350080 4194304 0 18874368 0 0 2147483648 0 0 524288 0 0 0 0 0 0 0 0 0 2 671088640 0 134217728 16 0 2147484672 0 134217728 0 0 2097152 4 0 150994944 0 0 1074003968 0 0 0 8388608 0 0 0 0 0 0 0 0 0 0 0 0 0 0 0 0 0 0 0 0 0 0 0 0 18 0 0 0 4 0 4096 0 0 0 16777216 0 32768 2048 134250600 0 0 0 0 0 0 8192 0 0 524288 0 0 0 1024 0 2148007936 2147516416 4 0 0 0 4096 32768 2048 0 33554432 33554434 0 1024 8 0 2147483648 0 0 16 1048576 0 2048 16384 16384 0 0 0 0 0 0 0 0 0 0 0 0 0 0 0 0 0 0 0 0 0 131072 0 0 0 0 0 0 0 0 0 0 0 0 335544320 0 0 0 0 0 0 0 0 0 0 0 0 0 0 0 0 0 0 0 0 0 0 0 0 0 0 0 0 0 0 0 0 0 0 0 0 0 0 0 0 0 0 0 0 0 67110912 524416 2148532224 1073741824 692224 2048 570425344 0 524288 524288 2097152 8388640 403701760 0 0 0 0 0 0 0 0 0 0 0 0 0 0 0 0 0 0 0 0 0 0 131072 0 524288 131072 32 256 0 0 268435456 0 0 536871424 0 0 8404992 0 4096 0 0 0 0 0 1040 0 0 0 0 134217728 0 0 0 0 131072 0 2147483648 128 1140850688 0 0 0 1064960 16 1073741824 16 256 0 8192 0 262144 32768 0 0 0 0 4 8192 4194304 33554464 4194304 0 0 0 0 0 0 0 0 0 0 0 0 0 0 0 0 0 0 0 16 0 268435456 0 0 0 65536 0 0 524288 0 0 0 2 0 2048 0 0 0 0 0 0 0 268435456 0 262144 0 0 1024 0 1 131072 0 524288 537395200 0 0 0 0 2147483648 0 0 20480 0 268435456 0 0 0 0 0 8388608 16 0 0 2147483648 2147484160 0 1140850688 0 1073741824 8 1 2097152 136315024 0 1048576 0 524288 0 0 0 0 0 0 0 0 0 0 0 0 0 0 0 0 0 0 0 0 0 1024 131080 0 0 0 0 0 0 0 0 0 1073741824 0 0 545259520 4 0 16 256 0 0 8192 32768 0 0 0 0 8388608 0 0 67108864 4194336 0 0 33555456 2147483648 32832 0 0 0 0 2147483648 0 0 0 0 0 4 327680 0 128 268435456 0 0 65536 2147483648 3 0 0 0 0 0 0 0 0 0 0 0 0 0 0 0 0 0 0 64 256 0 0 0 1048576 0 65536 0 0 0 536887296 64 2 16 0 0 33554432 0 0 0 8 0 0 262144 0 4098 0 134217728 0 0 0 1 0 4227072 67108928 67108864 524288 0 0 0 0 4096 0 2147483648 512 0 0 0 536870912 2 524288 2 262144 268435456 16777216 17891328 0 0 0 0 0 0 0 0 0 0 0 0 0 0 0 0 0 0 1048576 0 0 0 0 0 0 134217728 0 0 0 8388608
is_linear=0
shrinkage=0.05


Tree=53
num_leaves=31
num_cat=13
split_feature=20 16 20 20 19 20 1 20 19 19 6 6 0 6 9 20 6 0 0 16 0 0 0 19 0 0 0 19 0 0
split_gain=803101 82832.9 55560.4 14084 5126.58 4252.73 3469.06 2773.92 2390.01 2138.78 2070.23 2003.13 1868.78 1845.6 1388.65 1264.19 1207.68 1140.14 1114.56 1053.24 988.274 975.254 1056.5 955.818 940.111 927.97 861.443 965.85 851.186 961.573
threshold=0.37500000000000006 1.0000000180025095e-35 0.73217773437500011 0.19641113281250003 0.35705566406250006 0.55346679687500011 0 0.98217773437500011 0.78564453125000011 0.21423339843750003 2.5000000000000004 2.5000000000000004 1 2.5000000000000004 2 0.089263916015625014 2.5000000000000004 3 4 2.9853515625000004 5 6 7 1.2143554687500002 8 9 10 1.0000000180025095e-35 11 12
decision_type=2 10 2 2 2 2 1 2 2 2 2 2 9 2 9 2 2 9 9 10 9 9 9 2 9 9 9 2 9 9
left_child=1 -1 5 6 26 13 9 10 16 17 -6 -7 -9 -2 -14 25 -5 -3 -19 21 -16 -20 -23 -15 -22 -8 -4 -28 -24 -30
right_child=2 3 4 8 7 11 15 12 -10 -11 -12 -13 14 23 20 -17 -18 18 19 -21 24 22 28 -25 -26 -27 27 -29 29 -31
leaf_value=0 0 0 0.20711797880432781 0 0.0047465993625284645 0 0.011296777049628294 0.099445735235545479 0 0 0 0 -0.0090697431671152677 0 0.056810018024742275 0 0 0 0 0 0.036469313360060054 0 0 0 0.0031646408283388331 0 0 0 0 0
leaf_weight=4726430 478361 66567 5883 575663 380614 388624 3842 156102 85369 165785 949095 968596 68833 1161050 158895 995594 1433300 81100 51060 856547 161729 56912 49355 29469 5754436 1451148 156413 184880 58048 658980
leaf_count=4726430 478361 66567 5883 575663 380614 388624 3842 156102 85369 165785 949095 968596 68833 1161050 158895 995594 1433300 81100 51060 856547 161729 56912 49355 29469 5754436 1451148 156413 184880 58048 658980
internal_value=-0.0105963 -0.0199489 -0.000977799 -0.0163259 0.00121058 -0.00674642 -0.0179037 0.00148097 -0.0129393 -0.0163823 -0.000594209 -0.00466792 0.00191897 -0.00843677 0.00178169 -0.0191728 -0.0132875 -0.0168628 -0.0166263 -0.0163575 0.00186171 -0.0151368 -0.0147202 -0.00949076 0.00175719 -0.0201123 -0.00473161 -0.00505863 -0.0142315 -0.0137937
internal_weight=2.23187e+07 1.13157e+07 1.1003e+07 6.58927e+06 7.97688e+06 3.0261e+06 4.49494e+06 7.6297e+06 2.09433e+06 2.04435e+06 1.32971e+06 1.35722e+06 6.3e+06 1.66888e+06 6.14389e+06 2.45058e+06 2.00896e+06 1.87857e+06 1.812e+06 1.7309e+06 6.07506e+06 874355 823295 1.19052e+06 5.91616e+06 1.45499e+06 347176 341293 766383 717028
internal_count=22318680 11315700 11002980 6589270 7976880 3026100 4494938 7629704 2094332 2044354 1329709 1357220 6299995 1668880 6143893 2450584 2008963 1878569 1812002 1730902 6075060 874355 823295 1190519 5916165 1454990 347176 341293 766383 717028
cat_boundaries=0 1 86 87 167 246 326 405 484 575 670 747 824 899
cat_threshold=39 0 0 0 0 0 0 0 1024 0 0 0 0 0 0 0 0 0 131072 0 0 0 1074790400 268435584 0 0 16384 0 1073741889 2064 8196 0 0 0 0 0 0 32770 49152 2147483648 0 0 0 33554464 0 512 0 0 0 4259840 0 32 0 0 0 536870912 0 0 0 0 0 0 0 0 0 0 268451840 0 0 0 0 0 131072 0 0 0 0 0 0 9216 0 0 0 0 0 4096 134480130 0 0 8192 0 65536 0 268435456 0 0 134217728 131072 0 16777216 2147483776 4194304 0 0 262400 0 1 67108864 8 0 0 144 8388608 0 512 0 536870912 0 0 0 0 0 0 0 0 0 0 0 1073741824 0 0 33554432 0 0 0 0 0 0 0 0 0 0 0 0 0 0 0 0 0 536870912 524288 0 128 2147483648 0 0 0 128 2 16908288 0 32 0 0 0 256 2 131072 536870944 262208 0 0 0 0 0 256 0 2048 0 0 0 2048 0 1048576 0 0 0 0 0 2147483648 0 0 0 0 0 1073742336 1048576 16 0 0 0 524288 16384 512 0 67108864 0 0 0 134217732 0 0 0 0 0 0 0 0 0 0 0 0 0 0 0 0 0 0 0 0 8 16793600 0 538968576 0 0 0 0 1048576 134217728 8404992 0 4194304 0 0 262144 1024 0 0 2 0 0 0 0 0 0 512 0 134217728 0 0 1024 0 0 0 0 0 0 0 0 0 0 0 536870912 0 8 16384 0 0 16384 41975808 0 1073741824 0 8 0 536879104 4194304 538968128 0 4128 0 0 0 0 0 0 0 0 0 134217728 4096 0 8192 0 0 0 0 0 0 0 16777220 0 0 0 0 0 0 0 1024 0 0 130 0 2147483648 1 16 2147483648 16777728 18350080 4194304 0 18874368 0 0 2147483648 0 0 524288 0 0 0 0 0 0 0 0 0 2 671088640 0 134217728 16 0 2147484672 0 134217728 0 0 2097152 4 0 150994944 0 0 1074003968 0 0 0 8388608 0 0 0 0 0 0 0 0 0 0 0 0 0 0 0 0 0 0 0 0 0 0 0 0 18 0 0 0 4 0 4096 0 0 0 16777216 0 32768 2048 134250600 0 0 0 0 0 0 8192 0 0 524288 0 0 0 1024 0 2148007936 2147516416 4 0 0 0 4096 32768 2048 0 33554432 33554434 0 1024 8 0 2147483648 0 0 16 1048576 0 2048 16384 16384 0 0 0 0 0 0 0 0 0 0 0 0 0 0 0 0 0 0 0 0 0 131072 0 0 0 0 0 0 0 0 0 0 0 0 335544320 0 0 1572864 0 0 0 4194304 67108864 0 0 0 0 0 0 0 134217728 2 0 512 0 0 134217728 32768 0 0 0 4096 0 536870912 0 536870912 512 0 32 134217728 0 0 0 0 33619968 0 8194 0 268435456 0 0 2 0 0 0 0 0 4096 536870912 16777216 0 1073741824 0 0 0 0 0 0 16 0 0 0 16 8912896 0 0 0 0 0 0 0 0 4194304 0 0 0 0 0 131072 0 0 0 0 0 0 268435456 0 0 0 0 0 0 0 0 0 0 0 0 0 0 0 0 0 0 0 0 0 0 0 0 0 0 0 0 0 0 0 0 0 0 0 0 0 0 0 0 0 0 0 0 0 67110912 524416 2148532224 1073741824 692224 2048 570425344 0 524288 524288 2097152 8388640 403701760 0 0 0 0 0 0 0 0 0 0 0 0 0 0 0 0 0 0 0 0 0 0 131072 0 524288 131072 32 256 0 0 268435456 0 0 536871424 0 0 8404992 0 0 0 0 0 0 0 1152 0 0 0 0 134217728 0 0 1024 0 131072 512 0 0 1207959568 0 4096 0 16384 0 1073741824 16 256 32768 8192 0 0 32770 262144 0 0 0 0 8192 4194304 33554480 262144 8388608 0 0 0 0 0 0 0 0 0 0 0 0 0 0 0 0 0 0 0 0 268435456 8 0 0 0 0 256 33554432 0 0 2097152 2 0 262144 0 0 1024 0 1 131072 0 524288 537395200 0 0 0 0 2147483648 0 0 20480 0 268435456 0 0 0 0 0 8388608 16 0 0 2147483648 2147484160 0 1140850688 0 1073741824 8 1 2097152 136315024 0 1048576 0 524288 0 0 0 0 0 0 0 0 0 0 0 0 0 0 0 0 0 0 0 0 0 1024 131080 0 0 0 0 0 0 0 0 0 1073741824 0 0 545259520 4 0 16 256 0 0 8192 32768 0 0 0 0 8388608 0 0 67108864 4194336 0 0 33555456 2147483648 32832 0 0 0 0 2147483648 0 0 0 0 0 4 327680 0 128 268435456 0 0 65536 2147483648 3 0 0 0 0 0 0 0 0 0 0 0 0 0 0 0 0 0 0 64 256 0 0 0 1048576 0 65536 0 0 0 536887296
is_linear=0
shrinkage=0.05


Tree=54
num_leaves=31
num_cat=11
split_feature=20 16 20 20 19 20 1 20 19 19 6 6 6 20 6 20 6 20 0 0 16 0 0 19 0 0 0 0 0 0
split_gain=796513 82832.9 54068.7 14084 4961.99 4252.73 3469.06 2903.57 2390.01 2138.78 2003.13 1845.6 1423.5 1278.85 1440.14 1264.19 1207.68 1158.48 1140.14 1114.56 1053.24 975.254 1056.5 955.818 927.97 887.727 851.186 961.573 913.486 803.998
threshold=0.37500000000000006 1.0000000180025095e-35 0.73217773437500011 0.19641113281250003 0.35705566406250006 0.55346679687500011 0 2.0537109375000004 0.78564453125000011 0.21423339843750003 2.5000000000000004 2.5000000000000004 2.5000000000000004 0.87500000000000011 2.5000000000000004 0.089263916015625014 2.5000000000000004 10.589843750000002 1 2 2.9853515625000004 3 4 1.2143554687500002 5 6 7 8 9 10
decision_type=2 10 2 2 2 2 1 2 2 2 2 2 2 2 2 2 2 2 9 9 10 9 9 2 9 9 9 9 9 9
left_child=1 -1 5 6 29 11 9 13 16 18 -7 -2 17 14 -6 24 -5 -9 -3 -20 21 -21 -23 -13 -8 -14 -24 -28 -29 -4
right_child=2 3 4 8 7 10 15 12 -10 -11 -12 23 25 -15 -16 -17 -18 -19 19 20 -22 22 26 -25 -26 -27 27 28 -30 -31
leaf_value=0 0 0 0.20193708196373328 0 0.0085199013655701487 0 0.010731938197146879 0.024068719102543348 0 0 0 0 0.065216628437191074 0.0014611773539761896 0 0 0 0.23206276402723358 0 0 0 0 0 0 0 0.010507915582198058 0 0 0 0
leaf_weight=4726430 478361 66567 5643 575663 228591 388624 3842 814766 85369 165785 968596 1161050 67991 3643253 572101 995594 1433300 96511 81100 51060 856547 56912 49355 29469 1451148 2206491 58048 57646 601334 341533
leaf_count=4726430 478361 66567 5643 575663 228591 388624 3842 814766 85369 165785 968596 1161050 67991 3643253 572101 995594 1433300 96511 81100 51060 856547 56912 49355 29469 1451148 2206491 58048 57646 601334 341533
internal_value=-0.0106347 -0.0199489 -0.00105576 -0.0163259 0.00110304 -0.00674642 -0.0179037 0.00136905 -0.0129393 -0.0163823 -0.00466792 -0.00843677 0.00252107 0.000543194 -0.00126609 -0.0191728 -0.0132875 0.00419085 -0.0168628 -0.0166263 -0.0163575 -0.0151368 -0.0147202 -0.00949076 -0.0201123 0.00185207 -0.0142315 -0.0137937 -0.0132496 -0.00474298
internal_weight=2.23187e+07 1.13157e+07 1.1003e+07 6.58927e+06 7.97688e+06 3.0261e+06 4.49494e+06 7.6297e+06 2.09433e+06 2.04435e+06 1.35722e+06 1.66888e+06 3.18576e+06 4.44394e+06 800692 2.45058e+06 2.00896e+06 911277 1.87857e+06 1.812e+06 1.7309e+06 874355 823295 1.19052e+06 1.45499e+06 2.27448e+06 766383 717028 658980 347176
internal_count=22318680 11315700 11002980 6589270 7976880 3026100 4494938 7629704 2094332 2044354 1357220 1668880 3185759 4443945 800692 2450584 2008963 911277 1878569 1812002 1730902 874355 823295 1190519 1454990 2274482 766383 717028 658980 347176
cat_boundaries=0 1 81 160 239 318 413 508 585 660 735 814
cat_threshold=39 0 0 8192 0 65536 0 268435456 0 0 134217728 131072 0 16777216 2147483776 4194304 0 0 262400 0 1 67108864 8 0 0 144 8388608 0 512 0 536870912 0 0 0 0 0 0 0 0 0 0 0 1073741824 0 0 33554432 0 0 0 0 0 0 0 0 0 0 0 0 0 0 0 0 0 536870912 524288 0 128 2147483648 0 0 0 128 2 16908288 0 32 0 0 0 256 2 131072 536870944 262208 0 0 0 0 0 256 0 2048 0 0 0 2048 0 1048576 0 0 0 0 0 2147483648 0 0 0 0 0 1073742336 1048576 16 0 0 0 524288 16384 512 0 67108864 0 0 0 134217732 0 0 0 0 0 0 0 0 0 0 0 0 0 0 0 0 0 0 0 0 8 16793600 0 538968576 0 0 0 0 1048576 134217728 8404992 0 4194304 0 0 262144 16 2147483648 16777728 18350080 4194304 0 18874368 0 0 2147483648 0 0 524288 0 0 0 0 0 0 0 0 0 2 671088640 0 134217728 16 0 2147484672 0 134217728 0 0 2097152 4 0 150994944 0 0 1074003968 0 0 0 8388608 0 0 0 0 0 0 0 0 0 0 0 0 0 0 0 0 0 0 0 0 0 0 0 0 18 0 0 0 4 0 4096 0 0 0 16777216 0 32768 2048 134250600 0 0 0 0 0 0 8192 0 0 524288 0 0 0 1024 0 2148007936 2147516416 4 0 0 0 4096 32768 2048 0 33554432 33554434 0 1024 8 0 2147483648 0 0 16 1048576 0 2048 16384 16384 0 0 0 0 0 0 0 0 0 0 0 0 0 0 0 0 0 0 0 0 0 131072 0 0 0 0 0 0 0 0 0 0 0 0 335544320 0 0 0 0 0 0 0 0 0 0 0 0 0 0 0 0 0 0 0 0 0 0 0 0 0 0 0 0 0 0 0 0 0 0 0 0 0 0 0 0 0 0 0 0 0 67110912 524416 2148532224 1073741824 692224 2048 570425344 0 524288 524288 2097152 8388640 403701760 0 0 0 0 0 0 0 0 0 0 0 0 0 0 0 0 0 0 0 0 0 0 131072 0 524288 131072 32 256 0 0 268435456 0 0 536871424 0 0 8404992 2098176 0 2097152 0 0 64 0 67108864 0 262144 0 0 0 0 0 0 0 0 0 0 0 1073741824 268435456 134217728 0 16 0 1 0 0 0 0 0 0 2 0 2097152 49152 0 0 0 0 65539 0 524320 0 0 0 0 6144 0 0 64 0 8388608 0 0 0 0 0 0 0 0 0 0 2 65536 64 0 0 8388608 0 0 0 0 8192 0 0 0 0 0 0 0 0 0 0 0 0 0 0 4 0 4194304 0 8 0 262144 0 0 1024 0 1 131072 0 524288 537395200 0 0 0 0 2147483648 0 0 20480 0 268435456 0 0 0 0 0 8388608 16 0 0 2147483648 2147484160 0 1140850688 0 1073741824 8 1 2097152 136315024 0 1048576 0 524288 0 0 0 0 0 0 0 0 0 0 0 0 0 0 0 0 0 0 0 0 0 1024 131080 0 0 0 0 0 0 0 0 0 1073741824 0 0 545259520 4 0 16 256 0 0 8192 32768 0 0 0 0 8388608 0 0 67108864 4194336 0 0 33555456 2147483648 32832 0 0 0 0 2147483648 0 0 0 0 0 4 327680 0 128 268435456 0 0 65536 2147483648 3 0 0 0 0 0 0 0 0 0 0 0 0 0 0 0 0 0 0 64 256 0 0 0 1048576 0 65536 0 0 0 536887296 64 2 16 0 0 33554432 0 0 0 8 0 0 262144 0 4098 0 134217728 0 0 0 1 0 4227072 67108928 67108864 524288 0 0 0 0 4096 0 2147483648 512 0 0 0 536870912 2 524288 2 262144 268435456 16777216 17891328 0 0 0 0 0 0 0 0 0 0 0 0 0 0 0 0 0 0 1048576 0 0 0 0 0 0 134217728 0 0 0 8388608 0 0 0 0 0 0 0 1152 0 0 0 0 134217728 0 0 1024 0 131072 512 0 0 1073741840 0 0 0 16384 0 1073741824 16 256 32768 8192 0 262144 0 262144 0 0 0 0 8192 4194304 33554480 262144 8392704 0 0 0 0 0 0 0 0 0 0 0 0 0 0 0 0 0 0 0 0 268435456 0 0 0 0 0 256 33554432 0 0 2097152 2 0 3072
is_linear=0
shrinkage=0.05


Tree=55
num_leaves=31
num_cat=11
split_feature=20 16 20 20 19 20 1 20 19 19 6 6 19 20 6 6 20 6 0 0 16 0 0 19 0 0 0 0 0 9
split_gain=792154 82832.9 53089.3 14084 4868.8 4252.73 3469.06 2866.27 2390.01 2138.78 2003.13 1845.6 1418.63 1395.31 1507.77 1304.18 1264.19 1207.68 1140.14 1114.56 1053.24 975.254 1056.5 955.818 927.97 851.186 961.573 913.486 839.583 787.028
threshold=0.37500000000000006 1.0000000180025095e-35 0.73217773437500011 0.19641113281250003 0.21423339843750003 0.55346679687500011 0 2.0175781250000004 0.78564453125000011 0.21423339843750003 2.5000000000000004 2.5000000000000004 34.500000000000007 0.87500000000000011 2.5000000000000004 2.5000000000000004 0.089263916015625014 2.5000000000000004 1 2 2.9853515625000004 3 4 1.2143554687500002 5 6 7 8 9 10
decision_type=2 10 2 2 2 2 1 2 2 2 2 2 2 2 2 2 2 2 9 9 10 9 9 2 9 9 9 9 9 9
left_child=1 -1 5 6 28 11 9 13 17 18 -7 -2 15 14 -6 -9 24 -5 -3 -20 21 -21 -23 -13 -8 -24 -27 -28 -4 -15
right_child=2 3 4 8 7 10 16 12 -10 -11 -12 23 -14 29 -16 -17 -18 -19 19 20 -22 22 25 -25 -26 26 27 -29 -30 -31
leaf_value=0 0 0 0.21669576173286131 0 0.0080939062972916424 0 0.010195341287289534 0.028057556842028132 0 0 0 0 0.66428717722528385 -0.0053065112059716207 0 0.010134618542191021 0 0 0 0 0 0 0 0 0 0 0 0 0 0.00142428238654716
leaf_weight=4726430 478361 66567 4934 575663 243001 388624 3842 920136 85369 165785 968596 1161050 35710 20566 607334 2296497 995594 1433300 81100 51060 856547 56912 49355 29469 1451148 58048 57646 601334 226319 3622383
leaf_count=4726430 478361 66567 4934 575663 243001 388624 3842 920136 85369 165785 968596 1161050 35710 20566 607334 2296497 995594 1433300 81100 51060 856547 56912 49355 29469 1451148 58048 57646 601334 226319 3622383
internal_value=-0.0106602 -0.0199489 -0.00110754 -0.0163259 0.00103163 -0.00674642 -0.0179037 0.00124507 -0.0129393 -0.0163823 -0.00466792 -0.00843677 0.0023756 0.000426759 -0.00139695 0.00226558 -0.0191728 -0.0132875 -0.0168628 -0.0166263 -0.0163575 -0.0151368 -0.0147202 -0.00949076 -0.0201123 -0.0142315 -0.0137937 -0.0132496 -0.00611743 0.000852448
internal_weight=2.23187e+07 1.13157e+07 1.1003e+07 6.58927e+06 7.97688e+06 3.0261e+06 4.49494e+06 7.74563e+06 2.09433e+06 2.04435e+06 1.35722e+06 1.66888e+06 3.25234e+06 4.49328e+06 850335 3.21663e+06 2.45058e+06 2.00896e+06 1.87857e+06 1.812e+06 1.7309e+06 874355 823295 1.19052e+06 1.45499e+06 766383 717028 658980 231253 3.64295e+06
internal_count=22318680 11315700 11002980 6589270 7976880 3026100 4494938 7745627 2094332 2044354 1357220 1668880 3252343 4493284 850335 3216633 2450584 2008963 1878569 1812002 1730902 874355 823295 1190519 1454990 766383 717028 658980 231253 3642949
cat_boundaries=0 1 81 160 239 318 413 490 565 640 727 728
cat_threshold=39 0 0 8192 0 65536 0 268435456 0 0 134217728 131072 0 16777216 2147483776 4194304 0 0 262400 0 1 67108864 8 0 0 144 8388608 0 512 0 536870912 0 0 0 0 0 0 0 0 0 0 0 1073741824 0 0 33554432 0 0 0 0 0 0 0 0 0 0 0 0 0 0 0 0 0 536870912 524288 0 128 2147483648 0 0 0 128 2 16908288 0 32 0 0 0 256 2 131072 536870944 262208 0 0 0 0 0 256 0 2048 0 0 0 2048 0 1048576 0 0 0 0 0 2147483648 0 0 0 0 0 1073742336 1048576 16 0 0 0 524288 16384 512 0 67108864 0 0 0 134217732 0 0 0 0 0 0 0 0 0 0 0 0 0 0 0 0 0 0 0 0 8 16793600 0 538968576 0 0 0 0 1048576 134217728 8404992 0 4194304 0 0 262144 16 2147483648 16777728 18350080 4194304 0 18874368 0 0 2147483648 0 0 524288 0 0 0 0 0 0 0 0 0 2 671088640 0 134217728 16 0 2147484672 0 134217728 0 0 2097152 4 0 150994944 0 0 1074003968 0 0 0 8388608 0 0 0 0 0 0 0 0 0 0 0 0 0 0 0 0 0 0 0 0 0 0 0 0 18 0 0 0 4 0 4096 0 0 0 16777216 0 32768 2048 134250600 0 0 0 0 0 0 8192 0 0 524288 0 0 0 1024 0 2148007936 2147516416 4 0 0 0 4096 32768 2048 0 33554432 33554434 0 1024 8 0 2147483648 0 0 16 1048576 0 2048 16384 16384 0 0 0 0 0 0 0 0 0 0 0 0 0 0 0 0 0 0 0 0 0 131072 0 0 0 0 0 0 0 0 0 0 0 0 335544320 0 0 0 0 0 0 0 0 0 0 0 0 0 0 0 0 0 0 0 0 0 0 0 0 0 0 0 0 0 0 0 0 0 0 0 0 0 0 0 0 0 0 0 0 0 67110912 524416 2148532224 1073741824 692224 2048 570425344 0 524288 524288 2097152 8388640 403701760 0 0 0 0 0 0 0 0 0 0 0 0 0 0 0 0 0 0 0 0 0 0 131072 0 524288 131072 32 256 0 0 268435456 0 0 536871424 0 0 8404992 0 262144 0 0 1024 0 1 131072 0 524288 537395200 0 0 0 0 2147483648 0 0 20480 0 268435456 0 0 0 0 0 8388608 16 0 0 2147483648 2147484160 0 1140850688 0 1073741824 8 1 2097152 136315024 0 1048576 0 524288 0 0 0 0 0 0 0 0 0 0 0 0 0 0 0 0 0 0 0 0 0 1024 131080 0 0 0 0 0 0 0 0 0 1073741824 0 0 545259520 4 0 16 256 0 0 8192 32768 0 0 0 0 8388608 0 0 67108864 4194336 0 0 33555456 2147483648 32832 0 0 0 0 2147483648 0 0 0 0 0 4 327680 0 128 268435456 0 0 65536 2147483648 3 0 0 0 0 0 0 0 0 0 0 0 0 0 0 0 0 0 0 64 256 0 0 0 1048576 0 65536 0 0 0 536887296 64 2 16 0 0 33554432 0 0 0 8 0 0 262144 0 4098 0 134217728 0 0 0 1 0 4227072 67108928 67108864 524288 0 0 0 0 4096 0 2147483648 512 0 0 0 536870912 2 524288 2 262144 268435456 16777216 17891328 0 0 0 0 0 0 0 0 0 0 0 0 0 0 0 0 0 0 1048576 0 0 0 0 0 0 134217728 0 0 0 8388608 0 0 0 0 0 0 0 1152 0 0 0 0 0 0 0 0 0 131072 4194304 0 1048704 1207959568 0 0 0 16384 16 1073741824 32784 0 0 0 0 33816576 32768 0 0 0 0 0 8192 4194304 33554480 4456448 0 0 0 0 0 0 0 0 0 0 0 0 0 0 0 0 0 0 0 16 0 268435456 0 0 262144 0 0 0 524288 0 0 2097152 2 0 2048 0 0 0 0 0 0 0 268435456 134217730
is_linear=0
shrinkage=0.05


Tree=56
num_leaves=31
num_cat=11
split_feature=20 16 20 20 19 20 1 20 19 19 6 20 6 6 20 6 0 0 20 16 0 0 19 0 9 9 0 0 0 6
split_gain=788515 82832.9 52276.6 14084 4806.44 4252.73 3469.06 2579.3 2390.01 2138.78 2003.13 1910.21 1845.6 1507.77 1264.19 1207.68 1140.14 1114.56 1080.83 1053.24 975.254 1056.5 955.818 927.97 870.091 852.285 851.186 961.573 913.486 795.789
threshold=0.37500000000000006 1.0000000180025095e-35 0.73217773437500011 0.19641113281250003 0.21423339843750003 0.55346679687500011 0 4.9824218750000009 0.78564453125000011 0.21423339843750003 2.5000000000000004 0.87500000000000011 2.5000000000000004 2.5000000000000004 0.089263916015625014 2.5000000000000004 1 2 43.078125000000007 2.9853515625000004 3 4 1.2143554687500002 5 6 7 8 9 10 2.5000000000000004
decision_type=2 10 2 2 2 2 1 2 2 2 2 2 2 2 2 2 9 9 2 10 9 9 2 9 9 9 9 9 9 2
left_child=1 -1 5 6 -4 12 9 11 15 16 -7 13 -2 -6 23 -5 -3 -18 24 20 -19 -22 -14 -8 -9 -13 -23 -28 -29 -27
right_child=2 3 4 8 7 10 14 18 -10 -11 -12 25 22 -15 -16 -17 17 19 -20 -21 21 26 -24 -25 -26 29 27 28 -30 -31
leaf_value=0 0 0 0 0 0.0076892109824270582 0 0.0096855742229250592 -0.078164830219959 0 0 0 -0.0049252440584030546 0 0 0 0 0 0 1.1935086830687145 0 0 0 0 0 0.040946856118624968 0.0039823872656831521 0 0 0 0.0016590425146904453
leaf_weight=4726430 478361 66567 231253 575663 243001 388624 3842 2787 85369 165785 968596 97814 1161050 607334 995594 1433300 81100 51060 17810 856547 56912 49355 29469 1451148 1059990 1623161 58048 57646 601334 4093730
leaf_count=4726430 478361 66567 231253 575663 243001 388624 3842 2787 85369 165785 968596 97814 1161050 607334 995594 1433300 81100 51060 17810 856547 56912 49355 29469 1451148 1059990 1623161 58048 57646 601334 4093730
internal_value=-0.0106816 -0.0199489 -0.00115087 -0.0163259 0.000971859 -0.00674642 -0.0179037 0.00118393 -0.0129393 -0.0163823 -0.00466792 0.000816544 -0.00843677 -0.00139695 -0.0191728 -0.0132875 -0.0168628 -0.0166263 0.00344995 -0.0163575 -0.0151368 -0.0147202 -0.00949076 -0.0201123 0.00324525 0.00114024 -0.0142315 -0.0137937 -0.0132496 0.00121942
internal_weight=2.23187e+07 1.13157e+07 1.1003e+07 6.58927e+06 7.97688e+06 3.0261e+06 4.49494e+06 7.74563e+06 2.09433e+06 2.04435e+06 1.35722e+06 6.66504e+06 1.66888e+06 850335 2.45058e+06 2.00896e+06 1.87857e+06 1.812e+06 1.08059e+06 1.7309e+06 874355 823295 1.19052e+06 1.45499e+06 1.06278e+06 5.8147e+06 766383 717028 658980 5.71689e+06
internal_count=22318680 11315700 11002980 6589270 7976880 3026100 4494938 7745627 2094332 2044354 1357220 6665040 1668880 850335 2450584 2008963 1878569 1812002 1080587 1730902 874355 823295 1190519 1454990 1062777 5814705 766383 717028 658980 5716891
cat_boundaries=0 1 81 160 239 318 413 414 415 492 567 642
cat_threshold=39 0 0 8192 0 65536 0 268435456 0 0 134217728 131072 0 16777216 2147483776 4194304 0 0 262400 0 1 67108864 8 0 0 144 8388608 0 512 0 536870912 0 0 0 0 0 0 0 0 0 0 0 1073741824 0 0 33554432 0 0 0 0 0 0 0 0 0 0 0 0 0 0 0 0 0 536870912 524288 0 128 2147483648 0 0 0 128 2 16908288 0 32 0 0 0 256 2 131072 536870944 262208 0 0 0 0 0 256 0 2048 0 0 0 2048 0 1048576 0 0 0 0 0 2147483648 0 0 0 0 0 1073742336 1048576 16 0 0 0 524288 16384 512 0 67108864 0 0 0 134217732 0 0 0 0 0 0 0 0 0 0 0 0 0 0 0 0 0 0 0 0 8 16793600 0 538968576 0 0 0 0 1048576 134217728 8404992 0 4194304 0 0 262144 16 2147483648 16777728 18350080 4194304 0 18874368 0 0 2147483648 0 0 524288 0 0 0 0 0 0 0 0 0 2 671088640 0 134217728 16 0 2147484672 0 134217728 0 0 2097152 4 0 150994944 0 0 1074003968 0 0 0 8388608 0 0 0 0 0 0 0 0 0 0 0 0 0 0 0 0 0 0 0 0 0 0 0 0 18 0 0 0 4 0 4096 0 0 0 16777216 0 32768 2048 134250600 0 0 0 0 0 0 8192 0 0 524288 0 0 0 1024 0 2148007936 2147516416 4 0 0 0 4096 32768 2048 0 33554432 33554434 0 1024 8 0 2147483648 0 0 16 1048576 0 2048 16384 16384 0 0 0 0 0 0 0 0 0 0 0 0 0 0 0 0 0 0 0 0 0 131072 0 0 0 0 0 0 0 0 0 0 0 0 335544320 0 0 0 0 0 0 0 0 0 0 0 0 0 0 0 0 0 0 0 0 0 0 0 0 0 0 0 0 0 0 0 0 0 0 0 0 0 0 0 0 0 0 0 0 0 67110912 524416 2148532224 1073741824 692224 2048 570425344 0 524288 524288 2097152 8388640 403701760 0 0 0 0 0 0 0 0 0 0 0 0 0 0 0 0 0 0 0 0 0 0 131072 0 524288 131072 32 256 0 0 268435456 0 0 536871424 0 0 8404992 2 134512914 0 262144 0 0 1024 0 1 131072 0 524288 537395200 0 0 0 0 2147483648 0 0 20480 0 268435456 0 0 0 0 0 8388608 16 0 0 2147483648 2147484160 0 1140850688 0 1073741824 8 1 2097152 136315024 0 1048576 0 524288 0 0 0 0 0 0 0 0 0 0 0 0 0 0 0 0 0 0 0 0 0 1024 131080 0 0 0 0 0 0 0 0 0 1073741824 0 0 545259520 4 0 16 256 0 0 8192 32768 0 0 0 0 8388608 0 0 67108864 4194336 0 0 33555456 2147483648 32832 0 0 0 0 2147483648 0 0 0 0 0 4 327680 0 128 268435456 0 0 65536 2147483648 3 0 0 0 0 0 0 0 0 0 0 0 0 0 0 0 0 0 0 64 256 0 0 0 1048576 0 65536 0 0 0 536887296 64 2 16 0 0 33554432 0 0 0 8 0 0 262144 0 4098 0 134217728 0 0 0 1 0 4227072 67108928 67108864 524288 0 0 0 0 4096 0 2147483648 512 0 0 0 536870912 2 524288 2 262144 268435456 16777216 17891328 0 0 0 0 0 0 0 0 0 0 0 0 0 0 0 0 0 0 1048576 0 0 0 0 0 0 134217728 0 0 0 8388608
is_linear=0
shrinkage=0.05


Tree=57
num_leaves=31
num_cat=11
split_feature=20 16 20 20 19 20 1 20 19 19 6 6 18 20 6 20 6 0 0 16 0 0 19 0 6 0 0 0 0 0
split_gain=784430 82832.9 51369.5 14084 4715.85 4252.73 3469.06 2520.43 2390.01 2138.78 2003.13 1845.6 1304.54 1304.22 1507.5 1264.19 1207.68 1140.14 1114.56 1053.24 975.254 1056.5 955.818 927.97 919.277 851.186 961.573 913.486 771.19 729.149
threshold=0.37500000000000006 1.0000000180025095e-35 0.73217773437500011 0.19641113281250003 0.21423339843750003 0.55346679687500011 0 2.0898437500000004 0.78564453125000011 0.21423339843750003 2.5000000000000004 2.5000000000000004 28.500000000000004 0.87500000000000011 2.5000000000000004 0.089263916015625014 2.5000000000000004 1 2 2.9853515625000004 3 4 1.2143554687500002 5 2.5000000000000004 6 7 8 9 10
decision_type=2 10 2 2 2 2 1 2 2 2 2 2 2 2 2 2 2 9 9 10 9 9 2 9 2 9 9 9 9 9
left_child=1 -1 5 6 28 11 9 13 16 17 -7 -2 24 14 -6 23 -5 -3 -19 20 -20 -22 -13 -8 -9 -23 -27 -28 -4 -21
right_child=2 3 4 8 7 10 15 12 -10 -11 -12 22 -14 -15 -16 -17 -18 18 19 29 21 25 -24 -25 -26 26 27 -29 -30 -31
leaf_value=0 0 0 0.22374044949042721 0 0.0073047504333057069 0 0.0092012955117788068 0.025599142292210234 0 0 0 0 0.32474974543541113 0.0012049934469876957 0 0 0 0 0 0.036722741616618183 0 0 0 0 0.0094876201073850544 0 0 0 0 0
leaf_weight=4726430 478361 66567 4564 575663 243001 388624 3842 866487 85369 165785 968596 1161050 72414 3762873 607334 995594 1433300 81100 51060 4011 56912 49355 29469 1451148 2193518 58048 57646 601334 226689 852536
leaf_count=4726430 478361 66567 4564 575663 243001 388624 3842 866487 85369 165785 968596 1161050 72414 3762873 607334 995594 1433300 81100 51060 4011 56912 49355 29469 1451148 2193518 58048 57646 601334 226689 852536
internal_value=-0.0107056 -0.0199489 -0.00119963 -0.0163259 0.000904602 -0.00674642 -0.0179037 0.00111466 -0.0129393 -0.0163823 -0.00466792 -0.00843677 0.00220923 0.000371444 -0.00139707 -0.0191728 -0.0132875 -0.0168628 -0.0166263 -0.0163575 -0.0151368 -0.0147202 -0.00949076 -0.0201123 0.00205226 -0.0142315 -0.0137937 -0.0132496 -0.00613127 -0.0176037
internal_weight=2.23187e+07 1.13157e+07 1.1003e+07 6.58927e+06 7.97688e+06 3.0261e+06 4.49494e+06 7.74563e+06 2.09433e+06 2.04435e+06 1.35722e+06 1.66888e+06 3.13242e+06 4.61321e+06 850335 2.45058e+06 2.00896e+06 1.87857e+06 1.812e+06 1.7309e+06 874355 823295 1.19052e+06 1.45499e+06 3.06e+06 766383 717028 658980 231253 856547
internal_count=22318680 11315700 11002980 6589270 7976880 3026100 4494938 7745627 2094332 2044354 1357220 1668880 3132419 4613208 850335 2450584 2008963 1878569 1812002 1730902 874355 823295 1190519 1454990 3060005 766383 717028 658980 231253 856547
cat_boundaries=0 1 81 160 239 318 413 490 565 640 727 806
cat_threshold=39 0 0 8192 0 65536 0 268435456 0 0 134217728 131072 0 16777216 2147483776 4194304 0 0 262400 0 1 67108864 8 0 0 144 8388608 0 512 0 536870912 0 0 0 0 0 0 0 0 0 0 0 1073741824 0 0 33554432 0 0 0 0 0 0 0 0 0 0 0 0 0 0 0 0 0 536870912 524288 0 128 2147483648 0 0 0 128 2 16908288 0 32 0 0 0 256 2 131072 536870944 262208 0 0 0 0 0 256 0 2048 0 0 0 2048 0 1048576 0 0 0 0 0 2147483648 0 0 0 0 0 1073742336 1048576 16 0 0 0 524288 16384 512 0 67108864 0 0 0 134217732 0 0 0 0 0 0 0 0 0 0 0 0 0 0 0 0 0 0 0 0 8 16793600 0 538968576 0 0 0 0 1048576 134217728 8404992 0 4194304 0 0 262144 16 2147483648 16777728 18350080 4194304 0 18874368 0 0 2147483648 0 0 524288 0 0 0 0 0 0 0 0 0 2 671088640 0 134217728 16 0 2147484672 0 134217728 0 0 2097152 4 0 150994944 0 0 1074003968 0 0 0 8388608 0 0 0 0 0 0 0 0 0 0 0 0 0 0 0 0 0 0 0 0 0 0 0 0 18 0 0 0 4 0 4096 0 0 0 16777216 0 32768 2048 134250600 0 0 0 0 0 0 8192 0 0 524288 0 0 0 1024 0 2148007936 2147516416 4 0 0 0 4096 32768 2048 0 33554432 33554434 0 1024 8 0 2147483648 0 0 16 1048576 0 2048 16384 16384 0 0 0 0 0 0 0 0 0 0 0 0 0 0 0 0 0 0 0 0 0 131072 0 0 0 0 0 0 0 0 0 0 0 0 335544320 0 0 0 0 0 0 0 0 0 0 0 0 0 0 0 0 0 0 0 0 0 0 0 0 0 0 0 0 0 0 0 0 0 0 0 0 0 0 0 0 0 0 0 0 0 67110912 524416 2148532224 1073741824 692224 2048 570425344 0 524288 524288 2097152 8388640 403701760 0 0 0 0 0 0 0 0 0 0 0 0 0 0 0 0 0 0 0 0 0 0 131072 0 524288 131072 32 256 0 0 268435456 0 0 536871424 0 0 8404992 0 262144 0 0 1024 0 1 131072 0 524288 537395200 0 0 0 0 2147483648 0 0 20480 0 268435456 0 0 0 0 0 8388608 16 0 0 2147483648 2147484160 0 1140850688 0 1073741824 8 1 2097152 136315024 0 1048576 0 524288 0 0 0 0 0 0 0 0 0 0 0 0 0 0 0 0 0 0 0 0 0 1024 131080 0 0 0 0 0 0 0 0 0 1073741824 0 0 545259520 4 0 16 256 0 0 8192 32768 0 0 0 0 8388608 0 0 67108864 4194336 0 0 33555456 2147483648 32832 0 0 0 0 2147483648 0 0 0 0 0 4 327680 0 128 268435456 0 0 65536 2147483648 3 0 0 0 0 0 0 0 0 0 0 0 0 0 0 0 0 0 0 64 256 0 0 0 1048576 0 65536 0 0 0 536887296 64 2 16 0 0 33554432 0 0 0 8 0 0 262144 0 4098 0 134217728 0 0 0 1 0 4227072 67108928 67108864 524288 0 0 0 0 4096 0 2147483648 512 0 0 0 536870912 2 524288 2 262144 268435456 16777216 17891328 0 0 0 0 0 0 0 0 0 0 0 0 0 0 0 0 0 0 1048576 0 0 0 0 0 0 134217728 0 0 0 8388608 0 0 0 0 0 0 0 1152 0 0 64 0 0 0 0 0 0 131072 0 0 1048704 1207959568 0 0 0 16384 0 1073741824 32768 0 0 0 0 33816576 32768 0 0 0 0 0 8192 4194304 33554480 4456448 0 0 0 0 0 0 0 0 0 0 0 0 8388608 0 0 0 0 0 0 16 0 268435456 0 0 262144 0 0 0 524288 0 0 2097152 2 0 1024 0 0 0 0 0 0 0 268435456 0 0 0 0 0 0 0 0 0 268435968 64 0 0 0 0 0 0 4096 0 0 0 8224 64 0 0 1097728 0 0 0 0 17825792 8192 0 0 537133057 64 0 524288 0 33554432 1024 8 0 0 0 0 0 0 0 0 0 0 0 0 0 0 0 0 0 0 0 0 0 0 0 285212704 0 536870912 0 0 32 16777216 0 2147483664 0 67108864 0 0 1024
is_linear=0
shrinkage=0.05


Tree=58
num_leaves=31
num_cat=10
split_feature=20 16 20 20 19 20 1 19 20 19 6 6 18 20 20 6 6 0 0 16 0 0 19 0 0 0 0 6 17 0
split_gain=780959 82828.8 50601 14085.8 4659.01 4252.73 3467.35 2390.01 2302.21 2139.32 2003.13 1845.6 1292.82 1264.19 1227.11 1507.5 1207.68 1139.87 1114.26 1054.63 975.254 1056.5 955.818 927.97 851.186 961.573 913.486 765.44 760.906 710.331
threshold=0.37500000000000006 1.0000000180025095e-35 0.73217773437500011 0.19641113281250003 0.21423339843750003 0.55346679687500011 0 0.78564453125000011 1.9819335937500002 0.21423339843750003 2.5000000000000004 2.5000000000000004 14.500000000000002 0.089263916015625014 0.87500000000000011 2.5000000000000004 2.5000000000000004 1 2 2.9853515625000004 3 4 1.2143554687500002 5 6 7 8 2.5000000000000004 39.500000000000007 9
decision_type=2 10 2 2 2 2 1 2 2 2 2 2 2 2 2 2 2 9 9 10 9 9 2 9 9 9 9 2 2 9
left_child=1 -1 5 6 -4 11 9 16 14 17 -7 -2 27 23 15 -6 -5 -3 -19 20 -20 -22 -13 -8 -23 -26 -27 -10 -14 -21
right_child=2 3 4 7 8 10 13 -9 12 -11 -12 22 28 -15 -16 -17 -18 18 19 29 21 24 -24 -25 25 26 -28 -29 -30 -31
leaf_value=0 0 0 0 0 0.0069395129116404221 0 0.0087412307361898652 0 0.020422799408527582 0 0 0 0.084713241693520083 0 0.0010104140846770471 0 0 0 0 0.034886604535787277 0 0 0 0 0 0 0 0.0075193990352590339 0.72659445802969536 0
leaf_weight=4726430 478361 66567 231253 575663 243001 388624 3842 85369 850114 165785 968596 1161050 229280 995594 3580608 607334 1433300 81100 51060 3981 56912 49355 29469 1451148 58048 57646 601334 2205919 29371 852566
leaf_count=4726430 478361 66567 231253 575663 243001 388624 3842 85369 850114 165785 968596 1161050 229280 995594 3580608 607334 1433300 81100 51060 3981 56912 49355 29469 1451148 58048 57646 601334 2205919 29371 852566
internal_value=-0.0107262 -0.0199491 -0.00124127 -0.0163261 0.000847155 -0.00674642 -0.0179041 -0.0129393 0.00105595 -0.016383 -0.00466792 -0.00843677 0.00205259 -0.0191728 0.00031038 -0.00139707 -0.0132875 -0.0168636 -0.0166271 -0.0163583 -0.0151368 -0.0147202 -0.00949076 -0.0201123 -0.0142315 -0.0137937 -0.0132496 0.00176532 0.00544682 -0.0176054
internal_weight=2.23187e+07 1.13157e+07 1.1003e+07 6.58927e+06 7.97688e+06 3.0261e+06 4.49494e+06 2.09433e+06 7.74563e+06 2.04435e+06 1.35722e+06 1.66888e+06 3.31468e+06 2.45058e+06 4.43094e+06 850335 2.00896e+06 1.87857e+06 1.812e+06 1.7309e+06 874355 823295 1.19052e+06 1.45499e+06 766383 717028 658980 3.05603e+06 258651 856547
internal_count=22318680 11315700 11002980 6589270 7976880 3026100 4494938 2094332 7745627 2044354 1357220 1668880 3314684 2450584 4430943 850335 2008963 1878569 1812002 1730902 874355 823295 1190519 1454990 766383 717028 658980 3056033 258651 856547
cat_boundaries=0 1 81 160 239 318 413 490 565 640 719
cat_threshold=39 0 0 8192 0 65536 0 268435456 0 0 134217728 131072 0 16777216 2147483776 4194304 0 0 262400 0 1 67108864 8 0 0 144 8388608 0 512 0 536870912 0 0 0 0 0 0 0 0 0 0 0 1073741824 0 0 33554432 0 0 0 0 0 0 0 0 0 0 0 0 0 0 0 0 0 536870912 524288 0 128 2147483648 0 0 0 128 2 16908288 0 32 0 0 0 256 2 131072 536870944 262208 0 0 0 0 0 256 0 2048 0 0 0 2048 0 1048576 0 0 0 0 0 2147483648 0 0 0 0 0 1073742336 1048576 16 0 0 0 524288 16384 512 0 67108864 0 0 0 134217732 0 0 0 0 0 0 0 0 0 0 0 0 0 0 0 0 0 0 0 0 8 16793600 0 538968576 0 0 0 0 1048576 134217728 8404992 0 4194304 0 0 262144 16 2147483648 16777728 18350080 4194304 0 18874368 0 0 2147483648 0 0 524288 0 0 0 0 0 0 0 0 0 2 671088640 0 134217728 16 0 2147484672 0 134217728 0 0 2097152 4 0 150994944 0 0 1074003968 0 0 0 8388608 0 0 0 0 0 0 0 0 0 0 0 0 0 0 0 0 0 0 0 0 0 0 0 0 18 0 0 0 4 0 4096 0 0 0 16777216 0 32768 2048 134250600 0 0 0 0 0 0 8192 0 0 524288 0 0 0 1024 0 2148007936 2147516416 4 0 0 0 4096 32768 2048 0 33554432 33554434 0 1024 8 0 2147483648 0 0 16 1048576 0 2048 16384 16384 0 0 0 0 0 0 0 0 0 0 0 0 0 0 0 0 0 0 0 0 0 131072 0 0 0 0 0 0 0 0 0 0 0 0 335544320 0 0 0 0 0 0 0 0 0 0 0 0 0 0 0 0 0 0 0 0 0 0 0 0 0 0 0 0 0 0 0 0 0 0 0 0 0 0 0 0 0 0 0 0 0 67110912 524416 2148532224 1073741824 692224 2048 570425344 0 524288 524288 2097152 8388640 403701760 0 0 0 0 0 0 0 0 0 0 0 0 0 0 0 0 0 0 0 0 0 0 131072 0 524288 131072 32 256 0 0 268435456 0 0 536871424 0 0 8404992 0 262144 0 0 1024 0 1 131072 0 524288 537395200 0 0 0 0 2147483648 0 0 20480 0 268435456 0 0 0 0 0 8388608 16 0 0 2147483648 2147484160 0 1140850688 0 1073741824 8 1 2097152 136315024 0 1048576 0 524288 0 0 0 0 0 0 0 0 0 0 0 0 0 0 0 0 0 0 0 0 0 1024 131080 0 0 0 0 0 0 0 0 0 1073741824 0 0 545259520 4 0 16 256 0 0 8192 32768 0 0 0 0 8388608 0 0 67108864 4194336 0 0 33555456 2147483648 32832 0 0 0 0 2147483648 0 0 0 0 0 4 327680 0 128 268435456 0 0 65536 2147483648 3 0 0 0 0 0 0 0 0 0 0 0 0 0 0 0 0 0 0 64 256 0 0 0 1048576 0 65536 0 0 0 536887296 64 2 16 0 0 33554432 0 0 0 8 0 0 262144 0 4098 0 134217728 0 0 0 1 0 4227072 67108928 67108864 524288 0 0 0 0 4096 0 2147483648 512 0 0 0 536870912 2 524288 2 262144 268435456 16777216 17891328 0 0 0 0 0 0 0 0 0 0 0 0 0 0 0 0 0 0 1048576 0 0 0 0 0 0 134217728 0 0 0 8388608 0 0 0 0 0 0 0 0 0 268435968 64 0 0 0 65536 0 0 4096 0 0 0 8224 64 4096 0 1097728 0 0 0 0 17825792 8192 0 0 537133057 64 0 524288 0 33554432 1024 8 0 0 0 0 0 0 0 0 0 0 0 0 0 0 0 0 0 0 0 0 0 0 0 268435488 0 536870912 0 0 32 16777216 0 2147483664 0 67108864 0 0 1024
is_linear=0
shrinkage=0.05


Tree=59
num_leaves=31
num_cat=12
split_feature=20 16 20 20 19 20 1 19 20 19 6 6 20 6 20 6 0 0 16 0 0 20 19 0 9 0 0 0 9 5
split_gain=777083 82826.1 49748.5 14087 4573.82 4252.73 3466.2 2390.01 2234.52 2139.68 2003.13 1845.6 1610.86 1507.5 1264.19 1207.68 1139.69 1114.05 1055.58 975.254 1056.5 972.52 955.818 927.97 877.651 851.186 961.573 913.486 793.611 757.161
threshold=0.37500000000000006 1.0000000180025095e-35 0.73217773437500011 0.19641113281250003 0.21423339843750003 0.55346679687500011 0 0.78564453125000011 4.7324218750000009 0.21423339843750003 2.5000000000000004 2.5000000000000004 0.87500000000000011 2.5000000000000004 0.089263916015625014 2.5000000000000004 1 2 2.9853515625000004 3 4 43.078125000000007 1.2143554687500002 5 6 7 8 9 10 11
decision_type=2 10 2 2 2 2 1 2 2 2 2 2 2 2 2 2 9 9 10 9 9 2 2 9 9 9 9 9 9 1
left_child=1 -1 5 6 -4 11 9 15 12 16 -7 -2 13 -6 23 -5 -3 -18 19 -19 -21 24 -13 -8 -10 -22 -27 -28 -14 -26
right_child=2 3 4 7 8 10 14 -9 21 -11 -12 22 28 -15 -16 -17 17 18 -20 20 25 -23 -24 -25 29 26 27 -29 -30 -31
leaf_value=0 0 0 0 0 0.0065925372660584017 0 0.0083041691993803735 0 -0.068223017670528435 0 0 0 -0.005002047954252401 0 0 0 0 0 0 0 0 1.0891731505482518 0 0 0.051176939888560251 0 0 0 0.0019256506920487472 0.016089871218093243
leaf_weight=4726430 478361 66567 231253 575663 243001 388624 3842 85369 3009 165785 968596 1161050 96545 607334 995594 1433300 81100 51060 856547 56912 49355 17810 29469 1451148 650494 58048 57646 601334 5641514 485920
leaf_count=4726430 478361 66567 231253 575663 243001 388624 3842 85369 3009 165785 968596 1161050 96545 607334 995594 1433300 81100 51060 856547 56912 49355 17810 29469 1451148 650494 58048 57646 601334 5641514 485920
internal_value=-0.0107492 -0.0199491 -0.00128784 -0.0163262 0.000782919 -0.00674642 -0.0179043 -0.0129393 0.000989794 -0.0163835 -0.00466792 -0.00843677 0.000633872 -0.00139707 -0.0191728 -0.0132875 -0.0168641 -0.0166276 -0.0163589 -0.0151368 -0.0147202 0.00301614 -0.00949076 -0.0201123 0.00283492 -0.0142315 -0.0137937 -0.0132496 0.000934841 0.0029064
internal_weight=2.23187e+07 1.13157e+07 1.1003e+07 6.58927e+06 7.97688e+06 3.0261e+06 4.49494e+06 2.09433e+06 7.74563e+06 2.04435e+06 1.35722e+06 1.66888e+06 6.58839e+06 850335 2.45058e+06 2.00896e+06 1.87857e+06 1.812e+06 1.7309e+06 874355 823295 1.15723e+06 1.19052e+06 1.45499e+06 1.13942e+06 766383 717028 658980 5.73806e+06 1.13641e+06
internal_count=22318680 11315700 11002980 6589270 7976880 3026100 4494938 2094332 7745627 2044354 1357220 1668880 6588394 850335 2450584 2008963 1878569 1812002 1730902 874355 823295 1157233 1190519 1454990 1139423 766383 717028 658980 5738059 1136414
cat_boundaries=0 1 81 160 239 318 413 414 491 566 641 642 643
cat_threshold=39 0 0 8192 0 65536 0 268435456 0 0 134217728 131072 0 16777216 2147483776 4194304 0 0 262400 0 1 67108864 8 0 0 144 8388608 0 512 0 536870912 0 0 0 0 0 0 0 0 0 0 0 1073741824 0 0 33554432 0 0 0 0 0 0 0 0 0 0 0 0 0 0 0 0 0 536870912 524288 0 128 2147483648 0 0 0 128 2 16908288 0 32 0 0 0 256 2 131072 536870944 262208 0 0 0 0 0 256 0 2048 0 0 0 2048 0 1048576 0 0 0 0 0 2147483648 0 0 0 0 0 1073742336 1048576 16 0 0 0 524288 16384 512 0 67108864 0 0 0 134217732 0 0 0 0 0 0 0 0 0 0 0 0 0 0 0 0 0 0 0 0 8 16793600 0 538968576 0 0 0 0 1048576 134217728 8404992 0 4194304 0 0 262144 16 2147483648 16777728 18350080 4194304 0 18874368 0 0 2147483648 0 0 524288 0 0 0 0 0 0 0 0 0 2 671088640 0 134217728 16 0 2147484672 0 134217728 0 0 2097152 4 0 150994944 0 0 1074003968 0 0 0 8388608 0 0 0 0 0 0 0 0 0 0 0 0 0 0 0 0 0 0 0 0 0 0 0 0 18 0 0 0 4 0 4096 0 0 0 16777216 0 32768 2048 134250600 0 0 0 0 0 0 8192 0 0 524288 0 0 0 1024 0 2148007936 2147516416 4 0 0 0 4096 32768 2048 0 33554432 33554434 0 1024 8 0 2147483648 0 0 16 1048576 0 2048 16384 16384 0 0 0 0 0 0 0 0 0 0 0 0 0 0 0 0 0 0 0 0 0 131072 0 0 0 0 0 0 0 0 0 0 0 0 335544320 0 0 0 0 0 0 0 0 0 0 0 0 0 0 0 0 0 0 0 0 0 0 0 0 0 0 0 0 0 0 0 0 0 0 0 0 0 0 0 0 0 0 0 0 0 67110912 524416 2148532224 1073741824 692224 2048 570425344 0 524288 524288 2097152 8388640 403701760 0 0 0 0 0 0 0 0 0 0 0 0 0 0 0 0 0 0 0 0 0 0 131072 0 524288 131072 32 256 0 0 268435456 0 0 536871424 0 0 8404992 2 0 262144 0 0 1024 0 1 131072 0 524288 537395200 0 0 0 0 2147483648 0 0 20480 0 268435456 0 0 0 0 0 8388608 16 0 0 2147483648 2147484160 0 1140850688 0 1073741824 8 1 2097152 136315024 0 1048576 0 524288 0 0 0 0 0 0 0 0 0 0 0 0 0 0 0 0 0 0 0 0 0 1024 131080 0 0 0 0 0 0 0 0 0 1073741824 0 0 545259520 4 0 16 256 0 0 8192 32768 0 0 0 0 8388608 0 0 67108864 4194336 0 0 33555456 2147483648 32832 0 0 0 0 2147483648 0 0 0 0 0 4 327680 0 128 268435456 0 0 65536 2147483648 3 0 0 0 0 0 0 0 0 0 0 0 0 0 0 0 0 0 0 64 256 0 0 0 1048576 0 65536 0 0 0 536887296 64 2 16 0 0 33554432 0 0 0 8 0 0 262144 0 4098 0 134217728 0 0 0 1 0 4227072 67108928 67108864 524288 0 0 0 0 4096 0 2147483648 512 0 0 0 536870912 2 524288 2 262144 268435456 16777216 17891328 0 0 0 0 0 0 0 0 0 0 0 0 0 0 0 0 0 0 1048576 0 0 0 0 0 0 134217728 0 0 0 8388608 134512914 15
is_linear=0
shrinkage=0.05


Tree=60
num_leaves=31
num_cat=12
split_feature=20 16 20 20 19 20 1 19 19 20 6 6 19 6 20 6 0 0 16 9 0 0 19 0 0 0 0 6 3 0
split_gain=774489 82826.1 49181.9 14087 4517.23 4252.73 3466.2 2390.01 2139.68 2096.73 2003.13 1845.6 1694.83 1507.5 1264.19 1207.68 1139.69 1114.05 1055.58 982.041 975.254 1056.5 955.818 927.97 851.186 961.573 913.486 773.294 796.265 739.396
threshold=0.37500000000000006 1.0000000180025095e-35 0.73217773437500011 0.19641113281250003 0.21423339843750003 0.55346679687500011 0 0.78564453125000011 0.21423339843750003 0.87500000000000011 2.5000000000000004 2.5000000000000004 10.359375000000002 2.5000000000000004 0.089263916015625014 2.5000000000000004 1 2 2.9853515625000004 3 4 5 1.2143554687500002 6 7 8 9 2.5000000000000004 10 11
decision_type=2 10 2 2 2 2 1 2 2 2 2 2 2 2 2 2 9 9 10 9 9 9 2 9 9 9 9 2 1 9
left_child=1 -1 5 6 -4 11 8 15 16 13 -7 -2 19 -6 23 -5 -3 -18 20 -11 -19 -22 -13 -8 -23 -26 -27 28 -21 -29
right_child=2 3 4 7 9 10 14 -9 -10 12 -12 22 -14 -15 -16 -17 17 18 -20 27 21 24 -24 -25 25 26 -28 29 -30 -31
leaf_value=0 0 0 0 0 0.0062629104027554844 0 0.0078889607394113555 0 0 -0.0060843570388535032 0 0 0.090024777460895322 0 0 0 0 0 0 -0.00049935579698512367 0 0 0 0 0 0 0 0.034725535729177338 0.0050381191831180509 0.0013993423883342793
leaf_weight=4726430 478361 66567 231253 575663 243001 388624 3842 85369 165785 90519 968596 1161050 372647 607334 995594 1433300 81100 51060 856547 332944 56912 49355 29469 1451148 58048 57646 601334 87124 1506409 4505649
leaf_count=4726430 478361 66567 231253 575663 243001 388624 3842 85369 165785 90519 968596 1161050 372647 607334 995594 1433300 81100 51060 856547 332944 56912 49355 29469 1451148 58048 57646 601334 87124 1506409 4505649
internal_value=-0.0107646 -0.0199491 -0.00131902 -0.0163262 0.00073992 -0.00674642 -0.0179043 -0.0129393 -0.0163835 0.000945511 -0.00466792 -0.00843677 0.0012344 -0.00139707 -0.0191728 -0.0132875 -0.0168641 -0.0166276 -0.0163589 0.00104703 -0.0151368 -0.0147202 -0.00949076 -0.0201123 -0.0142315 -0.0137937 -0.0132496 0.00111981 0.00198612 0.000772872
internal_weight=2.23187e+07 1.13157e+07 1.1003e+07 6.58927e+06 7.97688e+06 3.0261e+06 4.49494e+06 2.09433e+06 2.04435e+06 7.74563e+06 1.35722e+06 1.66888e+06 6.89529e+06 850335 2.45058e+06 2.00896e+06 1.87857e+06 1.812e+06 1.7309e+06 6.52264e+06 874355 823295 1.19052e+06 1.45499e+06 766383 717028 658980 6.43213e+06 1.83935e+06 4.59277e+06
internal_count=22318680 11315700 11002980 6589270 7976880 3026100 4494938 2094332 2044354 7745627 1357220 1668880 6895292 850335 2450584 2008963 1878569 1812002 1730902 6522645 874355 823295 1190519 1454990 766383 717028 658980 6432126 1839353 4592773
cat_boundaries=0 1 81 160 161 240 319 414 491 566 641 642 730
cat_threshold=39 0 0 8192 0 65536 0 268435456 0 0 134217728 131072 0 16777216 2147483776 4194304 0 0 262400 0 1 67108864 8 0 0 144 8388608 0 512 0 536870912 0 0 0 0 0 0 0 0 0 0 0 1073741824 0 0 33554432 0 0 0 0 0 0 0 0 0 0 0 0 0 0 0 0 0 536870912 524288 0 128 2147483648 0 0 0 128 2 16908288 0 32 0 0 0 256 2 131072 536870944 262208 0 0 0 0 0 256 0 2048 0 0 0 2048 0 1048576 0 0 0 0 0 2147483648 0 0 0 0 0 1073742336 1048576 16 0 0 0 524288 16384 512 0 67108864 0 0 0 134217732 0 0 0 0 0 0 0 0 0 0 0 0 0 0 0 0 0 0 0 0 8 16793600 0 538968576 0 0 0 0 1048576 134217728 8404992 0 4194304 0 0 262144 134512898 16 2147483648 16777728 18350080 4194304 0 18874368 0 0 2147483648 0 0 524288 0 0 0 0 0 0 0 0 0 2 671088640 0 134217728 16 0 2147484672 0 134217728 0 0 2097152 4 0 150994944 0 0 1074003968 0 0 0 8388608 0 0 0 0 0 0 0 0 0 0 0 0 0 0 0 0 0 0 0 0 0 0 0 0 18 0 0 0 4 0 4096 0 0 0 16777216 0 32768 2048 134250600 0 0 0 0 0 0 8192 0 0 524288 0 0 0 1024 0 2148007936 2147516416 4 0 0 0 4096 32768 2048 0 33554432 33554434 0 1024 8 0 2147483648 0 0 16 1048576 0 2048 16384 16384 0 0 0 0 0 0 0 0 0 0 0 0 0 0 0 0 0 0 0 0 0 131072 0 0 0 0 0 0 0 0 0 0 0 0 335544320 0 0 0 0 0 0 0 0 0 0 0 0 0 0 0 0 0 0 0 0 0 0 0 0 0 0 0 0 0 0 0 0 0 0 0 0 0 0 0 0 0 0 0 0 0 67110912 524416 2148532224 1073741824 692224 2048 570425344 0 524288 524288 2097152 8388640 403701760 0 0 0 0 0 0 0 0 0 0 0 0 0 0 0 0 0 0 0 0 0 0 131072 0 524288 131072 32 256 0 0 268435456 0 0 536871424 0 0 8404992 0 262144 0 0 1024 0 1 131072 0 524288 537395200 0 0 0 0 2147483648 0 0 20480 0 268435456 0 0 0 0 0 8388608 16 0 0 2147483648 2147484160 0 1140850688 0 1073741824 8 1 2097152 136315024 0 1048576 0 524288 0 0 0 0 0 0 0 0 0 0 0 0 0 0 0 0 0 0 0 0 0 1024 131080 0 0 0 0 0 0 0 0 0 1073741824 0 0 545259520 4 0 16 256 0 0 8192 32768 0 0 0 0 8388608 0 0 67108864 4194336 0 0 33555456 2147483648 32832 0 0 0 0 2147483648 0 0 0 0 0 4 327680 0 128 268435456 0 0 65536 2147483648 3 0 0 0 0 0 0 0 0 0 0 0 0 0 0 0 0 0 0 64 256 0 0 0 1048576 0 65536 0 0 0 536887296 64 2 16 0 0 33554432 0 0 0 8 0 0 262144 0 4098 0 134217728 0 0 0 1 0 4227072 67108928 67108864 524288 0 0 0 0 4096 0 2147483648 512 0 0 0 536870912 2 524288 2 262144 268435456 16777216 17891328 0 0 0 0 0 0 0 0 0 0 0 0 0 0 0 0 0 0 1048576 0 0 0 0 0 0 134217728 0 0 0 8388608 8 2163712 0 3670016 2 1073741824 64 4194304 0 0 0 0 0 0 1048576 0 0 0 0 0 0 0 1073741824 0 0 4194304 16384 0 0 0 0 0 0 0 0 536870914 4456448 0 16384 0 1 134217728 2 33 0 524288 0 0 524288 536870912 2048 0 0 0 0 0 0 268436480 0 0 0 0 0 0 0 0 0 0 0 256 0 0 0 0 0 0 0 0 0 0 0 0 0 0 0 0 0 0 524288
is_linear=0
shrinkage=0.05


Tree=61
num_leaves=31
num_cat=11
split_feature=20 16 20 20 19 20 1 19 19 20 6 6 20 6 0 6 20 0 18 16 0 0 19 0 0 0 0 9 1 13
split_gain=771706 82826.1 48576.7 14087 4456.81 4252.73 3466.2 2390.01 2139.68 2014.74 2003.13 1845.6 1264.19 1207.68 1139.69 1134.37 1839.77 1114.05 1081 1055.58 975.254 1056.5 955.818 927.97 851.186 961.573 913.486 827.834 799.751 798.148
threshold=0.37500000000000006 1.0000000180025095e-35 0.73217773437500011 0.19641113281250003 0.21423339843750003 0.55346679687500011 0 0.78564453125000011 0.21423339843750003 2.1601562500000004 2.5000000000000004 2.5000000000000004 0.089263916015625014 2.5000000000000004 1 2.5000000000000004 0.87500000000000011 2 37.500000000000007 2.9853515625000004 3 4 1.2143554687500002 5 6 7 8 9 10 1.0000000180025095e-35
decision_type=2 10 2 2 2 2 1 2 2 2 2 2 2 2 9 2 2 9 2 10 9 9 2 9 9 9 9 9 1 2
left_child=1 -1 5 6 -4 11 8 13 14 15 -7 -2 23 -5 -3 -6 -17 -16 27 20 -19 -22 -13 -8 -23 -26 -27 -11 29 -29
right_child=2 3 4 7 9 10 12 -9 -10 18 -12 22 -14 -15 17 16 -18 19 -20 -21 21 24 -24 -25 25 26 -28 28 -30 -31
leaf_value=0 0 0 0 0 0.0024028832415504743 0 0.007494512702440787 0 0 -0.018067148006694202 0 0 0 0 0 0 0.00043199839236384709 0 0.49009733946463785 0 0 0 0 0 0 0 0 0.010521091795313532 0.0025657323717376058 0.027535668902865143
leaf_weight=4726430 478361 66567 231253 575663 1353515 388624 3842 85369 165785 33111 968596 1161050 995594 1433300 81100 607334 2767559 51060 39107 856547 56912 49355 29469 1451148 58048 57646 601334 1547117 644249 753635
leaf_count=4726430 478361 66567 231253 575663 1353515 388624 3842 85369 165785 33111 968596 1161050 995594 1433300 81100 607334 2767559 51060 39107 856547 56912 49355 29469 1451148 58048 57646 601334 1547117 644249 753635
internal_value=-0.0107811 -0.0199491 -0.00135251 -0.0163262 0.000693717 -0.00674642 -0.0179043 -0.0129393 -0.0163835 0.000897929 -0.00466792 -0.00843677 -0.0191728 -0.0132875 -0.0168641 0.000253764 -0.000236682 -0.0166276 0.00190743 -0.0163589 -0.0151368 -0.0147202 -0.00949076 -0.0201123 -0.0142315 -0.0137937 -0.0132496 0.00179898 0.00188737 0.00232338
internal_weight=2.23187e+07 1.13157e+07 1.1003e+07 6.58927e+06 7.97688e+06 3.0261e+06 4.49494e+06 2.09433e+06 2.04435e+06 7.74563e+06 1.35722e+06 1.66888e+06 2.45058e+06 2.00896e+06 1.87857e+06 4.72841e+06 3.37489e+06 1.812e+06 3.01722e+06 1.7309e+06 874355 823295 1.19052e+06 1.45499e+06 766383 717028 658980 2.97811e+06 2.945e+06 2.30075e+06
internal_count=22318680 11315700 11002980 6589270 7976880 3026100 4494938 2094332 2044354 7745627 1357220 1668880 2450584 2008963 1878569 4728408 3374893 1812002 3017219 1730902 874355 823295 1190519 1454990 766383 717028 658980 2978112 2945001 2300752
cat_boundaries=0 1 81 160 239 318 413 490 565 640 641 642
cat_threshold=39 0 0 8192 0 65536 0 268435456 0 0 134217728 131072 0 16777216 2147483776 4194304 0 0 262400 0 1 67108864 8 0 0 144 8388608 0 512 0 536870912 0 0 0 0 0 0 0 0 0 0 0 1073741824 0 0 33554432 0 0 0 0 0 0 0 0 0 0 0 0 0 0 0 0 0 536870912 524288 0 128 2147483648 0 0 0 128 2 16908288 0 32 0 0 0 256 2 131072 536870944 262208 0 0 0 0 0 256 0 2048 0 0 0 2048 0 1048576 0 0 0 0 0 2147483648 0 0 0 0 0 1073742336 1048576 16 0 0 0 524288 16384 512 0 67108864 0 0 0 134217732 0 0 0 0 0 0 0 0 0 0 0 0 0 0 0 0 0 0 0 0 8 16793600 0 538968576 0 0 0 0 1048576 134217728 8404992 0 4194304 0 0 262144 16 2147483648 16777728 18350080 4194304 0 18874368 0 0 2147483648 0 0 524288 0 0 0 0 0 0 0 0 0 2 671088640 0 134217728 16 0 2147484672 0 134217728 0 0 2097152 4 0 150994944 0 0 1074003968 0 0 0 8388608 0 0 0 0 0 0 0 0 0 0 0 0 0 0 0 0 0 0 0 0 0 0 0 0 18 0 0 0 4 0 4096 0 0 0 16777216 0 32768 2048 134250600 0 0 0 0 0 0 8192 0 0 524288 0 0 0 1024 0 2148007936 2147516416 4 0 0 0 4096 32768 2048 0 33554432 33554434 0 1024 8 0 2147483648 0 0 16 1048576 0 2048 16384 16384 0 0 0 0 0 0 0 0 0 0 0 0 0 0 0 0 0 0 0 0 0 131072 0 0 0 0 0 0 0 0 0 0 0 0 335544320 0 0 0 0 0 0 0 0 0 0 0 0 0 0 0 0 0 0 0 0 0 0 0 0 0 0 0 0 0 0 0 0 0 0 0 0 0 0 0 0 0 0 0 0 0 67110912 524416 2148532224 1073741824 692224 2048 570425344 0 524288 524288 2097152 8388640 403701760 0 0 0 0 0 0 0 0 0 0 0 0 0 0 0 0 0 0 0 0 0 0 131072 0 524288 131072 32 256 0 0 268435456 0 0 536871424 0 0 8404992 0 262144 0 0 1024 0 1 131072 0 524288 537395200 0 0 0 0 2147483648 0 0 20480 0 268435456 0 0 0 0 0 8388608 16 0 0 2147483648 2147484160 0 1140850688 0 1073741824 8 1 2097152 136315024 0 1048576 0 524288 0 0 0 0 0 0 0 0 0 0 0 0 0 0 0 0 0 0 0 0 0 1024 131080 0 0 0 0 0 0 0 0 0 1073741824 0 0 545259520 4 0 16 256 0 0 8192 32768 0 0 0 0 8388608 0 0 67108864 4194336 0 0 33555456 2147483648 32832 0 0 0 0 2147483648 0 0 0 0 0 4 327680 0 128 268435456 0 0 65536 2147483648 3 0 0 0 0 0 0 0 0 0 0 0 0 0 0 0 0 0 0 64 256 0 0 0 1048576 0 65536 0 0 0 536887296 64 2 16 0 0 33554432 0 0 0 8 0 0 262144 0 4098 0 134217728 0 0 0 1 0 4227072 67108928 67108864 524288 0 0 0 0 4096 0 2147483648 512 0 0 0 536870912 2 524288 2 262144 268435456 16777216 17891328 0 0 0 0 0 0 0 0 0 0 0 0 0 0 0 0 0 0 1048576 0 0 0 0 0 0 134217728 0 0 0 8388608 134480130 38
is_linear=0
shrinkage=0.05


Tree=62
num_leaves=31
num_cat=13
split_feature=20 16 20 20 19 20 1 19 19 6 20 6 0 6 20 6 0 0 16 0 0 19 0 9 6 3 3 0 0 0
split_gain=769119 82826.1 48016.4 14087 4400.9 4252.73 3466.2 2390.01 2139.68 2003.13 1935.44 1845.6 1564.31 1507.5 1264.19 1207.68 1139.69 1114.05 1055.58 975.254 1056.5 955.818 927.97 912.769 859.06 910.547 883.294 980.93 851.186 961.573
threshold=0.37500000000000006 1.0000000180025095e-35 0.73217773437500011 0.19641113281250003 0.21423339843750003 0.55346679687500011 0 0.78564453125000011 0.21423339843750003 2.5000000000000004 0.87500000000000011 2.5000000000000004 1 2.5000000000000004 0.089263916015625014 2.5000000000000004 2 3 2.9853515625000004 4 5 1.2143554687500002 6 7 2.5000000000000004 8 9 10 11 12
decision_type=2 10 2 2 2 2 1 2 2 2 2 2 9 2 2 2 9 9 10 9 9 2 9 9 2 1 1 9 9 9
left_child=1 -1 5 6 -4 11 8 15 16 -7 13 -2 -12 -6 22 -5 -3 -18 19 -19 -21 -13 -8 -14 26 -26 -25 -28 -22 -30
right_child=2 3 4 7 10 9 14 -9 -10 -11 12 21 23 -15 -16 -17 17 18 -20 20 28 -23 -24 24 25 -27 27 -29 29 -31
leaf_value=0 0 0 0 0 0.0058296207205401854 0 0.007119787067318745 0 0 0 0.098515748256424299 0 -0.0063227781690400192 0 0 0 0 0 0 0 0 0 0 -0.00074893693663080629 0.003385093224087238 0.00049433066956760532 0.11501737465614788 0.0046417731603990656 0 0
leaf_weight=4726430 478361 66567 231253 575663 243001 388624 3842 85369 165785 968596 156750 1161050 93154 607334 995594 1433300 81100 51060 856547 56912 49355 29469 1451148 328772 1544541 3200478 35613 1535984 58048 658980
leaf_count=4726430 478361 66567 231253 575663 243001 388624 3842 85369 165785 968596 156750 1161050 93154 607334 995594 1433300 81100 51060 856547 56912 49355 29469 1451148 328772 1544541 3200478 35613 1535984 58048 658980
internal_value=-0.0107965 -0.0199491 -0.00138371 -0.0163262 0.00065068 -0.00674642 -0.0179043 -0.0129393 -0.0163835 -0.00466792 0.000853607 -0.00843677 0.00113116 -0.00139707 -0.0191728 -0.0132875 -0.0168641 -0.0166276 -0.0163589 -0.0151368 -0.0147202 -0.00949076 -0.0201123 0.00101629 0.00108519 0.000725429 0.0019835 0.00247653 -0.0142315 -0.0137937
internal_weight=2.23187e+07 1.13157e+07 1.1003e+07 6.58927e+06 7.97688e+06 3.0261e+06 4.49494e+06 2.09433e+06 2.04435e+06 1.35722e+06 7.74563e+06 1.66888e+06 6.89529e+06 850335 2.45058e+06 2.00896e+06 1.87857e+06 1.812e+06 1.7309e+06 874355 823295 1.19052e+06 1.45499e+06 6.73854e+06 6.64539e+06 4.74502e+06 1.90037e+06 1.5716e+06 766383 717028
internal_count=22318680 11315700 11002980 6589270 7976880 3026100 4494938 2094332 2044354 1357220 7745627 1668880 6895292 850335 2450584 2008963 1878569 1812002 1730902 874355 823295 1190519 1454990 6738542 6645388 4745019 1900369 1571597 766383 717028
cat_boundaries=0 1 89 169 248 327 406 501 502 503 504 593 670 745
cat_threshold=39 0 0 0 0 0 0 0 1024 0 0 0 0 0 0 0 1024 0 0 0 0 0 1074790400 268435456 0 0 16384 0 1 2064 8200 0 0 0 0 33587200 0 32770 49152 2147483648 0 8192 4194304 33554464 0 512 0 0 0 0 0 0 0 0 0 0 0 268435456 0 4096 0 0 0 0 0 0 268451840 0 0 0 0 0 0 0 0 0 0 0 0 9216 0 0 0 0 0 0 33554432 0 524288 0 0 8192 0 65536 0 268435456 0 0 134217728 131072 0 16777216 2147483776 4194304 0 0 262400 0 1 67108864 8 0 0 144 8388608 0 512 0 536870912 0 0 0 0 0 0 0 0 0 0 0 1073741824 0 0 33554432 0 0 0 0 0 0 0 0 0 0 0 0 0 0 0 0 0 536870912 524288 0 128 2147483648 0 0 0 128 2 16908288 0 32 0 0 0 256 2 131072 536870944 262208 0 0 0 0 0 256 0 2048 0 0 0 2048 0 1048576 0 0 0 0 0 2147483648 0 0 0 0 0 1073742336 1048576 16 0 0 0 524288 16384 512 0 67108864 0 0 0 134217732 0 0 0 0 0 0 0 0 0 0 0 0 0 0 0 0 0 0 0 0 8 16793600 0 538968576 0 0 0 0 1048576 134217728 8404992 0 4194304 0 0 262144 16 2147483648 16777728 18350080 4194304 0 18874368 0 0 2147483648 0 0 524288 0 0 0 0 0 0 0 0 0 2 671088640 0 134217728 16 0 2147484672 0 134217728 0 0 2097152 4 0 150994944 0 0 1074003968 0 0 0 8388608 0 0 0 0 0 0 0 0 0 0 0 0 0 0 0 0 0 0 0 0 0 0 0 0 18 0 0 0 4 0 4096 0 0 0 16777216 0 32768 2048 134250600 0 0 0 0 0 0 8192 0 0 524288 0 0 0 1024 0 2148007936 2147516416 4 0 0 0 4096 32768 2048 0 33554432 33554434 0 1024 8 0 2147483648 0 0 16 1048576 0 2048 16384 16384 0 0 0 0 0 0 0 0 0 0 0 0 0 0 0 0 0 0 0 0 0 131072 0 0 0 0 0 0 0 0 0 0 0 0 335544320 0 0 0 0 0 0 0 0 0 0 0 0 0 0 0 0 0 0 0 0 0 0 0 0 0 0 0 0 0 0 0 0 0 0 0 0 0 0 0 0 0 0 0 0 0 67110912 524416 2148532224 1073741824 692224 2048 570425344 0 524288 524288 2097152 8388640 403701760 0 0 0 0 0 0 0 0 0 0 0 0 0 0 0 0 0 0 0 0 0 0 131072 0 524288 131072 32 256 0 0 268435456 0 0 536871424 0 0 8404992 134512898 4 8 0 0 0 0 0 0 0 0 0 0 0 0 0 0 0 0 0 131072 0 0 0 0 0 0 0 0 0 1073741824 0 0 16384 67109376 0 536870912 8388608 256 0 0 8 0 536870912 8192 536870912 0 0 0 0 0 0 0 0 0 0 0 0 0 0 0 0 0 0 0 0 16842752 4325440 0 8 16 2 8388608 262144 134348800 33554432 0 0 2228224 33554432 67108864 2147483648 1 0 0 0 0 0 0 0 0 8192 0 262144 0 0 1024 0 1 131072 0 524288 537395200 0 0 0 0 2147483648 0 0 20480 0 268435456 0 0 0 0 0 8388608 16 0 0 2147483648 2147484160 0 1140850688 0 1073741824 8 1 2097152 136315024 0 1048576 0 524288 0 0 0 0 0 0 0 0 0 0 0 0 0 0 0 0 0 0 0 0 0 1024 131080 0 0 0 0 0 0 0 0 0 1073741824 0 0 545259520 4 0 16 256 0 0 8192 32768 0 0 0 0 8388608 0 0 67108864 4194336 0 0 33555456 2147483648 32832 0 0 0 0 2147483648 0 0 0 0 0 4 327680 0 128 268435456 0 0 65536 2147483648 3 0 0 0 0 0 0 0 0 0 0 0 0 0 0 0 0 0 0 64 256 0 0 0 1048576 0 65536 0 0 0 536887296
is_linear=0
shrinkage=0.05


Tree=63
num_leaves=31
num_cat=12
split_feature=20 16 20 20 19 20 1 19 19 6 20 6 20 6 20 6 0 0 16 0 0 19 0 19 0 0 0 9 0 0
split_gain=766172 82826.1 47380.9 14087 4337.54 4252.73 3466.2 2390.01 2139.68 2003.13 1898.83 1845.6 1363.56 1507.5 1264.19 1207.68 1139.69 1114.05 1055.58 975.254 1056.5 955.818 927.97 893.508 851.186 961.573 913.486 739.369 708.179 712.151
threshold=0.37500000000000006 1.0000000180025095e-35 0.73217773437500011 0.19641113281250003 0.21423339843750003 0.55346679687500011 0 0.78564453125000011 0.21423339843750003 2.5000000000000004 4.6621093750000009 2.5000000000000004 0.87500000000000011 2.5000000000000004 0.089263916015625014 2.5000000000000004 1 2 2.9853515625000004 3 4 1.2143554687500002 5 42.921875000000007 6 7 8 9 10 11
decision_type=2 10 2 2 2 2 1 2 2 2 2 2 2 2 2 2 9 9 10 9 9 2 9 2 9 9 9 9 9 9
left_child=1 -1 5 6 -4 11 8 15 16 -7 12 -2 13 -6 22 -5 -3 -18 19 -19 -21 -13 -8 27 -22 -26 -27 -12 -20 -30
right_child=2 3 4 7 10 9 14 -9 -10 -11 23 21 -14 -15 -16 -17 17 18 28 20 24 -23 -24 -25 25 26 -28 -29 29 -31
leaf_value=0 0 0 0 0 0.0055381396845131771 0 0.0067637977139528077 0 0 0 -0.061551979220414554 0 0.0013999066845972298 0 0 0 0 0 0.03314227430899791 0 0 0 0 0.8946888501079262 0 0 0 0.030188671761038656 0 0
leaf_weight=4726430 478361 66567 231253 575663 243001 388624 3842 85369 165785 968596 3064 1161050 5714287 607334 995594 1433300 81100 51060 4022 56912 49355 29469 1451148 20374 58048 57646 601334 1157567 5940 846585
leaf_count=4726430 478361 66567 231253 575663 243001 388624 3842 85369 165785 968596 3064 1161050 5714287 607334 995594 1433300 81100 51060 4022 56912 49355 29469 1451148 20374 58048 57646 601334 1157567 5940 846585
internal_value=-0.010814 -0.0199491 -0.00141932 -0.0163262 0.00060157 -0.00674642 -0.0179043 -0.0129393 -0.0163835 -0.00466792 0.000803031 -0.00843677 0.000470979 -0.00139707 -0.0191728 -0.0132875 -0.0168641 -0.0166276 -0.0163589 -0.0151368 -0.0147202 -0.00949076 -0.0201123 0.00264874 -0.0142315 -0.0137937 -0.0132496 0.00246652 -0.0176065 -0.0177051
internal_weight=2.23187e+07 1.13157e+07 1.1003e+07 6.58927e+06 7.97688e+06 3.0261e+06 4.49494e+06 2.09433e+06 2.04435e+06 1.35722e+06 7.74563e+06 1.66888e+06 6.56462e+06 850335 2.45058e+06 2.00896e+06 1.87857e+06 1.812e+06 1.7309e+06 874355 823295 1.19052e+06 1.45499e+06 1.181e+06 766383 717028 658980 1.16063e+06 856547 852525
internal_count=22318680 11315700 11002980 6589270 7976880 3026100 4494938 2094332 2044354 1357220 7745627 1668880 6564622 850335 2450584 2008963 1878569 1812002 1730902 874355 823295 1190519 1454990 1181005 766383 717028 658980 1160631 856547 852525
cat_boundaries=0 1 81 160 239 318 413 490 565 640 641 720 799
cat_threshold=39 0 0 8192 0 65536 0 268435456 0 0 134217728 131072 0 16777216 2147483776 4194304 0 0 262400 0 1 67108864 8 0 0 144 8388608 0 512 0 536870912 0 0 0 0 0 0 0 0 0 0 0 1073741824 0 0 33554432 0 0 0 0 0 0 0 0 0 0 0 0 0 0 0 0 0 536870912 524288 0 128 2147483648 0 0 0 128 2 16908288 0 32 0 0 0 256 2 131072 536870944 262208 0 0 0 0 0 256 0 2048 0 0 0 2048 0 1048576 0 0 0 0 0 2147483648 0 0 0 0 0 1073742336 1048576 16 0 0 0 524288 16384 512 0 67108864 0 0 0 134217732 0 0 0 0 0 0 0 0 0 0 0 0 0 0 0 0 0 0 0 0 8 16793600 0 538968576 0 0 0 0 1048576 134217728 8404992 0 4194304 0 0 262144 16 2147483648 16777728 18350080 4194304 0 18874368 0 0 2147483648 0 0 524288 0 0 0 0 0 0 0 0 0 2 671088640 0 134217728 16 0 2147484672 0 134217728 0 0 2097152 4 0 150994944 0 0 1074003968 0 0 0 8388608 0 0 0 0 0 0 0 0 0 0 0 0 0 0 0 0 0 0 0 0 0 0 0 0 18 0 0 0 4 0 4096 0 0 0 16777216 0 32768 2048 134250600 0 0 0 0 0 0 8192 0 0 524288 0 0 0 1024 0 2148007936 2147516416 4 0 0 0 4096 32768 2048 0 33554432 33554434 0 1024 8 0 2147483648 0 0 16 1048576 0 2048 16384 16384 0 0 0 0 0 0 0 0 0 0 0 0 0 0 0 0 0 0 0 0 0 131072 0 0 0 0 0 0 0 0 0 0 0 0 335544320 0 0 0 0 0 0 0 0 0 0 0 0 0 0 0 0 0 0 0 0 0 0 0 0 0 0 0 0 0 0 0 0 0 0 0 0 0 0 0 0 0 0 0 0 0 67110912 524416 2148532224 1073741824 692224 2048 570425344 0 524288 524288 2097152 8388640 403701760 0 0 0 0 0 0 0 0 0 0 0 0 0 0 0 0 0 0 0 0 0 0 131072 0 524288 131072 32 256 0 0 268435456 0 0 536871424 0 0 8404992 0 262144 0 0 1024 0 1 131072 0 524288 537395200 0 0 0 0 2147483648 0 0 20480 0 268435456 0 0 0 0 0 8388608 16 0 0 2147483648 2147484160 0 1140850688 0 1073741824 8 1 2097152 136315024 0 1048576 0 524288 0 0 0 0 0 0 0 0 0 0 0 0 0 0 0 0 0 0 0 0 0 1024 131080 0 0 0 0 0 0 0 0 0 1073741824 0 0 545259520 4 0 16 256 0 0 8192 32768 0 0 0 0 8388608 0 0 67108864 4194336 0 0 33555456 2147483648 32832 0 0 0 0 2147483648 0 0 0 0 0 4 327680 0 128 268435456 0 0 65536 2147483648 3 0 0 0 0 0 0 0 0 0 0 0 0 0 0 0 0 0 0 64 256 0 0 0 1048576 0 65536 0 0 0 536887296 64 2 16 0 0 33554432 0 0 0 8 0 0 262144 0 4098 0 134217728 0 0 0 1 0 4227072 67108928 67108864 524288 0 0 0 0 4096 0 2147483648 512 0 0 0 536870912 2 524288 2 262144 268435456 16777216 17891328 0 0 0 0 0 0 0 0 0 0 0 0 0 0 0 0 0 0 1048576 0 0 0 0 0 0 134217728 0 0 0 8388608 2 0 0 0 0 0 0 0 0 0 268435968 64 0 0 0 65536 0 0 4096 0 0 0 8224 64 4096 0 1097728 0 0 0 0 17825792 8192 0 0 537133057 64 0 524288 0 0 1024 8 0 0 0 0 0 0 0 0 0 0 0 0 0 0 0 0 0 0 0 0 0 0 0 268435488 0 536870912 512 0 32 16777216 0 2147483664 0 67108864 0 0 1024 12582912 0 0 0 0 0 0 2097152 0 0 0 0 0 256 0 0 0 524288 0 0 0 0 142606352 0 0 16 2 0 0 0 32 0 0 16 0 0 64 0 0 65536 0 16384 0 0 16384 0 0 0 0 0 0 0 0 0 0 0 0 0 0 0 0 0 0 16809984 0 50350082 0 0 0 536870912 2097156 0 536870912 0 0 0 65540 67125248 128
is_linear=0
shrinkage=0.05


Tree=64
num_leaves=31
num_cat=12
split_feature=20 16 20 20 19 20 1 19 19 6 6 20 20 6 0 0 16 6 20 19 0 0 19 0 0 0 0 0 0 0
split_gain=763554 82824.8 46818.2 14087.6 4281.46 4252.73 3465.65 2390.01 2139.86 2003.13 1845.6 1825.36 1264.19 1207.68 1139.61 1113.96 1056.03 996.055 1726.29 993.817 975.254 1056.5 955.818 927.97 851.186 961.573 913.486 705.134 707.701 693.692
threshold=0.37500000000000006 1.0000000180025095e-35 0.73217773437500011 0.19641113281250003 0.21423339843750003 0.55346679687500011 0 0.78564453125000011 0.21423339843750003 2.5000000000000004 2.5000000000000004 2.1601562500000004 0.089263916015625014 2.5000000000000004 1 2 2.9853515625000004 2.5000000000000004 0.87500000000000011 16.070312500000004 3 4 1.2143554687500002 5 6 7 8 9 10 11
decision_type=2 10 2 2 2 2 1 2 2 2 2 2 2 2 9 9 10 2 2 2 9 9 2 9 9 9 9 9 9 9
left_child=1 -1 5 6 -4 10 8 13 14 -7 -2 17 23 -5 -3 -16 20 -6 -19 -13 -17 -22 -12 -8 -23 -26 -27 -18 -29 -28
right_child=2 3 4 7 11 9 12 -9 -10 -11 22 19 -14 -15 15 16 27 18 -20 -21 21 24 -24 -25 25 26 29 28 -30 -31
leaf_value=0 0 0 0 0 0.0020454216589689046 0 0.0064256078282551648 0 0 0 0 0.0092115350615516022 0 0 0 0 0.031485160593548014 0 0.00028020864854079729 0.14547513416556557 0 0 0 0 0 0 0.073851027539603181 0 0 0
leaf_weight=4726430 478361 66567 231253 575663 1353515 388624 3842 85369 165785 968596 1161050 2842162 995594 1433300 81100 51060 4052 607334 2767559 175057 56912 49355 29469 1451148 58048 57646 4722 5910 846585 596612
leaf_count=4726430 478361 66567 231253 575663 1353515 388624 3842 85369 165785 968596 1161050 2842162 995594 1433300 81100 51060 4052 607334 2767559 175057 56912 49355 29469 1451148 58048 57646 4722 5910 846585 596612
internal_value=-0.0108297 -0.0199492 -0.00145104 -0.0163263 0.000557806 -0.00674642 -0.0179044 -0.0129393 -0.0163837 -0.00466792 -0.00843677 0.00075796 -0.0191728 -0.0132875 -0.0168643 -0.0166278 -0.0163591 0.000144816 -0.000314758 0.00171884 -0.0151368 -0.0147202 -0.00949076 -0.0201123 -0.0142315 -0.0137937 -0.0132496 -0.017607 -0.0177058 -0.0126725
internal_weight=2.23187e+07 1.13157e+07 1.1003e+07 6.58927e+06 7.97688e+06 3.0261e+06 4.49494e+06 2.09433e+06 2.04435e+06 1.35722e+06 1.66888e+06 7.74563e+06 2.45058e+06 2.00896e+06 1.87857e+06 1.812e+06 1.7309e+06 4.72841e+06 3.37489e+06 3.01722e+06 874355 823295 1.19052e+06 1.45499e+06 766383 717028 658980 856547 852495 601334
internal_count=22318680 11315700 11002980 6589270 7976880 3026100 4494938 2094332 2044354 1357220 1668880 7745627 2450584 2008963 1878569 1812002 1730902 4728408 3374893 3017219 874355 823295 1190519 1454990 766383 717028 658980 856547 852495 601334
cat_boundaries=0 1 81 160 239 318 413 490 565 640 719 798 876
cat_threshold=39 0 0 8192 0 65536 0 268435456 0 0 134217728 131072 0 16777216 2147483776 4194304 0 0 262400 0 1 67108864 8 0 0 144 8388608 0 512 0 536870912 0 0 0 0 0 0 0 0 0 0 0 1073741824 0 0 33554432 0 0 0 0 0 0 0 0 0 0 0 0 0 0 0 0 0 536870912 524288 0 128 2147483648 0 0 0 128 2 16908288 0 32 0 0 0 256 2 131072 536870944 262208 0 0 0 0 0 256 0 2048 0 0 0 2048 0 1048576 0 0 0 0 0 2147483648 0 0 0 0 0 1073742336 1048576 16 0 0 0 524288 16384 512 0 67108864 0 0 0 134217732 0 0 0 0 0 0 0 0 0 0 0 0 0 0 0 0 0 0 0 0 8 16793600 0 538968576 0 0 0 0 1048576 134217728 8404992 0 4194304 0 0 262144 16 2147483648 16777728 18350080 4194304 0 18874368 0 0 2147483648 0 0 524288 0 0 0 0 0 0 0 0 0 2 671088640 0 134217728 16 0 2147484672 0 134217728 0 0 2097152 4 0 150994944 0 0 1074003968 0 0 0 8388608 0 0 0 0 0 0 0 0 0 0 0 0 0 0 0 0 0 0 0 0 0 0 0 0 18 0 0 0 4 0 4096 0 0 0 16777216 0 32768 2048 134250600 0 0 0 0 0 0 8192 0 0 524288 0 0 0 1024 0 2148007936 2147516416 4 0 0 0 4096 32768 2048 0 33554432 33554434 0 1024 8 0 2147483648 0 0 16 1048576 0 2048 16384 16384 0 0 0 0 0 0 0 0 0 0 0 0 0 0 0 0 0 0 0 0 0 131072 0 0 0 0 0 0 0 0 0 0 0 0 335544320 0 0 0 0 0 0 0 0 0 0 0 0 0 0 0 0 0 0 0 0 0 0 0 0 0 0 0 0 0 0 0 0 0 0 0 0 0 0 0 0 0 0 0 0 0 67110912 524416 2148532224 1073741824 692224 2048 570425344 0 524288 524288 2097152 8388640 403701760 0 0 0 0 0 0 0 0 0 0 0 0 0 0 0 0 0 0 0 0 0 0 131072 0 524288 131072 32 256 0 0 268435456 0 0 536871424 0 0 8404992 0 262144 0 0 1024 0 1 131072 0 524288 537395200 0 0 0 0 2147483648 0 0 20480 0 268435456 0 0 0 0 0 8388608 16 0 0 2147483648 2147484160 0 1140850688 0 1073741824 8 1 2097152 136315024 0 1048576 0 524288 0 0 0 0 0 0 0 0 0 0 0 0 0 0 0 0 0 0 0 0 0 1024 131080 0 0 0 0 0 0 0 0 0 1073741824 0 0 545259520 4 0 16 256 0 0 8192 32768 0 0 0 0 8388608 0 0 67108864 4194336 0 0 33555456 2147483648 32832 0 0 0 0 2147483648 0 0 0 0 0 4 327680 0 128 268435456 0 0 65536 2147483648 3 0 0 0 0 0 0 0 0 0 0 0 0 0 0 0 0 0 0 64 256 0 0 0 1048576 0 65536 0 0 0 536887296 64 2 16 0 0 33554432 0 0 0 8 0 0 262144 0 4098 0 134217728 0 0 0 1 0 4227072 67108928 67108864 524288 0 0 0 0 4096 0 2147483648 512 0 0 0 536870912 2 524288 2 262144 268435456 16777216 17891328 0 0 0 0 0 0 0 0 0 0 0 0 0 0 0 0 0 0 1048576 0 0 0 0 0 0 134217728 0 0 0 8388608 0 0 0 0 0 0 0 0 0 268435968 64 0 0 0 65536 0 0 4096 0 0 0 8224 64 4096 0 1097728 0 0 0 0 17825792 8192 0 0 537133057 64 0 524288 0 0 1024 8 0 0 0 0 0 0 0 0 0 0 0 0 0 0 0 0 0 0 0 0 0 0 0 268435488 0 536870912 512 0 32 16777216 536870912 2147483664 0 0 0 0 1024 12582912 0 0 0 0 0 0 2097152 0 0 0 0 0 256 0 0 0 524288 0 0 0 0 142606352 0 0 16 2 0 0 0 32 0 0 16 0 0 64 0 0 65536 0 16384 0 0 16384 0 0 0 0 0 0 0 0 0 0 0 0 0 0 0 0 0 0 16809984 0 50350082 0 0 0 536870912 2097156 0 0 0 0 67108864 65540 67125248 128 8 0 0 2048 1073741824 0 0 0 0 0 0 0 0 0 0 0 0 537001984 0 0 0 0 0 132 268435456 2 0 1073872896 16 131080 4 0 0 0 0 256 0 0 2147483648 8 8192 0 32 512 512 0 0 0 0 0 0 0 0 0 0 0 0 0 0 0 0 0 0 16 131072 0 0 0 0 512 262144 0 33554944 0 0 1032 33554432 64
is_linear=0
shrinkage=0.05


Tree=65
num_leaves=31
num_cat=12
split_feature=20 16 20 20 20 19 1 19 19 6 6 20 20 6 0 0 16 0 0 0 19 0 20 6 0 0 0 13 0 0
split_gain=760311 82824.8 46125.5 14087.6 4252.73 4212.46 3465.65 2390.01 2139.86 2003.13 1845.6 1728.04 1264.19 1207.68 1139.61 1113.96 1056.03 994.202 975.254 1056.5 955.818 927.97 927.258 1507.5 851.186 961.573 913.486 706.417 705.134 707.701
threshold=0.37500000000000006 1.0000000180025095e-35 0.73217773437500011 0.19641113281250003 0.55346679687500011 0.21423339843750003 0 0.78564453125000011 0.21423339843750003 2.5000000000000004 2.5000000000000004 2.1250000000000004 0.089263916015625014 2.5000000000000004 1 2 2.9853515625000004 3 4 5 1.2143554687500002 6 0.87500000000000011 2.5000000000000004 7 8 9 1.0000000180025095e-35 10 11
decision_type=2 10 2 2 2 2 1 2 2 2 2 2 2 2 9 9 10 9 9 9 2 9 2 2 9 9 9 2 9 9
left_child=1 -1 4 6 10 -4 8 13 14 -6 -2 22 21 -5 -3 -16 18 -13 -17 -20 -12 -8 23 -7 -21 -26 -27 -19 -18 -30
right_child=2 3 5 7 9 11 12 -9 -10 -11 20 17 -14 -15 15 16 28 27 19 24 -22 -23 -24 -25 25 26 -28 -29 29 -31
leaf_value=0 0 0 0 0 0 0.0051589616173390697 0.0061043274368424057 0 0 0 0 0.066405904815174971 0 0 0 0 0.029910902563870613 0.0058027222630678615 0 0 0 0 0.00061102525216705228 0 0 0 0 0.018801923629950236 0 0
leaf_weight=4726430 478361 66567 231253 575663 388624 243001 3842 85369 165785 968596 1161050 108112 995594 1433300 81100 51060 4052 1997114 56912 49355 29469 1451148 3820802 607334 58048 57646 601334 969264 5910 846585
leaf_count=4726430 478361 66567 231253 575663 388624 243001 3842 85369 165785 968596 1161050 108112 995594 1433300 81100 51060 4052 1997114 56912 49355 29469 1451148 3820802 607334 58048 57646 601334 969264 5910 846585
internal_value=-0.0108491 -0.0199492 -0.00149036 -0.0163263 -0.00674642 0.000503568 -0.0179044 -0.0129393 -0.0163837 -0.00466792 -0.00843677 0.000702103 -0.0191728 -0.0132875 -0.0168643 -0.0166278 -0.0163591 0.00162264 -0.0151368 -0.0147202 -0.00949076 -0.0201123 9.62132e-05 -0.00139707 -0.0142315 -0.0137937 -0.0132496 0.00145097 -0.017607 -0.0177058
internal_weight=2.23187e+07 1.13157e+07 1.1003e+07 6.58927e+06 3.0261e+06 7.97688e+06 4.49494e+06 2.09433e+06 2.04435e+06 1.35722e+06 1.66888e+06 7.74563e+06 2.45058e+06 2.00896e+06 1.87857e+06 1.812e+06 1.7309e+06 3.07449e+06 874355 823295 1.19052e+06 1.45499e+06 4.67114e+06 850335 766383 717028 658980 2.96638e+06 856547 852495
internal_count=22318680 11315700 11002980 6589270 3026100 7976880 4494938 2094332 2044354 1357220 1668880 7745627 2450584 2008963 1878569 1812002 1730902 3074490 874355 823295 1190519 1454990 4671137 850335 766383 717028 658980 2966378 856547 852495
cat_boundaries=0 1 81 160 239 318 397 492 569 644 719 798 877
cat_threshold=39 0 0 8192 0 65536 0 268435456 0 0 134217728 131072 0 16777216 2147483776 4194304 0 0 262400 0 1 67108864 8 0 0 144 8388608 0 512 0 536870912 0 0 0 0 0 0 0 0 0 0 0 1073741824 0 0 33554432 0 0 0 0 0 0 0 0 0 0 0 0 0 0 0 0 0 536870912 524288 0 128 2147483648 0 0 0 128 2 16908288 0 32 0 0 0 256 2 131072 536870944 262208 0 0 0 0 0 256 0 2048 0 0 0 2048 0 1048576 0 0 0 0 0 2147483648 0 0 0 0 0 1073742336 1048576 16 0 0 0 524288 16384 512 0 67108864 0 0 0 134217732 0 0 0 0 0 0 0 0 0 0 0 0 0 0 0 0 0 0 0 0 8 16793600 0 538968576 0 0 0 0 1048576 134217728 8404992 0 4194304 0 0 262144 0 0 0 0 0 0 0 0 0 0 0 0 0 0 0 0 0 0 0 0 0 1073741824 268435456 2048 0 16400 0 1 16 0 0 0 0 0 134217728 67108864 0 49152 0 0 0 0 2162688 0 512 0 0 0 0 524288 0 0 64 1073741824 0 0 0 0 0 0 0 0 0 20971536 4194304 402653184 65536 0 8388736 0 0 0 536870912 0 0 69206016 0 0 5248 16 2147483648 16777728 18350080 4194304 0 18874368 0 0 2147483648 0 0 524288 0 0 0 0 0 0 0 0 0 2 671088640 0 134217728 16 0 2147484672 0 134217728 0 0 2097152 4 0 150994944 0 0 1074003968 0 0 0 8388608 0 0 0 0 0 0 0 0 0 0 0 0 0 0 0 0 0 0 0 0 0 0 0 0 18 0 0 0 4 0 4096 0 0 0 16777216 0 32768 2048 134250600 0 0 0 0 0 0 8192 0 0 524288 0 0 0 1024 0 2148007936 2147516416 4 0 0 0 4096 32768 2048 0 33554432 33554434 0 1024 8 0 2147483648 0 0 16 1048576 0 2048 16384 16384 0 0 0 0 0 0 0 0 0 0 0 0 0 0 0 0 0 0 0 0 0 131072 0 0 0 0 0 0 0 0 0 0 0 0 335544320 0 0 0 0 0 0 0 0 0 0 0 0 0 0 0 0 0 0 0 0 0 0 0 0 0 0 0 0 0 0 0 0 0 0 0 0 0 0 0 0 0 0 0 0 0 67110912 524416 2148532224 1073741824 692224 2048 570425344 0 524288 524288 2097152 8388640 403701760 0 0 0 0 0 0 0 0 0 0 0 0 0 0 0 0 0 0 0 0 0 0 131072 0 524288 131072 32 256 0 0 268435456 0 0 536871424 0 0 8404992 0 262144 0 0 1024 0 1 131072 0 524288 537395200 0 0 0 0 2147483648 0 0 20480 0 268435456 0 0 0 0 0 8388608 16 0 0 2147483648 2147484160 0 1140850688 0 1073741824 8 1 2097152 136315024 0 1048576 0 524288 0 0 0 0 0 0 0 0 0 0 0 0 0 0 0 0 0 0 0 0 0 1024 131080 0 0 0 0 0 0 0 0 0 1073741824 0 0 545259520 4 0 16 256 0 0 8192 32768 0 0 0 0 8388608 0 0 67108864 4194336 0 0 33555456 2147483648 32832 0 0 0 0 2147483648 0 0 0 0 0 4 327680 0 128 268435456 0 0 65536 2147483648 3 0 0 0 0 0 0 0 0 0 0 0 0 0 0 0 0 0 0 64 256 0 0 0 1048576 0 65536 0 0 0 536887296 64 2 16 0 0 33554432 0 0 0 8 0 0 262144 0 4098 0 134217728 0 0 0 1 0 4227072 67108928 67108864 524288 0 0 0 0 4096 0 2147483648 512 0 0 0 536870912 2 524288 2 262144 268435456 16777216 17891328 0 0 0 0 0 0 0 0 0 0 0 0 0 0 0 0 0 0 1048576 0 0 0 0 0 0 134217728 0 0 0 8388608 0 0 0 0 0 0 0 0 0 268435968 64 0 0 0 65536 0 0 4096 0 0 0 8224 64 4096 0 1097728 0 0 0 0 17825792 8192 0 0 537133057 64 0 524288 0 0 1024 8 0 0 0 0 0 0 0 0 0 0 0 0 0 0 0 0 0 0 0 0 0 0 0 268435488 0 536870912 512 0 32 16777216 536870912 2147483664 0 0 0 0 1024 12582912 0 0 0 0 0 0 2097152 0 0 0 0 0 256 0 0 0 524288 0 0 0 0 142606352 0 0 16 2 0 0 0 32 0 0 16 0 0 64 0 0 65536 0 16384 0 0 16384 0 0 0 0 0 0 0 0 0 0 0 0 0 0 0 0 0 0 16809984 0 50350082 0 0 0 536870912 2097156 0 0 0 0 67108864 65540 67125248 128
is_linear=0
shrinkage=0.05


Tree=66
num_leaves=31
num_cat=13
split_feature=20 16 20 20 20 19 1 19 19 6 6 20 20 20 6 6 0 0 16 0 0 19 0 0 0 0 0 0 0 0
split_gain=757765 82818.1 45580.8 14090.5 4252.73 4158.23 3462.85 2390.01 2140.74 2003.13 1845.6 1702.67 1264.19 1247.71 1507.5 1207.68 1139.17 1113.46 1058.33 975.254 1056.5 955.818 927.97 882.983 851.186 961.573 913.486 698.909 718.086 693.692
threshold=0.37500000000000006 1.0000000180025095e-35 0.73217773437500011 0.19641113281250003 0.55346679687500011 0.21423339843750003 0 0.78564453125000011 0.21423339843750003 2.5000000000000004 2.5000000000000004 5.8750000000000009 0.089263916015625014 0.87500000000000011 2.5000000000000004 2.5000000000000004 1 2 2.9853515625000004 3 4 1.2143554687500002 5 6 7 8 9 10 11 12
decision_type=2 10 2 2 2 2 1 2 2 2 2 2 2 2 2 2 9 9 10 9 9 2 9 9 9 9 9 9 9 9
left_child=1 -1 4 6 10 -4 8 15 16 -6 -2 13 22 14 -7 -5 -3 -18 19 -19 -21 -12 -8 -13 -22 -26 -27 -20 -29 -28
right_child=2 3 5 7 9 11 12 -9 -10 -11 21 23 -14 -15 -16 -17 17 18 27 20 24 -23 -24 -25 25 26 29 28 -30 -31
leaf_value=0 0 0 0 0 0 0.0049010135364721159 0.0057991110650002847 0 0 0 0 0.13993670769473773 0 0.0012742266278293057 0 0 0 0 0.03141786286536459 0 0 0 0 0.032022590563152202 0 0 0.070158476162623024 0 0 0
leaf_weight=4726430 478361 66567 231253 575663 388624 243001 3842 85369 165785 968596 1161050 58210 995594 6036336 607334 1433300 81100 51060 4102 56912 49355 29469 1451148 800746 58048 57646 4722 6088 846357 596612
leaf_count=4726430 478361 66567 231253 575663 388624 243001 3842 85369 165785 968596 1161050 58210 995594 6036336 607334 1433300 81100 51060 4102 56912 49355 29469 1451148 800746 58048 57646 4722 6088 846357 596612
internal_value=-0.0108645 -0.0199494 -0.00152149 -0.0163266 -0.00674642 0.000460631 -0.0179049 -0.0129393 -0.0163848 -0.00466792 -0.00843677 0.000657884 -0.0191728 0.000396073 -0.00139707 -0.0132875 -0.0168655 -0.0166291 -0.0163605 -0.0151368 -0.0147202 -0.00949076 -0.0201123 0.00275695 -0.0142315 -0.0137937 -0.0132496 -0.0176097 -0.0177086 -0.0126725
internal_weight=2.23187e+07 1.13157e+07 1.1003e+07 6.58927e+06 3.0261e+06 7.97688e+06 4.49494e+06 2.09433e+06 2.04435e+06 1.35722e+06 1.66888e+06 7.74563e+06 2.45058e+06 6.88667e+06 850335 2.00896e+06 1.87857e+06 1.812e+06 1.7309e+06 874355 823295 1.19052e+06 1.45499e+06 858956 766383 717028 658980 856547 852445 601334
internal_count=22318680 11315700 11002980 6589270 3026100 7976880 4494938 2094332 2044354 1357220 1668880 7745627 2450584 6886671 850335 2008963 1878569 1812002 1730902 874355 823295 1190519 1454990 858956 766383 717028 658980 856547 852445 601334
cat_boundaries=0 1 81 160 239 318 413 493 570 645 720 799 878 956
cat_threshold=39 0 0 8192 0 65536 0 268435456 0 0 134217728 131072 0 16777216 2147483776 4194304 0 0 262400 0 1 67108864 8 0 0 144 8388608 0 512 0 536870912 0 0 0 0 0 0 0 0 0 0 0 1073741824 0 0 33554432 0 0 0 0 0 0 0 0 0 0 0 0 0 0 0 0 0 536870912 524288 0 128 2147483648 0 0 0 128 2 16908288 0 32 0 0 0 256 2 131072 536870944 262208 0 0 0 0 0 256 0 2048 0 0 0 2048 0 1048576 0 0 0 0 0 2147483648 0 0 0 0 0 1073742336 1048576 16 0 0 0 524288 16384 512 0 67108864 0 0 0 134217732 0 0 0 0 0 0 0 0 0 0 0 0 0 0 0 0 0 0 0 0 8 16793600 0 538968576 0 0 0 0 1048576 134217728 8404992 0 4194304 0 0 262144 16 2147483648 16777728 18350080 4194304 0 18874368 0 0 2147483648 0 0 524288 0 0 0 0 0 0 0 0 0 2 671088640 0 134217728 16 0 2147484672 0 134217728 0 0 2097152 4 0 150994944 0 0 1074003968 0 0 0 8388608 0 0 0 0 0 0 0 0 0 0 0 0 0 0 0 0 0 0 0 0 0 0 0 0 18 0 0 0 4 0 4096 0 0 0 16777216 0 32768 2048 134250600 0 0 0 0 0 0 8192 0 0 524288 0 0 0 1024 0 2148007936 2147516416 4 0 0 0 4096 32768 2048 0 33554432 33554434 0 1024 8 0 2147483648 0 0 16 1048576 0 2048 16384 16384 0 0 0 0 0 0 0 0 0 0 0 0 0 0 0 0 0 0 0 0 0 131072 0 0 0 0 0 0 0 0 0 0 0 0 335544320 0 0 0 0 0 0 0 0 0 0 0 0 0 0 0 0 0 0 0 0 0 0 0 0 0 0 0 0 0 0 0 0 0 0 0 0 0 0 0 0 0 0 0 0 0 67110912 524416 2148532224 1073741824 692224 2048 570425344 0 524288 524288 2097152 8388640 403701760 0 0 0 0 0 0 0 0 0 0 0 0 0 0 0 0 0 0 0 0 0 0 131072 0 524288 131072 32 256 0 0 268435456 0 0 536871424 0 0 8404992 0 0 0 0 0 0 0 0 0 0 0 0 0 0 0 0 0 0 0 0 0 1073741824 268435456 134217728 0 0 0 65 2097152 0 16777216 0 0 0 0 0 1073741824 16384 0 33554432 0 0 0 0 0 1 0 0 0 0 0 0 0 0 0 0 0 0 0 0 0 0 18874368 69632 16 2164260864 8200 67108864 524416 8404992 268435456 0 0 2147483648 8388608 0 256 0 1028 16 0 262144 0 0 1024 0 1 131072 0 524288 537395200 0 0 0 0 2147483648 0 0 20480 0 268435456 0 0 0 0 0 8388608 16 0 0 2147483648 2147484160 0 1140850688 0 1073741824 8 1 2097152 136315024 0 1048576 0 524288 0 0 0 0 0 0 0 0 0 0 0 0 0 0 0 0 0 0 0 0 0 1024 131080 0 0 0 0 0 0 0 0 0 1073741824 0 0 545259520 4 0 16 256 0 0 8192 32768 0 0 0 0 8388608 0 0 67108864 4194336 0 0 33555456 2147483648 32832 0 0 0 0 2147483648 0 0 0 0 0 4 327680 0 128 268435456 0 0 65536 2147483648 3 0 0 0 0 0 0 0 0 0 0 0 0 0 0 0 0 0 0 64 256 0 0 0 1048576 0 65536 0 0 0 536887296 64 2 16 0 0 33554432 0 0 0 8 0 0 262144 0 4098 0 134217728 0 0 0 1 0 4227072 67108928 67108864 524288 0 0 0 0 4096 0 2147483648 512 0 0 0 536870912 2 524288 2 262144 268435456 16777216 17891328 0 0 0 0 0 0 0 0 0 0 0 0 0 0 0 0 0 0 1048576 0 0 0 0 0 0 134217728 0 0 0 8388608 0 0 0 0 0 0 0 0 0 268435968 64 0 0 0 65536 0 0 4096 0 0 0 8224 64 4096 0 1097728 0 0 0 0 17825792 8192 0 0 537133057 64 64 524288 0 0 0 8 0 0 0 0 0 0 0 0 0 0 0 0 0 0 0 0 0 0 0 0 0 0 0 268435488 0 536870912 512 0 32 16777216 536870912 2147483664 0 0 0 0 1024 12582912 0 0 0 0 0 0 2097152 0 0 0 0 0 256 0 0 0 524288 0 0 0 0 142606352 0 0 16 2 0 0 0 32 0 0 16 0 0 0 0 16777216 65536 0 16384 0 0 16384 0 0 0 0 0 0 0 0 0 0 0 0 0 0 0 0 0 0 16809984 0 50350082 0 0 0 536870912 2097156 0 0 0 0 67108864 65540 67125248 128 8 0 0 2048 1073741824 0 0 0 0 0 0 0 0 0 0 0 0 537001984 0 0 0 0 0 132 268435456 2 0 1073872896 16 131080 4 0 0 0 0 256 0 0 2147483648 8 8192 0 32 512 512 0 0 0 0 0 0 0 0 0 0 0 0 0 0 0 0 0 0 16 131072 0 0 0 0 512 262144 0 33554944 0 0 1032 33554432 64
is_linear=0
shrinkage=0.05


Tree=67
num_leaves=31
num_cat=12
split_feature=20 16 20 20 19 1 6 20 19 19 20 6 20 20 6 20 0 0 16 0 0 0 0 0 0 19 9 6 0 0
split_gain=755582 82808.1 45114.6 14094.8 4511.36 3458.66 3434.2 2477.44 2390.01 2142.07 2100.58 1871.06 1344.89 1264.19 1207.68 1194.19 1138.52 1112.72 1054.95 974.104 1055.15 927.97 849.978 960.071 911.893 849.712 773.167 771.363 728.842 698.909
threshold=0.37500000000000006 1.0000000180025095e-35 0.69653320312500011 0.19641113281250003 0.21423339843750003 0 2.5000000000000004 0.87500000000000011 0.78564453125000011 0.21423339843750003 0.51782226562500011 2.5000000000000004 10.589843750000002 0.089263916015625014 2.5000000000000004 0.51782226562500011 1 2 2.9853515625000004 3 4 5 6 7 8 1.2143554687500002 9 2.5000000000000004 10 11
decision_type=2 10 2 2 2 1 2 2 2 2 2 2 2 2 2 2 9 9 10 9 9 9 9 9 9 2 9 2 9 9
left_child=1 -1 6 5 -4 9 15 11 14 16 25 -6 26 21 -5 -2 -3 -18 19 -19 -21 -7 -22 -24 -25 -8 -9 -14 -28 -20
right_child=2 3 4 8 7 13 10 12 -10 -11 -12 -13 27 -15 -16 -17 17 18 29 20 22 -23 23 24 -26 -27 28 -29 -30 -31
leaf_value=0 0 0 0 0 0.0046559628596485108 0.0055091555117502689 0 -0.0054366304103179441 0 0 0 0 0.18782666724993349 0 0 0 0 0 0.029846969722096356 0 0 0 0 0 0 0 0.045211591586066774 0.047307797617405535 0.0014349388030692745 0
leaf_weight=4726430 391716 66567 251833 575663 308728 3842 952597 127644 85369 165785 1006167 770554 96596 995594 1433300 403652 81100 51060 4102 56912 49355 1451148 58048 57646 601334 22441 98488 241124 6331440 852445
leaf_count=4726430 391716 66567 251833 575663 308728 3842 952597 127644 85369 165785 1006167 770554 96596 995594 1433300 403652 81100 51060 4102 56912 49355 1451148 58048 57646 601334 22441 98488 241124 6331440 852445
internal_value=-0.0108779 -0.0199497 -0.00154837 -0.0163272 0.00031167 -0.0179056 -0.00705929 0.000519746 -0.0129393 -0.0163865 -0.00817345 -0.0017078 0.000868411 -0.0191728 -0.0132875 -0.00428399 -0.0168674 -0.016631 -0.0163624 -0.0151408 -0.0147244 -0.0201123 -0.014236 -0.0137985 -0.0132548 -0.00982731 0.000709943 0.00394543 0.000786438 -0.0176097
internal_weight=2.23187e+07 1.13157e+07 1.1003e+07 6.58927e+06 8.22641e+06 4.49494e+06 2.77657e+06 7.97457e+06 2.09433e+06 2.04435e+06 1.9812e+06 1.07928e+06 6.89529e+06 2.45058e+06 2.00896e+06 795368 1.87857e+06 1.812e+06 1.7309e+06 874355 823295 1.45499e+06 766383 717028 658980 975038 6.55757e+06 337720 6.42993e+06 856547
internal_count=22318680 11315700 11002980 6589270 8226407 4494938 2776573 7974574 2094332 2044354 1981205 1079282 6895292 2450584 2008963 795368 1878569 1812002 1730902 874355 823295 1454990 766383 717028 658980 975038 6557572 337720 6429928 856547
cat_boundaries=0 1 81 160 239 318 413 490 565 640 641 733 812
cat_threshold=39 0 0 8192 0 65536 0 268435456 0 0 134217728 131072 0 16777216 2147483776 4194304 0 0 262400 0 1 67108864 8 0 0 144 8388608 0 512 0 536870912 0 0 0 0 0 0 0 0 0 0 0 1073741824 0 0 33554432 0 0 0 0 0 0 0 0 0 0 0 0 0 0 0 0 0 536870912 524288 0 128 2147483648 0 0 0 128 2 16908288 0 32 0 0 0 256 2 131072 536870944 262208 0 0 0 0 0 256 0 2048 0 0 0 2048 0 1048576 0 0 0 0 0 2147483648 0 0 0 0 0 1073742336 1048576 16 0 0 0 524288 16384 512 0 67108864 0 0 0 134217732 0 0 0 0 0 0 0 0 0 0 0 0 0 0 0 0 0 0 0 0 8 16793600 0 538968576 0 0 0 0 1048576 134217728 8404992 0 4194304 0 0 262144 16 2147483648 16777728 18350080 4194304 0 18874368 0 0 2147483648 0 0 524288 0 0 0 0 0 0 0 0 0 2 671088640 0 134217728 16 0 2147484672 0 134217728 0 0 2097152 4 0 150994944 0 0 1074003968 0 0 0 8388608 0 0 0 0 0 0 0 0 0 0 0 0 0 0 0 0 0 0 0 0 0 0 0 0 18 0 0 0 4 0 4096 0 0 0 16777216 0 32768 2048 134250600 0 0 0 0 0 0 8192 0 0 524288 0 0 0 1024 0 2148007936 2147516416 4 0 0 0 4096 32768 2048 0 33554432 33554434 0 1024 8 0 2147483648 0 0 16 1048576 0 2048 16384 16384 0 0 0 0 0 0 0 0 0 0 0 0 0 0 0 0 0 0 0 0 0 131072 0 0 0 0 0 0 0 0 0 0 0 0 335544320 0 0 0 0 0 0 0 0 0 0 0 0 0 0 0 0 0 0 0 0 0 0 0 0 0 0 0 0 0 0 0 0 0 0 0 0 0 0 0 0 0 0 0 0 0 67110912 524416 2148532224 1073741824 692224 2048 570425344 0 524288 524288 2097152 8388640 403701760 0 0 0 0 0 0 0 0 0 0 0 0 0 0 0 0 0 0 0 0 0 0 131072 0 524288 131072 32 256 0 0 268435456 0 0 536871424 0 0 8404992 0 262144 0 0 1024 0 1 131072 0 524288 537395200 0 0 0 0 2147483648 0 0 20480 0 268435456 0 0 0 0 0 8388608 16 0 0 2147483648 2147484160 0 1140850688 0 1073741824 8 1 2097152 136315024 0 1048576 0 524288 0 0 0 0 0 0 0 0 0 0 0 0 0 0 0 0 0 0 0 0 0 1024 131080 0 0 0 0 0 0 0 0 0 1073741824 0 0 545259520 4 0 16 256 0 0 8192 32768 0 0 0 0 8388608 0 0 67108864 4194336 0 0 33555456 2147483648 32832 0 0 0 0 2147483648 0 0 0 0 0 4 327680 0 128 268435456 0 0 65536 2147483648 3 0 0 0 0 0 0 0 0 0 0 0 0 0 0 0 0 0 0 64 256 0 0 0 1048576 0 65536 0 0 0 536887296 64 2 16 0 0 33554432 0 0 0 8 0 0 262144 0 4098 0 134217728 0 0 0 1 0 4227072 67108928 67108864 524288 0 0 0 0 4096 0 2147483648 512 0 0 0 536870912 2 524288 2 262144 268435456 16777216 17891328 0 0 0 0 0 0 0 0 0 0 0 0 0 0 0 0 0 0 1048576 0 0 0 0 0 0 134217728 0 0 0 8388608 402948370 65536 512 524288 2 1073741824 0 4194304 0 0 0 0 0 0 1048576 0 0 1048576 256 0 0 0 1073741824 0 1 0 16384 0 0 536870912 8 268435456 0 0 262144 0 262400 2 16384 0 33554432 8192 4194306 33554432 0 512 0 0 4194304 0 0 131072 0 0 0 0 0 0 0 4096 0 0 0 0 0 0 0 0 0 4096 0 0 0 0 0 0 0 0 0 0 0 0 0 0 0 0 0 0 524288 0 0 0 512 0 0 0 0 0 0 0 0 0 268435968 64 0 0 0 65536 0 0 4096 0 0 0 8224 64 4096 0 1097728 0 0 0 0 17825792 8192 0 0 537133057 64 64 524288 0 0 0 8 0 0 0 0 0 0 0 0 0 0 0 0 0 0 0 0 0 0 0 0 0 0 0 268435488 0 536870912 512 0 32 16777216 536870912 2147483664 0 0 0 0 1024
is_linear=0
shrinkage=0.05


Tree=68
num_leaves=31
num_cat=12
split_feature=20 16 20 20 19 1 6 20 19 19 20 6 0 20 6 20 0 0 16 0 0 0 13 0 0 0 19 17 0 0
split_gain=753554 82808.1 44710.9 14094.8 4466.22 3458.66 3434.2 2402.2 2390.01 2142.07 2100.58 1871.06 1267.89 1264.19 1207.68 1194.19 1138.52 1112.72 1054.95 974.104 1055.15 927.97 862.996 849.978 960.071 911.893 849.712 731.009 698.909 718.086
threshold=0.37500000000000006 1.0000000180025095e-35 0.69653320312500011 0.19641113281250003 0.21423339843750003 0 2.5000000000000004 0.87500000000000011 0.78564453125000011 0.21423339843750003 0.51782226562500011 2.5000000000000004 1 0.089263916015625014 2.5000000000000004 0.51782226562500011 2 3 2.9853515625000004 4 5 6 1.0000000180025095e-35 7 8 9 1.2143554687500002 40.500000000000007 10 11
decision_type=2 10 2 2 2 1 2 2 2 2 2 2 9 2 2 2 9 9 10 9 9 9 2 9 9 9 2 2 9 9
left_child=1 -1 6 5 -4 9 15 11 14 16 26 -6 27 21 -5 -2 -3 -18 19 -19 -21 -7 -14 -22 -25 -26 -8 -9 -20 -30
right_child=2 3 4 8 7 13 10 12 -10 -11 -12 -13 22 -15 -16 -17 17 18 28 20 23 -23 -24 24 25 -27 -28 -29 29 -31
leaf_value=0 0 0 0 0 0.0044231647166660835 0.0052336977361627573 0 0.044865675364103907 0 0 0 0 0.00074077561838034047 0 0 0 0 0 0.028354621235991542 0 0 0 0.002980442075236667 0 0 0 0 0.96821222383092298 0 0
leaf_weight=4726430 391716 66567 251833 575663 308728 3842 952597 125507 85369 165785 1006167 770554 4542844 995594 1433300 403652 81100 51060 4102 56912 49355 1451148 2209886 58048 57646 601334 22441 17055 6088 846357
leaf_count=4726430 391716 66567 251833 575663 308728 3842 952597 125507 85369 165785 1006167 770554 4542844 995594 1433300 403652 81100 51060 4102 56912 49355 1451148 2209886 58048 57646 601334 22441 17055 6088 846357
internal_value=-0.0108901 -0.0199497 -0.00157308 -0.0163272 0.000278624 -0.0179056 -0.00705929 0.000485656 -0.0129393 -0.0163865 -0.00817345 -0.0017078 0.000828986 -0.0191728 -0.0132875 -0.00428399 -0.0168674 -0.016631 -0.0163624 -0.0151408 -0.0147244 -0.0201123 0.000730466 -0.014236 -0.0137985 -0.0132548 -0.00982731 0.00549512 -0.0176097 -0.0177086
internal_weight=2.23187e+07 1.13157e+07 1.1003e+07 6.58927e+06 8.22641e+06 4.49494e+06 2.77657e+06 7.97457e+06 2.09433e+06 2.04435e+06 1.9812e+06 1.07928e+06 6.89529e+06 2.45058e+06 2.00896e+06 795368 1.87857e+06 1.812e+06 1.7309e+06 874355 823295 1.45499e+06 6.75273e+06 766383 717028 658980 975038 142562 856547 852445
internal_count=22318680 11315700 11002980 6589270 8226407 4494938 2776573 7974574 2094332 2044354 1981205 1079282 6895292 2450584 2008963 795368 1878569 1812002 1730902 874355 823295 1454990 6752730 766383 717028 658980 975038 142562 856547 852445
cat_boundaries=0 1 97 177 256 335 414 509 586 661 736 815 894
cat_threshold=39 0 0 0 0 0 0 0 0 0 0 0 0 0 0 0 0 134217728 1073741824 4096 0 0 1073741824 268435456 0 0 16384 0 1 2064 0 0 0 0 16384 32768 0 32768 49152 2147483648 0 0 4194304 33554464 0 4608 0 0 0 0 1074003968 0 0 0 0 0 0 0 0 4096 0 0 0 0 0 131072 268451840 0 0 0 0 0 0 0 0 0 0 2 0 0 0 0 0 524288 0 0 0 0 268959744 0 0 0 0 0 0 16384 4 0 0 8192 0 65536 0 268435456 0 0 134217728 131072 0 16777216 2147483776 4194304 0 0 262400 0 1 67108864 8 0 0 144 8388608 0 512 0 536870912 0 0 0 0 0 0 0 0 0 0 0 1073741824 0 0 33554432 0 0 0 0 0 0 0 0 0 0 0 0 0 0 0 0 0 536870912 524288 0 128 2147483648 0 0 0 128 2 16908288 0 32 0 0 0 256 2 131072 536870944 262208 0 0 0 0 0 256 0 2048 0 0 0 2048 0 1048576 0 0 0 0 0 2147483648 0 0 0 0 0 1073742336 1048576 16 0 0 0 524288 16384 512 0 67108864 0 0 0 134217732 0 0 0 0 0 0 0 0 0 0 0 0 0 0 0 0 0 0 0 0 8 16793600 0 538968576 0 0 0 0 1048576 134217728 8404992 0 4194304 0 0 262144 16 2147483648 16777728 18350080 4194304 0 18874368 0 0 2147483648 0 0 524288 0 0 0 0 0 0 0 0 0 2 671088640 0 134217728 16 0 2147484672 0 134217728 0 0 2097152 4 0 150994944 0 0 1074003968 0 0 0 8388608 0 0 0 0 0 0 0 0 0 0 0 0 0 0 0 0 0 0 0 0 0 0 0 0 18 0 0 0 4 0 4096 0 0 0 16777216 0 32768 2048 134250600 0 0 0 0 0 0 8192 0 0 524288 0 0 0 1024 0 2148007936 2147516416 4 0 0 0 4096 32768 2048 0 33554432 33554434 0 1024 8 0 2147483648 0 0 16 1048576 0 2048 16384 16384 0 0 0 0 0 0 0 0 0 0 0 0 0 0 0 0 0 0 0 0 0 131072 0 0 0 0 0 0 0 0 0 0 0 0 335544320 0 0 0 0 0 0 0 0 0 0 0 0 0 0 0 0 0 0 0 0 0 0 0 0 0 0 0 0 0 0 0 0 0 0 0 0 0 0 0 0 0 0 0 0 0 67110912 524416 2148532224 1073741824 692224 2048 570425344 0 524288 524288 2097152 8388640 403701760 0 0 0 0 0 0 0 0 0 0 0 0 0 0 0 0 0 0 0 0 0 0 131072 0 524288 131072 32 256 0 0 268435456 0 0 536871424 0 0 8404992 0 262144 0 0 1024 0 1 131072 0 524288 537395200 0 0 0 0 2147483648 0 0 20480 0 268435456 0 0 0 0 0 8388608 16 0 0 2147483648 2147484160 0 1140850688 0 1073741824 8 1 2097152 136315024 0 1048576 0 524288 0 0 0 0 0 0 0 0 0 0 0 0 0 0 0 0 0 0 0 0 0 1024 131080 0 0 0 0 0 0 0 0 0 1073741824 0 0 545259520 4 0 16 256 0 0 8192 32768 0 0 0 0 8388608 0 0 67108864 4194336 0 0 33555456 2147483648 32832 0 0 0 0 2147483648 0 0 0 0 0 4 327680 0 128 268435456 0 0 65536 2147483648 3 0 0 0 0 0 0 0 0 0 0 0 0 0 0 0 0 0 0 64 256 0 0 0 1048576 0 65536 0 0 0 536887296 64 2 16 0 0 33554432 0 0 0 8 0 0 262144 0 4098 0 134217728 0 0 0 1 0 4227072 67108928 67108864 524288 0 0 0 0 4096 0 2147483648 512 0 0 0 536870912 2 524288 2 262144 268435456 16777216 17891328 0 0 0 0 0 0 0 0 0 0 0 0 0 0 0 0 0 0 1048576 0 0 0 0 0 0 134217728 0 0 0 8388608 0 0 0 0 0 0 0 0 0 268435968 64 0 0 0 65536 0 0 4096 0 0 0 8224 64 4096 0 1097728 0 0 0 0 17825792 8192 0 0 537133057 64 64 524288 0 0 0 8 0 0 0 0 0 0 0 0 0 0 0 0 0 0 0 0 0 0 0 0 0 0 0 268435488 0 536870912 512 0 32 16777216 536870912 2147483664 0 0 0 0 1024 12582912 0 0 0 0 0 0 2097152 0 0 0 0 0 256 0 0 0 524288 0 0 0 0 142606352 0 0 16 2 0 0 0 32 0 0 16 0 0 0 0 16777216 65536 0 16384 0 0 16384 0 0 0 0 0 0 0 0 0 0 0 0 0 0 0 0 0 0 16809984 0 50350082 0 0 0 536870912 2097156 0 0 0 0 67108864 65540 67125248 128
is_linear=0
shrinkage=0.05


Tree=69
num_leaves=31
num_cat=12
split_feature=20 16 20 20 19 1 6 19 20 19 20 6 0 20 6 20 0 0 16 0 0 0 0 0 0 19 13 0 0 20
split_gain=751353 82808.1 44274.3 14094.8 4417.42 3458.66 3434.2 2390.01 2321.73 2142.07 2100.58 1871.06 1345.24 1264.19 1207.68 1194.19 1138.52 1112.72 1054.95 974.104 1055.15 927.97 849.978 960.071 911.893 849.712 790.438 698.909 718.086 679.818
threshold=0.37500000000000006 1.0000000180025095e-35 0.69653320312500011 0.19641113281250003 0.21423339843750003 0 2.5000000000000004 0.78564453125000011 0.87500000000000011 0.21423339843750003 0.51782226562500011 2.5000000000000004 1 0.089263916015625014 2.5000000000000004 0.51782226562500011 2 3 2.9853515625000004 4 5 6 7 8 9 1.2143554687500002 1.0000000180025095e-35 10 11 0.26782226562500006
decision_type=2 10 2 2 2 1 2 2 2 2 2 2 9 2 2 2 9 9 10 9 9 9 9 9 9 2 2 9 9 2
left_child=1 -1 6 5 -4 9 15 14 11 16 25 -6 -10 21 -5 -2 -3 -18 19 -19 -21 -7 -22 -24 -25 -8 -14 -20 -29 -16
right_child=2 3 4 7 8 13 10 -9 12 -11 -12 -13 26 -15 29 -17 17 18 27 20 22 -23 23 24 -26 -27 -28 28 -30 -31
leaf_value=0 0 0 0 0 0.0042020064808327819 0.0049720128493546184 0 0 0.066145860222389094 0 0 0 0.00065235864072225305 0 0 0 0 0 0.026936890174191964 0 0 0 0 0 0 0 0.0028102417770649703 0 0 0
leaf_weight=4726430 391716 66567 251833 575663 308728 3842 952597 85369 176880 165785 1006167 770554 4519713 995594 624874 403652 81100 51060 4102 56912 49355 1451148 58048 57646 601334 22441 2198699 6088 846357 808426
leaf_count=4726430 391716 66567 251833 575663 308728 3842 952597 85369 176880 165785 1006167 770554 4519713 995594 624874 403652 81100 51060 4102 56912 49355 1451148 58048 57646 601334 22441 2198699 6088 846357 808426
internal_value=-0.0109034 -0.0199497 -0.00159993 -0.0163272 0.000242709 -0.0179056 -0.00705929 -0.0129393 0.000448607 -0.0163865 -0.00817345 -0.0017078 0.000786138 -0.0191728 -0.0132875 -0.00428399 -0.0168674 -0.016631 -0.0163624 -0.0151408 -0.0147244 -0.0201123 -0.014236 -0.0137985 -0.0132548 -0.00982731 0.000672814 -0.0176097 -0.0177086 -0.0140644
internal_weight=2.23187e+07 1.13157e+07 1.1003e+07 6.58927e+06 8.22641e+06 4.49494e+06 2.77657e+06 2.09433e+06 7.97457e+06 2.04435e+06 1.9812e+06 1.07928e+06 6.89529e+06 2.45058e+06 2.00896e+06 795368 1.87857e+06 1.812e+06 1.7309e+06 874355 823295 1.45499e+06 766383 717028 658980 975038 6.71841e+06 856547 852445 1.4333e+06
internal_count=22318680 11315700 11002980 6589270 8226407 4494938 2776573 2094332 7974574 2044354 1981205 1079282 6895292 2450584 2008963 795368 1878569 1812002 1730902 874355 823295 1454990 766383 717028 658980 975038 6718412 856547 852445 1433300
cat_boundaries=0 1 80 160 239 318 397 492 569 644 719 798 877
cat_threshold=39 0 0 0 0 0 0 4194304 1024 64 0 0 0 0 0 0 134217728 0 0 0 0 0 1073741824 268435456 0 0 16384 0 1 16 8196 0 0 0 32 32768 0 32770 49152 2147483648 0 536879104 4194304 570425440 0 512 0 0 32768 0 0 0 0 0 0 0 0 0 0 0 0 0 0 0 0 0 268451840 0 0 0 0 0 0 0 0 8388608 0 128 0 8192 0 0 8192 0 65536 0 268435456 0 0 134217728 131072 0 16777216 2147483776 4194304 0 0 262400 0 1 67108864 8 0 0 144 8388608 0 512 0 536870912 0 0 0 0 0 0 0 0 0 0 0 1073741824 0 0 33554432 0 0 0 0 0 0 0 0 0 0 0 0 0 0 0 0 0 536870912 524288 0 128 2147483648 0 0 0 128 2 16908288 0 32 0 0 0 256 2 131072 536870944 262208 0 0 0 0 0 256 0 2048 0 0 0 2048 0 1048576 0 0 0 0 0 2147483648 0 0 0 0 0 1073742336 1048576 16 0 0 0 524288 16384 512 0 67108864 0 0 0 134217732 0 0 0 0 0 0 0 0 0 0 0 0 0 0 0 0 0 0 0 0 8 16793600 0 538968576 0 0 0 0 1048576 134217728 8404992 0 4194304 0 0 262144 16 2147483648 16777728 18350080 4194304 0 18874368 0 0 2147483648 0 0 524288 0 0 0 0 0 0 0 0 0 2 671088640 0 134217728 16 0 2147484672 0 134217728 0 0 2097152 4 0 150994944 0 0 1074003968 0 0 0 8388608 0 0 0 0 0 0 0 0 0 0 0 0 0 0 0 0 0 0 0 0 0 0 0 0 18 0 0 0 4 0 4096 0 0 0 16777216 0 32768 2048 134250600 0 0 0 0 0 0 8192 0 0 524288 0 0 0 1024 0 2148007936 2147516416 4 0 0 0 4096 32768 2048 0 33554432 33554434 0 1024 8 0 2147483648 0 0 16 1048576 0 2048 16384 16384 0 0 0 0 0 0 0 0 0 0 0 0 0 0 0 0 0 0 0 0 0 131072 0 0 0 0 0 0 0 0 0 0 0 0 335544320 0 0 0 0 0 0 0 0 0 0 0 0 0 0 0 0 0 0 0 0 0 0 0 0 0 0 0 0 0 0 0 0 0 0 0 0 0 0 0 0 0 0 0 0 0 67110912 524416 2148532224 1073741824 692224 2048 570425344 0 524288 524288 2097152 8388640 403701760 0 0 0 0 0 0 0 0 0 0 0 0 0 0 0 0 0 0 0 0 0 0 131072 0 524288 131072 32 256 0 0 268435456 0 0 536871424 0 0 8404992 0 262144 0 0 1024 0 1 131072 0 524288 537395200 0 0 0 0 2147483648 0 0 20480 0 268435456 0 0 0 0 0 8388608 16 0 0 2147483648 2147484160 0 1140850688 0 1073741824 8 1 2097152 136315024 0 1048576 0 524288 0 0 0 0 0 0 0 0 0 0 0 0 0 0 0 0 0 0 0 0 0 1024 131080 0 0 0 0 0 0 0 0 0 1073741824 0 0 545259520 4 0 16 256 0 0 8192 32768 0 0 0 0 8388608 0 0 67108864 4194336 0 0 33555456 2147483648 32832 0 0 0 0 2147483648 0 0 0 0 0 4 327680 0 128 268435456 0 0 65536 2147483648 3 0 0 0 0 0 0 0 0 0 0 0 0 0 0 0 0 0 0 64 256 0 0 0 1048576 0 65536 0 0 0 536887296 64 2 16 0 0 33554432 0 0 0 8 0 0 262144 0 4098 0 134217728 0 0 0 1 0 4227072 67108928 67108864 524288 0 0 0 0 4096 0 2147483648 512 0 0 0 536870912 2 524288 2 262144 268435456 16777216 17891328 0 0 0 0 0 0 0 0 0 0 0 0 0 0 0 0 0 0 1048576 0 0 0 0 0 0 134217728 0 0 0 8388608 0 0 0 0 0 0 0 0 0 268435968 64 0 0 0 65536 0 0 4096 0 0 0 8224 64 4096 0 1097728 0 0 0 0 17825792 8192 0 0 537133057 64 64 524288 0 0 0 8 0 0 0 0 0 0 0 0 0 0 0 0 0 0 0 0 0 0 0 0 0 0 0 268435488 0 536870912 512 0 32 16777216 536870912 2147483664 0 0 0 0 1024 12582912 0 0 0 0 0 0 2097152 0 0 0 0 0 256 0 0 0 524288 0 0 0 0 142606352 0 0 16 2 0 0 0 32 0 0 16 0 0 0 0 16777216 65536 0 16384 0 0 16384 0 0 0 0 0 0 0 0 0 0 0 0 0 0 0 0 0 0 16809984 0 50350082 0 0 0 536870912 2097156 0 0 0 0 67108864 65540 67125248 128
is_linear=0
shrinkage=0.05


Tree=70
num_leaves=31
num_cat=12
split_feature=20 16 20 20 19 1 6 19 20 19 20 6 0 20 6 20 0 0 16 0 0 0 0 0 0 19 6 20 1 3
split_gain=749517 82808.1 43911.2 14094.8 4376.85 3458.66 3434.2 2390.01 2255.55 2142.07 2100.58 1871.06 1313.32 1264.19 1207.68 1194.19 1138.52 1112.72 1054.95 974.104 1055.15 927.97 849.978 960.071 911.893 849.712 763.101 1073.66 824.711 792.459
threshold=0.37500000000000006 1.0000000180025095e-35 0.69653320312500011 0.19641113281250003 0.21423339843750003 0 2.5000000000000004 0.78564453125000011 0.87500000000000011 0.21423339843750003 0.51782226562500011 2.5000000000000004 1 0.089263916015625014 2.5000000000000004 0.51782226562500011 2 3 2.9853515625000004 4 5 6 7 8 9 1.2143554687500002 2.5000000000000004 1.7319335937500002 10 11
decision_type=2 10 2 2 2 1 2 2 2 2 2 2 9 2 2 2 9 9 10 9 9 9 9 9 9 2 2 2 1 1
left_child=1 -1 6 5 -4 9 15 14 11 16 25 -6 -10 21 -5 -2 -3 -18 19 -19 -21 -7 -22 -24 -25 -8 27 -14 -29 -28
right_child=2 3 4 7 8 13 10 -9 12 -11 -12 -13 26 -15 -16 -17 17 18 -20 20 22 -23 23 24 -26 -27 29 28 -30 -31
leaf_value=0 0 0 0 0 0.0039919061567911416 0.004723412206886885 0 0 0.072819521681246432 0 0 0 0.00019802845583419271 0 0 0 0 0 0 0 0 0 0 0 0 0 0.002461152785779375 0.033476928102892212 0.015440790068203382 -0.00030409829804085576
leaf_weight=4726430 391716 66567 251833 575663 308728 3842 952597 85369 181153 165785 1006167 770554 880986 995594 1433300 403652 81100 51060 856547 56912 49355 1451148 58048 57646 601334 22441 1561253 208458 832219 3231223
leaf_count=4726430 391716 66567 251833 575663 308728 3842 952597 85369 181153 165785 1006167 770554 880986 995594 1433300 403652 81100 51060 856547 56912 49355 1451148 58048 57646 601334 22441 1561253 208458 832219 3231223
internal_value=-0.0109144 -0.0199497 -0.00162237 -0.0163272 0.000212702 -0.0179056 -0.00705929 -0.0129393 0.000417652 -0.0163865 -0.00817345 -0.0017078 0.000750338 -0.0191728 -0.0132875 -0.00428399 -0.0168674 -0.016631 -0.0163624 -0.0151408 -0.0147244 -0.0201123 -0.014236 -0.0137985 -0.0132548 -0.00982731 0.000636987 0.00147878 0.00256619 0.000299449
internal_weight=2.23187e+07 1.13157e+07 1.1003e+07 6.58927e+06 8.22641e+06 4.49494e+06 2.77657e+06 2.09433e+06 7.97457e+06 2.04435e+06 1.9812e+06 1.07928e+06 6.89529e+06 2.45058e+06 2.00896e+06 795368 1.87857e+06 1.812e+06 1.7309e+06 874355 823295 1.45499e+06 766383 717028 658980 975038 6.71414e+06 1.92166e+06 1.04068e+06 4.79248e+06
internal_count=22318680 11315700 11002980 6589270 8226407 4494938 2776573 2094332 7974574 2044354 1981205 1079282 6895292 2450584 2008963 795368 1878569 1812002 1730902 874355 823295 1454990 766383 717028 658980 975038 6714139 1921663 1040677 4792476
cat_boundaries=0 1 77 157 236 315 394 489 566 641 716 717 718
cat_threshold=39 1024 0 524288 0 0 0 4194304 0 0 0 0 0 2048 0 0 0 0 1073741824 0 0 0 1207959568 268435456 0 0 16384 0 536870913 2064 4 16384 0 0 0 32768 256 2 49152 2147483648 65536 0 4194304 32 0 4640 0 0 0 0 0 0 0 0 0 0 4194304 0 0 0 0 0 0 0 0 0 268435460 0 0 0 0 0 0 0 0 0 2097152 0 0 8192 0 65536 0 268435456 0 0 134217728 131072 0 16777216 2147483776 4194304 0 0 262400 0 1 67108864 8 0 0 144 8388608 0 512 0 536870912 0 0 0 0 0 0 0 0 0 0 0 1073741824 0 0 33554432 0 0 0 0 0 0 0 0 0 0 0 0 0 0 0 0 0 536870912 524288 0 128 2147483648 0 0 0 128 2 16908288 0 32 0 0 0 256 2 131072 536870944 262208 0 0 0 0 0 256 0 2048 0 0 0 2048 0 1048576 0 0 0 0 0 2147483648 0 0 0 0 0 1073742336 1048576 16 0 0 0 524288 16384 512 0 67108864 0 0 0 134217732 0 0 0 0 0 0 0 0 0 0 0 0 0 0 0 0 0 0 0 0 8 16793600 0 538968576 0 0 0 0 1048576 134217728 8404992 0 4194304 0 0 262144 16 2147483648 16777728 18350080 4194304 0 18874368 0 0 2147483648 0 0 524288 0 0 0 0 0 0 0 0 0 2 671088640 0 134217728 16 0 2147484672 0 134217728 0 0 2097152 4 0 150994944 0 0 1074003968 0 0 0 8388608 0 0 0 0 0 0 0 0 0 0 0 0 0 0 0 0 0 0 0 0 0 0 0 0 18 0 0 0 4 0 4096 0 0 0 16777216 0 32768 2048 134250600 0 0 0 0 0 0 8192 0 0 524288 0 0 0 1024 0 2148007936 2147516416 4 0 0 0 4096 32768 2048 0 33554432 33554434 0 1024 8 0 2147483648 0 0 16 1048576 0 2048 16384 16384 0 0 0 0 0 0 0 0 0 0 0 0 0 0 0 0 0 0 0 0 0 131072 0 0 0 0 0 0 0 0 0 0 0 0 335544320 0 0 0 0 0 0 0 0 0 0 0 0 0 0 0 0 0 0 0 0 0 0 0 0 0 0 0 0 0 0 0 0 0 0 0 0 0 0 0 0 0 0 0 0 0 67110912 524416 2148532224 1073741824 692224 2048 570425344 0 524288 524288 2097152 8388640 403701760 0 0 0 0 0 0 0 0 0 0 0 0 0 0 0 0 0 0 0 0 0 0 131072 0 524288 131072 32 256 0 0 268435456 0 0 536871424 0 0 8404992 0 262144 0 0 1024 0 1 131072 0 524288 537395200 0 0 0 0 2147483648 0 0 20480 0 268435456 0 0 0 0 0 8388608 16 0 0 2147483648 2147484160 0 1140850688 0 1073741824 8 1 2097152 136315024 0 1048576 0 524288 0 0 0 0 0 0 0 0 0 0 0 0 0 0 0 0 0 0 0 0 0 1024 131080 0 0 0 0 0 0 0 0 0 1073741824 0 0 545259520 4 0 16 256 0 0 8192 32768 0 0 0 0 8388608 0 0 67108864 4194336 0 0 33555456 2147483648 32832 0 0 0 0 2147483648 0 0 0 0 0 4 327680 0 128 268435456 0 0 65536 2147483648 3 0 0 0 0 0 0 0 0 0 0 0 0 0 0 0 0 0 0 64 256 0 0 0 1048576 0 65536 0 0 0 536887296 64 2 16 0 0 33554432 0 0 0 8 0 0 262144 0 4098 0 134217728 0 0 0 1 0 4227072 67108928 67108864 524288 0 0 0 0 4096 0 2147483648 512 0 0 0 536870912 2 524288 2 262144 268435456 16777216 17891328 0 0 0 0 0 0 0 0 0 0 0 0 0 0 0 0 0 0 1048576 0 0 0 0 0 0 134217728 0 0 0 8388608 32 4
is_linear=0
shrinkage=0.05


Tree=71
num_leaves=31
num_cat=12
split_feature=20 16 20 20 19 1 6 19 20 19 20 6 20 17 6 20 0 0 16 0 0 0 0 0 0 19 18 9 0 0
split_gain=747886 82808.1 43589.4 14094.8 4340.92 3458.66 3434.2 2390.01 2197.49 2142.07 2100.58 1871.06 1264.19 1249.55 1207.68 1194.19 1138.52 1112.72 1054.95 974.104 1055.15 927.97 849.978 960.071 911.893 849.712 751.944 719.742 698.909 718.086
threshold=0.37500000000000006 1.0000000180025095e-35 0.69653320312500011 0.19641113281250003 0.21423339843750003 0 2.5000000000000004 0.78564453125000011 0.87500000000000011 0.21423339843750003 0.51782226562500011 2.5000000000000004 0.089263916015625014 11.500000000000002 2.5000000000000004 0.51782226562500011 1 2 2.9853515625000004 3 4 5 6 7 8 1.2143554687500002 43.500000000000007 9 10 11
decision_type=2 10 2 2 2 1 2 2 2 2 2 2 2 2 2 2 9 9 10 9 9 9 9 9 9 2 2 9 9 9
left_child=1 -1 6 5 -4 9 15 14 11 16 25 -6 21 27 -5 -2 -3 -18 19 -19 -21 -7 -22 -24 -25 -8 -15 -10 -20 -30
right_child=2 3 4 7 8 12 10 -9 13 -11 -12 -13 -14 26 -16 -17 17 18 28 20 22 -23 23 24 -26 -27 -28 -29 29 -31
leaf_value=0 0 0 0 0 0.0037923108489515858 0.0044872415965425405 0 0 -0.0056266439442246522 0 0 0 0 0.047919382842293558 0 0 0 0 0.025590045665482366 0 0 0 0 0 0 0 0.67530289475713468 0.0011864852379736279 0 0
leaf_weight=4726430 391716 66567 251833 575663 308728 3842 952597 85369 37296 165785 1006167 770554 995594 361050 1433300 403652 81100 51060 4102 56912 49355 1451148 58048 57646 601334 22441 24230 6472716 6088 846357
leaf_count=4726430 391716 66567 251833 575663 308728 3842 952597 85369 37296 165785 1006167 770554 995594 361050 1433300 403652 81100 51060 4102 56912 49355 1451148 58048 57646 601334 22441 24230 6472716 6088 846357
internal_value=-0.0109243 -0.0199497 -0.00164232 -0.0163272 0.000186008 -0.0179056 -0.00705929 -0.0129393 0.000390115 -0.0163865 -0.00817345 -0.0017078 -0.0191728 0.00071849 -0.0132875 -0.00428399 -0.0168674 -0.016631 -0.0163624 -0.0151408 -0.0147244 -0.0201123 -0.014236 -0.0137985 -0.0132548 -0.00982731 0.00348526 0.000554746 -0.0176097 -0.0177086
internal_weight=2.23187e+07 1.13157e+07 1.1003e+07 6.58927e+06 8.22641e+06 4.49494e+06 2.77657e+06 2.09433e+06 7.97457e+06 2.04435e+06 1.9812e+06 1.07928e+06 2.45058e+06 6.89529e+06 2.00896e+06 795368 1.87857e+06 1.812e+06 1.7309e+06 874355 823295 1.45499e+06 766383 717028 658980 975038 385280 6.51001e+06 856547 852445
internal_count=22318680 11315700 11002980 6589270 8226407 4494938 2776573 2094332 7974574 2044354 1981205 1079282 2450584 6895292 2008963 795368 1878569 1812002 1730902 874355 823295 1454990 766383 717028 658980 975038 385280 6510012 856547 852445
cat_boundaries=0 1 81 160 239 318 413 490 565 640 641 720 799
cat_threshold=39 0 0 8192 0 65536 0 268435456 0 0 134217728 131072 0 16777216 2147483776 4194304 0 0 262400 0 1 67108864 8 0 0 144 8388608 0 512 0 536870912 0 0 0 0 0 0 0 0 0 0 0 1073741824 0 0 33554432 0 0 0 0 0 0 0 0 0 0 0 0 0 0 0 0 0 536870912 524288 0 128 2147483648 0 0 0 128 2 16908288 0 32 0 0 0 256 2 131072 536870944 262208 0 0 0 0 0 256 0 2048 0 0 0 2048 0 1048576 0 0 0 0 0 2147483648 0 0 0 0 0 1073742336 1048576 16 0 0 0 524288 16384 512 0 67108864 0 0 0 134217732 0 0 0 0 0 0 0 0 0 0 0 0 0 0 0 0 0 0 0 0 8 16793600 0 538968576 0 0 0 0 1048576 134217728 8404992 0 4194304 0 0 262144 16 2147483648 16777728 18350080 4194304 0 18874368 0 0 2147483648 0 0 524288 0 0 0 0 0 0 0 0 0 2 671088640 0 134217728 16 0 2147484672 0 134217728 0 0 2097152 4 0 150994944 0 0 1074003968 0 0 0 8388608 0 0 0 0 0 0 0 0 0 0 0 0 0 0 0 0 0 0 0 0 0 0 0 0 18 0 0 0 4 0 4096 0 0 0 16777216 0 32768 2048 134250600 0 0 0 0 0 0 8192 0 0 524288 0 0 0 1024 0 2148007936 2147516416 4 0 0 0 4096 32768 2048 0 33554432 33554434 0 1024 8 0 2147483648 0 0 16 1048576 0 2048 16384 16384 0 0 0 0 0 0 0 0 0 0 0 0 0 0 0 0 0 0 0 0 0 131072 0 0 0 0 0 0 0 0 0 0 0 0 335544320 0 0 0 0 0 0 0 0 0 0 0 0 0 0 0 0 0 0 0 0 0 0 0 0 0 0 0 0 0 0 0 0 0 0 0 0 0 0 0 0 0 0 0 0 0 67110912 524416 2148532224 1073741824 692224 2048 570425344 0 524288 524288 2097152 8388640 403701760 0 0 0 0 0 0 0 0 0 0 0 0 0 0 0 0 0 0 0 0 0 0 131072 0 524288 131072 32 256 0 0 268435456 0 0 536871424 0 0 8404992 0 262144 0 0 1024 0 1 131072 0 524288 537395200 0 0 0 0 2147483648 0 0 20480 0 268435456 0 0 0 0 0 8388608 16 0 0 2147483648 2147484160 0 1140850688 0 1073741824 8 1 2097152 136315024 0 1048576 0 524288 0 0 0 0 0 0 0 0 0 0 0 0 0 0 0 0 0 0 0 0 0 1024 131080 0 0 0 0 0 0 0 0 0 1073741824 0 0 545259520 4 0 16 256 0 0 8192 32768 0 0 0 0 8388608 0 0 67108864 4194336 0 0 33555456 2147483648 32832 0 0 0 0 2147483648 0 0 0 0 0 4 327680 0 128 268435456 0 0 65536 2147483648 3 0 0 0 0 0 0 0 0 0 0 0 0 0 0 0 0 0 0 64 256 0 0 0 1048576 0 65536 0 0 0 536887296 64 2 16 0 0 33554432 0 0 0 8 0 0 262144 0 4098 0 134217728 0 0 0 1 0 4227072 67108928 67108864 524288 0 0 0 0 4096 0 2147483648 512 0 0 0 536870912 2 524288 2 262144 268435456 16777216 17891328 0 0 0 0 0 0 0 0 0 0 0 0 0 0 0 0 0 0 1048576 0 0 0 0 0 0 134217728 0 0 0 8388608 134217730 0 0 0 0 0 0 0 0 0 268435968 64 0 0 0 65536 0 0 4096 0 0 0 8224 64 4096 0 1097728 0 0 0 0 17825792 8192 0 0 537133057 64 64 524288 0 0 0 8 0 0 0 0 0 0 0 0 0 0 0 0 0 0 0 0 0 0 0 0 0 0 0 268435488 0 536870912 512 0 32 16777216 536870912 2147483664 0 0 0 0 1024 12582912 0 0 0 0 0 0 2097152 0 0 0 0 0 256 0 0 0 524288 0 0 0 0 142606352 0 0 16 2 0 0 0 32 0 0 16 0 0 0 0 16777216 65536 0 16384 0 0 16384 0 0 0 0 0 0 0 0 0 0 0 0 0 0 0 0 0 0 16809984 0 50350082 0 0 0 536870912 2097156 0 0 0 0 67108864 65540 67125248 128
is_linear=0
shrinkage=0.05


Tree=72
num_leaves=31
num_cat=12
split_feature=20 16 20 20 19 1 6 19 19 20 20 6 20 18 6 20 0 0 16 0 0 0 0 0 0 19 0 0 17 9
split_gain=746006 82808.1 43219.7 14094.8 4299.66 3458.66 3434.2 2390.01 2142.07 2137.73 2100.58 1520.57 1264.19 1216.37 1207.68 1194.19 1138.52 1112.72 1054.95 974.104 1055.15 927.97 849.978 960.071 911.893 849.712 698.909 718.086 695.706 690.035
threshold=0.37500000000000006 1.0000000180025095e-35 0.69653320312500011 0.19641113281250003 0.21423339843750003 0 2.5000000000000004 0.78564453125000011 0.21423339843750003 0.83911132812500011 0.51782226562500011 2.5000000000000004 0.089263916015625014 10.500000000000002 2.5000000000000004 0.51782226562500011 1 2 2.9853515625000004 3 4 5 6 7 8 1.2143554687500002 9 10 49.500000000000007 11
decision_type=2 10 2 2 2 1 2 2 2 2 2 2 2 2 2 2 9 9 10 9 9 9 9 9 9 2 9 9 2 9
left_child=1 -1 6 5 -4 8 15 14 16 11 25 -6 21 29 -5 -2 -3 -18 19 -19 -21 -7 -22 -24 -25 -8 -20 -28 -15 -11
right_child=2 3 4 7 9 12 10 -9 -10 13 -12 -13 -14 28 -16 -17 17 18 26 20 22 -23 23 24 -26 -27 27 -29 -30 -31
leaf_value=0 0 0 0 0 0.0081115907375310103 0.0042628795167154124 0 0 0 -0.0043054446775765993 0 0 0 0.042555458568117467 0 0 0 0 0.024310543382208245 0 0 0 0 0 0 0 0 0 0.87931279893925895 0.0011189850480643471
leaf_weight=4726430 391716 66567 251833 575663 249672 3842 952597 85369 165785 129240 1006167 621337 995594 423860 1433300 403652 81100 51060 4102 56912 49355 1451148 58048 57646 601334 22441 6088 846357 17857 6532608
leaf_count=4726430 391716 66567 251833 575663 249672 3842 952597 85369 165785 129240 1006167 621337 995594 423860 1433300 403652 81100 51060 4102 56912 49355 1451148 58048 57646 601334 22441 6088 846357 17857 6532608
internal_value=-0.0109356 -0.0199497 -0.00166534 -0.0163272 0.000155217 -0.0179056 -0.00705929 -0.0129393 -0.0163865 0.000358351 -0.00817345 -0.00197951 -0.0191728 0.000645011 -0.0132875 -0.00428399 -0.0168674 -0.016631 -0.0163624 -0.0151408 -0.0147244 -0.0201123 -0.014236 -0.0137985 -0.0132548 -0.00982731 -0.0176097 -0.0177086 0.00318592 0.000476534
internal_weight=2.23187e+07 1.13157e+07 1.1003e+07 6.58927e+06 8.22641e+06 4.49494e+06 2.77657e+06 2.09433e+06 2.04435e+06 7.97457e+06 1.9812e+06 871009 2.45058e+06 7.10356e+06 2.00896e+06 795368 1.87857e+06 1.812e+06 1.7309e+06 874355 823295 1.45499e+06 766383 717028 658980 975038 856547 852445 441717 6.66185e+06
internal_count=22318680 11315700 11002980 6589270 8226407 4494938 2776573 2094332 2044354 7974574 1981205 871009 2450584 7103565 2008963 795368 1878569 1812002 1730902 874355 823295 1454990 766383 717028 658980 975038 856547 852445 441717 6661848
cat_boundaries=0 1 81 160 239 318 413 490 565 640 719 798 799
cat_threshold=39 0 0 8192 0 65536 0 268435456 0 0 134217728 131072 0 16777216 2147483776 4194304 0 0 262400 0 1 67108864 8 0 0 144 8388608 0 512 0 536870912 0 0 0 0 0 0 0 0 0 0 0 1073741824 0 0 33554432 0 0 0 0 0 0 0 0 0 0 0 0 0 0 0 0 0 536870912 524288 0 128 2147483648 0 0 0 128 2 16908288 0 32 0 0 0 256 2 131072 536870944 262208 0 0 0 0 0 256 0 2048 0 0 0 2048 0 1048576 0 0 0 0 0 2147483648 0 0 0 0 0 1073742336 1048576 16 0 0 0 524288 16384 512 0 67108864 0 0 0 134217732 0 0 0 0 0 0 0 0 0 0 0 0 0 0 0 0 0 0 0 0 8 16793600 0 538968576 0 0 0 0 1048576 134217728 8404992 0 4194304 0 0 262144 16 2147483648 16777728 18350080 4194304 0 18874368 0 0 2147483648 0 0 524288 0 0 0 0 0 0 0 0 0 2 671088640 0 134217728 16 0 2147484672 0 134217728 0 0 2097152 4 0 150994944 0 0 1074003968 0 0 0 8388608 0 0 0 0 0 0 0 0 0 0 0 0 0 0 0 0 0 0 0 0 0 0 0 0 18 0 0 0 4 0 4096 0 0 0 16777216 0 32768 2048 134250600 0 0 0 0 0 0 8192 0 0 524288 0 0 0 1024 0 2148007936 2147516416 4 0 0 0 4096 32768 2048 0 33554432 33554434 0 1024 8 0 2147483648 0 0 16 1048576 0 2048 16384 16384 0 0 0 0 0 0 0 0 0 0 0 0 0 0 0 0 0 0 0 0 0 131072 0 0 0 0 0 0 0 0 0 0 0 0 335544320 0 0 0 0 0 0 0 0 0 0 0 0 0 0 0 0 0 0 0 0 0 0 0 0 0 0 0 0 0 0 0 0 0 0 0 0 0 0 0 0 0 0 0 0 0 67110912 524416 2148532224 1073741824 692224 2048 570425344 0 524288 524288 2097152 8388640 403701760 0 0 0 0 0 0 0 0 0 0 0 0 0 0 0 0 0 0 0 0 0 0 131072 0 524288 131072 32 256 0 0 268435456 0 0 536871424 0 0 8404992 0 262144 0 0 1024 0 1 131072 0 524288 537395200 0 0 0 0 2147483648 0 0 20480 0 268435456 0 0 0 0 0 8388608 16 0 0 2147483648 2147484160 0 1140850688 0 1073741824 8 1 2097152 136315024 0 1048576 0 524288 0 0 0 0 0 0 0 0 0 0 0 0 0 0 0 0 0 0 0 0 0 1024 131080 0 0 0 0 0 0 0 0 0 1073741824 0 0 545259520 4 0 16 256 0 0 8192 32768 0 0 0 0 8388608 0 0 67108864 4194336 0 0 33555456 2147483648 32832 0 0 0 0 2147483648 0 0 0 0 0 4 327680 0 128 268435456 0 0 65536 2147483648 3 0 0 0 0 0 0 0 0 0 0 0 0 0 0 0 0 0 0 64 256 0 0 0 1048576 0 65536 0 0 0 536887296 64 2 16 0 0 33554432 0 0 0 8 0 0 262144 0 4098 0 134217728 0 0 0 1 0 4227072 67108928 67108864 524288 0 0 0 0 4096 0 2147483648 512 0 0 0 536870912 2 524288 2 262144 268435456 16777216 17891328 0 0 0 0 0 0 0 0 0 0 0 0 0 0 0 0 0 0 1048576 0 0 0 0 0 0 134217728 0 0 0 8388608 0 0 0 0 0 0 0 0 0 268435968 64 0 0 0 65536 0 0 4096 0 0 0 8224 64 4096 0 1097728 0 0 0 0 17825792 8192 0 0 537133057 64 64 524288 0 0 0 8 0 0 0 0 0 0 0 0 0 0 0 0 0 0 0 0 0 0 0 0 0 0 0 268435488 0 536870912 512 0 32 16777216 536870912 2147483664 0 0 0 0 1024 12582912 0 0 0 0 0 0 2097152 0 0 0 0 0 256 0 0 0 524288 0 0 0 0 142606352 0 0 16 2 0 0 0 32 0 0 16 0 0 0 0 16777216 65536 0 16384 0 0 16384 0 0 0 0 0 0 0 0 0 0 0 0 0 0 0 0 0 0 16809984 0 50350082 0 0 0 536870912 2097156 0 0 0 0 67108864 65540 67125248 128 402948370
is_linear=0
shrinkage=0.05


Tree=73
num_leaves=31
num_cat=11
split_feature=20 16 20 20 19 1 6 19 19 20 20 6 20 6 20 0 17 0 16 0 0 0 0 0 0 19 20 0 0 20
split_gain=744854 82808.1 42993.7 14094.8 4274.45 3458.66 3434.2 2390.01 2142.07 2102.25 2100.58 1520.57 1264.19 1207.68 1194.19 1138.52 1132.11 1112.72 1054.95 974.104 1055.15 927.97 849.978 960.071 911.893 849.712 742.303 698.909 718.086 679.818
threshold=0.37500000000000006 1.0000000180025095e-35 0.69653320312500011 0.19641113281250003 0.21423339843750003 0 2.5000000000000004 0.78564453125000011 0.21423339843750003 0.83911132812500011 0.51782226562500011 2.5000000000000004 0.089263916015625014 2.5000000000000004 0.51782226562500011 1 8.5000000000000018 2 2.9853515625000004 3 4 5 6 7 8 1.2143554687500002 48.453125000000007 9 10 0.26782226562500006
decision_type=2 10 2 2 2 1 2 2 2 2 2 2 2 2 2 9 2 9 10 9 9 9 9 9 9 2 2 9 9 2
left_child=1 -1 6 5 -4 8 14 13 15 11 25 -6 21 -5 -2 -3 -11 -17 19 -19 -21 -7 -22 -24 -25 -8 -18 -20 -29 -15
right_child=2 3 4 7 9 12 10 -9 -10 16 -12 -13 -14 29 -16 17 26 18 27 20 22 -23 23 24 -26 -27 -28 28 -30 -31
leaf_value=0 0 0 0 0 0.0077060112006544614 0.0040497355408796402 0 0 0 0.00087189463264679694 0 0 0 0 0 0 0.033047363922083718 0 0.023095016213097831 0 0 0 0 0 0 0 1.181540215155209 0 0 0
leaf_weight=4726430 391716 66567 251833 575663 249672 3842 952597 85369 165785 6491789 1006167 621337 995594 624874 403652 81100 598958 51060 4102 56912 49355 1451148 58048 57646 601334 22441 12818 6088 846357 808426
leaf_count=4726430 391716 66567 251833 575663 249672 3842 952597 85369 165785 6491789 1006167 621337 995594 624874 403652 81100 598958 51060 4102 56912 49355 1451148 58048 57646 601334 22441 12818 6088 846357 808426
internal_value=-0.0109426 -0.0199497 -0.00167946 -0.0163272 0.000136332 -0.0179056 -0.00705929 -0.0129393 -0.0163865 0.000338871 -0.00817345 -0.00197951 -0.0191728 -0.0132875 -0.00428399 -0.0168674 0.000623141 -0.016631 -0.0163624 -0.0151408 -0.0147244 -0.0201123 -0.014236 -0.0137985 -0.0132548 -0.00982731 0.00267933 -0.0176097 -0.0177086 -0.0140644
internal_weight=2.23187e+07 1.13157e+07 1.1003e+07 6.58927e+06 8.22641e+06 4.49494e+06 2.77657e+06 2.09433e+06 2.04435e+06 7.97457e+06 1.9812e+06 871009 2.45058e+06 2.00896e+06 795368 1.87857e+06 7.10356e+06 1.812e+06 1.7309e+06 874355 823295 1.45499e+06 766383 717028 658980 975038 611776 856547 852445 1.4333e+06
internal_count=22318680 11315700 11002980 6589270 8226407 4494938 2776573 2094332 2044354 7974574 1981205 871009 2450584 2008963 795368 1878569 7103565 1812002 1730902 874355 823295 1454990 766383 717028 658980 975038 611776 856547 852445 1433300
cat_boundaries=0 1 81 160 239 318 413 490 565 640 719 798
cat_threshold=39 0 0 8192 0 65536 0 268435456 0 0 134217728 131072 0 16777216 2147483776 4194304 0 0 262400 0 1 67108864 8 0 0 144 8388608 0 512 0 536870912 0 0 0 0 0 0 0 0 0 0 0 1073741824 0 0 33554432 0 0 0 0 0 0 0 0 0 0 0 0 0 0 0 0 0 536870912 524288 0 128 2147483648 0 0 0 128 2 16908288 0 32 0 0 0 256 2 131072 536870944 262208 0 0 0 0 0 256 0 2048 0 0 0 2048 0 1048576 0 0 0 0 0 2147483648 0 0 0 0 0 1073742336 1048576 16 0 0 0 524288 16384 512 0 67108864 0 0 0 134217732 0 0 0 0 0 0 0 0 0 0 0 0 0 0 0 0 0 0 0 0 8 16793600 0 538968576 0 0 0 0 1048576 134217728 8404992 0 4194304 0 0 262144 16 2147483648 16777728 18350080 4194304 0 18874368 0 0 2147483648 0 0 524288 0 0 0 0 0 0 0 0 0 2 671088640 0 134217728 16 0 2147484672 0 134217728 0 0 2097152 4 0 150994944 0 0 1074003968 0 0 0 8388608 0 0 0 0 0 0 0 0 0 0 0 0 0 0 0 0 0 0 0 0 0 0 0 0 18 0 0 0 4 0 4096 0 0 0 16777216 0 32768 2048 134250600 0 0 0 0 0 0 8192 0 0 524288 0 0 0 1024 0 2148007936 2147516416 4 0 0 0 4096 32768 2048 0 33554432 33554434 0 1024 8 0 2147483648 0 0 16 1048576 0 2048 16384 16384 0 0 0 0 0 0 0 0 0 0 0 0 0 0 0 0 0 0 0 0 0 131072 0 0 0 0 0 0 0 0 0 0 0 0 335544320 0 0 0 0 0 0 0 0 0 0 0 0 0 0 0 0 0 0 0 0 0 0 0 0 0 0 0 0 0 0 0 0 0 0 0 0 0 0 0 0 0 0 0 0 0 67110912 524416 2148532224 1073741824 692224 2048 570425344 0 524288 524288 2097152 8388640 403701760 0 0 0 0 0 0 0 0 0 0 0 0 0 0 0 0 0 0 0 0 0 0 131072 0 524288 131072 32 256 0 0 268435456 0 0 536871424 0 0 8404992 0 262144 0 0 1024 0 1 131072 0 524288 537395200 0 0 0 0 2147483648 0 0 20480 0 268435456 0 0 0 0 0 8388608 16 0 0 2147483648 2147484160 0 1140850688 0 1073741824 8 1 2097152 136315024 0 1048576 0 524288 0 0 0 0 0 0 0 0 0 0 0 0 0 0 0 0 0 0 0 0 0 1024 131080 0 0 0 0 0 0 0 0 0 1073741824 0 0 545259520 4 0 16 256 0 0 8192 32768 0 0 0 0 8388608 0 0 67108864 4194336 0 0 33555456 2147483648 32832 0 0 0 0 2147483648 0 0 0 0 0 4 327680 0 128 268435456 0 0 65536 2147483648 3 0 0 0 0 0 0 0 0 0 0 0 0 0 0 0 0 0 0 64 256 0 0 0 1048576 0 65536 0 0 0 536887296 64 2 16 0 0 33554432 0 0 0 8 0 0 262144 0 4098 0 134217728 0 0 0 1 0 4227072 67108928 67108864 524288 0 0 0 0 4096 0 2147483648 512 0 0 0 536870912 2 524288 2 262144 268435456 16777216 17891328 0 0 0 0 0 0 0 0 0 0 0 0 0 0 0 0 0 0 1048576 0 0 0 0 0 0 134217728 0 0 0 8388608 0 0 0 0 0 0 0 0 0 268435968 64 0 0 0 65536 0 0 4096 0 0 0 8224 64 4096 0 1097728 0 0 0 0 17825792 8192 0 0 537133057 64 64 524288 0 0 0 8 0 0 0 0 0 0 0 0 0 0 0 0 0 0 0 0 0 0 0 0 0 0 0 268435488 0 536870912 512 0 32 16777216 536870912 2147483664 0 0 0 0 1024 12582912 0 0 0 0 0 0 2097152 0 0 0 0 0 256 0 0 0 524288 0 0 0 0 142606352 0 0 16 2 0 0 0 32 0 0 16 0 0 0 0 16777216 65536 0 16384 0 0 16384 0 0 0 0 0 0 0 0 0 0 0 0 0 0 0 0 0 0 16809984 0 50350082 0 0 0 536870912 2097156 0 0 0 0 67108864 65540 67125248 128
is_linear=0
shrinkage=0.05


Tree=74
num_leaves=31
num_cat=12
split_feature=20 16 20 20 19 1 6 19 19 20 20 6 20 6 20 0 0 20 16 0 0 0 0 0 0 19 6 0 0 0
split_gain=743045 82808.1 42639.5 14094.8 4234.95 3458.66 3434.2 2390.01 2142.07 2100.58 2047.05 1520.57 1264.19 1207.68 1194.19 1138.52 1112.72 1080.48 1054.95 974.104 1055.15 927.97 849.978 960.071 911.893 849.712 766.884 717.923 698.909 718.086
threshold=0.37500000000000006 1.0000000180025095e-35 0.69653320312500011 0.19641113281250003 0.21423339843750003 0 2.5000000000000004 0.78564453125000011 0.21423339843750003 0.51782226562500011 0.83911132812500011 2.5000000000000004 0.089263916015625014 2.5000000000000004 0.51782226562500011 1 2 8.5546875000000018 2.9853515625000004 3 4 5 6 7 8 1.2143554687500002 2.5000000000000004 9 10 11
decision_type=2 10 2 2 2 1 2 2 2 2 2 2 2 2 2 9 9 2 10 9 9 9 9 9 9 2 2 9 9 9
left_child=1 -1 6 5 -4 8 14 13 15 25 11 -6 21 -5 -2 -3 -17 27 19 -18 -21 -7 -22 -24 -25 -8 -19 -12 -20 -30
right_child=2 3 4 7 10 12 9 -9 -10 -11 17 -13 -14 -15 -16 16 18 26 28 20 22 -23 23 24 -26 -27 -28 -29 29 -31
leaf_value=0 0 0 0 0 0.0073207106406217365 0.0038472487638356589 0 0 0 0 0.041537295899666496 0 0 0 0 0 0 0.1244048873516289 0.021940265402442941 0 0 0 0 0 0 0 0.026999971592499339 0.00074371063303086413 0 0
leaf_weight=4726430 391716 66567 251833 575663 249672 3842 952597 85369 165785 1006167 94004 621337 995594 1433300 403652 81100 51060 138055 4102 56912 49355 1451148 58048 57646 601334 22441 344430 6527076 6088 846357
leaf_count=4726430 391716 66567 251833 575663 249672 3842 952597 85369 165785 1006167 94004 621337 995594 1433300 403652 81100 51060 138055 4102 56912 49355 1451148 58048 57646 601334 22441 344430 6527076 6088 846357
internal_value=-0.0109535 -0.0199497 -0.00170167 -0.0163272 0.000106629 -0.0179056 -0.00705929 -0.0129393 -0.0163865 -0.00817345 0.00030823 -0.00197951 -0.0191728 -0.0132875 -0.00428399 -0.0168674 -0.016631 0.000588743 -0.0163624 -0.0151408 -0.0147244 -0.0201123 -0.014236 -0.0137985 -0.0132548 -0.00982731 0.00287309 0.00042228 -0.0176097 -0.0177086
internal_weight=2.23187e+07 1.13157e+07 1.1003e+07 6.58927e+06 8.22641e+06 4.49494e+06 2.77657e+06 2.09433e+06 2.04435e+06 1.9812e+06 7.97457e+06 871009 2.45058e+06 2.00896e+06 795368 1.87857e+06 1.812e+06 7.10356e+06 1.7309e+06 874355 823295 1.45499e+06 766383 717028 658980 975038 482485 6.62108e+06 856547 852445
internal_count=22318680 11315700 11002980 6589270 8226407 4494938 2776573 2094332 2044354 1981205 7974574 871009 2450584 2008963 795368 1878569 1812002 7103565 1730902 874355 823295 1454990 766383 717028 658980 975038 482485 6621080 856547 852445
cat_boundaries=0 1 81 160 239 318 413 490 565 640 729 808 887
cat_threshold=39 0 0 8192 0 65536 0 268435456 0 0 134217728 131072 0 16777216 2147483776 4194304 0 0 262400 0 1 67108864 8 0 0 144 8388608 0 512 0 536870912 0 0 0 0 0 0 0 0 0 0 0 1073741824 0 0 33554432 0 0 0 0 0 0 0 0 0 0 0 0 0 0 0 0 0 536870912 524288 0 128 2147483648 0 0 0 128 2 16908288 0 32 0 0 0 256 2 131072 536870944 262208 0 0 0 0 0 256 0 2048 0 0 0 2048 0 1048576 0 0 0 0 0 2147483648 0 0 0 0 0 1073742336 1048576 16 0 0 0 524288 16384 512 0 67108864 0 0 0 134217732 0 0 0 0 0 0 0 0 0 0 0 0 0 0 0 0 0 0 0 0 8 16793600 0 538968576 0 0 0 0 1048576 134217728 8404992 0 4194304 0 0 262144 16 2147483648 16777728 18350080 4194304 0 18874368 0 0 2147483648 0 0 524288 0 0 0 0 0 0 0 0 0 2 671088640 0 134217728 16 0 2147484672 0 134217728 0 0 2097152 4 0 150994944 0 0 1074003968 0 0 0 8388608 0 0 0 0 0 0 0 0 0 0 0 0 0 0 0 0 0 0 0 0 0 0 0 0 18 0 0 0 4 0 4096 0 0 0 16777216 0 32768 2048 134250600 0 0 0 0 0 0 8192 0 0 524288 0 0 0 1024 0 2148007936 2147516416 4 0 0 0 4096 32768 2048 0 33554432 33554434 0 1024 8 0 2147483648 0 0 16 1048576 0 2048 16384 16384 0 0 0 0 0 0 0 0 0 0 0 0 0 0 0 0 0 0 0 0 0 131072 0 0 0 0 0 0 0 0 0 0 0 0 335544320 0 0 0 0 0 0 0 0 0 0 0 0 0 0 0 0 0 0 0 0 0 0 0 0 0 0 0 0 0 0 0 0 0 0 0 0 0 0 0 0 0 0 0 0 0 67110912 524416 2148532224 1073741824 692224 2048 570425344 0 524288 524288 2097152 8388640 403701760 0 0 0 0 0 0 0 0 0 0 0 0 0 0 0 0 0 0 0 0 0 0 131072 0 524288 131072 32 256 0 0 268435456 0 0 536871424 0 0 8404992 0 262144 0 0 1024 0 1 131072 0 524288 537395200 0 0 0 0 2147483648 0 0 20480 0 268435456 0 0 0 0 0 8388608 16 0 0 2147483648 2147484160 0 1140850688 0 1073741824 8 1 2097152 136315024 0 1048576 0 524288 0 0 0 0 0 0 0 0 0 0 0 0 0 0 0 0 0 0 0 0 0 1024 131080 0 0 0 0 0 0 0 0 0 1073741824 0 0 545259520 4 0 16 256 0 0 8192 32768 0 0 0 0 8388608 0 0 67108864 4194336 0 0 33555456 2147483648 32832 0 0 0 0 2147483648 0 0 0 0 0 4 327680 0 128 268435456 0 0 65536 2147483648 3 0 0 0 0 0 0 0 0 0 0 0 0 0 0 0 0 0 0 64 256 0 0 0 1048576 0 65536 0 0 0 536887296 64 2 16 0 0 33554432 0 0 0 8 0 0 262144 0 4098 0 134217728 0 0 0 1 0 4227072 67108928 67108864 524288 0 0 0 0 4096 0 2147483648 512 0 0 0 536870912 2 524288 2 262144 268435456 16777216 17891328 0 0 0 0 0 0 0 0 0 0 0 0 0 0 0 0 0 0 1048576 0 0 0 0 0 0 134217728 0 0 0 8388608 65536 4096 524288 0 1073741824 0 4194320 0 0 0 0 0 0 1048576 0 0 0 0 0 0 0 1073741824 0 1 0 16384 0 1073741825 536870912 12 268435456 0 0 262144 32769 256 66 16384 0 1 134225920 4194306 0 0 512 0 8388608 0 0 0 0 0 0 0 0 0 0 0 0 0 0 0 0 0 0 0 0 0 4096 0 0 0 0 0 0 0 0 0 0 0 0 0 0 0 0 0 0 0 16384 0 0 0 0 0 0 0 0 0 268435968 64 0 0 0 65536 0 0 4096 0 0 0 8224 64 4096 0 1097728 0 0 0 0 17825792 8192 0 0 537133057 64 64 524288 0 0 0 8 0 0 0 0 0 0 0 0 0 0 0 0 0 0 0 0 0 0 0 0 0 0 0 268435488 0 536870912 512 0 32 16777216 536870912 2147483664 0 0 0 0 1024 12582912 0 0 0 0 0 0 2097152 0 0 0 0 0 256 0 0 0 524288 0 0 0 0 142606352 0 0 16 2 0 0 0 32 0 0 16 0 0 0 0 16777216 65536 0 16384 0 0 16384 0 0 0 0 0 0 0 0 0 0 0 0 0 0 0 0 0 0 16809984 0 50350082 0 0 0 536870912 2097156 0 0 0 0 67108864 65540 67125248 128
is_linear=0
shrinkage=0.05


Tree=75
num_leaves=31
num_cat=11
split_feature=20 16 20 20 19 1 6 19 19 20 20 6 20 6 20 0 0 0 16 0 0 0 0 0 0 19 6 20 20 3
split_gain=741599 82804 42355.4 14096.6 4203.28 3456.96 3434.2 2390.01 2142.61 2100.58 2003.14 1520.57 1264.19 1207.68 1194.19 1138.26 1112.42 1101.4 1056.35 974.104 1055.15 927.97 849.978 960.071 911.893 849.712 822.532 979.571 816.56 802.796
threshold=0.37500000000000006 1.0000000180025095e-35 0.69653320312500011 0.19641113281250003 0.21423339843750003 0 2.5000000000000004 0.78564453125000011 0.21423339843750003 0.51782226562500011 0.83911132812500011 2.5000000000000004 0.089263916015625014 2.5000000000000004 0.51782226562500011 1 2 3 2.9853515625000004 4 5 6 7 8 9 1.2143554687500002 2.5000000000000004 1.6962890625000002 1.2319335937500002 10
decision_type=2 10 2 2 2 1 2 2 2 2 2 2 2 2 2 9 9 9 10 9 9 9 9 9 9 2 2 2 2 1
left_child=1 -1 6 5 -4 8 14 13 15 25 11 -6 21 -5 -2 -3 -17 -12 19 -18 -21 -7 -22 -24 -25 -8 27 28 -19 -28
right_child=2 3 4 7 10 12 9 -9 -10 -11 17 -13 -14 -15 -16 16 18 26 -20 20 22 -23 23 24 -26 -27 29 -29 -30 -31
leaf_value=0 0 0 0 0 0.0069546751085906473 0.0036548863256438747 0 0 0 0 0.040063799783117561 0 0 0 0 0 0 0.0010835586788498276 0 0 0 0 0 0 0 0 0.0020688186924174737 0.017710445102143858 -0.0021694751298415582 -0.0001367295156871004
leaf_weight=4726430 391716 66567 251833 575663 249672 3842 952597 85369 165785 1006167 155755 621337 995594 1433300 403652 81100 51060 522372 856547 56912 49355 1451148 58048 57646 601334 22441 1600693 1075527 390094 3359124
leaf_count=4726430 391716 66567 251833 575663 249672 3842 952597 85369 165785 1006167 155755 621337 995594 1433300 403652 81100 51060 522372 856547 56912 49355 1451148 58048 57646 601334 22441 1600693 1075527 390094 3359124
internal_value=-0.0109624 -0.0199498 -0.00171955 -0.0163274 8.27123e-05 -0.017906 -0.00705929 -0.0129393 -0.0163872 -0.00817345 0.000283557 -0.00197951 -0.0191728 -0.0132875 -0.00428399 -0.0168681 -0.0166318 0.000561046 -0.0163633 -0.0151408 -0.0147244 -0.0201123 -0.014236 -0.0137985 -0.0132548 -0.00982731 0.000467823 0.00132713 0.000122142 0.000123397
internal_weight=2.23187e+07 1.13157e+07 1.1003e+07 6.58927e+06 8.22641e+06 4.49494e+06 2.77657e+06 2.09433e+06 2.04435e+06 1.9812e+06 7.97457e+06 871009 2.45058e+06 2.00896e+06 795368 1.87857e+06 1.812e+06 7.10356e+06 1.7309e+06 874355 823295 1.45499e+06 766383 717028 658980 975038 6.94781e+06 1.98799e+06 912466 4.95982e+06
internal_count=22318680 11315700 11002980 6589270 8226407 4494938 2776573 2094332 2044354 1981205 7974574 871009 2450584 2008963 795368 1878569 1812002 7103565 1730902 874355 823295 1454990 766383 717028 658980 975038 6947810 1987993 912466 4959817
cat_boundaries=0 1 81 160 254 333 412 507 584 659 734 735
cat_threshold=39 0 0 8192 0 65536 0 268435456 0 0 134217728 131072 0 16777216 2147483776 4194304 0 0 262400 0 1 67108864 8 0 0 144 8388608 0 512 0 536870912 0 0 0 0 0 0 0 0 0 0 0 1073741824 0 0 33554432 0 0 0 0 0 0 0 0 0 0 0 0 0 0 0 0 0 536870912 524288 0 128 2147483648 0 0 0 128 2 16908288 0 32 0 0 0 256 2 131072 536870944 262208 0 0 0 0 0 256 0 2048 0 0 0 2048 0 1048576 0 0 0 0 0 2147483648 0 0 0 0 0 1073742336 1048576 16 0 0 0 524288 16384 512 0 67108864 0 0 0 134217732 0 0 0 0 0 0 0 0 0 0 0 0 0 0 0 0 0 0 0 0 8 16793600 0 538968576 0 0 0 0 1048576 134217728 8404992 0 4194304 0 0 262144 0 0 1048576 0 0 0 0 16 0 0 0 0 0 2147483648 0 0 134217730 0 0 0 0 1073741824 268435456 0 0 16384 0 1 65536 0 16777216 0 0 0 0 0 0 49152 0 33554432 0 0 2080 268435456 512 0 0 512 0 0 33554432 0 0 0 0 0 0 0 0 0 0 0 0 0 131074 268435456 8 16 0 0 1024 131072 1073741824 1024 0 0 0 0 0 0 0 0 0 0 0 0 268435456 524288 0 0 0 0 0 128 16 2147483648 16777728 18350080 4194304 0 18874368 0 0 2147483648 0 0 524288 0 0 0 0 0 0 0 0 0 2 671088640 0 134217728 16 0 2147484672 0 134217728 0 0 2097152 4 0 150994944 0 0 1074003968 0 0 0 8388608 0 0 0 0 0 0 0 0 0 0 0 0 0 0 0 0 0 0 0 0 0 0 0 0 18 0 0 0 4 0 4096 0 0 0 16777216 0 32768 2048 134250600 0 0 0 0 0 0 8192 0 0 524288 0 0 0 1024 0 2148007936 2147516416 4 0 0 0 4096 32768 2048 0 33554432 33554434 0 1024 8 0 2147483648 0 0 16 1048576 0 2048 16384 16384 0 0 0 0 0 0 0 0 0 0 0 0 0 0 0 0 0 0 0 0 0 131072 0 0 0 0 0 0 0 0 0 0 0 0 335544320 0 0 0 0 0 0 0 0 0 0 0 0 0 0 0 0 0 0 0 0 0 0 0 0 0 0 0 0 0 0 0 0 0 0 0 0 0 0 0 0 0 0 0 0 0 67110912 524416 2148532224 1073741824 692224 2048 570425344 0 524288 524288 2097152 8388640 403701760 0 0 0 0 0 0 0 0 0 0 0 0 0 0 0 0 0 0 0 0 0 0 131072 0 524288 131072 32 256 0 0 268435456 0 0 536871424 0 0 8404992 0 262144 0 0 1024 0 1 131072 0 524288 537395200 0 0 0 0 2147483648 0 0 20480 0 268435456 0 0 0 0 0 8388608 16 0 0 2147483648 2147484160 0 1140850688 0 1073741824 8 1 2097152 136315024 0 1048576 0 524288 0 0 0 0 0 0 0 0 0 0 0 0 0 0 0 0 0 0 0 0 0 1024 131080 0 0 0 0 0 0 0 0 0 1073741824 0 0 545259520 4 0 16 256 0 0 8192 32768 0 0 0 0 8388608 0 0 67108864 4194336 0 0 33555456 2147483648 32832 0 0 0 0 2147483648 0 0 0 0 0 4 327680 0 128 268435456 0 0 65536 2147483648 3 0 0 0 0 0 0 0 0 0 0 0 0 0 0 0 0 0 0 64 256 0 0 0 1048576 0 65536 0 0 0 536887296 64 2 16 0 0 33554432 0 0 0 8 0 0 262144 0 4098 0 134217728 0 0 0 1 0 4227072 67108928 67108864 524288 0 0 0 0 4096 0 2147483648 512 0 0 0 536870912 2 524288 2 262144 268435456 16777216 17891328 0 0 0 0 0 0 0 0 0 0 0 0 0 0 0 0 0 0 1048576 0 0 0 0 0 0 134217728 0 0 0 8388608 4
is_linear=0
shrinkage=0.05


Tree=76
num_leaves=31
num_cat=13
split_feature=20 16 20 20 19 1 6 19 19 20 20 6 20 6 20 0 0 0 16 0 0 0 0 0 0 19 5 20 0 0
split_gain=740099 82804 42063.2 14096.6 4170.72 3456.96 3434.2 2390.01 2142.61 2100.58 1958.33 1520.57 1264.19 1207.68 1194.19 1138.26 1112.42 1075.98 1056.35 974.104 1055.15 927.97 849.978 960.071 911.893 849.712 797.905 931.933 703.164 704.227
threshold=0.37500000000000006 1.0000000180025095e-35 0.69653320312500011 0.19641113281250003 0.21423339843750003 0 2.5000000000000004 0.78564453125000011 0.21423339843750003 0.51782226562500011 0.83911132812500011 2.5000000000000004 0.089263916015625014 2.5000000000000004 0.51782226562500011 1 2 3 2.9853515625000004 4 5 6 7 8 9 1.2143554687500002 10 1.8393554687500002 11 12
decision_type=2 10 2 2 2 1 2 2 2 2 2 2 2 2 2 9 9 9 10 9 9 9 9 9 9 2 1 2 9 9
left_child=1 -1 6 5 -4 8 14 13 15 25 11 -6 21 -5 -2 -3 -17 -12 19 -18 -21 -7 -22 -24 -25 -8 27 -19 -20 -30
right_child=2 3 4 7 10 12 9 -9 -10 -11 17 -13 -14 -15 -16 16 18 26 28 20 22 -23 23 24 -26 -27 -28 -29 29 -31
leaf_value=0 0 0 0 0 0.0066069413531611165 0.0034721420093616786 0 0 0 0 0.042972438870484631 0 0 0 0 0 0 0.00020134661815925938 0.020843252132320789 0 0 0 0 0 0 0 -0.00012989303990274537 0.013653571089335827 0 0
leaf_weight=4726430 391716 66567 251833 575663 249672 3842 952597 85369 165785 1006167 163164 621337 995594 1433300 403652 81100 51060 2000500 4190 56912 49355 1451148 58048 57646 601334 22441 2970315 1969586 6023 846334
leaf_count=4726430 391716 66567 251833 575663 249672 3842 952597 85369 165785 1006167 163164 621337 995594 1433300 403652 81100 51060 2000500 4190 56912 49355 1451148 58048 57646 601334 22441 2970315 1969586 6023 846334
internal_value=-0.0109715 -0.0199498 -0.001738 -0.0163274 5.80357e-05 -0.017906 -0.00705929 -0.0129393 -0.0163872 -0.00817345 0.000258102 -0.00197951 -0.0191728 -0.0132875 -0.00428399 -0.0168681 -0.0166318 0.000532469 -0.0163633 -0.0151408 -0.0147244 -0.0201123 -0.014236 -0.0137985 -0.0132548 -0.00982731 0.000438112 0.00090183 -0.0176113 -0.0177116
internal_weight=2.23187e+07 1.13157e+07 1.1003e+07 6.58927e+06 8.22641e+06 4.49494e+06 2.77657e+06 2.09433e+06 2.04435e+06 1.9812e+06 7.97457e+06 871009 2.45058e+06 2.00896e+06 795368 1.87857e+06 1.812e+06 7.10356e+06 1.7309e+06 874355 823295 1.45499e+06 766383 717028 658980 975038 6.9404e+06 3.97009e+06 856547 852357
internal_count=22318680 11315700 11002980 6589270 8226407 4494938 2776573 2094332 2044354 1981205 7974574 871009 2450584 2008963 795368 1878569 1812002 7103565 1730902 874355 823295 1454990 766383 717028 658980 975038 6940401 3970086 856547 852357
cat_boundaries=0 1 81 160 248 327 406 501 578 653 728 729 808 887
cat_threshold=39 0 0 8192 0 65536 0 268435456 0 0 134217728 131072 0 16777216 2147483776 4194304 0 0 262400 0 1 67108864 8 0 0 144 8388608 0 512 0 536870912 0 0 0 0 0 0 0 0 0 0 0 1073741824 0 0 33554432 0 0 0 0 0 0 0 0 0 0 0 0 0 0 0 0 0 536870912 524288 0 128 2147483648 0 0 0 128 2 16908288 0 32 0 0 0 256 2 131072 536870944 262208 0 0 0 0 0 256 0 2048 0 0 0 2048 0 1048576 0 0 0 0 0 2147483648 0 0 0 0 0 1073742336 1048576 16 0 0 0 524288 16384 512 0 67108864 0 0 0 134217732 0 0 0 0 0 0 0 0 0 0 0 0 0 0 0 0 0 0 0 0 8 16793600 0 538968576 0 0 0 0 1048576 134217728 8404992 0 4194304 0 0 262144 0 0 0 2 0 0 0 0 0 0 0 0 0 0 0 0 0 4096 512 4 0 1073741824 268435456 0 0 0 0 65 0 8200 2 67108864 0 536887296 0 0 0 49152 2147483648 65536 0 0 544 0 512 0 16384 0 0 0 0 33554432 0 0 0 0 0 0 0 0 0 0 0 0 0 268435456 0 1073741824 0 0 0 32 536870912 0 0 0 0 0 2147491844 0 0 0 1073741824 0 0 0 0 524288 16 2147483648 16777728 18350080 4194304 0 18874368 0 0 2147483648 0 0 524288 0 0 0 0 0 0 0 0 0 2 671088640 0 134217728 16 0 2147484672 0 134217728 0 0 2097152 4 0 150994944 0 0 1074003968 0 0 0 8388608 0 0 0 0 0 0 0 0 0 0 0 0 0 0 0 0 0 0 0 0 0 0 0 0 18 0 0 0 4 0 4096 0 0 0 16777216 0 32768 2048 134250600 0 0 0 0 0 0 8192 0 0 524288 0 0 0 1024 0 2148007936 2147516416 4 0 0 0 4096 32768 2048 0 33554432 33554434 0 1024 8 0 2147483648 0 0 16 1048576 0 2048 16384 16384 0 0 0 0 0 0 0 0 0 0 0 0 0 0 0 0 0 0 0 0 0 131072 0 0 0 0 0 0 0 0 0 0 0 0 335544320 0 0 0 0 0 0 0 0 0 0 0 0 0 0 0 0 0 0 0 0 0 0 0 0 0 0 0 0 0 0 0 0 0 0 0 0 0 0 0 0 0 0 0 0 0 67110912 524416 2148532224 1073741824 692224 2048 570425344 0 524288 524288 2097152 8388640 403701760 0 0 0 0 0 0 0 0 0 0 0 0 0 0 0 0 0 0 0 0 0 0 131072 0 524288 131072 32 256 0 0 268435456 0 0 536871424 0 0 8404992 0 262144 0 0 1024 0 1 131072 0 524288 537395200 0 0 0 0 2147483648 0 0 20480 0 268435456 0 0 0 0 0 8388608 16 0 0 2147483648 2147484160 0 1140850688 0 1073741824 8 1 2097152 136315024 0 1048576 0 524288 0 0 0 0 0 0 0 0 0 0 0 0 0 0 0 0 0 0 0 0 0 1024 131080 0 0 0 0 0 0 0 0 0 1073741824 0 0 545259520 4 0 16 256 0 0 8192 32768 0 0 0 0 8388608 0 0 67108864 4194336 0 0 33555456 2147483648 32832 0 0 0 0 2147483648 0 0 0 0 0 4 327680 0 128 268435456 0 0 65536 2147483648 3 0 0 0 0 0 0 0 0 0 0 0 0 0 0 0 0 0 0 64 256 0 0 0 1048576 0 65536 0 0 0 536887296 64 2 16 0 0 33554432 0 0 0 8 0 0 262144 0 4098 0 134217728 0 0 0 1 0 4227072 67108928 67108864 524288 0 0 0 0 4096 0 2147483648 512 0 0 0 536870912 2 524288 2 262144 268435456 16777216 17891328 0 0 0 0 0 0 0 0 0 0 0 0 0 0 0 0 0 0 1048576 0 0 0 0 0 0 134217728 0 0 0 8388608 15 0 0 0 0 0 0 0 0 0 268435968 64 0 0 0 65536 0 0 4096 0 0 0 8224 80 4096 0 1097728 0 0 0 0 17825792 8192 0 0 537133057 64 64 524288 0 0 0 8 0 0 0 0 0 0 0 0 0 0 0 0 0 0 0 0 0 0 0 0 0 0 0 268435488 0 536870912 512 0 0 16777216 536870912 2147483664 0 0 0 0 1024 12582912 0 0 0 0 0 0 2097152 0 0 0 0 0 256 0 0 0 524288 0 0 33554432 0 142606336 0 0 16 2 0 0 0 32 0 0 16 0 0 0 0 16777216 65536 0 16384 0 0 16384 0 0 0 0 0 0 0 0 0 0 0 0 0 0 0 0 0 0 16809984 0 50350082 0 0 0 536870912 2097156 0 0 0 0 67108864 65540 67125248 128
is_linear=0
shrinkage=0.05


Tree=77
num_leaves=31
num_cat=13
split_feature=20 16 20 20 20 19 1 19 6 20 6 19 6 16 0 20 19 0 0 0 0 0 0 0 0 6 3 0 3 6
split_gain=737982 74853.2 52024.5 10299.5 4763.74 4124.12 3433.59 2546.83 2028.16 1894.77 1706.89 1624.24 1520.57 1176.32 1293.68 1126.87 1121.82 1111.58 1104.53 1074.97 916.365 859.334 986.617 898.494 780.663 748.195 839.835 946.088 758.092 717.463
threshold=0.33935546875000006 1.0000000180025095e-35 0.69653320312500011 0.16070556640625003 0.51782226562500011 0.21423339843750003 0 0.64282226562500011 2.5000000000000004 0.83911132812500011 2.5000000000000004 0.21423339843750003 2.5000000000000004 2.9853515625000004 1 0.23211669921875003 1.2143554687500002 2 3 4 5 6 7 8 9 2.5000000000000004 10 11 12 2.5000000000000004
decision_type=2 10 2 2 2 2 1 2 2 2 2 2 2 10 9 2 2 9 9 9 9 9 9 9 9 2 1 9 1 2
left_child=1 -1 4 6 10 -4 11 15 -6 12 -2 13 -7 14 -3 -5 -12 -16 -11 -19 -8 -21 -23 -24 -15 26 -20 -28 -27 -17
right_child=2 3 5 7 8 9 20 -9 -10 18 16 -13 -14 24 17 29 -18 19 25 21 -22 22 23 -25 -26 28 27 -29 -30 -31
leaf_value=0 0 0 0 0 0 0.0062765942855030621 0.0032985349088935968 0 0 0.04979398597324243 0 0 0 0.024040746258942813 0 0 0 0 -0.0019382233744877021 0 0 0 0 0 0 0.001916328638693432 0.11383903887740875 0.0028569466547009371 -0.00012339838790760809 0
leaf_weight=4726430 499713 55469 251833 901262 403652 249672 3921 132596 1006167 177495 1217640 105643 621337 4312 57555 329876 26368 56506 347347 48038 2133682 55818 53806 574761 879256 1597429 35425 1599004 3346865 819802
leaf_count=4726430 499713 55469 251833 901262 403652 249672 3921 132596 1006167 177495 1217640 105643 621337 4312 57555 329876 26368 56506 347347 48038 2133682 55818 53806 574761 879256 1597429 35425 1599004 3346865 819802
internal_value=-0.0109846 -0.0202581 -0.00207059 -0.0166504 -0.00753081 2.25463e-05 -0.0181492 -0.013885 -0.00536957 0.000221491 -0.00927819 -0.0165966 -0.00197951 -0.0169532 -0.0156829 -0.0143192 -0.0102697 -0.0151974 0.000491369 -0.0147074 -0.0195226 -0.0141942 -0.0137398 -0.0131734 -0.0182498 0.000391556 0.0012124 0.00168689 6.25468e-05 -0.0132815
internal_weight=2.23187e+07 1.09387e+07 1.13799e+07 6.2123e+06 3.15354e+06 8.22641e+06 4.02877e+06 2.18354e+06 1.40982e+06 7.97457e+06 1.74372e+06 1.89116e+06 871009 1.78552e+06 901953 2.05094e+06 1.24401e+06 846484 7.10356e+06 788929 2.1376e+06 732423 684385 628567 883568 6.92607e+06 1.98178e+06 1.63443e+06 4.94429e+06 1.14968e+06
internal_count=22318680 10938733 11379947 6212303 3153540 8226407 4028767 2183536 1409819 7974574 1743721 1891164 871009 1785521 901953 2050940 1244008 846484 7103565 788929 2137603 732423 684385 628567 883568 6926070 1981776 1634429 4944294 1149678
cat_boundaries=0 1 80 159 236 315 410 477 552 627 706 707 797 798
cat_threshold=39 131072 2684354592 16777216 1048576 0 0 2097152 0 256 0 131072 0 0 0 0 0 0 256 0 1 67108864 8 0 0 144 0 0 0 1073742336 536870912 0 0 0 0 524288 16384 0 0 67108864 0 0 1073741824 4 0 33554432 0 0 0 0 0 0 0 0 0 0 0 0 0 0 0 0 0 0 0 0 0 536870912 0 16 0 128 0 16777220 0 32 0 0 0 262400 16 0 2560 17301504 4194304 0 16777216 0 0 2147483648 0 0 524288 524288 0 0 0 1024 0 0 0 0 2147483650 536870912 0 134217728 16 0 2147484672 1048576 134217728 0 0 0 4 0 134218240 0 0 1074003968 0 2048 0 8404992 0 0 0 0 0 0 0 0 0 0 0 0 0 0 0 0 0 0 0 0 0 0 0 0 2 0 0 0 0 0 4096 4194304 0 0 16777216 65536 0 0 0 0 0 4194304 0 0 0 0 0 0 0 0 1024 0 0 0 0 0 1073741824 268435456 0 0 16384 64 1 2048 8204 16384 0 0 0 41943040 0 1073741826 49152 0 0 0 0 570425376 0 512 0 134217728 2048 0 0 0 0 0 0 0 32 0 134217728 0 0 0 0 0 16 0 0 0 16 0 0 0 0 0 0 8388608 1024 33554432 0 32768 0 134250600 0 0 0 0 0 0 8192 0 0 0 0 0 0 0 0 2148007936 2147516416 4 0 134217728 0 4096 0 2048 0 33554432 33554434 2147483648 1024 2097160 0 2147483648 16777216 0 2097168 1048576 0 0 16384 0 0 0 0 0 0 0 0 0 0 0 0 0 0 0 0 0 0 0 0 0 0 131072 0 0 0 0 0 0 0 0 0 0 1073741824 0 335544320 0 0 0 0 0 0 0 0 0 0 0 0 0 0 0 0 0 0 0 0 0 0 0 0 0 0 0 0 0 0 0 0 0 0 0 0 0 0 0 0 0 0 0 0 0 67110912 524416 2148532224 1073741824 659456 2048 570425344 0 524288 655360 2097152 8388640 403701760 0 0 0 0 0 0 0 0 0 0 0 0 0 0 0 0 0 0 0 0 0 0 131072 0 524288 131072 0 256 0 0 268435456 0 0 536871424 0 0 8404992 64 262144 0 0 1024 0 1 131072 0 0 537427968 0 0 0 0 0 0 0 20480 0 268435456 0 0 2097152 0 0 8421376 16 0 0 2147483648 512 0 1140850688 0 1073741824 262152 1 128 2097296 0 0 0 524288 0 0 0 0 0 0 0 0 0 0 0 0 0 0 0 0 0 0 0 64 0 1024 131080 0 0 545263616 4 0 33554448 256 0 0 532480 0 0 0 0 0 2155872256 0 0 67108864 4194336 0 0 33554432 2147483648 32832 524288 0 0 0 2147483648 0 0 0 0 0 4 65536 0 0 402653184 0 1048576 0 2147483648 3 0 0 0 0 0 0 0 0 0 0 0 0 0 0 0 0 0 0 0 256 0 0 0 1048576 0 65536 0 0 0 536870912 0 2 16 0 0 0 0 0 0 0 0 0 262144 0 2 0 134217728 0 0 0 1 262144 4228096 67108928 67108864 1 0 0 1 0 4096 0 0 0 0 0 0 536870912 2 524288 2147483650 0 268500992 0 286261248 0 0 0 0 0 0 0 0 0 0 0 0 0 0 0 0 0 0 1048576 0 0 2 0 0 262144 134234112 0 0 0 16384 0 0 0 0 0 0 0 0 0 268435968 64 0 0 0 65536 0 0 4096 0 0 0 8224 80 0 0 1097728 0 0 0 0 17825824 8192 0 0 537133057 64 64 524288 0 0 0 16384 0 0 0 0 0 0 0 0 0 0 0 0 0 0 0 0 0 0 0 0 0 0 0 268435488 0 536870912 512 0 0 16777216 536870912 2147483664 0 0 0 0 1024 8 0 0 0 0 0 0 0 1024 0 0 0 0 0 0 0 0 0 131072 0 0 0 1048576 0 0 0 0 0 1073741824 16 0 0 67109376 0 536870912 0 256 32768 0 8 0 536879104 4202496 0 0 0 0 0 0 33554432 0 0 0 0 0 0 0 0 0 0 0 0 0 0 65536 1073872896 268451840 8 4194304 0 0 262144 134217728 0 0 2048 0 0 67108864 2147492864 1 0 0 0 0 0 0 0 0 0 33554432 4
is_linear=0
shrinkage=0.05


Tree=78
num_leaves=31
num_cat=12
split_feature=20 16 20 20 20 19 1 19 6 20 6 19 6 16 0 20 19 0 0 0 0 0 0 0 0 6 20 20 1 3
split_gain=736171 74853.2 51599.8 10299.5 4763.74 4083.77 3433.59 2546.83 2028.16 1840.29 1706.89 1624.24 1520.57 1176.32 1293.68 1126.87 1121.82 1111.58 1089.81 1074.97 916.365 859.334 986.617 898.494 780.663 762.006 877.041 753.381 726.911 722.901
threshold=0.33935546875000006 1.0000000180025095e-35 0.69653320312500011 0.16070556640625003 0.51782226562500011 0.21423339843750003 0 0.64282226562500011 2.5000000000000004 0.83911132812500011 2.5000000000000004 0.21423339843750003 2.5000000000000004 2.9853515625000004 1 0.23211669921875003 1.2143554687500002 2 3 4 5 6 7 8 9 2.5000000000000004 1.6962890625000002 1.2319335937500002 10 11
decision_type=2 10 2 2 2 2 1 2 2 2 2 2 2 10 9 2 2 9 9 9 9 9 9 9 9 2 2 2 1 1
left_child=1 -1 4 6 10 -4 11 15 -6 12 -2 13 -7 14 -3 -5 -12 -16 -11 -19 -8 -21 -23 -24 -15 26 27 -20 -28 -27
right_child=2 3 5 7 8 9 20 -9 -10 18 16 -13 -14 24 17 -17 -18 19 25 21 -22 22 23 -25 -26 29 28 -29 -30 -31
leaf_value=0 0 0 0 0 0 0.0059627645712279076 0.0031336081634489145 0 0 0.044648843492815643 0 0 0 0.02283870894599567 0 0 0 0 0.0008829053598844339 0 0 0 0 0 0 0.0018187232748293149 0.026996877097029717 -0.0022010094362525101 0.012727670759043786 -0.00011722846851222769
leaf_weight=4726430 499713 55469 251833 901262 403652 249672 3921 132596 1006167 178317 1217640 105643 621337 4312 57555 1149678 26368 56506 523763 48038 2133682 55818 53806 574761 879256 1596627 212418 390991 854424 3347025
leaf_count=4726430 499713 55469 251833 901262 403652 249672 3921 132596 1006167 178317 1217640 105643 621337 4312 57555 1149678 26368 56506 523763 48038 2133682 55818 53806 574761 879256 1596627 212418 390991 854424 3347025
internal_value=-0.010996 -0.0202581 -0.00209292 -0.0166504 -0.00753081 -8.34812e-06 -0.0181492 -0.013885 -0.00536957 0.000189621 -0.00927819 -0.0165966 -0.00197951 -0.0169532 -0.0156829 -0.0143192 -0.0102697 -0.0151974 0.000455592 -0.0147074 -0.0195226 -0.0141942 -0.0137398 -0.0131734 -0.0182498 0.000356211 0.00118463 4.8647e-05 0.00215866 2.41522e-05
internal_weight=2.23187e+07 1.09387e+07 1.13799e+07 6.2123e+06 3.15354e+06 8.22641e+06 4.02877e+06 2.18354e+06 1.40982e+06 7.97457e+06 1.74372e+06 1.89116e+06 871009 1.78552e+06 901953 2.05094e+06 1.24401e+06 846484 7.10356e+06 788929 2.1376e+06 732423 684385 628567 883568 6.92525e+06 1.9816e+06 914754 1.06684e+06 4.94365e+06
internal_count=22318680 10938733 11379947 6212303 3153540 8226407 4028767 2183536 1409819 7974574 1743721 1891164 871009 1785521 901953 2050940 1244008 846484 7103565 788929 2137603 732423 684385 628567 883568 6925248 1981596 914754 1066842 4943652
cat_boundaries=0 1 80 159 233 312 407 474 549 624 703 704 705
cat_threshold=39 131072 2684354592 16777216 1048576 0 0 2097152 0 256 0 131072 0 0 0 0 0 0 256 0 1 67108864 8 0 0 144 0 0 0 1073742336 536870912 0 0 0 0 524288 16384 0 0 67108864 0 0 1073741824 4 0 33554432 0 0 0 0 0 0 0 0 0 0 0 0 0 0 0 0 0 0 0 0 0 536870912 0 16 0 128 0 16777220 0 32 0 0 0 262400 16 0 2560 17301504 4194304 0 16777216 0 0 2147483648 0 0 524288 524288 0 0 0 1024 0 0 0 0 2147483650 536870912 0 134217728 16 0 2147484672 1048576 134217728 0 0 0 4 0 134218240 0 0 1074003968 0 2048 0 8404992 0 0 0 0 0 0 0 0 0 0 0 0 0 0 0 0 0 0 0 0 0 0 0 0 2 0 0 0 0 0 4096 4194304 0 0 16777216 2098176 0 1048576 2 0 524288 0 0 0 0 0 0 134217728 0 0 0 134217730 0 0 0 0 1073741824 268435456 0 0 0 4096 1 536870928 0 0 0 134217728 16384 32768 4194304 0 49152 2147483648 1 0 0 35651680 268435456 4608 0 0 0 0 0 0 0 0 0 0 0 0 0 0 0 0 0 0 0 0 0 0 0 528384 0 0 0 0 1024 0 32768 0 134250600 0 0 0 0 0 0 8192 0 0 0 0 0 0 0 0 2148007936 2147516416 4 0 134217728 0 4096 0 2048 0 33554432 33554434 2147483648 1024 2097160 0 2147483648 16777216 0 2097168 1048576 0 0 16384 0 0 0 0 0 0 0 0 0 0 0 0 0 0 0 0 0 0 0 0 0 0 131072 0 0 0 0 0 0 0 0 0 0 1073741824 0 335544320 0 0 0 0 0 0 0 0 0 0 0 0 0 0 0 0 0 0 0 0 0 0 0 0 0 0 0 0 0 0 0 0 0 0 0 0 0 0 0 0 0 0 0 0 0 67110912 524416 2148532224 1073741824 659456 2048 570425344 0 524288 655360 2097152 8388640 403701760 0 0 0 0 0 0 0 0 0 0 0 0 0 0 0 0 0 0 0 0 0 0 131072 0 524288 131072 0 256 0 0 268435456 0 0 536871424 0 0 8404992 64 262144 0 0 1024 0 1 131072 0 0 537427968 0 0 0 0 0 0 0 20480 0 268435456 0 0 2097152 0 0 8421376 16 0 0 2147483648 512 0 1140850688 0 1073741824 262152 1 128 2097296 0 0 0 524288 0 0 0 0 0 0 0 0 0 0 0 0 0 0 0 0 0 0 0 64 0 1024 131080 0 0 545263616 4 0 33554448 256 0 0 532480 0 0 0 0 0 2155872256 0 0 67108864 4194336 0 0 33554432 2147483648 32832 524288 0 0 0 2147483648 0 0 0 0 0 4 65536 0 0 402653184 0 1048576 0 2147483648 3 0 0 0 0 0 0 0 0 0 0 0 0 0 0 0 0 0 0 0 256 0 0 0 1048576 0 65536 0 0 0 536870912 0 2 16 0 0 0 0 0 0 0 0 0 262144 0 2 0 134217728 0 0 0 1 262144 4228096 67108928 67108864 1 0 0 1 0 4096 0 0 0 0 0 0 536870912 2 524288 2147483650 0 268500992 0 286261248 0 0 0 0 0 0 0 0 0 0 0 0 0 0 0 0 0 0 1048576 0 0 2 0 0 262144 134234112 0 0 0 16384 0 0 0 0 0 0 0 0 0 268435968 64 0 0 0 65536 0 0 4096 0 0 0 8224 80 0 0 1097728 0 0 0 0 17825824 8192 0 0 537133057 64 64 524288 0 0 0 16384 0 0 0 0 0 0 0 0 0 0 0 0 0 0 0 0 0 0 0 0 0 0 0 268435488 0 536870912 512 0 0 16777216 536870912 2147483664 0 0 0 0 1024 32 4
is_linear=0
shrinkage=0.05


Tree=79
num_leaves=31
num_cat=13
split_feature=20 16 20 20 20 19 1 19 6 20 6 19 6 16 0 20 19 0 0 0 0 0 0 0 0 13 0 6 0 0
split_gain=734638 74849.9 51239.4 10300.9 4763.74 4049.56 3432.17 2546.83 2028.16 1794.52 1706.89 1624.56 1520.57 1177.52 1293.68 1126.87 1121.82 1111.58 1074.97 1068.47 916.365 859.334 986.617 898.494 770.668 756.644 731.846 717.463 701.187 671.83
threshold=0.33935546875000006 1.0000000180025095e-35 0.69653320312500011 0.16070556640625003 0.51782226562500011 0.21423339843750003 0 0.64282226562500011 2.5000000000000004 0.83911132812500011 2.5000000000000004 0.21423339843750003 2.5000000000000004 2.9853515625000004 1 0.23211669921875003 1.2143554687500002 2 3 4 5 6 7 8 9 1.0000000180025095e-35 10 2.5000000000000004 11 12
decision_type=2 10 2 2 2 2 1 2 2 2 2 2 2 10 9 2 2 9 9 9 9 9 9 9 9 2 9 2 9 9
left_child=1 -1 4 6 10 -4 11 15 -6 12 -2 13 -7 14 -3 -5 -12 -16 -19 -11 -8 -20 -23 -24 -15 -21 -26 -17 -25 -30
right_child=2 3 5 7 8 9 20 -9 -10 19 16 -13 -14 24 17 27 -18 18 21 25 -22 22 23 28 26 -27 -28 -29 29 -31
leaf_value=0 0 0 0 0 0 0.0056646263426665122 0.0029769277552764706 0 0 0.051489195195136256 0 0 0 0.023609389499832829 0 0 0 0 0 -6.4824467246993309e-05 0 0 0 0 0 0.0021043182870113921 0 0 0 0
leaf_weight=4726430 499713 55469 251833 901262 403652 249672 3921 132596 1006167 178823 1217640 105643 621337 4300 57555 329876 26368 56506 48038 4657851 2133682 55818 53806 42312 5864 2266891 873404 819802 43229 489220
leaf_count=4726430 499713 55469 251833 901262 403652 249672 3921 132596 1006167 178823 1217640 105643 621337 4300 57555 329876 26368 56506 48038 4657851 2133682 55818 53806 42312 5864 2266891 873404 819802 43229 489220
internal_value=-0.0110057 -0.0202582 -0.00211195 -0.0166506 -0.00753081 -3.46658e-05 -0.0181495 -0.013885 -0.00536957 0.000162473 -0.00927819 -0.0165973 -0.00197951 -0.0169538 -0.0156829 -0.0143192 -0.0102697 -0.0151974 -0.0147074 0.000425114 -0.0195226 -0.0141942 -0.0137398 -0.0131734 -0.0182511 0.000326568 -0.0183543 -0.0132815 -0.0125943 -0.0121013
internal_weight=2.23187e+07 1.09387e+07 1.13799e+07 6.2123e+06 3.15354e+06 8.22641e+06 4.02877e+06 2.18354e+06 1.40982e+06 7.97457e+06 1.74372e+06 1.89116e+06 871009 1.78552e+06 901953 2.05094e+06 1.24401e+06 846484 788929 7.10356e+06 2.1376e+06 732423 684385 628567 883568 6.92474e+06 879268 1.14968e+06 574761 532449
internal_count=22318680 10938733 11379947 6212303 3153540 8226407 4028767 2183536 1409819 7974574 1743721 1891164 871009 1785521 901953 2050940 1244008 846484 788929 7103565 2137603 732423 684385 628567 883568 6924742 879268 1149678 574761 532449
cat_boundaries=0 1 80 159 238 322 417 484 559 634 713 792 867 944
cat_threshold=39 131072 2684354592 16777216 1048576 0 0 2097152 0 256 0 131072 0 0 0 0 0 0 256 0 1 67108864 8 0 0 144 0 0 0 1073742336 536870912 0 0 0 0 524288 16384 0 0 67108864 0 0 1073741824 4 0 33554432 0 0 0 0 0 0 0 0 0 0 0 0 0 0 0 0 0 0 0 0 0 536870912 0 16 0 128 0 16777220 0 32 0 0 0 262400 16 0 2560 17301504 4194304 0 16777216 0 0 2147483648 0 0 524288 524288 0 0 0 1024 0 0 0 0 2147483650 536870912 0 134217728 16 0 2147484672 1048576 134217728 0 0 0 4 0 134218240 0 0 1074003968 0 2048 0 8404992 0 0 0 0 0 0 0 0 0 0 0 0 0 0 0 0 0 0 0 0 0 0 0 0 2 0 0 0 0 0 4096 4194304 0 0 16777216 0 32768 0 134250600 0 0 0 0 0 0 8192 0 0 0 0 0 0 0 0 2148007936 2147516416 4 0 134217728 0 4096 0 2048 0 33554432 33554434 2147483648 1024 2097160 0 2147483648 16777216 0 2097168 1048576 0 0 16384 0 0 0 0 0 0 0 0 0 0 0 0 0 0 0 0 0 0 0 0 0 0 131072 0 0 0 0 0 0 0 0 0 0 1073741824 0 335544320 65536 0 0 0 0 0 0 0 0 0 64 0 0 0 0 0 0 1073741824 0 0 0 1073741824 268435456 0 1 16384 0 536870913 0 8204 0 0 0 33554464 33587200 0 2 49152 2147483648 33554432 8192 2 544 0 512 0 0 0 0 2048 0 0 0 0 0 0 0 0 0 0 0 0 0 0 0 268435456 0 0 0 0 263168 0 512 0 0 0 0 0 0 0 0 0 0 8388608 0 0 0 0 0 0 0 0 0 0 0 0 0 0 0 0 0 0 0 0 0 0 0 0 0 0 0 0 0 0 0 0 0 0 0 0 0 0 0 0 0 0 0 0 0 67110912 524416 2148532224 1073741824 659456 2048 570425344 0 524288 655360 2097152 8388640 403701760 0 0 0 0 0 0 0 0 0 0 0 0 0 0 0 0 0 0 0 0 0 0 131072 0 524288 131072 0 256 0 0 268435456 0 0 536871424 0 0 8404992 64 262144 0 0 1024 0 1 131072 0 0 537427968 0 0 0 0 0 0 0 20480 0 268435456 0 0 2097152 0 0 8421376 16 0 0 2147483648 512 0 1140850688 0 1073741824 262152 1 128 2097296 0 0 0 524288 0 0 0 0 0 0 0 0 0 0 0 0 0 0 0 0 0 0 0 64 0 1024 131080 0 0 545263616 4 0 33554448 256 0 0 532480 0 0 0 0 0 2155872256 0 0 67108864 4194336 0 0 33554432 2147483648 32832 524288 0 0 0 2147483648 0 0 0 0 0 4 65536 0 0 402653184 0 1048576 0 2147483648 3 0 0 0 0 0 0 0 0 0 0 0 0 0 0 0 0 0 0 0 256 0 0 0 1048576 0 65536 0 0 0 536870912 0 2 16 0 0 0 0 0 0 0 0 0 262144 0 2 0 134217728 0 0 0 1 262144 4228096 67108928 67108864 1 0 0 1 0 4096 0 0 0 0 0 0 536870912 2 524288 2147483650 0 268500992 0 286261248 0 0 0 0 0 0 0 0 0 0 0 0 0 0 0 0 0 0 1048576 0 0 2 0 0 262144 134234112 0 0 0 16384 0 0 0 0 0 0 0 0 0 268435968 64 0 0 0 65536 0 0 4096 0 0 0 8224 80 0 0 1097728 0 0 0 0 17825824 0 0 0 537133057 64 64 524288 0 0 0 16384 0 0 0 0 0 0 0 0 0 0 0 0 0 0 0 0 0 0 0 0 0 0 0 301989920 0 536870912 512 0 0 16777216 536870912 2147483664 0 0 0 0 1024 12582912 0 0 0 0 0 0 2097152 0 0 0 0 0 256 0 0 0 524288 0 0 33554432 0 0 4096 0 16 2 0 0 0 0 0 0 16 0 0 0 0 1090519040 65536 0 8 0 0 16384 0 0 0 0 0 0 0 0 0 0 0 0 0 0 0 0 0 0 16809984 2097152 16795650 0 0 0 805306368 2097156 0 0 0 0 67108864 65540 67125248 128 0 0 0 0 33554432 0 0 0 4 8 1073741824 0 0 0 4096 0 0 0 0 135266384 0 4194304 0 0 0 0 536870913 0 0 16 0 16 2147549184 512 0 0 256 524288 0 4096 0 262144 8388608 16779264 65536 0 0 0 0 0 0 0 0 0 0 0 0 0 0 0 0 0 0 2048 0 4194304 0 8388609 0 2147483648 0 268435456 0 0 8388608 268468224 1073741824 0 0 4096 0 0 64 8388608 0 0 0 0 0 260 0 0 0 0 0 536879104 268435456 1 33554448 0 33554432 0 0 0 0 0 131200 512 40960 0 0 0 263168 24576 8388864 0 0 1024 0 128 0 0 0 0 0 0 0 0 0 0 0 0 0 0 0 0 0 2097152 0 33554432 0 0 0 1024 0 0 0 0 0 0 0 8
is_linear=0
shrinkage=0.05


Tree=80
num_leaves=31
num_cat=13
split_feature=20 16 20 20 20 19 1 19 6 20 6 19 6 16 0 20 19 0 0 0 0 0 0 0 0 0 6 0 17 5
split_gain=733754 74847.3 51031.4 10302 4763.74 4029.83 3431.05 2546.83 2028.16 1768.39 1706.89 1624.82 1520.43 1178.45 1293.68 1126.87 1121.82 1111.58 1074.97 1017.58 916.365 859.334 986.617 898.494 744.815 731.663 717.463 701.187 696.768 681.218
threshold=0.33935546875000006 1.0000000180025095e-35 0.69653320312500011 0.16070556640625003 0.51782226562500011 0.21423339843750003 0 0.64282226562500011 2.5000000000000004 0.83911132812500011 2.5000000000000004 0.21423339843750003 2.5000000000000004 2.9853515625000004 1 0.23211669921875003 1.2143554687500002 2 3 4 5 6 7 8 9 10 2.5000000000000004 11 46.500000000000007 12
decision_type=2 10 2 2 2 2 1 2 2 2 2 2 2 10 9 2 2 9 9 9 9 9 9 9 9 9 2 9 2 1
left_child=1 -1 4 6 10 -4 11 15 -6 12 -2 13 -7 14 -3 -5 -12 -16 -19 28 -8 -20 -23 -24 -15 -26 -17 -25 -11 -21
right_child=2 3 5 7 8 9 20 -9 -10 19 16 -13 -14 24 17 26 -18 18 21 29 -22 22 23 27 25 -27 -28 -29 -30 -31
leaf_value=0 0 0 0 0 0 0.0053813950255331873 0.0028280813675126471 0 0 0.031702666568491543 0 0 0 0.02242892002484119 0 0 0 0 0 0.0016217297919485342 0 0 0 0 0 0 0 0 1.0732196807607981 -0.00010812582172426663
leaf_weight=4726430 499713 55469 251833 901262 403652 249672 3921 132596 1006167 157681 1217640 105643 621337 4177 57555 329876 26368 56506 48038 3965781 2133682 55818 53806 42312 5864 873527 819802 532449 12922 2967181
leaf_count=4726430 499713 55469 251833 901262 403652 249672 3921 132596 1006167 157681 1217640 105643 621337 4177 57555 329876 26368 56506 48038 3965781 2133682 55818 53806 42312 5864 873527 819802 532449 12922 2967181
internal_value=-0.0110114 -0.0202583 -0.00212296 -0.0166507 -0.00753081 -4.98912e-05 -0.0181497 -0.013885 -0.00536957 0.000146766 -0.00927819 -0.0165977 -0.00197957 -0.0169543 -0.0156829 -0.0143192 -0.0102697 -0.0151974 -0.0147074 0.000407489 -0.0195226 -0.0141942 -0.0137398 -0.0131734 -0.0182521 -0.0183521 -0.0132815 -0.0125943 0.00422227 0.00031361
internal_weight=2.23187e+07 1.09387e+07 1.13799e+07 6.2123e+06 3.15354e+06 8.22641e+06 4.02877e+06 2.18354e+06 1.40982e+06 7.97457e+06 1.74372e+06 1.89116e+06 871009 1.78552e+06 901953 2.05094e+06 1.24401e+06 846484 788929 7.10356e+06 2.1376e+06 732423 684385 628567 883568 879391 1.14968e+06 574761 170603 6.93296e+06
internal_count=22318680 10938733 11379947 6212303 3153540 8226407 4028767 2183536 1409819 7974574 1743721 1891164 871009 1785521 901953 2050940 1244008 846484 788929 7103565 2137603 732423 684385 628567 883568 879391 1149678 574761 170603 6932962
cat_boundaries=0 1 80 159 238 328 423 490 565 640 719 798 873 874
cat_threshold=39 131072 2684354592 16777216 1048576 0 0 2097152 0 256 0 131072 0 0 0 0 0 0 256 0 1 67108864 8 0 0 144 0 0 0 1073742336 536870912 0 0 0 0 524288 16384 0 0 67108864 0 0 1073741824 4 0 33554432 0 0 0 0 0 0 0 0 0 0 0 0 0 0 0 0 0 0 0 0 0 536870912 0 16 0 128 0 16777220 0 32 0 0 0 262400 16 0 2560 17301504 4194304 0 16777216 0 0 2147483648 0 0 524288 524288 0 0 0 1024 0 0 0 0 2147483650 536870912 0 134217728 16 0 2147484672 1048576 134217728 0 0 0 4 0 134218240 0 0 1074003968 0 2048 0 8404992 0 0 0 0 0 0 0 0 0 0 0 0 0 0 0 0 0 0 0 0 0 0 0 0 2 0 0 0 0 0 4096 4194304 0 0 16777216 0 32768 0 134250600 0 0 0 0 0 0 8192 0 0 0 0 0 0 0 0 2148007936 2147516416 4 0 134217728 0 4096 0 2048 0 33554432 33554434 2147483648 1024 2097160 0 2147483648 16777216 0 2097168 1048576 0 0 16384 0 0 0 0 0 0 0 0 0 0 0 0 0 0 0 0 0 0 0 0 0 0 131072 0 0 0 0 0 0 0 0 0 0 1073741824 0 335544320 0 0 0 0 0 256 0 0 0 0 0 16384 0 0 0 134217728 0 1074397184 512 0 0 1073741824 268468224 0 0 0 0 1 8390656 0 16386 67108864 0 2048 0 0 32768 49152 2147483648 65536 134217728 0 536870944 0 4608 0 0 0 0 0 0 0 0 0 0 0 0 0 0 0 0 0 0 0 0 16384 0 0 0 0 0 0 0 0 0 0 0 0 8192 0 0 0 524288 0 0 256 0 0 0 524288 0 0 0 0 0 0 0 0 0 0 0 0 0 0 0 0 0 0 0 0 0 0 0 0 0 0 0 0 0 0 0 0 0 0 0 0 0 0 0 0 0 0 0 0 0 67110912 524416 2148532224 1073741824 659456 2048 570425344 0 524288 655360 2097152 8388640 403701760 0 0 0 0 0 0 0 0 0 0 0 0 0 0 0 0 0 0 0 0 0 0 131072 0 524288 131072 0 256 0 0 268435456 0 0 536871424 0 0 8404992 64 262144 0 0 1024 0 1 131072 0 0 537427968 0 0 0 0 0 0 0 20480 0 268435456 0 0 2097152 0 0 8421376 16 0 0 2147483648 512 0 1140850688 0 1073741824 262152 1 128 2097296 0 0 0 524288 0 0 0 0 0 0 0 0 0 0 0 0 0 0 0 0 0 0 0 64 0 1024 131080 0 0 545263616 4 0 33554448 256 0 0 532480 0 0 0 0 0 2155872256 0 0 67108864 4194336 0 0 33554432 2147483648 32832 524288 0 0 0 2147483648 0 0 0 0 0 4 65536 0 0 402653184 0 1048576 0 2147483648 3 0 0 0 0 0 0 0 0 0 0 0 0 0 0 0 0 0 0 0 256 0 0 0 1048576 0 65536 0 0 0 536870912 0 2 16 0 0 0 0 0 0 0 0 0 262144 0 2 0 134217728 0 0 0 1 262144 4228096 67108928 67108864 1 0 0 1 0 4096 0 0 0 0 0 0 536870912 2 524288 2147483650 0 268500992 0 286261248 0 0 0 0 0 0 0 0 0 0 0 0 0 0 0 0 0 0 1048576 0 0 2 0 0 262144 134234112 0 0 0 16384 0 0 0 0 0 0 0 0 0 268435968 64 0 0 0 65536 0 0 4096 0 0 0 8224 80 0 0 1097728 0 0 0 0 17825824 0 0 0 537133057 64 64 524288 0 0 0 16384 0 0 0 0 0 0 0 0 0 0 0 0 0 0 0 0 0 0 0 0 0 0 0 33554464 0 536870912 512 0 0 16777216 536870912 2147483664 0 0 0 0 1024 12582912 0 0 0 0 0 0 2097152 0 0 0 0 0 256 0 0 0 524288 0 0 33554432 0 0 4096 0 16 2 0 0 0 0 0 0 16 0 0 0 0 1090519040 65536 0 8 0 0 16384 0 0 0 0 0 0 0 0 0 0 0 0 0 0 0 0 0 0 16809984 2097152 16795650 0 0 0 805306368 2097156 0 0 0 0 67108864 65540 67125248 128 0 0 0 0 33554432 0 0 0 4 8 1073741824 0 0 0 4096 0 0 0 0 135266384 0 4194304 0 0 0 0 536870913 0 0 16 0 16 2147549184 512 0 0 256 524288 0 4096 0 262144 8388608 16779264 65536 0 0 0 0 0 0 0 0 0 0 0 0 0 0 0 0 0 0 2048 0 4194304 0 8388609 0 2147483648 0 268435456 0 0 8388608 15
is_linear=0
shrinkage=0.05


Tree=81
num_leaves=31
num_cat=13
split_feature=20 16 20 20 20 19 1 19 6 20 6 19 6 16 0 20 19 0 0 0 0 0 0 0 0 0 6 13 0 3
split_gain=732579 74847.3 50757.7 10302 4763.74 4003.87 3431.05 2546.83 2028.16 1734.09 1706.89 1624.82 1520.43 1178.45 1293.68 1126.87 1121.82 1111.58 1074.97 1023.4 916.365 859.334 986.617 898.494 744.815 731.663 717.463 712.531 701.187 675.083
threshold=0.33935546875000006 1.0000000180025095e-35 0.69653320312500011 0.16070556640625003 0.51782226562500011 0.21423339843750003 0 0.64282226562500011 2.5000000000000004 0.83911132812500011 2.5000000000000004 0.21423339843750003 2.5000000000000004 2.9853515625000004 1 0.23211669921875003 1.2143554687500002 2 3 4 5 6 7 8 9 10 2.5000000000000004 1.0000000180025095e-35 11 12
decision_type=2 10 2 2 2 2 1 2 2 2 2 2 2 10 9 2 2 9 9 9 9 9 9 9 9 9 2 2 9 1
left_child=1 -1 4 6 10 -4 11 15 -6 12 -2 13 -7 14 -3 -5 -12 -16 -19 -11 -8 -20 -23 -24 -15 -26 -17 -21 -25 -29
right_child=2 3 5 7 8 9 20 -9 -10 19 16 -13 -14 24 17 26 -18 18 21 27 -22 22 23 28 25 -27 -28 29 -30 -31
leaf_value=0 0 0 0 0 0 0.0051123252742565298 0.0026866772991370139 0 0 0.044201054562960709 0 0 0 0.021307474023599129 0 0 0 0 0 -0.0001027195306380533 0 0 0 0 0 0 0 0.0030284255212891854 0 -9.9964173445366014e-05
leaf_weight=4726430 499713 55469 251833 901262 403652 249672 3921 132596 1006167 182223 1217640 105643 621337 4177 57555 329876 26368 56506 48038 4655356 2133682 55818 53806 42312 5864 873527 819802 1351310 532449 914676
leaf_count=4726430 499713 55469 251833 901262 403652 249672 3921 132596 1006167 182223 1217640 105643 621337 4177 57555 329876 26368 56506 48038 4655356 2133682 55818 53806 42312 5864 873527 819802 1351310 532449 914676
internal_value=-0.0110188 -0.0202583 -0.00213748 -0.0166507 -0.00753081 -6.99789e-05 -0.0181497 -0.013885 -0.00536957 0.000126044 -0.00927819 -0.0165977 -0.00197957 -0.0169543 -0.0156829 -0.0143192 -0.0102697 -0.0151974 -0.0147074 0.000384226 -0.0195226 -0.0141942 -0.0137398 -0.0131734 -0.0182521 -0.0183521 -0.0132815 0.000286844 -0.0125943 0.001014
internal_weight=2.23187e+07 1.09387e+07 1.13799e+07 6.2123e+06 3.15354e+06 8.22641e+06 4.02877e+06 2.18354e+06 1.40982e+06 7.97457e+06 1.74372e+06 1.89116e+06 871009 1.78552e+06 901953 2.05094e+06 1.24401e+06 846484 788929 7.10356e+06 2.1376e+06 732423 684385 628567 883568 879391 1.14968e+06 6.92134e+06 574761 2.26599e+06
internal_count=22318680 10938733 11379947 6212303 3153540 8226407 4028767 2183536 1409819 7974574 1743721 1891164 871009 1785521 901953 2050940 1244008 846484 788929 7103565 2137603 732423 684385 628567 883568 879391 1149678 6921342 574761 2265986
cat_boundaries=0 1 80 159 238 315 410 477 552 627 706 785 860 861
cat_threshold=39 131072 2684354592 16777216 1048576 0 0 2097152 0 256 0 131072 0 0 0 0 0 0 256 0 1 67108864 8 0 0 144 0 0 0 1073742336 536870912 0 0 0 0 524288 16384 0 0 67108864 0 0 1073741824 4 0 33554432 0 0 0 0 0 0 0 0 0 0 0 0 0 0 0 0 0 0 0 0 0 536870912 0 16 0 128 0 16777220 0 32 0 0 0 262400 16 0 2560 17301504 4194304 0 16777216 0 0 2147483648 0 0 524288 524288 0 0 0 1024 0 0 0 0 2147483650 536870912 0 134217728 16 0 2147484672 1048576 134217728 0 0 0 4 0 134218240 0 0 1074003968 0 2048 0 8404992 0 0 0 0 0 0 0 0 0 0 0 0 0 0 0 0 0 0 0 0 0 0 0 0 2 0 0 0 0 0 4096 4194304 0 0 16777216 0 32768 0 134250600 0 0 0 0 0 0 8192 0 0 0 0 0 0 0 0 2148007936 2147516416 4 0 134217728 0 4096 0 2048 0 33554432 33554434 2147483648 1024 2097160 0 2147483648 16777216 0 2097168 1048576 0 0 16384 0 0 0 0 0 0 0 0 0 0 0 0 0 0 0 0 0 0 0 0 0 0 131072 0 0 0 0 0 0 0 0 0 0 1073741824 0 335544320 0 0 0 2 0 0 4194304 1024 0 0 0 0 2048 0 0 0 0 0 4 0 0 1073741824 268435456 0 0 0 0 193 536870928 4 0 0 0 0 0 0 0 49156 8 0 536870912 4194304 33554529 0 544 1 0 0 0 0 0 0 0 0 0 0 0 0 0 0 0 0 0 65536 0 4 8 0 0 0 0 131072 524288 0 0 0 524288 0 0 0 0 0 0 0 0 0 0 0 0 0 0 0 0 0 0 0 0 0 0 0 0 0 0 0 0 0 0 0 0 0 0 0 0 0 0 0 0 0 0 0 0 0 67110912 524416 2148532224 1073741824 659456 2048 570425344 0 524288 655360 2097152 8388640 403701760 0 0 0 0 0 0 0 0 0 0 0 0 0 0 0 0 0 0 0 0 0 0 131072 0 524288 131072 0 256 0 0 268435456 0 0 536871424 0 0 8404992 64 262144 0 0 1024 0 1 131072 0 0 537427968 0 0 0 0 0 0 0 20480 0 268435456 0 0 2097152 0 0 8421376 16 0 0 2147483648 512 0 1140850688 0 1073741824 262152 1 128 2097296 0 0 0 524288 0 0 0 0 0 0 0 0 0 0 0 0 0 0 0 0 0 0 0 64 0 1024 131080 0 0 545263616 4 0 33554448 256 0 0 532480 0 0 0 0 0 2155872256 0 0 67108864 4194336 0 0 33554432 2147483648 32832 524288 0 0 0 2147483648 0 0 0 0 0 4 65536 0 0 402653184 0 1048576 0 2147483648 3 0 0 0 0 0 0 0 0 0 0 0 0 0 0 0 0 0 0 0 256 0 0 0 1048576 0 65536 0 0 0 536870912 0 2 16 0 0 0 0 0 0 0 0 0 262144 0 2 0 134217728 0 0 0 1 262144 4228096 67108928 67108864 1 0 0 1 0 4096 0 0 0 0 0 0 536870912 2 524288 2147483650 0 268500992 0 286261248 0 0 0 0 0 0 0 0 0 0 0 0 0 0 0 0 0 0 1048576 0 0 2 0 0 262144 134234112 0 0 0 16384 0 0 0 0 0 0 0 0 0 268435968 64 0 0 0 65536 0 0 4096 0 0 0 8224 80 0 0 1097728 0 0 0 0 17825824 0 0 0 537133057 64 64 524288 0 0 0 16384 0 0 0 0 0 0 0 0 0 0 0 0 0 0 0 0 0 0 0 0 0 0 0 33554464 0 536870912 512 0 0 16777216 536870912 2147483664 0 0 0 0 1024 12582912 0 0 0 0 0 0 2097152 0 0 0 0 0 256 0 0 0 524288 0 0 33554432 0 0 4096 0 16 2 0 0 0 0 0 0 16 0 0 0 0 1090519040 65536 0 8 0 0 16384 0 0 0 0 0 0 0 0 0 0 0 0 0 0 0 0 0 0 16809984 2097152 16795650 0 0 0 805306368 2097156 0 0 0 0 67108864 65540 67125248 128 0 0 0 0 33554432 0 0 0 4 8 1073741824 0 0 0 4096 0 0 0 0 135266384 0 4194304 0 0 0 0 536870913 0 0 16 0 16 2147549184 512 0 0 256 524288 0 4096 0 262144 8388608 16779264 65536 0 0 0 0 0 0 0 0 0 0 0 0 0 0 0 0 0 0 2048 0 4194304 0 8388609 0 2147483648 0 268435456 0 0 8388608 5
is_linear=0
shrinkage=0.05


Tree=82
num_leaves=31
num_cat=13
split_feature=20 16 20 20 20 19 1 19 6 20 6 19 6 16 0 20 19 0 0 0 0 0 0 0 0 0 6 0 20 0
split_gain=731730 74847.3 50560.2 10302 4763.74 3985.15 3431.05 2546.83 2028.16 1709.58 1706.89 1624.82 1520.3 1178.45 1293.68 1126.87 1121.82 1111.58 1074.97 1021.61 916.365 859.334 986.617 898.494 744.815 731.663 717.463 701.187 672.65 671.83
threshold=0.33935546875000006 1.0000000180025095e-35 0.69653320312500011 0.16070556640625003 0.51782226562500011 0.21423339843750003 0 0.64282226562500011 2.5000000000000004 0.83911132812500011 2.5000000000000004 0.21423339843750003 2.5000000000000004 2.9853515625000004 1 0.23211669921875003 1.2143554687500002 2 3 4 5 6 7 8 9 10 2.5000000000000004 11 2.0537109375000004 12
decision_type=2 10 2 2 2 2 1 2 2 2 2 2 2 10 9 2 2 9 9 9 9 9 9 9 9 9 2 9 2 9
left_child=1 -1 4 6 10 -4 11 15 -6 12 -2 13 -7 14 -3 -5 -12 -16 -19 -11 -8 -20 -23 -24 -15 -26 -17 -25 -21 -29
right_child=2 3 5 7 8 9 20 -9 -10 19 16 -13 -14 24 17 26 -18 18 21 28 -22 22 23 27 25 -27 -28 29 -30 -31
leaf_value=0 0 0 0 0 0 0.0048567090105437029 0.0025523434341801657 0 0 0.041944655118561269 0 0 0 0.020242100322419174 0 0 0 0 0 -9.7583554106150643e-05 0 0 0 0 0 0 0 0 0.0053984242380250239 0
leaf_weight=4726430 499713 55469 251833 901262 403652 249672 3921 132596 1006167 186985 1217640 105643 621337 4177 57555 329876 26368 56506 48038 3897643 2133682 55818 53806 42312 5864 873527 819802 43229 3018937 489220
leaf_count=4726430 499713 55469 251833 901262 403652 249672 3921 132596 1006167 186985 1217640 105643 621337 4177 57555 329876 26368 56506 48038 3897643 2133682 55818 53806 42312 5864 873527 819802 43229 3018937 489220
internal_value=-0.0110241 -0.0202583 -0.00214798 -0.0166507 -0.00753081 -8.45114e-05 -0.0181497 -0.013885 -0.00536957 0.000111053 -0.00927819 -0.0165977 -0.00197963 -0.0169543 -0.0156829 -0.0143192 -0.0102697 -0.0151974 -0.0147074 0.000367404 -0.0195226 -0.0141942 -0.0137398 -0.0131734 -0.0182521 -0.0183521 -0.0132815 -0.0125943 0.00026881 -0.0121013
internal_weight=2.23187e+07 1.09387e+07 1.13799e+07 6.2123e+06 3.15354e+06 8.22641e+06 4.02877e+06 2.18354e+06 1.40982e+06 7.97457e+06 1.74372e+06 1.89116e+06 871009 1.78552e+06 901953 2.05094e+06 1.24401e+06 846484 788929 7.10356e+06 2.1376e+06 732423 684385 628567 883568 879391 1.14968e+06 574761 6.91658e+06 532449
internal_count=22318680 10938733 11379947 6212303 3153540 8226407 4028767 2183536 1409819 7974574 1743721 1891164 871009 1785521 901953 2050940 1244008 846484 788929 7103565 2137603 732423 684385 628567 883568 879391 1149678 574761 6916580 532449
cat_boundaries=0 1 80 159 238 315 410 477 552 627 706 785 860 937
cat_threshold=39 131072 2684354592 16777216 1048576 0 0 2097152 0 256 0 131072 0 0 0 0 0 0 256 0 1 67108864 8 0 0 144 0 0 0 1073742336 536870912 0 0 0 0 524288 16384 0 0 67108864 0 0 1073741824 4 0 33554432 0 0 0 0 0 0 0 0 0 0 0 0 0 0 0 0 0 0 0 0 0 536870912 0 16 0 128 0 16777220 0 32 0 0 0 262400 16 0 2560 17301504 4194304 0 16777216 0 0 2147483648 0 0 524288 524288 0 0 0 1024 0 0 0 0 2147483650 536870912 0 134217728 16 0 2147484672 1048576 134217728 0 0 0 4 0 134218240 0 0 1074003968 0 2048 0 8404992 0 0 0 0 0 0 0 0 0 0 0 0 0 0 0 0 0 0 0 0 0 0 0 0 2 0 0 0 0 0 4096 4194304 0 0 16777216 0 32768 0 134250600 0 0 0 0 0 0 8192 0 0 0 0 0 0 0 0 2148007936 2147516416 4 0 134217728 0 4096 0 2048 0 33554432 33554434 2147483648 1024 2097160 0 2147483648 16777216 0 2097168 1048576 0 0 16384 0 0 0 0 0 0 0 0 0 0 0 0 0 0 0 0 0 0 0 0 0 0 131072 0 0 0 0 0 0 0 0 0 0 1073741824 0 335544320 1024 0 0 0 0 0 0 16 0 0 0 0 0 0 0 1024 0 134217728 0 0 0 1207959568 268435456 65536 0 0 0 1 65536 0 0 67109376 0 16384 41943042 0 1073774594 16384 0 0 8192 4194312 536870912 0 4608 0 0 0 0 0 0 0 0 512 0 0 0 0 0 0 0 0 0 0 0 268435456 0 0 0 0 0 0 1107296256 0 0 0 128 0 0 0 0 0 0 0 0 0 0 0 0 0 0 0 0 0 0 0 0 0 0 0 0 0 0 0 0 0 0 0 0 0 0 0 0 0 0 0 0 0 0 0 0 0 67110912 524416 2148532224 1073741824 659456 2048 570425344 0 524288 655360 2097152 8388640 403701760 0 0 0 0 0 0 0 0 0 0 0 0 0 0 0 0 0 0 0 0 0 0 131072 0 524288 131072 0 256 0 0 268435456 0 0 536871424 0 0 8404992 64 262144 0 0 1024 0 1 131072 0 0 537427968 0 0 0 0 0 0 0 20480 0 268435456 0 0 2097152 0 0 8421376 16 0 0 2147483648 512 0 1140850688 0 1073741824 262152 1 128 2097296 0 0 0 524288 0 0 0 0 0 0 0 0 0 0 0 0 0 0 0 0 0 0 0 64 0 1024 131080 0 0 545263616 4 0 33554448 256 0 0 532480 0 0 0 0 0 2155872256 0 0 67108864 4194336 0 0 33554432 2147483648 32832 524288 0 0 0 2147483648 0 0 0 0 0 4 65536 0 0 402653184 0 1048576 0 2147483648 3 0 0 0 0 0 0 0 0 0 0 0 0 0 0 0 0 0 0 0 256 0 0 0 1048576 0 65536 0 0 0 536870912 0 2 16 0 0 0 0 0 0 0 0 0 262144 0 2 0 134217728 0 0 0 1 262144 4228096 67108928 67108864 1 0 0 1 0 4096 0 0 0 0 0 0 536870912 2 524288 2147483650 0 268500992 0 286261248 0 0 0 0 0 0 0 0 0 0 0 0 0 0 0 0 0 0 1048576 0 0 2 0 0 262144 134234112 0 0 0 16384 0 0 0 0 0 0 0 0 0 268435968 64 0 0 0 65536 0 0 4096 0 0 0 8224 80 0 0 1097728 0 0 0 0 17825824 0 0 0 537133057 64 64 524288 0 0 0 16384 0 0 0 0 0 0 0 0 0 0 0 0 0 0 0 0 0 0 0 0 0 0 0 33554464 0 536870912 512 0 0 16777216 536870912 2147483664 0 0 0 0 1024 12582912 0 0 0 0 0 0 2097152 0 0 0 0 0 256 0 0 0 524288 0 0 33554432 0 0 4096 0 16 2 0 0 0 0 0 0 16 0 0 0 0 1090519040 65536 0 8 0 0 16384 0 0 0 0 0 0 0 0 0 0 0 0 0 0 0 0 0 0 16809984 2097152 16795650 0 0 0 805306368 2097156 0 0 0 0 67108864 65540 67125248 128 0 0 0 0 33554432 0 0 0 4 8 1073741824 0 0 0 4096 0 0 0 0 135266384 0 4194304 0 0 0 0 536870913 0 0 16 0 16 2147549184 512 0 0 256 524288 0 4096 0 262144 8388608 16779264 65536 0 0 0 0 0 0 0 0 0 0 0 0 0 0 0 0 0 0 2048 0 4194304 0 8388609 0 2147483648 0 268435456 0 0 8388608 268468224 1073741824 0 0 4096 0 0 64 8388608 0 0 0 0 0 260 0 0 0 0 0 536879104 268435456 1 33554448 0 33554432 0 0 0 0 0 131200 512 40960 0 0 0 263168 24576 8388864 0 0 1024 0 128 0 0 0 0 0 0 0 0 0 0 0 0 0 0 0 0 0 2097152 0 33554432 0 0 0 1024 0 0 0 0 0 0 0 8
is_linear=0
shrinkage=0.05


Tree=83
num_leaves=31
num_cat=13
split_feature=20 16 20 20 20 19 1 19 6 6 20 19 6 16 0 20 19 0 0 19 0 0 0 0 0 0 6 0 0 0
split_gain=730624 74847.3 50303.3 10302 4763.74 3960.8 3431.05 2546.83 2028.16 1706.89 1677.77 1624.82 1520.3 1178.45 1293.68 1126.87 1121.82 1111.58 1074.97 990.864 916.365 859.334 986.617 898.494 744.815 731.663 717.463 701.187 671.83 671.697
threshold=0.33935546875000006 1.0000000180025095e-35 0.69653320312500011 0.16070556640625003 0.51782226562500011 0.21423339843750003 0 0.64282226562500011 2.5000000000000004 2.5000000000000004 0.83911132812500011 0.21423339843750003 2.5000000000000004 2.9853515625000004 1 0.23211669921875003 1.2143554687500002 2 3 11.500000000000002 4 5 6 7 8 9 2.5000000000000004 10 11 12
decision_type=2 10 2 2 2 2 1 2 2 2 2 2 2 10 9 2 2 9 9 2 9 9 9 9 9 9 2 9 9 9
left_child=1 -1 4 6 9 29 11 15 -6 -2 12 13 -7 14 -3 -5 -11 -16 -19 -12 -8 -20 -23 -24 -15 -26 -17 -25 -29 -4
right_child=2 3 5 7 8 10 20 -9 -10 16 19 -13 -14 24 17 26 -18 18 21 -21 -22 22 23 27 25 -27 -28 28 -30 -31
leaf_value=0 0 0 0.19381812828356437 0 0 0.0046138735600165185 0.0024247262624711554 0 0 0 0.00046021894827499854 0 0 0.019229995306298216 0 0 0 0 0 0.065824555933411327 0 0 0 0 0 0 0 0 0 0
leaf_weight=4726430 499713 55469 3823 901262 403652 249672 3921 132596 1006167 1217640 6789963 105643 621337 4177 57555 329876 26368 56506 48038 313602 2133682 55818 53806 42312 5864 873527 819802 43229 489220 248010
leaf_count=4726430 499713 55469 3823 901262 403652 249672 3921 132596 1006167 1217640 6789963 105643 621337 4177 57555 329876 26368 56506 48038 313602 2133682 55818 53806 42312 5864 873527 819802 43229 489220 248010
internal_value=-0.0110311 -0.0202583 -0.00216168 -0.0166507 -0.00753081 -0.000103456 -0.0181497 -0.013885 -0.00536957 -0.00927819 9.15096e-05 -0.0165977 -0.00197963 -0.0169543 -0.0156829 -0.0143192 -0.0102697 -0.0151974 -0.0147074 0.000345464 -0.0195226 -0.0141942 -0.0137398 -0.0131734 -0.0182521 -0.0183521 -0.0132815 -0.0125943 -0.0121013 -0.00627728
internal_weight=2.23187e+07 1.09387e+07 1.13799e+07 6.2123e+06 3.15354e+06 8.22641e+06 4.02877e+06 2.18354e+06 1.40982e+06 1.74372e+06 7.97457e+06 1.89116e+06 871009 1.78552e+06 901953 2.05094e+06 1.24401e+06 846484 788929 7.10356e+06 2.1376e+06 732423 684385 628567 883568 879391 1.14968e+06 574761 532449 251833
internal_count=22318680 10938733 11379947 6212303 3153540 8226407 4028767 2183536 1409819 1743721 7974574 1891164 871009 1785521 901953 2050940 1244008 846484 788929 7103565 2137603 732423 684385 628567 883568 879391 1149678 574761 532449 251833
cat_boundaries=0 1 80 159 238 333 400 475 550 629 708 783 860 950
cat_threshold=39 131072 2684354592 16777216 1048576 0 0 2097152 0 256 0 131072 0 0 0 0 0 0 256 0 1 67108864 8 0 0 144 0 0 0 1073742336 536870912 0 0 0 0 524288 16384 0 0 67108864 0 0 1073741824 4 0 33554432 0 0 0 0 0 0 0 0 0 0 0 0 0 0 0 0 0 0 0 0 0 536870912 0 16 0 128 0 16777220 0 32 0 0 0 262400 16 0 2560 17301504 4194304 0 16777216 0 0 2147483648 0 0 524288 524288 0 0 0 1024 0 0 0 0 2147483650 536870912 0 134217728 16 0 2147484672 1048576 134217728 0 0 0 4 0 134218240 0 0 1074003968 0 2048 0 8404992 0 0 0 0 0 0 0 0 0 0 0 0 0 0 0 0 0 0 0 0 0 0 0 0 2 0 0 0 0 0 4096 4194304 0 0 16777216 0 32768 0 134250600 0 0 0 0 0 0 8192 0 0 0 0 0 0 0 0 2148007936 2147516416 4 0 134217728 0 4096 0 2048 0 33554432 33554434 2147483648 1024 2097160 0 2147483648 16777216 0 2097168 1048576 0 0 16384 0 0 0 0 0 0 0 0 0 0 0 0 0 0 0 0 0 0 0 0 0 0 131072 0 0 0 0 0 0 0 0 0 0 1073741824 0 335544320 0 0 0 0 0 0 0 0 0 0 0 0 0 0 0 0 0 0 0 0 0 0 0 0 0 0 0 0 0 0 0 0 0 0 0 0 0 0 0 0 0 0 0 0 0 67110912 524416 2148532224 1073741824 659456 2048 570425344 0 524288 655360 2097152 8388640 403701760 0 0 0 0 0 0 0 0 0 0 0 0 0 0 0 0 0 0 0 0 0 0 131072 0 524288 131072 0 256 0 0 268435456 0 0 536871424 0 0 8404992 64 262144 0 0 1024 0 1 131072 0 0 537427968 0 0 0 0 0 0 0 20480 0 268435456 0 0 2097152 0 0 8421376 16 0 0 2147483648 512 0 1140850688 0 1073741824 262152 1 128 2097296 0 0 0 524288 0 0 0 0 0 0 0 0 0 0 0 0 0 0 0 0 0 0 0 64 0 1024 131080 0 0 545263616 4 0 33554448 256 0 0 532480 0 0 0 0 0 2155872256 0 0 67108864 4194336 0 0 33554432 2147483648 32832 524288 0 0 0 2147483648 0 0 0 0 0 4 65536 0 0 402653184 0 1048576 0 2147483648 3 0 0 0 0 0 0 0 0 0 0 0 0 0 0 0 0 0 0 0 256 0 0 0 1048576 0 65536 0 0 0 536870912 0 2 16 0 0 0 0 0 0 0 0 0 262144 0 2 0 134217728 0 0 0 1 262144 4228096 67108928 67108864 1 0 0 1 0 4096 0 0 0 0 0 0 536870912 2 524288 2147483650 0 268500992 0 286261248 0 0 0 0 0 0 0 0 0 0 0 0 0 0 0 0 0 0 1048576 0 0 2 0 0 262144 134234112 0 0 0 16384 0 0 0 0 0 0 0 0 0 268435968 64 0 0 0 65536 0 0 4096 0 0 0 8224 80 0 0 1097728 0 0 0 0 17825824 0 0 0 537133057 64 64 524288 0 0 0 16384 0 0 0 0 0 0 0 0 0 0 0 0 0 0 0 0 0 0 0 0 0 0 0 33554464 0 536870912 512 0 0 16777216 536870912 2147483664 0 0 0 0 1024 12582912 0 0 0 0 0 0 2097152 0 0 0 0 0 256 0 0 0 524288 0 0 33554432 0 0 4096 0 16 2 0 0 0 0 0 0 16 0 0 0 0 1090519040 65536 0 8 0 0 16384 0 0 0 0 0 0 0 0 0 0 0 0 0 0 0 0 0 0 16809984 2097152 16795650 0 0 0 805306368 2097156 0 0 0 0 67108864 65540 67125248 128 0 0 0 0 33554432 0 0 0 4 8 1073741824 0 0 0 4096 0 0 0 0 135266384 0 4194304 0 0 0 0 536870913 0 0 16 0 16 2147549184 512 0 0 256 524288 0 4096 0 262144 8388608 16779264 65536 0 0 0 0 0 0 0 0 0 0 0 0 0 0 0 0 0 0 2048 0 4194304 0 8388609 0 2147483648 0 268435456 0 0 8388608 268468224 1073741824 0 0 4096 0 0 64 8388608 0 0 0 0 0 260 0 0 0 0 0 536879104 268435456 1 33554448 0 33554432 0 0 0 0 0 131200 512 40960 0 0 0 263168 24576 8388864 0 0 1024 0 128 0 0 0 0 0 0 0 0 0 0 0 0 0 0 0 0 0 2097152 0 33554432 0 0 0 1024 0 0 0 0 0 0 0 8 0 0 0 0 0 0 0 128 0 0 72 0 0 0 0 0 8388608 131072 0 0 128 1073741824 0 0 0 16384 0 1073741824 32768 0 0 0 0 33554432 0 0 0 0 0 0 8192 4194304 33554480 4194304 8912896 0 0 0 0 0 0 0 0 0 0 0 8388608 0 0 0 0 0 0 16 0 268435456 0 0 0 64 0 0 34078720 0 0 0 2 0 1024 0 0 0 0 0 0 0 268435456 0 0 134217728
is_linear=0
shrinkage=0.05


Tree=84
num_leaves=31
num_cat=12
split_feature=20 16 20 20 20 19 1 19 6 6 20 19 6 16 0 20 19 0 0 17 0 0 0 0 0 0 6 0 0 20
split_gain=729779 74847.3 50107.4 10302 4763.74 3967.97 3431.05 2546.83 2028.16 1706.89 1654.69 1624.82 1520.3 1178.45 1293.68 1126.87 1121.82 1111.58 1074.97 939.037 916.365 859.334 986.617 898.494 744.815 731.663 717.463 701.187 671.83 668.813
threshold=0.33935546875000006 1.0000000180025095e-35 0.69653320312500011 0.16070556640625003 0.51782226562500011 0.21423339843750003 0 0.64282226562500011 2.5000000000000004 2.5000000000000004 0.83911132812500011 0.21423339843750003 2.5000000000000004 2.9853515625000004 1 0.23211669921875003 1.2143554687500002 2 3 16.500000000000004 4 5 6 7 8 9 2.5000000000000004 10 11 0.089263916015625014
decision_type=2 10 2 2 2 2 1 2 2 2 2 2 2 10 9 2 2 9 9 2 9 9 9 9 9 9 2 9 9 2
left_child=1 -1 4 6 9 -4 11 15 -6 -2 12 13 -7 14 -3 -5 -11 -16 -19 -12 -8 -20 -23 -24 -15 -26 -17 -25 -29 -22
right_child=2 3 5 7 8 10 20 -9 -10 16 19 -13 -14 24 17 26 -18 18 21 -21 29 22 23 27 25 -27 -28 28 -30 -31
leaf_value=0 0 0 0 0 0 0.0043831798820156923 0.0023034899493475981 0 0 0 0.00047082774586432175 0 0 0.018268495540983306 0 0 0 0 0 0.082869694683304213 0 0 0 0 0 0 0 0 0 0
leaf_weight=4726430 499713 55469 251833 901262 403652 249672 3921 132596 1006167 1217640 6895175 105643 621337 4177 57555 329876 26368 56506 48038 208390 1451378 55818 53806 42312 5864 873527 819802 43229 489220 682304
leaf_count=4726430 499713 55469 251833 901262 403652 249672 3921 132596 1006167 1217640 6895175 105643 621337 4177 57555 329876 26368 56506 48038 208390 1451378 55818 53806 42312 5864 873527 819802 43229 489220 682304
internal_value=-0.0110364 -0.0202583 -0.00217214 -0.0166507 -0.00753081 -0.000117928 -0.0181497 -0.013885 -0.00536957 -0.00927819 7.72142e-05 -0.0165977 -0.00197963 -0.0169543 -0.0156829 -0.0143192 -0.0102697 -0.0151974 -0.0147074 0.000329416 -0.0195226 -0.0141942 -0.0137398 -0.0131734 -0.0182521 -0.0183521 -0.0132815 -0.0125943 -0.0121013 -0.019567
internal_weight=2.23187e+07 1.09387e+07 1.13799e+07 6.2123e+06 3.15354e+06 8.22641e+06 4.02877e+06 2.18354e+06 1.40982e+06 1.74372e+06 7.97457e+06 1.89116e+06 871009 1.78552e+06 901953 2.05094e+06 1.24401e+06 846484 788929 7.10356e+06 2.1376e+06 732423 684385 628567 883568 879391 1.14968e+06 574761 532449 2.13368e+06
internal_count=22318680 10938733 11379947 6212303 3153540 8226407 4028767 2183536 1409819 1743721 7974574 1891164 871009 1785521 901953 2050940 1244008 846484 788929 7103565 2137603 732423 684385 628567 883568 879391 1149678 574761 532449 2133682
cat_boundaries=0 1 80 159 238 333 400 475 550 629 708 783 860
cat_threshold=39 131072 2684354592 16777216 1048576 0 0 2097152 0 256 0 131072 0 0 0 0 0 0 256 0 1 67108864 8 0 0 144 0 0 0 1073742336 536870912 0 0 0 0 524288 16384 0 0 67108864 0 0 1073741824 4 0 33554432 0 0 0 0 0 0 0 0 0 0 0 0 0 0 0 0 0 0 0 0 0 536870912 0 16 0 128 0 16777220 0 32 0 0 0 262400 16 0 2560 17301504 4194304 0 16777216 0 0 2147483648 0 0 524288 524288 0 0 0 1024 0 0 0 0 2147483650 536870912 0 134217728 16 0 2147484672 1048576 134217728 0 0 0 4 0 134218240 0 0 1074003968 0 2048 0 8404992 0 0 0 0 0 0 0 0 0 0 0 0 0 0 0 0 0 0 0 0 0 0 0 0 2 0 0 0 0 0 4096 4194304 0 0 16777216 0 32768 0 134250600 0 0 0 0 0 0 8192 0 0 0 0 0 0 0 0 2148007936 2147516416 4 0 134217728 0 4096 0 2048 0 33554432 33554434 2147483648 1024 2097160 0 2147483648 16777216 0 2097168 1048576 0 0 16384 0 0 0 0 0 0 0 0 0 0 0 0 0 0 0 0 0 0 0 0 0 0 131072 0 0 0 0 0 0 0 0 0 0 1073741824 0 335544320 0 0 0 0 0 0 0 0 0 0 0 0 0 0 0 0 0 0 0 0 0 0 0 0 0 0 0 0 0 0 0 0 0 0 0 0 0 0 0 0 0 0 0 0 0 67110912 524416 2148532224 1073741824 659456 2048 570425344 0 524288 655360 2097152 8388640 403701760 0 0 0 0 0 0 0 0 0 0 0 0 0 0 0 0 0 0 0 0 0 0 131072 0 524288 131072 0 256 0 0 268435456 0 0 536871424 0 0 8404992 64 262144 0 0 1024 0 1 131072 0 0 537427968 0 0 0 0 0 0 0 20480 0 268435456 0 0 2097152 0 0 8421376 16 0 0 2147483648 512 0 1140850688 0 1073741824 262152 1 128 2097296 0 0 0 524288 0 0 0 0 0 0 0 0 0 0 0 0 0 0 0 0 0 0 0 64 0 1024 131080 0 0 545263616 4 0 33554448 256 0 0 532480 0 0 0 0 0 2155872256 0 0 67108864 4194336 0 0 33554432 2147483648 32832 524288 0 0 0 2147483648 0 0 0 0 0 4 65536 0 0 402653184 0 1048576 0 2147483648 3 0 0 0 0 0 0 0 0 0 0 0 0 0 0 0 0 0 0 0 256 0 0 0 1048576 0 65536 0 0 0 536870912 0 2 16 0 0 0 0 0 0 0 0 0 262144 0 2 0 134217728 0 0 0 1 262144 4228096 67108928 67108864 1 0 0 1 0 4096 0 0 0 0 0 0 536870912 2 524288 2147483650 0 268500992 0 286261248 0 0 0 0 0 0 0 0 0 0 0 0 0 0 0 0 0 0 1048576 0 0 2 0 0 262144 134234112 0 0 0 16384 0 0 0 0 0 0 0 0 0 268435968 64 0 0 0 65536 0 0 4096 0 0 0 8224 80 0 0 1097728 0 0 0 0 17825824 0 0 0 537133057 64 64 524288 0 0 0 16384 0 0 0 0 0 0 0 0 0 0 0 0 0 0 0 0 0 0 0 0 0 0 0 33554464 0 536870912 512 0 0 16777216 536870912 2147483664 0 0 0 0 1024 12582912 0 0 0 0 0 0 2097152 0 0 0 0 0 256 0 0 0 524288 0 0 33554432 0 0 4096 0 16 2 0 0 0 0 0 0 16 0 0 0 0 1090519040 65536 0 8 0 0 16384 0 0 0 0 0 0 0 0 0 0 0 0 0 0 0 0 0 0 16809984 2097152 16795650 0 0 0 805306368 2097156 0 0 0 0 67108864 65540 67125248 128 0 0 0 0 33554432 0 0 0 4 8 1073741824 0 0 0 4096 0 0 0 0 135266384 0 4194304 0 0 0 0 536870913 0 0 16 0 16 2147549184 512 0 0 256 524288 0 4096 0 262144 8388608 16779264 65536 0 0 0 0 0 0 0 0 0 0 0 0 0 0 0 0 0 0 2048 0 4194304 0 8388609 0 2147483648 0 268435456 0 0 8388608 268468224 1073741824 0 0 4096 0 0 64 8388608 0 0 0 0 0 260 0 0 0 0 0 536879104 268435456 1 33554448 0 33554432 0 0 0 0 0 131200 512 40960 0 0 0 263168 24576 8388864 0 0 1024 0 128 0 0 0 0 0 0 0 0 0 0 0 0 0 0 0 0 0 2097152 0 33554432 0 0 0 1024 0 0 0 0 0 0 0 8
is_linear=0
shrinkage=0.05


Tree=85
num_leaves=31
num_cat=12
split_feature=20 16 20 20 20 19 1 19 6 6 20 19 6 16 0 20 19 0 0 0 0 0 0 0 0 0 6 0 6 20
split_gain=729152 74847.3 49962.1 10302 4763.74 3954.16 3431.05 2546.83 2028.16 1706.89 1636.88 1624.82 1520.3 1178.45 1293.68 1126.87 1121.82 1111.58 1074.97 940.599 916.365 859.334 986.617 898.494 744.815 731.663 717.463 701.187 692.51 859.524
threshold=0.33935546875000006 1.0000000180025095e-35 0.69653320312500011 0.16070556640625003 0.51782226562500011 0.21423339843750003 0 0.64282226562500011 2.5000000000000004 2.5000000000000004 0.83911132812500011 0.21423339843750003 2.5000000000000004 2.9853515625000004 1 0.23211669921875003 1.2143554687500002 2 3 4 5 6 7 8 9 10 2.5000000000000004 11 2.5000000000000004 1.6962890625000002
decision_type=2 10 2 2 2 2 1 2 2 2 2 2 2 10 9 2 2 9 9 9 9 9 9 9 9 9 2 9 2 2
left_child=1 -1 4 6 9 -4 11 15 -6 -2 12 13 -7 14 -3 -5 -11 -16 -19 -12 -8 -20 -23 -24 -15 -26 -17 -25 29 -21
right_child=2 3 5 7 8 10 20 -9 -10 16 19 -13 -14 24 17 26 -18 18 21 28 -22 22 23 27 25 -27 -28 -29 -30 -31
leaf_value=0 0 0 0 0 0 0.00416402088791491 0.0021883154518802183 0 0 0 0.030738137055281681 0 0 0.017355070763934138 0 0 0 0 0 -0.00014141972366977785 0 0 0 0 0 0 0 0 -0.00013925671110780912 0.014641930725903663
leaf_weight=4726430 499713 55469 251833 901262 403652 249672 3921 132596 1006167 1217640 175948 105643 621337 4177 57555 329876 26368 56506 48038 910009 2133682 55818 53806 42312 5864 873527 819802 532449 4945364 1072244
leaf_count=4726430 499713 55469 251833 901262 403652 249672 3921 132596 1006167 1217640 175948 105643 621337 4177 57555 329876 26368 56506 48038 910009 2133682 55818 53806 42312 5864 873527 819802 532449 4945364 1072244
internal_value=-0.0110404 -0.0202583 -0.00217992 -0.0166507 -0.00753081 -0.000128686 -0.0181497 -0.013885 -0.00536957 -0.00927819 6.61164e-05 -0.0165977 -0.00197963 -0.0169543 -0.0156829 -0.0143192 -0.0102697 -0.0151974 -0.0147074 0.000316957 -0.0195226 -0.0141942 -0.0137398 -0.0131734 -0.0182521 -0.0183521 -0.0132815 -0.0125943 0.000225261 0.00101487
internal_weight=2.23187e+07 1.09387e+07 1.13799e+07 6.2123e+06 3.15354e+06 8.22641e+06 4.02877e+06 2.18354e+06 1.40982e+06 1.74372e+06 7.97457e+06 1.89116e+06 871009 1.78552e+06 901953 2.05094e+06 1.24401e+06 846484 788929 7.10356e+06 2.1376e+06 732423 684385 628567 883568 879391 1.14968e+06 574761 6.92762e+06 1.98225e+06
internal_count=22318680 10938733 11379947 6212303 3153540 8226407 4028767 2183536 1409819 1743721 7974574 1891164 871009 1785521 901953 2050940 1244008 846484 788929 7103565 2137603 732423 684385 628567 883568 879391 1149678 574761 6927617 1982253
cat_boundaries=0 1 80 159 238 324 419 486 561 636 715 794 869
cat_threshold=39 131072 2684354592 16777216 1048576 0 0 2097152 0 256 0 131072 0 0 0 0 0 0 256 0 1 67108864 8 0 0 144 0 0 0 1073742336 536870912 0 0 0 0 524288 16384 0 0 67108864 0 0 1073741824 4 0 33554432 0 0 0 0 0 0 0 0 0 0 0 0 0 0 0 0 0 0 0 0 0 536870912 0 16 0 128 0 16777220 0 32 0 0 0 262400 16 0 2560 17301504 4194304 0 16777216 0 0 2147483648 0 0 524288 524288 0 0 0 1024 0 0 0 0 2147483650 536870912 0 134217728 16 0 2147484672 1048576 134217728 0 0 0 4 0 134218240 0 0 1074003968 0 2048 0 8404992 0 0 0 0 0 0 0 0 0 0 0 0 0 0 0 0 0 0 0 0 0 0 0 0 2 0 0 0 0 0 4096 4194304 0 0 16777216 0 32768 0 134250600 0 0 0 0 0 0 8192 0 0 0 0 0 0 0 0 2148007936 2147516416 4 0 134217728 0 4096 0 2048 0 33554432 33554434 2147483648 1024 2097160 0 2147483648 16777216 0 2097168 1048576 0 0 16384 0 0 0 0 0 0 0 0 0 0 0 0 0 0 0 0 0 0 0 0 0 0 131072 0 0 0 0 0 0 0 0 0 0 1073741824 0 335544320 0 0 0 0 0 64 0 0 0 512 512 0 134217728 0 0 134217728 134217728 0 262656 0 0 1073741824 268435456 8 0 0 0 1 0 0 0 0 0 0 0 262144 2 16384 0 65536 8192 0 2361856 268435456 512 0 0 0 0 268435456 0 0 0 0 1073741824 0 0 0 0 0 0 0 0 16777216 16 16777216 0 0 0 0 0 0 2 0 8388608 0 0 0 0 0 0 0 0 0 32 2048 0 0 0 0 0 0 0 0 0 0 0 0 0 0 0 0 0 0 0 0 0 0 0 0 0 0 0 0 0 0 0 0 0 0 0 0 0 0 0 0 0 0 0 0 0 67110912 524416 2148532224 1073741824 659456 2048 570425344 0 524288 655360 2097152 8388640 403701760 0 0 0 0 0 0 0 0 0 0 0 0 0 0 0 0 0 0 0 0 0 0 131072 0 524288 131072 0 256 0 0 268435456 0 0 536871424 0 0 8404992 64 262144 0 0 1024 0 1 131072 0 0 537427968 0 0 0 0 0 0 0 20480 0 268435456 0 0 2097152 0 0 8421376 16 0 0 2147483648 512 0 1140850688 0 1073741824 262152 1 128 2097296 0 0 0 524288 0 0 0 0 0 0 0 0 0 0 0 0 0 0 0 0 0 0 0 64 0 1024 131080 0 0 545263616 4 0 33554448 256 0 0 532480 0 0 0 0 0 2155872256 0 0 67108864 4194336 0 0 33554432 2147483648 32832 524288 0 0 0 2147483648 0 0 0 0 0 4 65536 0 0 402653184 0 1048576 0 2147483648 3 0 0 0 0 0 0 0 0 0 0 0 0 0 0 0 0 0 0 0 256 0 0 0 1048576 0 65536 0 0 0 536870912 0 2 16 0 0 0 0 0 0 0 0 0 262144 0 2 0 134217728 0 0 0 1 262144 4228096 67108928 67108864 1 0 0 1 0 4096 0 0 0 0 0 0 536870912 2 524288 2147483650 0 268500992 0 286261248 0 0 0 0 0 0 0 0 0 0 0 0 0 0 0 0 0 0 1048576 0 0 2 0 0 262144 134234112 0 0 0 16384 0 0 0 0 0 0 0 0 0 268435968 64 0 0 0 65536 0 0 4096 0 0 0 8224 80 0 0 1097728 0 0 0 0 17825824 0 0 0 537133057 64 64 524288 0 0 0 16384 0 0 0 0 0 0 0 0 0 0 0 0 0 0 0 0 0 0 0 0 0 0 0 33554464 0 536870912 512 0 0 16777216 536870912 2147483664 0 0 0 0 1024 12582912 0 0 0 0 0 0 2097152 0 0 0 0 0 256 0 0 0 524288 0 0 33554432 0 0 4096 0 16 2 0 0 0 0 0 0 16 0 0 0 0 1090519040 65536 0 8 0 0 16384 0 0 0 0 0 0 0 0 0 0 0 0 0 0 0 0 0 0 16809984 2097152 16795650 0 0 0 805306368 2097156 0 0 0 0 67108864 65540 67125248 128 0 0 0 0 33554432 0 0 0 4 8 1073741824 0 0 0 4096 0 0 0 0 135266384 0 4194304 0 0 0 0 536870913 0 0 16 0 16 2147549184 512 0 0 256 524288 0 4096 0 262144 8388608 16779264 65536 0 0 0 0 0 0 0 0 0 0 0 0 0 0 0 0 0 0 2048 0 4194304 0 8388609 0 2147483648 0 268435456 0 0 8388608
is_linear=0
shrinkage=0.05


Tree=86
num_leaves=31
num_cat=12
split_feature=20 16 20 20 20 19 1 19 6 6 19 20 6 16 0 20 19 0 0 0 19 0 0 0 20 0 0 6 0 9
split_gain=728101 74847.3 49719.1 10302 4763.74 3931.09 3431.05 2546.83 2028.16 1706.89 1624.82 1607.27 1520.3 1178.45 1293.68 1126.87 1121.82 1111.58 1074.97 916.365 909.982 859.334 986.617 898.494 752.711 744.815 731.663 717.463 701.187 682.575
threshold=0.33935546875000006 1.0000000180025095e-35 0.69653320312500011 0.16070556640625003 0.51782226562500011 0.21423339843750003 0 0.64282226562500011 2.5000000000000004 2.5000000000000004 0.21423339843750003 0.83911132812500011 2.5000000000000004 2.9853515625000004 1 0.23211669921875003 1.2143554687500002 2 3 4 53.062500000000007 5 6 7 4.5878906250000009 8 9 2.5000000000000004 10 11
decision_type=2 10 2 2 2 2 1 2 2 2 2 2 2 10 9 2 2 9 9 9 2 9 9 9 2 9 9 2 9 9
left_child=1 -1 4 6 9 -4 10 15 -6 -2 13 12 -7 14 -3 -5 -11 -16 -19 -8 24 -20 -23 -24 -13 -15 -27 -17 -25 -26
right_child=2 3 5 7 8 11 19 -9 -10 16 -12 20 -14 25 17 27 -18 18 21 -21 -22 22 23 28 29 26 -28 -29 -30 -31
leaf_value=0 0 0 0 0 0 0.0039558198435191653 0.0020788996792862058 0 0 0 0 6.8688292356267061e-05 0 0.01648731722573743 0 0 0 0 0 0 1.1360412958059976 0 0 0 -0.064447957225097413 0 0 0 0 0.017661235016044507
leaf_weight=4726430 499713 55469 251833 901262 403652 249672 3921 132596 1006167 1217640 105643 5898104 621337 4177 57555 329876 26368 56506 48038 2133682 12019 55818 53806 42312 3147 5864 873527 819802 532449 1190295
leaf_count=4726430 499713 55469 251833 901262 403652 249672 3921 132596 1006167 1217640 105643 5898104 621337 4177 57555 329876 26368 56506 48038 2133682 12019 55818 53806 42312 3147 5864 873527 819802 532449 1190295
internal_value=-0.0110471 -0.0202583 -0.00219294 -0.0166507 -0.00753081 -0.000146707 -0.0181497 -0.013885 -0.00536957 -0.00927819 -0.0165977 4.7526e-05 -0.00197963 -0.0169543 -0.0156829 -0.0143192 -0.0102697 -0.0151974 -0.0147074 -0.0195226 0.000296087 -0.0141942 -0.0137398 -0.0131734 0.00027279 -0.0182521 -0.0183521 -0.0132815 -0.0125943 0.00141796
internal_weight=2.23187e+07 1.09387e+07 1.13799e+07 6.2123e+06 3.15354e+06 8.22641e+06 4.02877e+06 2.18354e+06 1.40982e+06 1.74372e+06 1.89116e+06 7.97457e+06 871009 1.78552e+06 901953 2.05094e+06 1.24401e+06 846484 788929 2.1376e+06 7.10356e+06 732423 684385 628567 7.09155e+06 883568 879391 1.14968e+06 574761 1.19344e+06
internal_count=22318680 10938733 11379947 6212303 3153540 8226407 4028767 2183536 1409819 1743721 1891164 7974574 871009 1785521 901953 2050940 1244008 846484 788929 2137603 7103565 732423 684385 628567 7091546 883568 879391 1149678 574761 1193442
cat_boundaries=0 1 80 159 238 333 400 475 550 629 708 783 784
cat_threshold=39 131072 2684354592 16777216 1048576 0 0 2097152 0 256 0 131072 0 0 0 0 0 0 256 0 1 67108864 8 0 0 144 0 0 0 1073742336 536870912 0 0 0 0 524288 16384 0 0 67108864 0 0 1073741824 4 0 33554432 0 0 0 0 0 0 0 0 0 0 0 0 0 0 0 0 0 0 0 0 0 536870912 0 16 0 128 0 16777220 0 32 0 0 0 262400 16 0 2560 17301504 4194304 0 16777216 0 0 2147483648 0 0 524288 524288 0 0 0 1024 0 0 0 0 2147483650 536870912 0 134217728 16 0 2147484672 1048576 134217728 0 0 0 4 0 134218240 0 0 1074003968 0 2048 0 8404992 0 0 0 0 0 0 0 0 0 0 0 0 0 0 0 0 0 0 0 0 0 0 0 0 2 0 0 0 0 0 4096 4194304 0 0 16777216 0 32768 0 134250600 0 0 0 0 0 0 8192 0 0 0 0 0 0 0 0 2148007936 2147516416 4 0 134217728 0 4096 0 2048 0 33554432 33554434 2147483648 1024 2097160 0 2147483648 16777216 0 2097168 1048576 0 0 16384 0 0 0 0 0 0 0 0 0 0 0 0 0 0 0 0 0 0 0 0 0 0 131072 0 0 0 0 0 0 0 0 0 0 1073741824 0 335544320 0 0 0 0 0 0 0 0 0 0 0 0 0 0 0 0 0 0 0 0 0 0 0 0 0 0 0 0 0 0 0 0 0 0 0 0 0 0 0 0 0 0 0 0 0 67110912 524416 2148532224 1073741824 659456 2048 570425344 0 524288 655360 2097152 8388640 403701760 0 0 0 0 0 0 0 0 0 0 0 0 0 0 0 0 0 0 0 0 0 0 131072 0 524288 131072 0 256 0 0 268435456 0 0 536871424 0 0 8404992 64 262144 0 0 1024 0 1 131072 0 0 537427968 0 0 0 0 0 0 0 20480 0 268435456 0 0 2097152 0 0 8421376 16 0 0 2147483648 512 0 1140850688 0 1073741824 262152 1 128 2097296 0 0 0 524288 0 0 0 0 0 0 0 0 0 0 0 0 0 0 0 0 0 0 0 64 0 1024 131080 0 0 545263616 4 0 33554448 256 0 0 532480 0 0 0 0 0 2155872256 0 0 67108864 4194336 0 0 33554432 2147483648 32832 524288 0 0 0 2147483648 0 0 0 0 0 4 65536 0 0 402653184 0 1048576 0 2147483648 3 0 0 0 0 0 0 0 0 0 0 0 0 0 0 0 0 0 0 0 256 0 0 0 1048576 0 65536 0 0 0 536870912 0 2 16 0 0 0 0 0 0 0 0 0 262144 0 2 0 134217728 0 0 0 1 262144 4228096 67108928 67108864 1 0 0 1 0 4096 0 0 0 0 0 0 536870912 2 524288 2147483650 0 268500992 0 286261248 0 0 0 0 0 0 0 0 0 0 0 0 0 0 0 0 0 0 1048576 0 0 2 0 0 262144 134234112 0 0 0 16384 0 0 0 0 0 0 0 0 0 268435968 64 0 0 0 65536 0 0 4096 0 0 0 8224 80 0 0 1097728 0 0 0 0 17825824 0 0 0 537133057 64 64 524288 0 0 0 16384 0 0 0 0 0 0 0 0 0 0 0 0 0 0 0 0 0 0 0 0 0 0 0 33554464 0 536870912 512 0 0 16777216 536870912 2147483664 0 0 0 0 1024 12582912 0 0 0 0 0 0 2097152 0 0 0 0 0 256 0 0 0 524288 0 0 33554432 0 0 4096 0 16 2 0 0 0 0 0 0 16 0 0 0 0 1090519040 65536 0 8 0 0 16384 0 0 0 0 0 0 0 0 0 0 0 0 0 0 0 0 0 0 16809984 2097152 16795650 0 0 0 805306368 2097156 0 0 0 0 67108864 65540 67125248 128 0 0 0 0 33554432 0 0 0 4 8 1073741824 0 0 0 4096 0 0 0 0 135266384 0 4194304 0 0 0 0 536870913 0 0 16 0 16 2147549184 512 0 0 256 524288 0 4096 0 262144 8388608 16779264 65536 0 0 0 0 0 0 0 0 0 0 0 0 0 0 0 0 0 0 2048 0 4194304 0 8388609 0 2147483648 0 268435456 0 0 8388608 2
is_linear=0
shrinkage=0.05


Tree=87
num_leaves=31
num_cat=12
split_feature=20 16 20 20 20 19 1 19 6 6 19 20 6 16 0 20 19 0 0 0 0 0 0 18 0 0 6 0 0 20
split_gain=727382 74847.3 49552.9 10302 4763.74 3915.32 3431.05 2546.83 2028.16 1706.89 1624.82 1587.13 1520.3 1178.45 1293.68 1126.87 1121.82 1111.58 1074.97 916.365 859.334 986.617 898.494 848.713 744.815 731.663 717.463 701.187 671.83 668.813
threshold=0.33935546875000006 1.0000000180025095e-35 0.69653320312500011 0.16070556640625003 0.51782226562500011 0.21423339843750003 0 0.64282226562500011 2.5000000000000004 2.5000000000000004 0.21423339843750003 0.83911132812500011 2.5000000000000004 2.9853515625000004 1 0.23211669921875003 1.2143554687500002 2 3 4 5 6 7 8.5000000000000018 8 9 2.5000000000000004 10 11 0.089263916015625014
decision_type=2 10 2 2 2 2 1 2 2 2 2 2 2 10 9 2 2 9 9 9 9 9 9 2 9 9 2 9 9 2
left_child=1 -1 4 6 9 -4 10 15 -6 -2 13 12 -7 14 -3 -5 -11 -16 -19 -8 -20 -22 -23 -13 -15 -26 -17 -24 -29 -21
right_child=2 3 5 7 8 11 19 -9 -10 16 -12 23 -14 24 17 26 -18 18 20 29 21 22 27 -25 25 -27 -28 28 -30 -31
leaf_value=0 0 0 0 0 0 0.0037580288513432095 0.0019749546953218957 0 0 0 0 0.00020134155974360914 0 0.015662951364450561 0 0 0 0 0 0 0 0 0 0.028635836367922354 0 0 0 0 0 0
leaf_weight=4726430 499713 55469 251833 901262 403652 249672 3921 132596 1006167 1217640 105643 6494242 621337 4177 57555 329876 26368 56506 48038 1451378 55818 53806 42312 609323 5864 873527 819802 43229 489220 682304
leaf_count=4726430 499713 55469 251833 901262 403652 249672 3921 132596 1006167 1217640 105643 6494242 621337 4177 57555 329876 26368 56506 48038 1451378 55818 53806 42312 609323 5864 873527 819802 43229 489220 682304
internal_value=-0.0110516 -0.0202583 -0.00220187 -0.0166507 -0.00753081 -0.000159058 -0.0181497 -0.013885 -0.00536957 -0.00927819 -0.0165977 3.47856e-05 -0.00197963 -0.0169543 -0.0156829 -0.0143192 -0.0102697 -0.0151974 -0.0147074 -0.0195226 -0.0141942 -0.0137398 -0.0131734 0.000281785 -0.0182521 -0.0183521 -0.0132815 -0.0125943 -0.0121013 -0.019567
internal_weight=2.23187e+07 1.09387e+07 1.13799e+07 6.2123e+06 3.15354e+06 8.22641e+06 4.02877e+06 2.18354e+06 1.40982e+06 1.74372e+06 1.89116e+06 7.97457e+06 871009 1.78552e+06 901953 2.05094e+06 1.24401e+06 846484 788929 2.1376e+06 732423 684385 628567 7.10356e+06 883568 879391 1.14968e+06 574761 532449 2.13368e+06
internal_count=22318680 10938733 11379947 6212303 3153540 8226407 4028767 2183536 1409819 1743721 1891164 7974574 871009 1785521 901953 2050940 1244008 846484 788929 2137603 732423 684385 628567 7103565 883568 879391 1149678 574761 532449 2133682
cat_boundaries=0 1 80 159 238 333 400 475 550 629 708 783 860
cat_threshold=39 131072 2684354592 16777216 1048576 0 0 2097152 0 256 0 131072 0 0 0 0 0 0 256 0 1 67108864 8 0 0 144 0 0 0 1073742336 536870912 0 0 0 0 524288 16384 0 0 67108864 0 0 1073741824 4 0 33554432 0 0 0 0 0 0 0 0 0 0 0 0 0 0 0 0 0 0 0 0 0 536870912 0 16 0 128 0 16777220 0 32 0 0 0 262400 16 0 2560 17301504 4194304 0 16777216 0 0 2147483648 0 0 524288 524288 0 0 0 1024 0 0 0 0 2147483650 536870912 0 134217728 16 0 2147484672 1048576 134217728 0 0 0 4 0 134218240 0 0 1074003968 0 2048 0 8404992 0 0 0 0 0 0 0 0 0 0 0 0 0 0 0 0 0 0 0 0 0 0 0 0 2 0 0 0 0 0 4096 4194304 0 0 16777216 0 32768 0 134250600 0 0 0 0 0 0 8192 0 0 0 0 0 0 0 0 2148007936 2147516416 4 0 134217728 0 4096 0 2048 0 33554432 33554434 2147483648 1024 2097160 0 2147483648 16777216 0 2097168 1048576 0 0 16384 0 0 0 0 0 0 0 0 0 0 0 0 0 0 0 0 0 0 0 0 0 0 131072 0 0 0 0 0 0 0 0 0 0 1073741824 0 335544320 0 0 0 0 0 0 0 0 0 0 0 0 0 0 0 0 0 0 0 0 0 0 0 0 0 0 0 0 0 0 0 0 0 0 0 0 0 0 0 0 0 0 0 0 0 67110912 524416 2148532224 1073741824 659456 2048 570425344 0 524288 655360 2097152 8388640 403701760 0 0 0 0 0 0 0 0 0 0 0 0 0 0 0 0 0 0 0 0 0 0 131072 0 524288 131072 0 256 0 0 268435456 0 0 536871424 0 0 8404992 64 262144 0 0 1024 0 1 131072 0 0 537427968 0 0 0 0 0 0 0 20480 0 268435456 0 0 2097152 0 0 8421376 16 0 0 2147483648 512 0 1140850688 0 1073741824 262152 1 128 2097296 0 0 0 524288 0 0 0 0 0 0 0 0 0 0 0 0 0 0 0 0 0 0 0 64 0 1024 131080 0 0 545263616 4 0 33554448 256 0 0 532480 0 0 0 0 0 2155872256 0 0 67108864 4194336 0 0 33554432 2147483648 32832 524288 0 0 0 2147483648 0 0 0 0 0 4 65536 0 0 402653184 0 1048576 0 2147483648 3 0 0 0 0 0 0 0 0 0 0 0 0 0 0 0 0 0 0 0 256 0 0 0 1048576 0 65536 0 0 0 536870912 0 2 16 0 0 0 0 0 0 0 0 0 262144 0 2 0 134217728 0 0 0 1 262144 4228096 67108928 67108864 1 0 0 1 0 4096 0 0 0 0 0 0 536870912 2 524288 2147483650 0 268500992 0 286261248 0 0 0 0 0 0 0 0 0 0 0 0 0 0 0 0 0 0 1048576 0 0 2 0 0 262144 134234112 0 0 0 16384 0 0 0 0 0 0 0 0 0 268435968 64 0 0 0 65536 0 0 4096 0 0 0 8224 80 0 0 1097728 0 0 0 0 17825824 0 0 0 537133057 64 64 524288 0 0 0 16384 0 0 0 0 0 0 0 0 0 0 0 0 0 0 0 0 0 0 0 0 0 0 0 33554464 0 536870912 512 0 0 16777216 536870912 2147483664 0 0 0 0 1024 12582912 0 0 0 0 0 0 2097152 0 0 0 0 0 256 0 0 0 524288 0 0 33554432 0 0 4096 0 16 2 0 0 0 0 0 0 16 0 0 0 0 1090519040 65536 0 8 0 0 16384 0 0 0 0 0 0 0 0 0 0 0 0 0 0 0 0 0 0 16809984 2097152 16795650 0 0 0 805306368 2097156 0 0 0 0 67108864 65540 67125248 128 0 0 0 0 33554432 0 0 0 4 8 1073741824 0 0 0 4096 0 0 0 0 135266384 0 4194304 0 0 0 0 536870913 0 0 16 0 16 2147549184 512 0 0 256 524288 0 4096 0 262144 8388608 16779264 65536 0 0 0 0 0 0 0 0 0 0 0 0 0 0 0 0 0 0 2048 0 4194304 0 8388609 0 2147483648 0 268435456 0 0 8388608 268468224 1073741824 0 0 4096 0 0 64 8388608 0 0 0 0 0 260 0 0 0 0 0 536879104 268435456 1 33554448 0 33554432 0 0 0 0 0 131200 512 40960 0 0 0 263168 24576 8388864 0 0 1024 0 128 0 0 0 0 0 0 0 0 0 0 0 0 0 0 0 0 0 2097152 0 33554432 0 0 0 1024 0 0 0 0 0 0 0 8
is_linear=0
shrinkage=0.05


Tree=88
num_leaves=31
num_cat=13
split_feature=20 16 20 20 20 19 1 19 6 6 19 20 6 16 0 20 19 0 0 0 0 0 0 17 0 0 6 0 9 0
split_gain=726894 74839.8 49435.9 10305.1 4763.74 3904.22 3427.82 2546.83 2028.16 1706.89 1625.56 1573 1520.3 1181.15 1293.68 1126.87 1121.82 1111.58 1074.97 916.365 859.334 986.617 898.494 833.552 743.023 730.565 717.463 701.187 689.304 671.83
threshold=0.33935546875000006 1.0000000180025095e-35 0.69653320312500011 0.16070556640625003 0.51782226562500011 0.21423339843750003 0 0.64282226562500011 2.5000000000000004 2.5000000000000004 0.21423339843750003 0.83911132812500011 2.5000000000000004 2.9853515625000004 1 0.23211669921875003 1.2143554687500002 2 3 4 5 6 7 26.500000000000004 8 9 2.5000000000000004 10 11 12
decision_type=2 10 2 2 2 2 1 2 2 2 2 2 2 10 9 2 2 9 9 9 9 9 9 2 9 9 2 9 9 9
left_child=1 -1 4 6 9 -4 10 15 -6 -2 13 12 -7 14 -3 -5 -11 -16 -19 -8 -20 -22 -23 28 -15 -26 -17 -24 -13 -29
right_child=2 3 5 7 8 11 19 -9 -10 16 -12 23 -14 24 17 26 -18 18 20 -21 21 22 27 -25 25 -27 -28 29 -30 -31
leaf_value=0 0 0 0 0 0 0.0035701274087760471 0.0018762069605557986 0 0 0 0 -0.0055245507681672872 0 0.01602066214054736 0 0 0 0 0 0 0 0 0 0.17674822194908793 0 0 0 0 0.0005226258318659305 0
leaf_weight=4726430 499713 55469 251833 901262 403652 249672 3921 132596 1006167 1217640 105643 39560 621337 4245 57555 329876 26368 56506 48038 2133682 55818 53806 42312 84894 5929 873394 819802 43229 6979111 489220
leaf_count=4726430 499713 55469 251833 901262 403652 249672 3921 132596 1006167 1217640 105643 39560 621337 4245 57555 329876 26368 56506 48038 2133682 55818 53806 42312 84894 5929 873394 819802 43229 6979111 489220
internal_value=-0.0110549 -0.0202585 -0.00220817 -0.0166511 -0.00753081 -0.000167768 -0.0181504 -0.013885 -0.00536957 -0.00927819 -0.0165991 2.58008e-05 -0.00197963 -0.0169558 -0.0156829 -0.0143192 -0.0102697 -0.0151974 -0.0147074 -0.0195226 -0.0141942 -0.0137398 -0.0131734 0.000271698 -0.0182551 -0.0183557 -0.0132815 -0.0125943 0.000212131 -0.0121013
internal_weight=2.23187e+07 1.09387e+07 1.13799e+07 6.2123e+06 3.15354e+06 8.22641e+06 4.02877e+06 2.18354e+06 1.40982e+06 1.74372e+06 1.89116e+06 7.97457e+06 871009 1.78552e+06 901953 2.05094e+06 1.24401e+06 846484 788929 2.1376e+06 732423 684385 628567 7.10356e+06 883568 879323 1.14968e+06 574761 7.01867e+06 532449
internal_count=22318680 10938733 11379947 6212303 3153540 8226407 4028767 2183536 1409819 1743721 1891164 7974574 871009 1785521 901953 2050940 1244008 846484 788929 2137603 732423 684385 628567 7103565 883568 879323 1149678 574761 7018671 532449
cat_boundaries=0 1 80 159 238 333 400 475 550 629 708 783 784 861
cat_threshold=39 131072 2684354592 16777216 1048576 0 0 2097152 0 256 0 131072 0 0 0 0 0 0 256 0 1 67108864 8 0 0 144 0 0 0 1073742336 536870912 0 0 0 0 524288 16384 0 0 67108864 0 0 1073741824 4 0 33554432 0 0 0 0 0 0 0 0 0 0 0 0 0 0 0 0 0 0 0 0 0 536870912 0 16 0 128 0 16777220 0 32 0 0 0 262400 16 0 2560 17301504 4194304 0 16777216 0 0 2147483648 0 0 524288 524288 0 0 0 1024 0 0 0 0 2147483650 536870912 0 134217728 16 0 2147484672 1048576 134217728 0 0 0 4 0 134218240 0 0 1074003968 0 2048 0 8404992 0 0 0 0 0 0 0 0 0 0 0 0 0 0 0 0 0 0 0 0 0 0 0 0 2 0 0 0 0 0 4096 4194304 0 0 16777216 0 32768 0 134250600 0 0 0 0 0 0 8192 0 0 0 0 0 0 0 0 2148007936 2147516416 4 0 134217728 0 4096 0 2048 0 33554432 33554434 2147483648 1024 2097160 0 2147483648 16777216 0 2097168 1048576 0 0 16384 0 0 0 0 0 0 0 0 0 0 0 0 0 0 0 0 0 0 0 0 0 0 131072 0 0 0 0 0 0 0 0 0 0 1073741824 0 335544320 0 0 0 0 0 0 0 0 0 0 0 0 0 0 0 0 0 0 0 0 0 0 0 0 0 0 0 0 0 0 0 0 0 0 0 0 0 0 0 0 0 0 0 0 0 67110912 524416 2148532224 1073741824 659456 2048 570425344 0 524288 655360 2097152 8388640 403701760 0 0 0 0 0 0 0 0 0 0 0 0 0 0 0 0 0 0 0 0 0 0 131072 0 524288 131072 0 256 0 0 268435456 0 0 536871424 0 0 8404992 64 262144 0 0 1024 0 1 131072 0 0 537427968 0 0 0 0 0 0 0 20480 0 268435456 0 0 2097152 0 0 8421376 16 0 0 2147483648 512 0 1140850688 0 1073741824 262152 1 128 2097296 0 0 0 524288 0 0 0 0 0 0 0 0 0 0 0 0 0 0 0 0 0 0 0 64 0 1024 131080 0 0 545263616 4 0 33554448 256 0 0 532480 0 0 0 0 0 2155872256 0 0 67108864 4194336 0 0 33554432 2147483648 32832 524288 0 0 0 2147483648 0 0 0 0 0 4 65536 0 0 402653184 0 1048576 0 2147483648 3 0 0 0 0 0 0 0 0 0 0 0 0 0 0 0 0 0 0 0 256 0 0 0 1048576 0 65536 0 0 0 536870912 0 2 16 0 0 0 0 0 0 0 0 0 262144 0 2 0 134217728 0 0 0 1 262144 4228096 67108928 67108864 1 0 0 1 0 4096 0 0 0 0 0 0 536870912 2 524288 2147483650 0 268500992 0 286261248 0 0 0 0 0 0 0 0 0 0 0 0 0 0 0 0 0 0 1048576 0 0 2 0 0 262144 134234112 0 0 0 16384 0 0 0 0 0 0 0 0 0 268435968 64 0 0 0 65536 0 0 4096 0 0 0 8224 16 0 0 1097728 0 0 0 0 17825824 0 0 0 537133057 64 64 524288 0 0 0 16384 0 0 0 0 0 0 0 0 0 0 0 0 0 0 0 0 0 0 0 0 0 0 0 33554464 0 536870912 512 536870912 2097152 16777216 536870912 2147483664 0 0 0 0 1024 12582912 0 0 0 0 0 0 2097152 0 0 0 0 0 256 0 0 0 524288 0 0 33554432 0 134217728 4096 0 16 2 0 0 0 0 0 0 16 0 0 0 0 1090519040 65536 0 8 0 0 16384 0 0 0 0 0 0 0 0 0 0 0 0 0 0 0 0 0 0 16809984 2097152 16795650 0 0 0 268436480 4 0 0 0 0 67108864 65540 67125248 128 0 0 0 0 33554432 0 0 0 4 8 1073741824 0 0 0 4096 0 0 0 0 135266384 0 4194304 0 0 0 0 536870913 0 0 16 0 16 2147549184 512 0 0 256 524288 0 4096 0 262144 8388608 16779264 65536 0 0 0 0 0 0 0 0 0 0 0 0 0 0 0 0 0 0 2048 0 4194304 0 8388609 0 2147483648 0 268435456 0 0 8388608 134217730 268468224 1073741824 0 0 4096 0 0 64 8388608 0 0 0 0 0 260 0 0 0 0 0 536879104 268435456 1 33554448 0 33554432 0 0 0 0 0 131200 512 40960 0 0 0 263168 24576 8388864 0 0 1024 0 128 0 0 0 0 0 0 0 0 0 0 0 0 0 0 0 0 0 2097152 0 33554432 0 0 0 1024 0 0 0 0 0 0 0 8
is_linear=0
shrinkage=0.05


Tree=89
num_leaves=31
num_cat=11
split_feature=20 16 20 20 20 19 1 19 6 6 19 20 6 16 0 20 19 0 0 0 0 0 0 20 0 0 6 6 20 0
split_gain=726406 74839.8 49323.5 10305.1 4763.74 3893.56 3427.82 2546.83 2028.16 1706.89 1625.56 1559.48 1520.3 1181.15 1293.68 1126.87 1121.82 1111.58 1074.97 916.365 859.334 986.617 898.494 814.913 743.023 730.565 717.463 703.225 859.673 701.187
threshold=0.33935546875000006 1.0000000180025095e-35 0.69653320312500011 0.16070556640625003 0.51782226562500011 0.21423339843750003 0 0.64282226562500011 2.5000000000000004 2.5000000000000004 0.21423339843750003 0.83911132812500011 2.5000000000000004 2.9853515625000004 1 0.23211669921875003 1.2143554687500002 2 3 4 5 6 7 48.453125000000007 8 9 2.5000000000000004 2.5000000000000004 1.6962890625000002 10
decision_type=2 10 2 2 2 2 1 2 2 2 2 2 2 10 9 2 2 9 9 9 9 9 9 2 9 9 2 2 2 9
left_child=1 -1 4 6 9 -4 10 15 -6 -2 13 12 -7 14 -3 -5 -11 -16 -19 -8 -20 -22 -23 27 -15 -26 -17 28 -13 -24
right_child=2 3 5 7 8 11 19 -9 -10 16 -12 23 -14 24 17 26 -18 18 20 -21 21 22 29 -25 25 -27 -28 -29 -30 -31
leaf_value=0 0 0 0 0 0 0.0033916210383372449 0.0017823966125280089 0 0 0 0 -0.00015483744552715619 0 0.015219629033519989 0 0 0 0 0 0 0 0 0 0.9969925212471511 0 0 0 -0.00017192665975070899 0.014296711090199333 0
leaf_weight=4726430 499713 55469 251833 901262 403652 249672 3921 132596 1006167 1217640 105643 916703 621337 4245 57555 329876 26368 56506 48038 2133682 55818 53806 42312 13294 5929 873394 819802 5061513 1112055 532449
leaf_count=4726430 499713 55469 251833 901262 403652 249672 3921 132596 1006167 1217640 105643 916703 621337 4245 57555 329876 26368 56506 48038 2133682 55818 53806 42312 13294 5929 873394 819802 5061513 1112055 532449
internal_value=-0.011058 -0.0202585 -0.00221422 -0.0166511 -0.00753081 -0.000176143 -0.0181504 -0.013885 -0.00536957 -0.00927819 -0.0165991 1.71608e-05 -0.00197963 -0.0169558 -0.0156829 -0.0143192 -0.0102697 -0.0151974 -0.0147074 -0.0195226 -0.0141942 -0.0137398 -0.0131734 0.000261999 -0.0182551 -0.0183557 -0.0132815 0.00023881 0.00102533 -0.0125943
internal_weight=2.23187e+07 1.09387e+07 1.13799e+07 6.2123e+06 3.15354e+06 8.22641e+06 4.02877e+06 2.18354e+06 1.40982e+06 1.74372e+06 1.89116e+06 7.97457e+06 871009 1.78552e+06 901953 2.05094e+06 1.24401e+06 846484 788929 2.1376e+06 732423 684385 628567 7.10356e+06 883568 879323 1.14968e+06 7.09027e+06 2.02876e+06 574761
internal_count=22318680 10938733 11379947 6212303 3153540 8226407 4028767 2183536 1409819 1743721 1891164 7974574 871009 1785521 901953 2050940 1244008 846484 788929 2137603 732423 684385 628567 7103565 883568 879323 1149678 7090271 2028758 574761
cat_boundaries=0 1 80 159 238 333 400 475 550 629 708 783
cat_threshold=39 131072 2684354592 16777216 1048576 0 0 2097152 0 256 0 131072 0 0 0 0 0 0 256 0 1 67108864 8 0 0 144 0 0 0 1073742336 536870912 0 0 0 0 524288 16384 0 0 67108864 0 0 1073741824 4 0 33554432 0 0 0 0 0 0 0 0 0 0 0 0 0 0 0 0 0 0 0 0 0 536870912 0 16 0 128 0 16777220 0 32 0 0 0 262400 16 0 2560 17301504 4194304 0 16777216 0 0 2147483648 0 0 524288 524288 0 0 0 1024 0 0 0 0 2147483650 536870912 0 134217728 16 0 2147484672 1048576 134217728 0 0 0 4 0 134218240 0 0 1074003968 0 2048 0 8404992 0 0 0 0 0 0 0 0 0 0 0 0 0 0 0 0 0 0 0 0 0 0 0 0 2 0 0 0 0 0 4096 4194304 0 0 16777216 0 32768 0 134250600 0 0 0 0 0 0 8192 0 0 0 0 0 0 0 0 2148007936 2147516416 4 0 134217728 0 4096 0 2048 0 33554432 33554434 2147483648 1024 2097160 0 2147483648 16777216 0 2097168 1048576 0 0 16384 0 0 0 0 0 0 0 0 0 0 0 0 0 0 0 0 0 0 0 0 0 0 131072 0 0 0 0 0 0 0 0 0 0 1073741824 0 335544320 0 0 0 0 0 0 0 0 0 0 0 0 0 0 0 0 0 0 0 0 0 0 0 0 0 0 0 0 0 0 0 0 0 0 0 0 0 0 0 0 0 0 0 0 0 67110912 524416 2148532224 1073741824 659456 2048 570425344 0 524288 655360 2097152 8388640 403701760 0 0 0 0 0 0 0 0 0 0 0 0 0 0 0 0 0 0 0 0 0 0 131072 0 524288 131072 0 256 0 0 268435456 0 0 536871424 0 0 8404992 64 262144 0 0 1024 0 1 131072 0 0 537427968 0 0 0 0 0 0 0 20480 0 268435456 0 0 2097152 0 0 8421376 16 0 0 2147483648 512 0 1140850688 0 1073741824 262152 1 128 2097296 0 0 0 524288 0 0 0 0 0 0 0 0 0 0 0 0 0 0 0 0 0 0 0 64 0 1024 131080 0 0 545263616 4 0 33554448 256 0 0 532480 0 0 0 0 0 2155872256 0 0 67108864 4194336 0 0 33554432 2147483648 32832 524288 0 0 0 2147483648 0 0 0 0 0 4 65536 0 0 402653184 0 1048576 0 2147483648 3 0 0 0 0 0 0 0 0 0 0 0 0 0 0 0 0 0 0 0 256 0 0 0 1048576 0 65536 0 0 0 536870912 0 2 16 0 0 0 0 0 0 0 0 0 262144 0 2 0 134217728 0 0 0 1 262144 4228096 67108928 67108864 1 0 0 1 0 4096 0 0 0 0 0 0 536870912 2 524288 2147483650 0 268500992 0 286261248 0 0 0 0 0 0 0 0 0 0 0 0 0 0 0 0 0 0 1048576 0 0 2 0 0 262144 134234112 0 0 0 16384 0 0 0 0 0 0 0 0 0 268435968 64 0 0 0 65536 0 0 4096 0 0 0 8224 16 0 0 1097728 0 0 0 0 17825824 0 0 0 537133057 64 64 524288 0 0 0 16384 0 0 0 0 0 0 0 0 0 0 0 0 0 0 0 0 0 0 0 0 0 0 0 33554464 0 536870912 512 536870912 2097152 16777216 536870912 2147483664 0 0 0 0 1024 12582912 0 0 0 0 0 0 2097152 0 0 0 0 0 256 0 0 0 524288 0 0 33554432 0 134217728 4096 0 16 2 0 0 0 0 0 0 16 0 0 0 0 1090519040 65536 0 8 0 0 16384 0 0 0 0 0 0 0 0 0 0 0 0 0 0 0 0 0 0 16809984 2097152 16795650 0 0 0 268436480 4 0 0 0 0 67108864 65540 67125248 128 0 0 0 0 33554432 0 0 0 4 8 1073741824 0 0 0 4096 0 0 0 0 135266384 0 4194304 0 0 0 0 536870913 0 0 16 0 16 2147549184 512 0 0 256 524288 0 4096 0 262144 8388608 16779264 65536 0 0 0 0 0 0 0 0 0 0 0 0 0 0 0 0 0 0 2048 0 4194304 0 8388609 0 2147483648 0 268435456 0 0 8388608
is_linear=0
shrinkage=0.05


Tree=90
num_leaves=31
num_cat=13
split_feature=20 16 20 20 20 19 1 19 6 6 19 20 6 16 0 20 19 0 0 0 0 0 0 19 0 0 6 0 0 5
split_gain=725841 74839.8 49193.4 10305.1 4763.74 3881.22 3427.82 2546.83 2028.16 1706.89 1625.56 1543.87 1520.3 1181.15 1293.68 1126.87 1121.82 1111.58 1074.97 916.365 859.334 986.617 898.494 766.283 743.023 730.565 717.463 701.187 671.83 670.837
threshold=0.33935546875000006 1.0000000180025095e-35 0.69653320312500011 0.16070556640625003 0.51782226562500011 0.21423339843750003 0 0.64282226562500011 2.5000000000000004 2.5000000000000004 0.21423339843750003 0.83911132812500011 2.5000000000000004 2.9853515625000004 1 0.23211669921875003 1.2143554687500002 2 3 4 5 6 7 53.062500000000007 8 9 2.5000000000000004 10 11 12
decision_type=2 10 2 2 2 2 1 2 2 2 2 2 2 10 9 2 2 9 9 9 9 9 9 2 9 9 2 9 9 1
left_child=1 -1 4 6 9 -4 10 15 -6 -2 13 12 -7 14 -3 -5 -11 -16 -19 -8 -20 -22 -23 29 -15 -26 -17 -24 -29 -13
right_child=2 3 5 7 8 11 19 -9 -10 16 -12 23 -14 24 17 26 -18 18 20 -21 21 22 27 -25 25 -27 -28 28 -30 -31
leaf_value=0 0 0 0 0 0 0.0032220399864203832 0.0016932767819016093 0 0 0 0 0.0013849311397869269 0 0.014458647581843988 0 0 0 0 0 0 0 0 0 1.0283479117679222 0 0 0 0 0 -0.00016333032676317354
leaf_weight=4726430 499713 55469 251833 901262 403652 249672 3921 132596 1006167 1217640 105643 4056527 621337 4245 57555 329876 26368 56506 48038 2133682 55818 53806 42312 12019 5929 873394 819802 43229 489220 3035019
leaf_count=4726430 499713 55469 251833 901262 403652 249672 3921 132596 1006167 1217640 105643 4056527 621337 4245 57555 329876 26368 56506 48038 2133682 55818 53806 42312 12019 5929 873394 819802 43229 489220 3035019
internal_value=-0.0110616 -0.0202585 -0.00222124 -0.0166511 -0.00753081 -0.00018585 -0.0181504 -0.013885 -0.00536957 -0.00927819 -0.0165991 7.14772e-06 -0.00197963 -0.0169558 -0.0156829 -0.0143192 -0.0102697 -0.0151974 -0.0147074 -0.0195226 -0.0141942 -0.0137398 -0.0131734 0.000250758 -0.0182551 -0.0183557 -0.0132815 -0.0125943 -0.0121013 0.000229379
internal_weight=2.23187e+07 1.09387e+07 1.13799e+07 6.2123e+06 3.15354e+06 8.22641e+06 4.02877e+06 2.18354e+06 1.40982e+06 1.74372e+06 1.89116e+06 7.97457e+06 871009 1.78552e+06 901953 2.05094e+06 1.24401e+06 846484 788929 2.1376e+06 732423 684385 628567 7.10356e+06 883568 879323 1.14968e+06 574761 532449 7.09155e+06
internal_count=22318680 10938733 11379947 6212303 3153540 8226407 4028767 2183536 1409819 1743721 1891164 7974574 871009 1785521 901953 2050940 1244008 846484 788929 2137603 732423 684385 628567 7103565 883568 879323 1149678 574761 532449 7091546
cat_boundaries=0 1 80 159 238 333 400 475 550 629 708 783 860 861
cat_threshold=39 131072 2684354592 16777216 1048576 0 0 2097152 0 256 0 131072 0 0 0 0 0 0 256 0 1 67108864 8 0 0 144 0 0 0 1073742336 536870912 0 0 0 0 524288 16384 0 0 67108864 0 0 1073741824 4 0 33554432 0 0 0 0 0 0 0 0 0 0 0 0 0 0 0 0 0 0 0 0 0 536870912 0 16 0 128 0 16777220 0 32 0 0 0 262400 16 0 2560 17301504 4194304 0 16777216 0 0 2147483648 0 0 524288 524288 0 0 0 1024 0 0 0 0 2147483650 536870912 0 134217728 16 0 2147484672 1048576 134217728 0 0 0 4 0 134218240 0 0 1074003968 0 2048 0 8404992 0 0 0 0 0 0 0 0 0 0 0 0 0 0 0 0 0 0 0 0 0 0 0 0 2 0 0 0 0 0 4096 4194304 0 0 16777216 0 32768 0 134250600 0 0 0 0 0 0 8192 0 0 0 0 0 0 0 0 2148007936 2147516416 4 0 134217728 0 4096 0 2048 0 33554432 33554434 2147483648 1024 2097160 0 2147483648 16777216 0 2097168 1048576 0 0 16384 0 0 0 0 0 0 0 0 0 0 0 0 0 0 0 0 0 0 0 0 0 0 131072 0 0 0 0 0 0 0 0 0 0 1073741824 0 335544320 0 0 0 0 0 0 0 0 0 0 0 0 0 0 0 0 0 0 0 0 0 0 0 0 0 0 0 0 0 0 0 0 0 0 0 0 0 0 0 0 0 0 0 0 0 67110912 524416 2148532224 1073741824 659456 2048 570425344 0 524288 655360 2097152 8388640 403701760 0 0 0 0 0 0 0 0 0 0 0 0 0 0 0 0 0 0 0 0 0 0 131072 0 524288 131072 0 256 0 0 268435456 0 0 536871424 0 0 8404992 64 262144 0 0 1024 0 1 131072 0 0 537427968 0 0 0 0 0 0 0 20480 0 268435456 0 0 2097152 0 0 8421376 16 0 0 2147483648 512 0 1140850688 0 1073741824 262152 1 128 2097296 0 0 0 524288 0 0 0 0 0 0 0 0 0 0 0 0 0 0 0 0 0 0 0 64 0 1024 131080 0 0 545263616 4 0 33554448 256 0 0 532480 0 0 0 0 0 2155872256 0 0 67108864 4194336 0 0 33554432 2147483648 32832 524288 0 0 0 2147483648 0 0 0 0 0 4 65536 0 0 402653184 0 1048576 0 2147483648 3 0 0 0 0 0 0 0 0 0 0 0 0 0 0 0 0 0 0 0 256 0 0 0 1048576 0 65536 0 0 0 536870912 0 2 16 0 0 0 0 0 0 0 0 0 262144 0 2 0 134217728 0 0 0 1 262144 4228096 67108928 67108864 1 0 0 1 0 4096 0 0 0 0 0 0 536870912 2 524288 2147483650 0 268500992 0 286261248 0 0 0 0 0 0 0 0 0 0 0 0 0 0 0 0 0 0 1048576 0 0 2 0 0 262144 134234112 0 0 0 16384 0 0 0 0 0 0 0 0 0 268435968 64 0 0 0 65536 0 0 4096 0 0 0 8224 16 0 0 1097728 0 0 0 0 17825824 0 0 0 537133057 64 64 524288 0 0 0 16384 0 0 0 0 0 0 0 0 0 0 0 0 0 0 0 0 0 0 0 0 0 0 0 33554464 0 536870912 512 536870912 2097152 16777216 536870912 2147483664 0 0 0 0 1024 12582912 0 0 0 0 0 0 2097152 0 0 0 0 0 256 0 0 0 524288 0 0 33554432 0 134217728 4096 0 16 2 0 0 0 0 0 0 16 0 0 0 0 1090519040 65536 0 8 0 0 16384 0 0 0 0 0 0 0 0 0 0 0 0 0 0 0 0 0 0 16809984 2097152 16795650 0 0 0 268436480 4 0 0 0 0 67108864 65540 67125248 128 0 0 0 0 33554432 0 0 0 4 8 1073741824 0 0 0 4096 0 0 0 0 135266384 0 4194304 0 0 0 0 536870913 0 0 16 0 16 2147549184 512 0 0 256 524288 0 4096 0 262144 8388608 16779264 65536 0 0 0 0 0 0 0 0 0 0 0 0 0 0 0 0 0 0 2048 0 4194304 0 8388609 0 2147483648 0 268435456 0 0 8388608 268468224 1073741824 0 0 4096 0 0 64 8388608 0 0 0 0 0 260 0 0 0 0 0 536879104 268435456 1 33554448 0 33554432 0 0 0 0 0 131200 512 40960 0 0 0 263168 24576 8388864 0 0 1024 0 128 0 0 0 0 0 0 0 0 0 0 0 0 0 0 0 0 0 2097152 0 33554432 0 0 0 1024 0 0 0 0 0 0 0 8 15
is_linear=0
shrinkage=0.05


Tree=91
num_leaves=31
num_cat=12
split_feature=20 16 20 20 20 19 1 19 6 6 19 20 6 16 0 20 19 0 0 0 0 0 0 17 0 0 6 0 0 20
split_gain=724738 74839.8 48939.5 10305.1 4763.74 3857.15 3427.82 2546.83 2028.16 1706.89 1625.56 1513.6 1520.3 1181.15 1293.68 1126.87 1121.82 1111.58 1074.97 916.365 859.334 986.617 898.494 783.789 743.023 730.565 717.463 701.187 671.83 668.813
threshold=0.33935546875000006 1.0000000180025095e-35 0.69653320312500011 0.16070556640625003 0.51782226562500011 0.21423339843750003 0 0.64282226562500011 2.5000000000000004 2.5000000000000004 0.21423339843750003 0.83911132812500011 2.5000000000000004 2.9853515625000004 1 0.23211669921875003 1.2143554687500002 2 3 4 5 6 7 4.5000000000000009 8 9 2.5000000000000004 10 11 0.089263916015625014
decision_type=2 10 2 2 2 2 1 2 2 2 2 2 2 10 9 2 2 9 9 9 9 9 9 2 9 9 2 9 9 2
left_child=1 -1 4 6 9 -4 10 15 -6 -2 13 12 -7 14 -3 -5 -11 -16 -19 -8 -20 -22 -23 -13 -15 -26 -17 -24 -29 -21
right_child=2 3 5 7 8 11 19 -9 -10 16 -12 23 -14 24 17 26 -18 18 20 29 21 22 27 -25 25 -27 -28 28 -30 -31
leaf_value=0 0 0 0 0 0 0.0030609379870993659 0.0016086129428065311 0 0 0 0 -6.8275297899422774e-05 0 0.013735715202751787 0 0 0 0 0 0 0 0 0 0.011353280738338257 0 0 0 0 0 0
leaf_weight=4726430 499713 55469 251833 901262 403652 249672 3921 132596 1006167 1217640 105643 5638642 621337 4245 57555 329876 26368 56506 48038 1451378 55818 53806 42312 1464923 5929 873394 819802 43229 489220 682304
leaf_count=4726430 499713 55469 251833 901262 403652 249672 3921 132596 1006167 1217640 105643 5638642 621337 4245 57555 329876 26368 56506 48038 1451378 55818 53806 42312 1464923 5929 873394 819802 43229 489220 682304
internal_value=-0.0110686 -0.0202585 -0.00223496 -0.0166511 -0.00753081 -0.000204825 -0.0181504 -0.013885 -0.00536957 -0.00927819 -0.0165991 -1.2427e-05 -0.00197963 -0.0169558 -0.0156829 -0.0143192 -0.0102697 -0.0151974 -0.0147074 -0.0195226 -0.0141942 -0.0137398 -0.0131734 0.000228783 -0.0182551 -0.0183557 -0.0132815 -0.0125943 -0.0121013 -0.019567
internal_weight=2.23187e+07 1.09387e+07 1.13799e+07 6.2123e+06 3.15354e+06 8.22641e+06 4.02877e+06 2.18354e+06 1.40982e+06 1.74372e+06 1.89116e+06 7.97457e+06 871009 1.78552e+06 901953 2.05094e+06 1.24401e+06 846484 788929 2.1376e+06 732423 684385 628567 7.10356e+06 883568 879323 1.14968e+06 574761 532449 2.13368e+06
internal_count=22318680 10938733 11379947 6212303 3153540 8226407 4028767 2183536 1409819 1743721 1891164 7974574 871009 1785521 901953 2050940 1244008 846484 788929 2137603 732423 684385 628567 7103565 883568 879323 1149678 574761 532449 2133682
cat_boundaries=0 1 80 159 238 333 400 475 550 629 708 783 860
cat_threshold=39 131072 2684354592 16777216 1048576 0 0 2097152 0 256 0 131072 0 0 0 0 0 0 256 0 1 67108864 8 0 0 144 0 0 0 1073742336 536870912 0 0 0 0 524288 16384 0 0 67108864 0 0 1073741824 4 0 33554432 0 0 0 0 0 0 0 0 0 0 0 0 0 0 0 0 0 0 0 0 0 536870912 0 16 0 128 0 16777220 0 32 0 0 0 262400 16 0 2560 17301504 4194304 0 16777216 0 0 2147483648 0 0 524288 524288 0 0 0 1024 0 0 0 0 2147483650 536870912 0 134217728 16 0 2147484672 1048576 134217728 0 0 0 4 0 134218240 0 0 1074003968 0 2048 0 8404992 0 0 0 0 0 0 0 0 0 0 0 0 0 0 0 0 0 0 0 0 0 0 0 0 2 0 0 0 0 0 4096 4194304 0 0 16777216 0 32768 0 134250600 0 0 0 0 0 0 8192 0 0 0 0 0 0 0 0 2148007936 2147516416 4 0 134217728 0 4096 0 2048 0 33554432 33554434 2147483648 1024 2097160 0 2147483648 16777216 0 2097168 1048576 0 0 16384 0 0 0 0 0 0 0 0 0 0 0 0 0 0 0 0 0 0 0 0 0 0 131072 0 0 0 0 0 0 0 0 0 0 1073741824 0 335544320 0 0 0 0 0 0 0 0 0 0 0 0 0 0 0 0 0 0 0 0 0 0 0 0 0 0 0 0 0 0 0 0 0 0 0 0 0 0 0 0 0 0 0 0 0 67110912 524416 2148532224 1073741824 659456 2048 570425344 0 524288 655360 2097152 8388640 403701760 0 0 0 0 0 0 0 0 0 0 0 0 0 0 0 0 0 0 0 0 0 0 131072 0 524288 131072 0 256 0 0 268435456 0 0 536871424 0 0 8404992 64 262144 0 0 1024 0 1 131072 0 0 537427968 0 0 0 0 0 0 0 20480 0 268435456 0 0 2097152 0 0 8421376 16 0 0 2147483648 512 0 1140850688 0 1073741824 262152 1 128 2097296 0 0 0 524288 0 0 0 0 0 0 0 0 0 0 0 0 0 0 0 0 0 0 0 64 0 1024 131080 0 0 545263616 4 0 33554448 256 0 0 532480 0 0 0 0 0 2155872256 0 0 67108864 4194336 0 0 33554432 2147483648 32832 524288 0 0 0 2147483648 0 0 0 0 0 4 65536 0 0 402653184 0 1048576 0 2147483648 3 0 0 0 0 0 0 0 0 0 0 0 0 0 0 0 0 0 0 0 256 0 0 0 1048576 0 65536 0 0 0 536870912 0 2 16 0 0 0 0 0 0 0 0 0 262144 0 2 0 134217728 0 0 0 1 262144 4228096 67108928 67108864 1 0 0 1 0 4096 0 0 0 0 0 0 536870912 2 524288 2147483650 0 268500992 0 286261248 0 0 0 0 0 0 0 0 0 0 0 0 0 0 0 0 0 0 1048576 0 0 2 0 0 262144 134234112 0 0 0 16384 0 0 0 0 0 0 0 0 0 268435968 64 0 0 0 65536 0 0 4096 0 0 0 8224 16 0 0 1097728 0 0 0 0 17825824 0 0 0 537133057 64 64 524288 0 0 0 16384 0 0 0 0 0 0 0 0 0 0 0 0 0 0 0 0 0 0 0 0 0 0 0 33554464 0 536870912 512 536870912 2097152 16777216 536870912 2147483664 0 0 0 0 1024 12582912 0 0 0 0 0 0 2097152 0 0 0 0 0 256 0 0 0 524288 0 0 33554432 0 134217728 4096 0 16 2 0 0 0 0 0 0 16 0 0 0 0 1090519040 65536 0 8 0 0 16384 0 0 0 0 0 0 0 0 0 0 0 0 0 0 0 0 0 0 16809984 2097152 16795650 0 0 0 268436480 4 0 0 0 0 67108864 65540 67125248 128 0 0 0 0 33554432 0 0 0 4 8 1073741824 0 0 0 4096 0 0 0 0 135266384 0 4194304 0 0 0 0 536870913 0 0 16 0 16 2147549184 512 0 0 256 524288 0 4096 0 262144 8388608 16779264 65536 0 0 0 0 0 0 0 0 0 0 0 0 0 0 0 0 0 0 2048 0 4194304 0 8388609 0 2147483648 0 268435456 0 0 8388608 268468224 1073741824 0 0 4096 0 0 64 8388608 0 0 0 0 0 260 0 0 0 0 0 536879104 268435456 1 33554448 0 33554432 0 0 0 0 0 131200 512 40960 0 0 0 263168 24576 8388864 0 0 1024 0 128 0 0 0 0 0 0 0 0 0 0 0 0 0 0 0 0 0 2097152 0 33554432 0 0 0 1024 0 0 0 0 0 0 0 8
is_linear=0
shrinkage=0.05


Tree=92
num_leaves=31
num_cat=12
split_feature=20 16 20 20 20 19 1 19 6 6 19 20 6 16 0 20 19 0 0 0 0 0 0 18 0 0 6 0 0 20
split_gain=723933 74839.8 48754.7 10305.1 4763.74 3839.64 3427.82 2546.83 2028.16 1706.89 1625.56 1491.7 1520.3 1181.15 1293.68 1126.87 1121.82 1111.58 1074.97 916.365 859.334 986.617 898.494 759.511 743.023 730.565 717.463 701.187 671.83 668.813
threshold=0.33935546875000006 1.0000000180025095e-35 0.69653320312500011 0.16070556640625003 0.51782226562500011 0.21423339843750003 0 0.64282226562500011 2.5000000000000004 2.5000000000000004 0.21423339843750003 0.83911132812500011 2.5000000000000004 2.9853515625000004 1 0.23211669921875003 1.2143554687500002 2 3 4 5 6 7 15.500000000000002 8 9 2.5000000000000004 10 11 0.089263916015625014
decision_type=2 10 2 2 2 2 1 2 2 2 2 2 2 10 9 2 2 9 9 9 9 9 9 2 9 9 2 9 9 2
left_child=1 -1 4 6 9 -4 10 15 -6 -2 13 12 -7 14 -3 -5 -11 -16 -19 -8 -20 -22 -23 -13 -15 -26 -17 -24 -29 -21
right_child=2 3 5 7 8 11 19 -9 -10 16 -12 23 -14 24 17 26 -18 18 20 29 21 22 27 -25 25 -27 -28 28 -30 -31
leaf_value=0 0 0 0 0 0 0.0029078910877443965 0.0015281822956662028 0 0 0 0 0.00023804445328415302 0 0.0130489294426142 0 0 0 0 0 0 0 0 0 0.065387267403679325 0 0 0 0 0 0
leaf_weight=4726430 499713 55469 251833 901262 403652 249672 3921 132596 1006167 1217640 105643 6872133 621337 4245 57555 329876 26368 56506 48038 1451378 55818 53806 42312 231432 5929 873394 819802 43229 489220 682304
leaf_count=4726430 499713 55469 251833 901262 403652 249672 3921 132596 1006167 1217640 105643 6872133 621337 4245 57555 329876 26368 56506 48038 1451378 55818 53806 42312 231432 5929 873394 819802 43229 489220 682304
internal_value=-0.0110737 -0.0202585 -0.00224496 -0.0166511 -0.00753081 -0.000218671 -0.0181504 -0.013885 -0.00536957 -0.00927819 -0.0165991 -2.67099e-05 -0.00197963 -0.0169558 -0.0156829 -0.0143192 -0.0102697 -0.0151974 -0.0147074 -0.0195226 -0.0141942 -0.0137398 -0.0131734 0.000212749 -0.0182551 -0.0183557 -0.0132815 -0.0125943 -0.0121013 -0.019567
internal_weight=2.23187e+07 1.09387e+07 1.13799e+07 6.2123e+06 3.15354e+06 8.22641e+06 4.02877e+06 2.18354e+06 1.40982e+06 1.74372e+06 1.89116e+06 7.97457e+06 871009 1.78552e+06 901953 2.05094e+06 1.24401e+06 846484 788929 2.1376e+06 732423 684385 628567 7.10356e+06 883568 879323 1.14968e+06 574761 532449 2.13368e+06
internal_count=22318680 10938733 11379947 6212303 3153540 8226407 4028767 2183536 1409819 1743721 1891164 7974574 871009 1785521 901953 2050940 1244008 846484 788929 2137603 732423 684385 628567 7103565 883568 879323 1149678 574761 532449 2133682
cat_boundaries=0 1 80 159 238 333 400 475 550 629 708 783 860
cat_threshold=39 131072 2684354592 16777216 1048576 0 0 2097152 0 256 0 131072 0 0 0 0 0 0 256 0 1 67108864 8 0 0 144 0 0 0 1073742336 536870912 0 0 0 0 524288 16384 0 0 67108864 0 0 1073741824 4 0 33554432 0 0 0 0 0 0 0 0 0 0 0 0 0 0 0 0 0 0 0 0 0 536870912 0 16 0 128 0 16777220 0 32 0 0 0 262400 16 0 2560 17301504 4194304 0 16777216 0 0 2147483648 0 0 524288 524288 0 0 0 1024 0 0 0 0 2147483650 536870912 0 134217728 16 0 2147484672 1048576 134217728 0 0 0 4 0 134218240 0 0 1074003968 0 2048 0 8404992 0 0 0 0 0 0 0 0 0 0 0 0 0 0 0 0 0 0 0 0 0 0 0 0 2 0 0 0 0 0 4096 4194304 0 0 16777216 0 32768 0 134250600 0 0 0 0 0 0 8192 0 0 0 0 0 0 0 0 2148007936 2147516416 4 0 134217728 0 4096 0 2048 0 33554432 33554434 2147483648 1024 2097160 0 2147483648 16777216 0 2097168 1048576 0 0 16384 0 0 0 0 0 0 0 0 0 0 0 0 0 0 0 0 0 0 0 0 0 0 131072 0 0 0 0 0 0 0 0 0 0 1073741824 0 335544320 0 0 0 0 0 0 0 0 0 0 0 0 0 0 0 0 0 0 0 0 0 0 0 0 0 0 0 0 0 0 0 0 0 0 0 0 0 0 0 0 0 0 0 0 0 67110912 524416 2148532224 1073741824 659456 2048 570425344 0 524288 655360 2097152 8388640 403701760 0 0 0 0 0 0 0 0 0 0 0 0 0 0 0 0 0 0 0 0 0 0 131072 0 524288 131072 0 256 0 0 268435456 0 0 536871424 0 0 8404992 64 262144 0 0 1024 0 1 131072 0 0 537427968 0 0 0 0 0 0 0 20480 0 268435456 0 0 2097152 0 0 8421376 16 0 0 2147483648 512 0 1140850688 0 1073741824 262152 1 128 2097296 0 0 0 524288 0 0 0 0 0 0 0 0 0 0 0 0 0 0 0 0 0 0 0 64 0 1024 131080 0 0 545263616 4 0 33554448 256 0 0 532480 0 0 0 0 0 2155872256 0 0 67108864 4194336 0 0 33554432 2147483648 32832 524288 0 0 0 2147483648 0 0 0 0 0 4 65536 0 0 402653184 0 1048576 0 2147483648 3 0 0 0 0 0 0 0 0 0 0 0 0 0 0 0 0 0 0 0 256 0 0 0 1048576 0 65536 0 0 0 536870912 0 2 16 0 0 0 0 0 0 0 0 0 262144 0 2 0 134217728 0 0 0 1 262144 4228096 67108928 67108864 1 0 0 1 0 4096 0 0 0 0 0 0 536870912 2 524288 2147483650 0 268500992 0 286261248 0 0 0 0 0 0 0 0 0 0 0 0 0 0 0 0 0 0 1048576 0 0 2 0 0 262144 134234112 0 0 0 16384 0 0 0 0 0 0 0 0 0 268435968 64 0 0 0 65536 0 0 4096 0 0 0 8224 16 0 0 1097728 0 0 0 0 17825824 0 0 0 537133057 64 64 524288 0 0 0 16384 0 0 0 0 0 0 0 0 0 0 0 0 0 0 0 0 0 0 0 0 0 0 0 33554464 0 536870912 512 536870912 2097152 16777216 536870912 2147483664 0 0 0 0 1024 12582912 0 0 0 0 0 0 2097152 0 0 0 0 0 256 0 0 0 524288 0 0 33554432 0 134217728 4096 0 16 2 0 0 0 0 0 0 16 0 0 0 0 1090519040 65536 0 8 0 0 16384 0 0 0 0 0 0 0 0 0 0 0 0 0 0 0 0 0 0 16809984 2097152 16795650 0 0 0 268436480 4 0 0 0 0 67108864 65540 67125248 128 0 0 0 0 33554432 0 0 0 4 8 1073741824 0 0 0 4096 0 0 0 0 135266384 0 4194304 0 0 0 0 536870913 0 0 16 0 16 2147549184 512 0 0 256 524288 0 4096 0 262144 8388608 16779264 65536 0 0 0 0 0 0 0 0 0 0 0 0 0 0 0 0 0 0 2048 0 4194304 0 8388609 0 2147483648 0 268435456 0 0 8388608 268468224 1073741824 0 0 4096 0 0 64 8388608 0 0 0 0 0 260 0 0 0 0 0 536879104 268435456 1 33554448 0 33554432 0 0 0 0 0 131200 512 40960 0 0 0 263168 24576 8388864 0 0 1024 0 128 0 0 0 0 0 0 0 0 0 0 0 0 0 0 0 0 0 2097152 0 33554432 0 0 0 1024 0 0 0 0 0 0 0 8
is_linear=0
shrinkage=0.05


Tree=93
num_leaves=31
num_cat=13
split_feature=20 16 20 20 20 19 1 19 6 6 19 20 6 16 0 20 19 0 0 0 0 0 0 0 0 0 6 0 0 20
split_gain=723470 74839.8 48648.5 10305.1 4763.74 3829.58 3427.82 2546.83 2028.16 1706.89 1625.56 1479.17 1520.3 1181.15 1293.68 1126.87 1121.82 1111.58 1074.97 916.365 859.334 986.617 898.494 743.023 741.312 730.565 717.463 701.187 671.83 668.813
threshold=0.33935546875000006 1.0000000180025095e-35 0.69653320312500011 0.16070556640625003 0.51782226562500011 0.21423339843750003 0 0.64282226562500011 2.5000000000000004 2.5000000000000004 0.21423339843750003 0.83911132812500011 2.5000000000000004 2.9853515625000004 1 0.23211669921875003 1.2143554687500002 2 3 4 5 6 7 8 9 10 2.5000000000000004 11 12 0.089263916015625014
decision_type=2 10 2 2 2 2 1 2 2 2 2 2 2 10 9 2 2 9 9 9 9 9 9 9 9 9 2 9 9 2
left_child=1 -1 4 6 9 -4 10 15 -6 -2 13 12 -7 14 -3 -5 -11 -16 -19 -8 -20 -22 -23 -15 -13 -25 -17 -24 -29 -21
right_child=2 3 5 7 8 11 19 -9 -10 16 -12 24 -14 23 17 26 -18 18 20 29 21 22 27 25 -26 -27 -28 28 -30 -31
leaf_value=0 0 0 0 0 0 0.0027624965333571784 0.0014517731808828928 0 0 0 0 0.018484653189086472 0 0.012396482970483493 0 0 0 0 0 0 0 0 0 0 0.00027632248384254487 0 0 0 0 0
leaf_weight=4726430 499713 55469 251833 901262 403652 249672 3921 132596 1006167 1217640 105643 134470 621337 4245 57555 329876 26368 56506 48038 1451378 55818 53806 42312 5929 6969095 873394 819802 43229 489220 682304
leaf_count=4726430 499713 55469 251833 901262 403652 249672 3921 132596 1006167 1217640 105643 134470 621337 4245 57555 329876 26368 56506 48038 1451378 55818 53806 42312 5929 6969095 873394 819802 43229 489220 682304
internal_value=-0.0110766 -0.0202585 -0.00225072 -0.0166511 -0.00753081 -0.000226639 -0.0181504 -0.013885 -0.00536957 -0.00927819 -0.0165991 -3.49298e-05 -0.00197963 -0.0169558 -0.0156829 -0.0143192 -0.0102697 -0.0151974 -0.0147074 -0.0195226 -0.0141942 -0.0137398 -0.0131734 -0.0182551 0.000203521 -0.0183557 -0.0132815 -0.0125943 -0.0121013 -0.019567
internal_weight=2.23187e+07 1.09387e+07 1.13799e+07 6.2123e+06 3.15354e+06 8.22641e+06 4.02877e+06 2.18354e+06 1.40982e+06 1.74372e+06 1.89116e+06 7.97457e+06 871009 1.78552e+06 901953 2.05094e+06 1.24401e+06 846484 788929 2.1376e+06 732423 684385 628567 883568 7.10356e+06 879323 1.14968e+06 574761 532449 2.13368e+06
internal_count=22318680 10938733 11379947 6212303 3153540 8226407 4028767 2183536 1409819 1743721 1891164 7974574 871009 1785521 901953 2050940 1244008 846484 788929 2137603 732423 684385 628567 883568 7103565 879323 1149678 574761 532449 2133682
cat_boundaries=0 1 80 159 238 333 400 475 550 629 721 800 875 952
cat_threshold=39 131072 2684354592 16777216 1048576 0 0 2097152 0 256 0 131072 0 0 0 0 0 0 256 0 1 67108864 8 0 0 144 0 0 0 1073742336 536870912 0 0 0 0 524288 16384 0 0 67108864 0 0 1073741824 4 0 33554432 0 0 0 0 0 0 0 0 0 0 0 0 0 0 0 0 0 0 0 0 0 536870912 0 16 0 128 0 16777220 0 32 0 0 0 262400 16 0 2560 17301504 4194304 0 16777216 0 0 2147483648 0 0 524288 524288 0 0 0 1024 0 0 0 0 2147483650 536870912 0 134217728 16 0 2147484672 1048576 134217728 0 0 0 4 0 134218240 0 0 1074003968 0 2048 0 8404992 0 0 0 0 0 0 0 0 0 0 0 0 0 0 0 0 0 0 0 0 0 0 0 0 2 0 0 0 0 0 4096 4194304 0 0 16777216 0 32768 0 134250600 0 0 0 0 0 0 8192 0 0 0 0 0 0 0 0 2148007936 2147516416 4 0 134217728 0 4096 0 2048 0 33554432 33554434 2147483648 1024 2097160 0 2147483648 16777216 0 2097168 1048576 0 0 16384 0 0 0 0 0 0 0 0 0 0 0 0 0 0 0 0 0 0 0 0 0 0 131072 0 0 0 0 0 0 0 0 0 0 1073741824 0 335544320 0 0 0 0 0 0 0 0 0 0 0 0 0 0 0 0 0 0 0 0 0 0 0 0 0 0 0 0 0 0 0 0 0 0 0 0 0 0 0 0 0 0 0 0 0 67110912 524416 2148532224 1073741824 659456 2048 570425344 0 524288 655360 2097152 8388640 403701760 0 0 0 0 0 0 0 0 0 0 0 0 0 0 0 0 0 0 0 0 0 0 131072 0 524288 131072 0 256 0 0 268435456 0 0 536871424 0 0 8404992 64 262144 0 0 1024 0 1 131072 0 0 537427968 0 0 0 0 0 0 0 20480 0 268435456 0 0 2097152 0 0 8421376 16 0 0 2147483648 512 0 1140850688 0 1073741824 262152 1 128 2097296 0 0 0 524288 0 0 0 0 0 0 0 0 0 0 0 0 0 0 0 0 0 0 0 64 0 1024 131080 0 0 545263616 4 0 33554448 256 0 0 532480 0 0 0 0 0 2155872256 0 0 67108864 4194336 0 0 33554432 2147483648 32832 524288 0 0 0 2147483648 0 0 0 0 0 4 65536 0 0 402653184 0 1048576 0 2147483648 3 0 0 0 0 0 0 0 0 0 0 0 0 0 0 0 0 0 0 0 256 0 0 0 1048576 0 65536 0 0 0 536870912 0 2 16 0 0 0 0 0 0 0 0 0 262144 0 2 0 134217728 0 0 0 1 262144 4228096 67108928 67108864 1 0 0 1 0 4096 0 0 0 0 0 0 536870912 2 524288 2147483650 0 268500992 0 286261248 0 0 0 0 0 0 0 0 0 0 0 0 0 0 0 0 0 0 1048576 0 0 2 0 0 262144 134234112 0 0 0 16384 0 0 0 0 0 0 0 0 0 268435968 64 0 0 0 65536 0 0 4096 0 0 0 8224 16 0 0 1097728 0 0 0 0 17825824 0 0 0 537133057 64 64 524288 0 0 0 16384 0 0 0 0 0 0 0 0 0 0 0 0 0 0 0 0 0 0 0 0 0 0 0 33554464 0 536870912 512 536870912 2097152 16777216 536870912 2147483664 0 0 0 0 1024 0 0 1024 0 0 0 0 0 0 0 0 0 0 32768 128 0 1048576 0 0 0 0 1073741824 268435456 0 0 0 0 1 0 0 0 0 0 0 536870913 0 1073741824 16384 0 1 134217728 0 33554432 0 0 0 16 0 0 0 2048 0 8388608 0 0 0 0 33556480 0 0 0 0 0 0 64 256 0 512 4098 32768 0 0 0 134217728 0 8 2 4194304 0 0 0 0 0 0 67141632 0 0 0 0 0 0 1073741824 12582912 0 0 0 0 0 0 2097152 0 0 0 0 0 256 0 0 0 524288 0 0 33554432 0 134217728 4096 0 16 2 0 0 0 0 0 0 16 0 0 0 0 1090519040 65536 0 8 0 0 16384 0 0 0 0 0 0 0 0 0 0 0 0 0 0 0 0 0 0 16809984 2097152 16795650 0 0 0 268436480 4 0 0 0 0 67108864 65540 67125248 128 0 0 0 0 33554432 0 0 0 4 8 1073741824 0 0 0 4096 0 0 0 0 135266384 0 4194304 0 0 0 0 536870913 0 0 16 0 16 2147549184 512 0 0 256 524288 0 4096 0 262144 8388608 16779264 65536 0 0 0 0 0 0 0 0 0 0 0 0 0 0 0 0 0 0 2048 0 4194304 0 8388609 0 2147483648 0 268435456 0 0 8388608 268468224 1073741824 0 0 4096 0 0 64 8388608 0 0 0 0 0 260 0 0 0 0 0 536879104 268435456 1 33554448 0 33554432 0 0 0 0 0 131200 512 40960 0 0 0 263168 24576 8388864 0 0 1024 0 128 0 0 0 0 0 0 0 0 0 0 0 0 0 0 0 0 0 2097152 0 33554432 0 0 0 1024 0 0 0 0 0 0 0 8
is_linear=0
shrinkage=0.05


Tree=94
num_leaves=31
num_cat=13
split_feature=20 16 20 20 20 19 1 19 6 6 19 20 6 16 0 20 19 0 0 0 0 0 0 0 0 0 6 0 0 20
split_gain=722880 74837.6 48511.9 10306 4763.74 3816.64 3426.89 2546.83 2028.16 1706.89 1625.78 1463.11 1520.3 1181.93 1293.68 1126.87 1121.82 1111.58 1074.97 916.365 859.334 986.617 898.494 802.229 740.8 720.882 717.463 701.187 671.83 668.813
threshold=0.33935546875000006 1.0000000180025095e-35 0.69653320312500011 0.16070556640625003 0.51782226562500011 0.21423339843750003 0 0.64282226562500011 2.5000000000000004 2.5000000000000004 0.21423339843750003 0.83911132812500011 2.5000000000000004 2.9853515625000004 1 0.23211669921875003 1.2143554687500002 2 3 4 5 6 7 8 9 10 2.5000000000000004 11 12 0.089263916015625014
decision_type=2 10 2 2 2 2 1 2 2 2 2 2 2 10 9 2 2 9 9 9 9 9 9 9 9 9 2 9 9 2
left_child=1 -1 4 6 9 -4 10 15 -6 -2 13 12 -7 14 -3 -5 -11 -16 -19 -8 -20 -22 -23 -13 -15 -26 -17 -24 -29 -21
right_child=2 3 5 7 8 11 19 -9 -10 16 -12 23 -14 24 17 26 -18 18 20 29 21 22 27 -25 25 -27 -28 28 -30 -31
leaf_value=0 0 0 0 0 0 0.0026243717066893216 0.00137918452183875 0 0 0 0 0.029605777930759358 0 0.012360093978209315 0 0 0 0 0 0 0 0 0 0.00021871248069301464 0 0 0 0 0 0
leaf_weight=4726430 499713 55469 251833 901262 403652 249672 3921 132596 1006167 1217640 105643 162819 621337 4291 57555 329876 26368 56506 48038 1451378 55818 53806 42312 6940746 5883 873394 819802 43229 489220 682304
leaf_count=4726430 499713 55469 251833 901262 403652 249672 3921 132596 1006167 1217640 105643 162819 621337 4291 57555 329876 26368 56506 48038 1451378 55818 53806 42312 6940746 5883 873394 819802 43229 489220 682304
internal_value=-0.0110805 -0.0202586 -0.00225815 -0.0166513 -0.00753081 -0.000236905 -0.0181505 -0.013885 -0.00536957 -0.00927819 -0.0165995 -4.55197e-05 -0.00197963 -0.0169562 -0.0156829 -0.0143192 -0.0102697 -0.0151974 -0.0147074 -0.0195226 -0.0141942 -0.0137398 -0.0131734 0.000191633 -0.0182559 -0.0183569 -0.0132815 -0.0125943 -0.0121013 -0.019567
internal_weight=2.23187e+07 1.09387e+07 1.13799e+07 6.2123e+06 3.15354e+06 8.22641e+06 4.02877e+06 2.18354e+06 1.40982e+06 1.74372e+06 1.89116e+06 7.97457e+06 871009 1.78552e+06 901953 2.05094e+06 1.24401e+06 846484 788929 2.1376e+06 732423 684385 628567 7.10356e+06 883568 879277 1.14968e+06 574761 532449 2.13368e+06
internal_count=22318680 10938733 11379947 6212303 3153540 8226407 4028767 2183536 1409819 1743721 1891164 7974574 871009 1785521 901953 2050940 1244008 846484 788929 2137603 732423 684385 628567 7103565 883568 879277 1149678 574761 532449 2133682
cat_boundaries=0 1 80 159 238 333 400 475 550 635 714 793 868 945
cat_threshold=39 131072 2684354592 16777216 1048576 0 0 2097152 0 256 0 131072 0 0 0 0 0 0 256 0 1 67108864 8 0 0 144 0 0 0 1073742336 536870912 0 0 0 0 524288 16384 0 0 67108864 0 0 1073741824 4 0 33554432 0 0 0 0 0 0 0 0 0 0 0 0 0 0 0 0 0 0 0 0 0 536870912 0 16 0 128 0 16777220 0 32 0 0 0 262400 16 0 2560 17301504 4194304 0 16777216 0 0 2147483648 0 0 524288 524288 0 0 0 1024 0 0 0 0 2147483650 536870912 0 134217728 16 0 2147484672 1048576 134217728 0 0 0 4 0 134218240 0 0 1074003968 0 2048 0 8404992 0 0 0 0 0 0 0 0 0 0 0 0 0 0 0 0 0 0 0 0 0 0 0 0 2 0 0 0 0 0 4096 4194304 0 0 16777216 0 32768 0 134250600 0 0 0 0 0 0 8192 0 0 0 0 0 0 0 0 2148007936 2147516416 4 0 134217728 0 4096 0 2048 0 33554432 33554434 2147483648 1024 2097160 0 2147483648 16777216 0 2097168 1048576 0 0 16384 0 0 0 0 0 0 0 0 0 0 0 0 0 0 0 0 0 0 0 0 0 0 131072 0 0 0 0 0 0 0 0 0 0 1073741824 0 335544320 0 0 0 0 0 0 0 0 0 0 0 0 0 0 0 0 0 0 0 0 0 0 0 0 0 0 0 0 0 0 0 0 0 0 0 0 0 0 0 0 0 0 0 0 0 67110912 524416 2148532224 1073741824 659456 2048 570425344 0 524288 655360 2097152 8388640 403701760 0 0 0 0 0 0 0 0 0 0 0 0 0 0 0 0 0 0 0 0 0 0 131072 0 524288 131072 0 256 0 0 268435456 0 0 536871424 0 0 8404992 64 262144 0 0 1024 0 1 131072 0 0 537427968 0 0 0 0 0 0 0 20480 0 268435456 0 0 2097152 0 0 8421376 16 0 0 2147483648 512 0 1140850688 0 1073741824 262152 1 128 2097296 0 0 0 524288 0 0 0 0 0 0 0 0 0 0 0 0 0 0 0 0 0 0 0 64 0 1024 131080 0 0 545263616 4 0 33554448 256 0 0 532480 0 0 0 0 0 2155872256 0 0 67108864 4194336 0 0 33554432 2147483648 32832 524288 0 0 0 2147483648 0 0 0 0 0 4 65536 0 0 402653184 0 1048576 0 2147483648 3 0 0 0 0 0 0 0 0 0 0 0 0 0 0 0 0 0 0 0 256 0 0 0 1048576 0 65536 0 0 0 536870912 0 2 16 0 0 0 0 0 0 0 0 0 262144 0 2 0 134217728 0 0 0 1 262144 4228096 67108928 67108864 1 0 0 1 0 4096 0 0 0 0 0 0 536870912 2 524288 2147483650 0 268500992 0 286261248 0 0 0 0 0 0 0 0 0 0 0 0 0 0 0 0 0 0 1048576 0 0 2 0 0 262144 134234112 0 0 0 16384 65536 0 1048576 2 0 0 0 0 0 0 0 0 0 1048576 0 0 2 0 0 0 0 1073741824 268435488 0 0 0 64 1 0 0 0 0 0 0 0 67108864 1077936128 16384 0 1 32768 2 33554432 0 0 0 0 0 0 524288 0 16 0 0 0 0 0 2 0 0 0 0 0 16 1073872896 0 8 16 0 0 268435456 0 0 0 8388608 0 0 2 2147487744 0 0 0 0 0 67108864 0 0 0 0 0 0 0 0 0 268435968 64 0 0 0 65536 0 0 528384 0 0 0 8224 16 0 0 1097728 0 0 0 0 1048608 0 0 0 537133057 64 64 524288 0 0 0 16384 0 0 0 0 0 0 0 0 0 0 0 0 0 0 0 0 0 0 0 0 0 0 0 33554464 0 536870912 512 536870912 2097152 16777216 536870912 2147483664 0 0 0 0 1024 12582912 0 0 0 0 0 0 2097152 0 0 0 0 0 256 0 0 0 0 0 0 33554432 0 134217728 4096 0 16 2 0 0 0 16777216 0 0 16 0 0 0 0 1090519040 65536 0 8 0 0 16384 0 0 0 0 0 0 0 0 0 0 0 0 0 0 0 0 0 0 16809984 2097152 16795650 0 0 0 268436480 4 0 0 0 0 67108864 65540 67125248 128 0 0 0 0 33554432 0 0 0 4 8 1073741824 0 0 0 4096 0 0 0 0 135266384 0 4194304 0 0 0 0 536870913 0 0 16 0 16 2147549184 512 0 0 256 524288 0 4096 0 262144 8388608 16779264 65536 0 0 0 0 0 0 0 0 0 0 0 0 0 0 0 0 0 0 2048 0 4194304 0 8388609 0 2147483648 0 268435456 0 0 8388608 268468224 1073741824 0 0 4096 0 0 64 8388608 0 0 0 0 0 260 0 0 0 0 0 536879104 268435456 1 33554448 0 33554432 0 0 0 0 0 131200 512 40960 0 0 0 263168 24576 8388864 0 0 1024 0 128 0 0 0 0 0 0 0 0 0 0 0 0 0 0 0 0 0 2097152 0 33554432 0 0 0 1024 0 0 0 0 0 0 0 8
is_linear=0
shrinkage=0.05


Tree=95
num_leaves=31
num_cat=12
split_feature=20 16 20 20 19 20 1 19 20 6 19 6 6 16 0 20 0 0 19 0 0 0 0 20 0 5 20 0 6 0
split_gain=721834 74837.6 48280.4 10306 4210.25 3715.13 3426.89 2546.83 2402.24 1950.98 1625.78 1528.35 1354.29 1181.93 1293.68 1126.87 1111.58 1074.97 959.248 916.365 859.334 986.617 898.494 846.342 740.8 726.845 775.079 720.882 717.463 701.187
threshold=0.33935546875000006 1.0000000180025095e-35 0.66088867187500011 0.16070556640625003 0.21423339843750003 0.48217773437500006 0 0.64282226562500011 0.80346679687500011 2.5000000000000004 0.21423339843750003 2.5000000000000004 2.5000000000000004 2.9853515625000004 1 0.23211669921875003 2 3 1.2143554687500002 4 5 6 7 2.0175781250000004 8 9 18.765625000000004 10 2.5000000000000004 11
decision_type=2 10 2 2 2 2 1 2 2 2 2 2 2 10 9 2 9 9 2 9 9 9 9 2 9 1 2 9 2 9
left_child=1 -1 5 6 -4 12 10 15 11 -7 13 -6 -2 14 -3 -5 -16 -18 -14 -8 -19 -22 -23 -10 -15 26 -25 -26 -17 -24
right_child=2 3 4 7 8 9 19 -9 23 -11 -12 -13 18 24 16 28 17 20 -20 -21 21 22 29 25 27 -27 -28 -29 -30 -31
leaf_value=0 0 0 0 0 0.0068979729845293943 0 0.0013102252957468141 0 0 0 0 0 0 0.011742089279298845 0 0 0 0 0.027018004383131844 0 0 0 0 0.0090516428665028854 0 -0.00064812378483556374 0.21319635829154035 0 0 0
leaf_weight=4726430 410145 55469 275082 901262 256902 419675 3921 132596 4059902 1045028 105643 639193 1001392 4291 57555 329876 56506 48038 20285 2133682 55818 53806 42312 1790276 5883 1392247 69820 873394 819802 532449
leaf_count=4726430 410145 55469 275082 901262 256902 419675 3921 132596 4059902 1045028 105643 639193 1001392 4291 57555 329876 56506 48038 20285 2133682 55818 53806 42312 1790276 5883 1392247 69820 873394 819802 532449
internal_value=-0.0110871 -0.0202586 -0.00227116 -0.0166513 -0.000368165 -0.00784472 -0.0181505 -0.013885 -0.000164254 -0.00607425 -0.0165995 -0.00260768 -0.00965584 -0.0169562 -0.0156829 -0.0143192 -0.0151974 -0.0147074 -0.0106301 -0.0195226 -0.0141942 -0.0137398 -0.0131734 0.000135181 -0.0182559 0.000736185 0.00138285 -0.0183569 -0.0132815 -0.0125943
internal_weight=2.23187e+07 1.09387e+07 1.13799e+07 6.2123e+06 8.48342e+06 2.89652e+06 4.02877e+06 2.18354e+06 8.20834e+06 1.4647e+06 1.89116e+06 896095 1.43182e+06 1.78552e+06 901953 2.05094e+06 846484 788929 1.02168e+06 2.1376e+06 732423 684385 628567 7.31224e+06 883568 3.25234e+06 1.8601e+06 879277 1.14968e+06 574761
internal_count=22318680 10938733 11379947 6212303 8483422 2896525 4028767 2183536 8208340 1464703 1891164 896095 1431822 1785521 901953 2050940 846484 788929 1021677 2137603 732423 684385 628567 7312245 883568 3252343 1860096 879277 1149678 574761
cat_boundaries=0 1 80 159 238 333 400 475 550 629 630 709 784
cat_threshold=39 131072 2684354592 16777216 1048576 0 0 2097152 0 256 0 131072 0 0 0 0 0 0 256 0 1 67108864 8 0 0 144 0 0 0 1073742336 536870912 0 0 0 0 524288 16384 0 0 67108864 0 0 1073741824 4 0 33554432 0 0 0 0 0 0 0 0 0 0 0 0 0 0 0 0 0 0 0 0 0 536870912 0 16 0 128 0 16777220 0 32 0 0 0 262400 16 0 2560 17301504 4194304 0 16777216 0 0 2147483648 0 0 524288 524288 0 0 0 1024 0 0 0 0 2147483650 536870912 0 134217728 16 0 2147484672 1048576 134217728 0 0 0 4 0 134218240 0 0 1074003968 0 2048 0 8404992 0 0 0 0 0 0 0 0 0 0 0 0 0 0 0 0 0 0 0 0 0 0 0 0 2 0 0 0 0 0 4096 4194304 0 0 16777216 0 32768 0 134250600 0 0 0 0 0 0 8192 0 0 0 0 0 0 0 0 2148007936 2147516416 4 0 134217728 0 4096 0 2048 0 33554432 33554434 2147483648 1024 2097160 0 2147483648 16777216 0 2097168 1048576 0 0 16384 0 0 0 0 0 0 0 0 0 0 0 0 0 0 0 0 0 0 0 0 0 0 131072 0 0 0 0 0 0 0 0 0 0 1073741824 0 335544320 0 0 0 0 0 0 0 0 0 0 0 0 0 0 0 0 0 0 0 0 0 0 0 0 0 0 0 0 0 0 0 0 0 0 0 0 0 0 0 0 0 0 0 0 0 67110912 524416 2148532224 1073741824 659456 2048 570425344 0 524288 655360 2097152 8388640 403701760 0 0 0 0 0 0 0 0 0 0 0 0 0 0 0 0 0 0 0 0 0 0 131072 0 524288 131072 0 256 0 0 268435456 0 0 536871424 0 0 8404992 64 262144 0 0 1024 0 1 131072 0 0 537427968 0 0 0 0 0 0 0 20480 0 268435456 0 0 2097152 0 0 8421376 16 0 0 2147483648 512 0 1140850688 0 1073741824 262152 1 128 2097296 0 0 0 524288 0 0 0 0 0 0 0 0 0 0 0 0 0 0 0 0 0 0 0 64 0 1024 131080 0 0 545263616 4 0 33554448 256 0 0 532480 0 0 0 0 0 2155872256 0 0 67108864 4194336 0 0 33554432 2147483648 32832 524288 0 0 0 2147483648 0 0 0 0 0 4 65536 0 0 402653184 0 1048576 0 2147483648 3 0 0 0 0 0 0 0 0 0 0 0 0 0 0 0 0 0 0 0 256 0 0 0 1048576 0 65536 0 0 0 536870912 0 2 16 0 0 0 0 0 0 0 0 0 262144 0 2 0 134217728 0 0 0 1 262144 4228096 67108928 67108864 1 0 0 1 0 4096 0 0 0 0 0 0 536870912 2 524288 2147483650 0 268500992 0 286261248 0 0 0 0 0 0 0 0 0 0 0 0 0 0 0 0 0 0 1048576 0 0 2 0 0 262144 134234112 0 0 0 16384 0 0 0 0 0 0 0 0 0 268435968 64 0 0 0 65536 0 0 528384 0 0 0 8224 16 0 0 1097728 0 0 0 0 1048608 0 0 0 537133057 64 64 524288 0 0 0 16384 0 0 0 0 0 0 0 0 0 0 0 0 0 0 0 0 0 0 0 0 0 0 0 33554464 0 536870912 512 536870912 2097152 16777216 536870912 2147483664 0 0 0 0 1024 15 12582912 0 0 0 0 0 0 2097152 0 0 0 0 0 256 0 0 0 0 0 0 33554432 0 134217728 4096 0 16 2 0 0 0 16777216 0 0 16 0 0 0 0 1090519040 65536 0 8 0 0 16384 0 0 0 0 0 0 0 0 0 0 0 0 0 0 0 0 0 0 16809984 2097152 16795650 0 0 0 268436480 4 0 0 0 0 67108864 65540 67125248 128 0 0 0 0 33554432 0 0 0 4 8 1073741824 0 0 0 4096 0 0 0 0 135266384 0 4194304 0 0 0 0 536870913 0 0 16 0 16 2147549184 512 0 0 256 524288 0 4096 0 262144 8388608 16779264 65536 0 0 0 0 0 0 0 0 0 0 0 0 0 0 0 0 0 0 2048 0 4194304 0 8388609 0 2147483648 0 268435456 0 0 8388608
is_linear=0
shrinkage=0.05


Tree=96
num_leaves=31
num_cat=13
split_feature=20 16 20 20 19 20 1 19 20 6 19 6 6 16 0 20 0 0 19 0 0 0 0 20 0 0 6 0 0 9
split_gain=721042 74837.6 48109.5 10306 4191.94 3715.13 3426.89 2546.83 2375.4 1950.98 1625.78 1528.35 1354.29 1181.93 1293.68 1126.87 1111.58 1074.97 959.248 916.365 859.334 986.617 898.494 793.186 740.8 720.882 717.463 701.187 671.83 671.321
threshold=0.33935546875000006 1.0000000180025095e-35 0.66088867187500011 0.16070556640625003 0.21423339843750003 0.48217773437500006 0 0.64282226562500011 0.80346679687500011 2.5000000000000004 0.21423339843750003 2.5000000000000004 2.5000000000000004 2.9853515625000004 1 0.23211669921875003 2 3 1.2143554687500002 4 5 6 7 2.0175781250000004 8 9 2.5000000000000004 10 11 12
decision_type=2 10 2 2 2 2 1 2 2 2 2 2 2 10 9 2 9 9 2 9 9 9 9 2 9 9 2 9 9 9
left_child=1 -1 5 6 -4 12 10 15 11 -7 13 -6 -2 14 -3 -5 -16 -18 -14 -8 -19 -22 -23 -10 -15 -26 -17 -24 -29 -25
right_child=2 3 4 7 8 9 19 -9 23 -11 -12 -13 18 24 16 26 17 20 -20 -21 21 22 27 29 25 -27 -28 28 -30 -31
leaf_value=0 0 0 0 0 0.0065530743353029225 0 0.0012447140309594707 0 0 0 0 0 0 0.011154984815333903 0 0 0 0 0.025667104163975253 0 0 0 0 -0.018226077499506915 0 0 0 0 0 0.0053642371126151559
leaf_weight=4726430 410145 55469 275082 901262 256902 419675 3921 132596 4059902 1045028 105643 639193 1001392 4291 57555 329876 56506 48038 20285 2133682 55818 53806 42312 36054 5883 873394 819802 43229 489220 3216289
leaf_count=4726430 410145 55469 275082 901262 256902 419675 3921 132596 4059902 1045028 105643 639193 1001392 4291 57555 329876 56506 48038 20285 2133682 55818 53806 42312 36054 5883 873394 819802 43229 489220 3216289
internal_value=-0.0110921 -0.0202586 -0.00228104 -0.0166513 -0.000381409 -0.00784472 -0.0181505 -0.013885 -0.000177941 -0.00607425 -0.0165995 -0.00260768 -0.00965584 -0.0169562 -0.0156829 -0.0143192 -0.0151974 -0.0147074 -0.0106301 -0.0195226 -0.0141942 -0.0137398 -0.0131734 0.000119816 -0.0182559 -0.0183569 -0.0132815 -0.0125943 -0.0121013 0.00070164
internal_weight=2.23187e+07 1.09387e+07 1.13799e+07 6.2123e+06 8.48342e+06 2.89652e+06 4.02877e+06 2.18354e+06 8.20834e+06 1.4647e+06 1.89116e+06 896095 1.43182e+06 1.78552e+06 901953 2.05094e+06 846484 788929 1.02168e+06 2.1376e+06 732423 684385 628567 7.31224e+06 883568 879277 1.14968e+06 574761 532449 3.25234e+06
internal_count=22318680 10938733 11379947 6212303 8483422 2896525 4028767 2183536 8208340 1464703 1891164 896095 1431822 1785521 901953 2050940 846484 788929 1021677 2137603 732423 684385 628567 7312245 883568 879277 1149678 574761 532449 3252343
cat_boundaries=0 1 80 159 238 333 400 475 550 629 708 783 860 861
cat_threshold=39 131072 2684354592 16777216 1048576 0 0 2097152 0 256 0 131072 0 0 0 0 0 0 256 0 1 67108864 8 0 0 144 0 0 0 1073742336 536870912 0 0 0 0 524288 16384 0 0 67108864 0 0 1073741824 4 0 33554432 0 0 0 0 0 0 0 0 0 0 0 0 0 0 0 0 0 0 0 0 0 536870912 0 16 0 128 0 16777220 0 32 0 0 0 262400 16 0 2560 17301504 4194304 0 16777216 0 0 2147483648 0 0 524288 524288 0 0 0 1024 0 0 0 0 2147483650 536870912 0 134217728 16 0 2147484672 1048576 134217728 0 0 0 4 0 134218240 0 0 1074003968 0 2048 0 8404992 0 0 0 0 0 0 0 0 0 0 0 0 0 0 0 0 0 0 0 0 0 0 0 0 2 0 0 0 0 0 4096 4194304 0 0 16777216 0 32768 0 134250600 0 0 0 0 0 0 8192 0 0 0 0 0 0 0 0 2148007936 2147516416 4 0 134217728 0 4096 0 2048 0 33554432 33554434 2147483648 1024 2097160 0 2147483648 16777216 0 2097168 1048576 0 0 16384 0 0 0 0 0 0 0 0 0 0 0 0 0 0 0 0 0 0 0 0 0 0 131072 0 0 0 0 0 0 0 0 0 0 1073741824 0 335544320 0 0 0 0 0 0 0 0 0 0 0 0 0 0 0 0 0 0 0 0 0 0 0 0 0 0 0 0 0 0 0 0 0 0 0 0 0 0 0 0 0 0 0 0 0 67110912 524416 2148532224 1073741824 659456 2048 570425344 0 524288 655360 2097152 8388640 403701760 0 0 0 0 0 0 0 0 0 0 0 0 0 0 0 0 0 0 0 0 0 0 131072 0 524288 131072 0 256 0 0 268435456 0 0 536871424 0 0 8404992 64 262144 0 0 1024 0 1 131072 0 0 537427968 0 0 0 0 0 0 0 20480 0 268435456 0 0 2097152 0 0 8421376 16 0 0 2147483648 512 0 1140850688 0 1073741824 262152 1 128 2097296 0 0 0 524288 0 0 0 0 0 0 0 0 0 0 0 0 0 0 0 0 0 0 0 64 0 1024 131080 0 0 545263616 4 0 33554448 256 0 0 532480 0 0 0 0 0 2155872256 0 0 67108864 4194336 0 0 33554432 2147483648 32832 524288 0 0 0 2147483648 0 0 0 0 0 4 65536 0 0 402653184 0 1048576 0 2147483648 3 0 0 0 0 0 0 0 0 0 0 0 0 0 0 0 0 0 0 0 256 0 0 0 1048576 0 65536 0 0 0 536870912 0 2 16 0 0 0 0 0 0 0 0 0 262144 0 2 0 134217728 0 0 0 1 262144 4228096 67108928 67108864 1 0 0 1 0 4096 0 0 0 0 0 0 536870912 2 524288 2147483650 0 268500992 0 286261248 0 0 0 0 0 0 0 0 0 0 0 0 0 0 0 0 0 0 1048576 0 0 2 0 0 262144 134234112 0 0 0 16384 0 0 0 0 0 0 0 0 0 268435968 64 0 0 0 65536 0 0 528384 0 0 0 8224 16 0 0 1097728 0 0 0 0 1048608 0 0 0 537133057 64 64 524288 0 0 0 16384 0 0 0 0 0 0 0 0 0 0 0 0 0 0 0 0 0 0 0 0 0 0 0 33554464 0 536870912 512 536870912 2097152 16777216 536870912 2147483664 0 0 0 0 1024 12582912 0 0 0 0 0 0 2097152 0 0 0 0 0 256 0 0 0 0 0 0 33554432 0 134217728 4096 0 16 2 0 0 0 16777216 0 0 16 0 0 0 0 1090519040 65536 0 8 0 0 16384 0 0 0 0 0 0 0 0 0 0 0 0 0 0 0 0 0 0 16809984 2097152 16795650 0 0 0 268436480 4 0 0 0 0 67108864 65540 67125248 128 0 0 0 0 33554432 0 0 0 4 8 1073741824 0 0 0 4096 0 0 0 0 135266384 0 4194304 0 0 0 0 536870913 0 0 16 0 16 2147549184 512 0 0 256 524288 0 4096 0 262144 8388608 16779264 65536 0 0 0 0 0 0 0 0 0 0 0 0 0 0 0 0 0 0 2048 0 4194304 0 8388609 0 2147483648 0 268435456 0 0 8388608 268468224 1073741824 0 0 4096 0 0 64 8388608 0 0 0 0 0 260 0 0 0 0 0 536879104 268435456 1 33554448 0 33554432 0 0 0 0 0 131200 512 40960 0 0 0 263168 24576 8388864 0 0 1024 0 128 0 0 0 0 0 0 0 0 0 0 0 0 0 0 0 0 0 2097152 0 33554432 0 0 0 1024 0 0 0 0 0 0 0 8 134480130
is_linear=0
shrinkage=0.05


Tree=97
num_leaves=31
num_cat=13
split_feature=20 16 20 20 19 20 1 19 20 6 19 6 6 16 0 20 0 0 19 0 0 0 0 0 0 6 0 0 5 19
split_gain=720261 74825.9 47934.8 10310.8 4173.22 3715.13 3421.87 2546.83 2348.06 1950.98 1626.93 1528.35 1354.29 1186.15 1293.68 1126.87 1111.58 1074.97 959.248 916.365 859.334 986.617 898.494 775.814 735.346 717.463 701.187 697.232 689.369 716.166
threshold=0.33935546875000006 1.0000000180025095e-35 0.66088867187500011 0.16070556640625003 0.21423339843750003 0.48217773437500006 0 0.64282226562500011 0.80346679687500011 2.5000000000000004 0.21423339843750003 2.5000000000000004 2.5000000000000004 2.9853515625000004 1 0.23211669921875003 2 3 1.2143554687500002 4 5 6 7 8 9 2.5000000000000004 10 11 12 7.7851562500000009
decision_type=2 10 2 2 2 2 1 2 2 2 2 2 2 10 9 2 9 9 2 9 9 9 9 9 9 2 9 9 1 2
left_child=1 -1 5 6 -4 12 10 15 11 -7 13 -6 -2 14 -3 -5 -16 -18 -14 -8 -19 -22 -23 -10 -15 -17 -24 -26 29 -25
right_child=2 3 4 7 8 9 19 -9 23 -11 -12 -13 18 24 16 25 17 20 -20 -21 21 22 26 28 27 -27 -28 -29 -30 -31
leaf_value=0 0 0 0 0 0.0062254206185377754 0 0.0011824783294114962 0 0.029106665779771602 0 0 0 0 0.0129954222933172 0 0 0 0 0.024383748955776493 0 0 0 0 0.00052282833422195862 0 0 0 0 0 0.046277857316795415
leaf_weight=4726430 410145 55469 275082 901262 256902 419675 3921 132596 153255 1045028 105643 639193 1001392 4397 57555 329876 56506 48038 20285 2133682 55818 53806 42312 3787672 5796 819802 532449 873375 3064085 307233
leaf_count=4726430 410145 55469 275082 901262 256902 419675 3921 132596 153255 1045028 105643 639193 1001392 4397 57555 329876 56506 48038 20285 2133682 55818 53806 42312 3787672 5796 819802 532449 873375 3064085 307233
internal_value=-0.0110975 -0.020259 -0.00229115 -0.0166519 -0.000394976 -0.00784472 -0.0181516 -0.013885 -0.000191963 -0.00607425 -0.0166016 -0.00260768 -0.00965584 -0.0169585 -0.0156829 -0.0143192 -0.0151974 -0.0147074 -0.0106301 -0.0195226 -0.0141942 -0.0137398 -0.0131734 0.000104075 -0.0182605 -0.0132815 -0.0125943 -0.0183624 2.87191e-05 0.000453141
internal_weight=2.23187e+07 1.09387e+07 1.13799e+07 6.2123e+06 8.48342e+06 2.89652e+06 4.02877e+06 2.18354e+06 8.20834e+06 1.4647e+06 1.89116e+06 896095 1.43182e+06 1.78552e+06 901953 2.05094e+06 846484 788929 1.02168e+06 2.1376e+06 732423 684385 628567 7.31224e+06 883568 1.14968e+06 574761 879171 7.15899e+06 4.0949e+06
internal_count=22318680 10938733 11379947 6212303 8483422 2896525 4028767 2183536 8208340 1464703 1891164 896095 1431822 1785521 901953 2050940 846484 788929 1021677 2137603 732423 684385 628567 7312245 883568 1149678 574761 879171 7158990 4094905
cat_boundaries=0 1 80 159 238 333 400 475 550 636 715 790 869 870
cat_threshold=39 131072 2684354592 16777216 1048576 0 0 2097152 0 256 0 131072 0 0 0 0 0 0 256 0 1 67108864 8 0 0 144 0 0 0 1073742336 536870912 0 0 0 0 524288 16384 0 0 67108864 0 0 1073741824 4 0 33554432 0 0 0 0 0 0 0 0 0 0 0 0 0 0 0 0 0 0 0 0 0 536870912 0 16 0 128 0 16777220 0 32 0 0 0 262400 16 0 2560 17301504 4194304 0 16777216 0 0 2147483648 0 0 524288 524288 0 0 0 1024 0 0 0 0 2147483650 536870912 0 134217728 16 0 2147484672 1048576 134217728 0 0 0 4 0 134218240 0 0 1074003968 0 2048 0 8404992 0 0 0 0 0 0 0 0 0 0 0 0 0 0 0 0 0 0 0 0 0 0 0 0 2 0 0 0 0 0 4096 4194304 0 0 16777216 0 32768 0 134250600 0 0 0 0 0 0 8192 0 0 0 0 0 0 0 0 2148007936 2147516416 4 0 134217728 0 4096 0 2048 0 33554432 33554434 2147483648 1024 2097160 0 2147483648 16777216 0 2097168 1048576 0 0 16384 0 0 0 0 0 0 0 0 0 0 0 0 0 0 0 0 0 0 0 0 0 0 131072 0 0 0 0 0 0 0 0 0 0 1073741824 0 335544320 0 0 0 0 0 0 0 0 0 0 0 0 0 0 0 0 0 0 0 0 0 0 0 0 0 0 0 0 0 0 0 0 0 0 0 0 0 0 0 0 0 0 0 0 0 67110912 524416 2148532224 1073741824 659456 2048 570425344 0 524288 655360 2097152 8388640 403701760 0 0 0 0 0 0 0 0 0 0 0 0 0 0 0 0 0 0 0 0 0 0 131072 0 524288 131072 0 256 0 0 268435456 0 0 536871424 0 0 8404992 64 262144 0 0 1024 0 1 131072 0 0 537427968 0 0 0 0 0 0 0 20480 0 268435456 0 0 2097152 0 0 8421376 16 0 0 2147483648 512 0 1140850688 0 1073741824 262152 1 128 2097296 0 0 0 524288 0 0 0 0 0 0 0 0 0 0 0 0 0 0 0 0 0 0 0 64 0 1024 131080 0 0 545263616 4 0 33554448 256 0 0 532480 0 0 0 0 0 2155872256 0 0 67108864 4194336 0 0 33554432 2147483648 32832 524288 0 0 0 2147483648 0 0 0 0 0 4 65536 0 0 402653184 0 1048576 0 2147483648 3 0 0 0 0 0 0 0 0 0 0 0 0 0 0 0 0 0 0 0 256 0 0 0 1048576 0 65536 0 0 0 536870912 0 2 16 0 0 0 0 0 0 0 0 0 262144 0 2 0 134217728 0 0 0 1 262144 4228096 67108928 67108864 1 0 0 1 0 4096 0 0 0 0 0 0 536870912 2 524288 2147483650 0 268500992 0 286261248 0 0 0 0 0 0 0 0 0 0 0 0 0 0 0 0 0 0 1048576 0 0 2 0 0 262144 134234112 0 0 0 16384 0 0 524288 0 1073741824 0 0 0 0 64 0 0 0 2147483648 0 134217728 0 1073741824 4096 0 0 1073741824 268435456 0 0 0 0 1 2048 0 0 134217728 0 32 1 4194304 0 16384 0 65536 134217728 0 33554944 0 4096 0 0 8192 1074266112 0 0 0 0 0 0 0 0 0 0 0 0 0 0 0 0 0 0 0 131072 64 0 0 0 0 0 2097152 8448 0 0 0 0 0 532480 0 0 1024 0 0 0 0 0 0 0 0 0 268435456 64 0 0 0 65536 0 0 528384 0 0 0 8224 16 0 0 1097728 0 0 0 0 1048608 0 0 0 537133057 64 64 524288 0 0 0 16392 0 0 0 0 0 0 0 0 0 0 0 0 0 0 0 0 0 0 0 0 0 0 0 33554464 0 0 512 536870912 2097156 16777216 536870912 2147483664 0 0 0 0 1024 0 0 0 0 33554432 0 0 0 4 8 1073741824 0 0 0 4096 0 0 0 0 135266384 0 4194304 0 0 0 0 536870913 0 0 16 0 16 2147549184 512 0 0 256 524288 0 4096 0 262144 8388608 16779264 65536 0 0 0 0 0 0 0 0 0 0 0 0 0 0 0 0 0 0 2048 0 4194304 0 8388609 0 2147483648 0 268435456 0 0 8388608 12582912 0 0 0 0 0 0 2097152 0 0 0 0 0 256 0 0 0 0 0 0 33556480 0 134217728 4096 0 16 2 0 0 0 16777216 0 0 16 0 0 0 65536 1090519040 65536 0 0 0 0 16384 0 0 0 0 0 0 0 0 0 0 0 0 0 0 0 0 0 0 16809984 2097152 16795650 0 0 0 268436480 0 0 0 0 0 67108864 65540 67125248 128 15
is_linear=0
shrinkage=0.05


Tree=98
num_leaves=31
num_cat=13
split_feature=20 16 20 20 19 20 1 19 20 6 19 6 6 16 0 20 0 0 19 0 0 0 0 0 0 6 0 0 0 13
split_gain=719402 74825.9 47750 10310.8 4153.44 3715.13 3421.87 2546.83 2319.27 1950.98 1626.93 1528.35 1354.29 1186.15 1293.68 1126.87 1111.58 1074.97 959.248 916.365 859.334 986.617 898.494 760.354 735.346 717.463 701.187 697.232 671.83 669.512
threshold=0.33935546875000006 1.0000000180025095e-35 0.66088867187500011 0.16070556640625003 0.21423339843750003 0.48217773437500006 0 0.64282226562500011 0.80346679687500011 2.5000000000000004 0.21423339843750003 2.5000000000000004 2.5000000000000004 2.9853515625000004 1 0.23211669921875003 2 3 1.2143554687500002 4 5 6 7 8 9 2.5000000000000004 10 11 12 1.0000000180025095e-35
decision_type=2 10 2 2 2 2 1 2 2 2 2 2 2 10 9 2 9 9 2 9 9 9 9 9 9 2 9 9 9 2
left_child=1 -1 5 6 -4 12 10 15 11 -7 13 -6 -2 14 -3 -5 -16 -18 -14 -8 -19 -22 -23 -10 -15 -17 -24 -26 -28 -25
right_child=2 3 4 7 8 9 19 -9 23 -11 -12 -13 18 24 16 25 17 20 -20 -21 21 22 26 29 27 -27 28 -29 -30 -31
leaf_value=0 0 0 0 0 0.0059141495876108841 0 0.0011233544129409191 0 0.033239287895668747 0 0 0 0 0.012345651178651341 0 0 0 0 0.023164561507987669 0 0 0 0 0 0 0 0 0 0 0.0014183958200169823
leaf_weight=4726430 410145 55469 275082 901262 256902 419675 3921 132596 156076 1045028 105643 639193 1001392 4397 57555 329876 56506 48038 20285 2133682 55818 53806 42312 4812708 5796 819802 43229 873375 489220 2343461
leaf_count=4726430 410145 55469 275082 901262 256902 419675 3921 132596 156076 1045028 105643 639193 1001392 4397 57555 329876 56506 48038 20285 2133682 55818 53806 42312 4812708 5796 819802 43229 873375 489220 2343461
internal_value=-0.0111029 -0.020259 -0.00230187 -0.0166519 -0.000409351 -0.00784472 -0.0181516 -0.013885 -0.00020682 -0.00607425 -0.0166016 -0.00260768 -0.00965584 -0.0169585 -0.0156829 -0.0143192 -0.0151974 -0.0147074 -0.0106301 -0.0195226 -0.0141942 -0.0137398 -0.0131734 8.73979e-05 -0.0182605 -0.0132815 -0.0125943 -0.0183624 -0.0121013 1.20979e-05
internal_weight=2.23187e+07 1.09387e+07 1.13799e+07 6.2123e+06 8.48342e+06 2.89652e+06 4.02877e+06 2.18354e+06 8.20834e+06 1.4647e+06 1.89116e+06 896095 1.43182e+06 1.78552e+06 901953 2.05094e+06 846484 788929 1.02168e+06 2.1376e+06 732423 684385 628567 7.31224e+06 883568 1.14968e+06 574761 879171 532449 7.15617e+06
internal_count=22318680 10938733 11379947 6212303 8483422 2896525 4028767 2183536 8208340 1464703 1891164 896095 1431822 1785521 901953 2050940 846484 788929 1021677 2137603 732423 684385 628567 7312245 883568 1149678 574761 879171 532449 7156169
cat_boundaries=0 1 80 159 238 333 400 475 550 636 715 790 869 946
cat_threshold=39 131072 2684354592 16777216 1048576 0 0 2097152 0 256 0 131072 0 0 0 0 0 0 256 0 1 67108864 8 0 0 144 0 0 0 1073742336 536870912 0 0 0 0 524288 16384 0 0 67108864 0 0 1073741824 4 0 33554432 0 0 0 0 0 0 0 0 0 0 0 0 0 0 0 0 0 0 0 0 0 536870912 0 16 0 128 0 16777220 0 32 0 0 0 262400 16 0 2560 17301504 4194304 0 16777216 0 0 2147483648 0 0 524288 524288 0 0 0 1024 0 0 0 0 2147483650 536870912 0 134217728 16 0 2147484672 1048576 134217728 0 0 0 4 0 134218240 0 0 1074003968 0 2048 0 8404992 0 0 0 0 0 0 0 0 0 0 0 0 0 0 0 0 0 0 0 0 0 0 0 0 2 0 0 0 0 0 4096 4194304 0 0 16777216 0 32768 0 134250600 0 0 0 0 0 0 8192 0 0 0 0 0 0 0 0 2148007936 2147516416 4 0 134217728 0 4096 0 2048 0 33554432 33554434 2147483648 1024 2097160 0 2147483648 16777216 0 2097168 1048576 0 0 16384 0 0 0 0 0 0 0 0 0 0 0 0 0 0 0 0 0 0 0 0 0 0 131072 0 0 0 0 0 0 0 0 0 0 1073741824 0 335544320 0 0 0 0 0 0 0 0 0 0 0 0 0 0 0 0 0 0 0 0 0 0 0 0 0 0 0 0 0 0 0 0 0 0 0 0 0 0 0 0 0 0 0 0 0 67110912 524416 2148532224 1073741824 659456 2048 570425344 0 524288 655360 2097152 8388640 403701760 0 0 0 0 0 0 0 0 0 0 0 0 0 0 0 0 0 0 0 0 0 0 131072 0 524288 131072 0 256 0 0 268435456 0 0 536871424 0 0 8404992 64 262144 0 0 1024 0 1 131072 0 0 537427968 0 0 0 0 0 0 0 20480 0 268435456 0 0 2097152 0 0 8421376 16 0 0 2147483648 512 0 1140850688 0 1073741824 262152 1 128 2097296 0 0 0 524288 0 0 0 0 0 0 0 0 0 0 0 0 0 0 0 0 0 0 0 64 0 1024 131080 0 0 545263616 4 0 33554448 256 0 0 532480 0 0 0 0 0 2155872256 0 0 67108864 4194336 0 0 33554432 2147483648 32832 524288 0 0 0 2147483648 0 0 0 0 0 4 65536 0 0 402653184 0 1048576 0 2147483648 3 0 0 0 0 0 0 0 0 0 0 0 0 0 0 0 0 0 0 0 256 0 0 0 1048576 0 65536 0 0 0 536870912 0 2 16 0 0 0 0 0 0 0 0 0 262144 0 2 0 134217728 0 0 0 1 262144 4228096 67108928 67108864 1 0 0 1 0 4096 0 0 0 0 0 0 536870912 2 524288 2147483650 0 268500992 0 286261248 0 0 0 0 0 0 0 0 0 0 0 0 0 0 0 0 0 0 1048576 0 0 2 0 0 262144 134234112 0 0 0 16384 0 0 0 0 0 0 0 16 0 0 0 0 0 1073741824 128 0 134217728 1073741824 0 0 0 1073741840 268435456 0 0 0 2048 1 8388608 4 268435456 0 134217728 0 2 16777216 0 16384 0 0 0 8 33554944 0 4096 0 0 8192 0 2048 0 0 0 0 0 0 0 0 0 0 0 0 0 0 0 0 0 528 528384 0 0 0 0 64 0 1024 0 2 0 0 0 0 8192 0 0 1024 0 0 0 0 0 0 0 0 0 268435456 64 0 0 0 65536 0 0 528384 0 0 0 8224 16 0 0 1097728 0 0 0 0 1048608 0 0 0 537133057 64 64 524288 0 0 0 16392 0 0 0 0 0 0 0 0 0 0 0 0 0 0 0 0 0 0 0 0 0 0 0 33554464 0 0 512 536870912 2097156 16777216 536870912 2147483664 0 0 0 0 1024 0 0 0 0 33554432 0 0 0 4 8 1073741824 0 0 0 4096 0 0 0 0 135266384 0 4194304 0 0 0 0 536870913 0 0 16 0 16 2147549184 512 0 0 256 524288 0 4096 0 262144 8388608 16779264 65536 0 0 0 0 0 0 0 0 0 0 0 0 0 0 0 0 0 0 2048 0 4194304 0 8388609 0 2147483648 0 268435456 0 0 8388608 12582912 0 0 0 0 0 0 2097152 0 0 0 0 0 256 0 0 0 0 0 0 33556480 0 134217728 4096 0 16 2 0 0 0 16777216 0 0 16 0 0 0 65536 1090519040 65536 0 0 0 0 16384 0 0 0 0 0 0 0 0 0 0 0 0 0 0 0 0 0 0 16809984 2097152 16795650 0 0 0 268436480 0 0 0 0 0 67108864 65540 67125248 128 268468224 1073741824 0 0 4096 0 0 64 8388608 0 0 0 0 0 260 0 0 0 0 0 536879104 268435456 1 33554448 0 33554432 0 0 0 0 0 131200 512 40960 0 0 0 263168 24576 8388864 0 0 1024 0 128 0 0 0 0 0 0 0 0 0 0 0 0 0 0 0 0 0 2097152 0 33554432 0 0 0 1024 0 0 0 0 0 0 0 8
is_linear=0
shrinkage=0.05


Tree=99
num_leaves=31
num_cat=13
split_feature=20 16 20 20 19 20 1 19 20 6 19 6 6 16 0 20 0 0 19 0 0 0 0 0 0 6 0 0 0 20
split_gain=718618 74825.9 47581.6 10310.8 4135.43 3715.13 3421.87 2546.83 2293.14 1950.98 1626.93 1528.35 1354.29 1186.15 1293.68 1126.87 1111.58 1074.97 959.248 916.365 859.334 986.617 898.494 805.775 735.346 717.463 701.187 697.232 671.83 668.813
threshold=0.33935546875000006 1.0000000180025095e-35 0.66088867187500011 0.16070556640625003 0.21423339843750003 0.48217773437500006 0 0.64282226562500011 0.80346679687500011 2.5000000000000004 0.21423339843750003 2.5000000000000004 2.5000000000000004 2.9853515625000004 1 0.23211669921875003 2 3 1.2143554687500002 4 5 6 7 8 9 2.5000000000000004 10 11 12 0.089263916015625014
decision_type=2 10 2 2 2 2 1 2 2 2 2 2 2 10 9 2 9 9 2 9 9 9 9 9 9 2 9 9 9 2
left_child=1 -1 5 6 -4 12 10 15 11 -7 13 -6 -2 14 -3 -5 -16 -18 -14 -8 -19 -22 -23 -10 -15 -17 -24 -26 -28 -21
right_child=2 3 4 7 8 9 19 -9 23 -11 -12 -13 18 24 16 25 17 20 -20 29 21 22 26 -25 27 -27 28 -29 -30 -31
leaf_value=0 0 0 0 0 0.0056184421082303374 0 0.0010671866922938756 0 0.031771775527468106 0 0 0 0 0.011728368619718772 0 0 0 0 0.022006333432588288 0 0 0 0 0 0 0 0 0 0 0
leaf_weight=4726430 410145 55469 275082 901262 256902 419675 3921 132596 176886 1045028 105643 639193 1001392 4397 57555 329876 56506 48038 20285 1451378 55818 53806 42312 7135359 5796 819802 43229 873375 489220 682304
leaf_count=4726430 410145 55469 275082 901262 256902 419675 3921 132596 176886 1045028 105643 639193 1001392 4397 57555 329876 56506 48038 20285 1451378 55818 53806 42312 7135359 5796 819802 43229 873375 489220 682304
internal_value=-0.0111079 -0.020259 -0.00231165 -0.0166519 -0.000422471 -0.00784472 -0.0181516 -0.013885 -0.00022038 -0.00607425 -0.0166016 -0.00260768 -0.00965584 -0.0169585 -0.0156829 -0.0143192 -0.0151974 -0.0147074 -0.0106301 -0.0195226 -0.0141942 -0.0137398 -0.0131734 7.21769e-05 -0.0182605 -0.0132815 -0.0125943 -0.0183624 -0.0121013 -0.019567
internal_weight=2.23187e+07 1.09387e+07 1.13799e+07 6.2123e+06 8.48342e+06 2.89652e+06 4.02877e+06 2.18354e+06 8.20834e+06 1.4647e+06 1.89116e+06 896095 1.43182e+06 1.78552e+06 901953 2.05094e+06 846484 788929 1.02168e+06 2.1376e+06 732423 684385 628567 7.31224e+06 883568 1.14968e+06 574761 879171 532449 2.13368e+06
internal_count=22318680 10938733 11379947 6212303 8483422 2896525 4028767 2183536 8208340 1464703 1891164 896095 1431822 1785521 901953 2050940 846484 788929 1021677 2137603 732423 684385 628567 7312245 883568 1149678 574761 879171 532449 2133682
cat_boundaries=0 1 80 159 238 333 400 475 550 627 706 781 860 937
cat_threshold=39 131072 2684354592 16777216 1048576 0 0 2097152 0 256 0 131072 0 0 0 0 0 0 256 0 1 67108864 8 0 0 144 0 0 0 1073742336 536870912 0 0 0 0 524288 16384 0 0 67108864 0 0 1073741824 4 0 33554432 0 0 0 0 0 0 0 0 0 0 0 0 0 0 0 0 0 0 0 0 0 536870912 0 16 0 128 0 16777220 0 32 0 0 0 262400 16 0 2560 17301504 4194304 0 16777216 0 0 2147483648 0 0 524288 524288 0 0 0 1024 0 0 0 0 2147483650 536870912 0 134217728 16 0 2147484672 1048576 134217728 0 0 0 4 0 134218240 0 0 1074003968 0 2048 0 8404992 0 0 0 0 0 0 0 0 0 0 0 0 0 0 0 0 0 0 0 0 0 0 0 0 2 0 0 0 0 0 4096 4194304 0 0 16777216 0 32768 0 134250600 0 0 0 0 0 0 8192 0 0 0 0 0 0 0 0 2148007936 2147516416 4 0 134217728 0 4096 0 2048 0 33554432 33554434 2147483648 1024 2097160 0 2147483648 16777216 0 2097168 1048576 0 0 16384 0 0 0 0 0 0 0 0 0 0 0 0 0 0 0 0 0 0 0 0 0 0 131072 0 0 0 0 0 0 0 0 0 0 1073741824 0 335544320 0 0 0 0 0 0 0 0 0 0 0 0 0 0 0 0 0 0 0 0 0 0 0 0 0 0 0 0 0 0 0 0 0 0 0 0 0 0 0 0 0 0 0 0 0 67110912 524416 2148532224 1073741824 659456 2048 570425344 0 524288 655360 2097152 8388640 403701760 0 0 0 0 0 0 0 0 0 0 0 0 0 0 0 0 0 0 0 0 0 0 131072 0 524288 131072 0 256 0 0 268435456 0 0 536871424 0 0 8404992 64 262144 0 0 1024 0 1 131072 0 0 537427968 0 0 0 0 0 0 0 20480 0 268435456 0 0 2097152 0 0 8421376 16 0 0 2147483648 512 0 1140850688 0 1073741824 262152 1 128 2097296 0 0 0 524288 0 0 0 0 0 0 0 0 0 0 0 0 0 0 0 0 0 0 0 64 0 1024 131080 0 0 545263616 4 0 33554448 256 0 0 532480 0 0 0 0 0 2155872256 0 0 67108864 4194336 0 0 33554432 2147483648 32832 524288 0 0 0 2147483648 0 0 0 0 0 4 65536 0 0 402653184 0 1048576 0 2147483648 3 0 0 0 0 0 0 0 0 0 0 0 0 0 0 0 0 0 0 0 256 0 0 0 1048576 0 65536 0 0 0 536870912 0 2 16 0 0 0 0 0 0 0 0 0 262144 0 2 0 134217728 0 0 0 1 262144 4228096 67108928 67108864 1 0 0 1 0 4096 0 0 0 0 0 0 536870912 2 524288 2147483650 0 268500992 0 286261248 0 0 0 0 0 0 0 0 0 0 0 0 0 0 0 0 0 0 1048576 0 0 2 0 0 262144 134234112 0 0 0 16384 131072 0 0 2 1073741824 0 0 0 0 134217728 0 16777216 0 0 0 0 0 1074266112 0 0 0 1207959552 268435456 32768 65536 0 1024 1 2048 0 0 67108864 0 16384 0 262144 0 16384 0 1 8192 4194304 1048608 268435456 524320 0 0 0 0 0 0 0 0 0 0 0 0 0 0 0 0 0 0 4096 0 0 0 0 0 0 0 131072 1024 0 8388608 0 33554432 0 0 0 0 0 0 0 0 0 268435456 64 0 0 0 65536 0 0 528384 0 0 0 8224 16 0 0 1097728 0 0 0 0 1048608 0 0 0 537133057 64 64 524288 0 0 0 16392 0 0 0 0 0 0 0 0 0 0 0 0 0 0 0 0 0 0 0 0 0 0 0 33554464 0 0 512 536870912 2097156 16777216 536870912 2147483664 0 0 0 0 1024 0 0 0 0 33554432 0 0 0 4 8 1073741824 0 0 0 4096 0 0 0 0 135266384 0 4194304 0 0 0 0 536870913 0 0 16 0 16 2147549184 512 0 0 256 524288 0 4096 0 262144 8388608 16779264 65536 0 0 0 0 0 0 0 0 0 0 0 0 0 0 0 0 0 0 2048 0 4194304 0 8388609 0 2147483648 0 268435456 0 0 8388608 12582912 0 0 0 0 0 0 2097152 0 0 0 0 0 256 0 0 0 0 0 0 33556480 0 134217728 4096 0 16 2 0 0 0 16777216 0 0 16 0 0 0 65536 1090519040 65536 0 0 0 0 16384 0 0 0 0 0 0 0 0 0 0 0 0 0 0 0 0 0 0 16809984 2097152 16795650 0 0 0 268436480 0 0 0 0 0 67108864 65540 67125248 128 268468224 1073741824 0 0 4096 0 0 64 8388608 0 0 0 0 0 260 0 0 0 0 0 536879104 268435456 1 33554448 0 33554432 0 0 0 0 0 131200 512 40960 0 0 0 263168 24576 8388864 0 0 1024 0 128 0 0 0 0 0 0 0 0 0 0 0 0 0 0 0 0 0 2097152 0 33554432 0 0 0 1024 0 0 0 0 0 0 0 8
is_linear=0
shrinkage=0.05


end of trees

feature_importances:
item_id=826
rolling_mean_28=781
rolling_mean_7=469
wday=410
sell_price=211
dept_id=110
event_name_1=97
lag_28=40
weekday=21
lag_35=15
store_id=13
snap_CA=7

parameters:
[boosting: gbdt]
[objective: quantile]
[metric: quantile]
[tree_learner: serial]
[device_type: cpu]
[data_sample_strategy: bagging]
[data: ]
[valid: ]
[num_iterations: 100]
[learning_rate: 0.05]
[num_leaves: 31]
[num_threads: 12]
[seed: 42]
[deterministic: 0]
[force_col_wise: 0]
[force_row_wise: 0]
[histogram_pool_size: -1]
[max_depth: -1]
[min_data_in_leaf: 20]
[min_sum_hessian_in_leaf: 0.001]
[bagging_fraction: 1]
[pos_bagging_fraction: 1]
[neg_bagging_fraction: 1]
[bagging_freq: 0]
[bagging_seed: 400]
[bagging_by_query: 0]
[feature_fraction: 1]
[feature_fraction_bynode: 1]
[feature_fraction_seed: 30056]
[extra_trees: 0]
[extra_seed: 12879]
[early_stopping_round: 0]
[early_stopping_min_delta: 0]
[first_metric_only: 0]
[max_delta_step: 0]
[lambda_l1: 0]
[lambda_l2: 0]
[linear_lambda: 0]
[min_gain_to_split: 0]
[drop_rate: 0.1]
[max_drop: 50]
[skip_drop: 0.5]
[xgboost_dart_mode: 0]
[uniform_drop: 0]
[drop_seed: 17869]
[top_rate: 0.2]
[other_rate: 0.1]
[min_data_per_group: 100]
[max_cat_threshold: 32]
[cat_l2: 10]
[cat_smooth: 10]
[max_cat_to_onehot: 4]
[top_k: 20]
[monotone_constraints: ]
[monotone_constraints_method: basic]
[monotone_penalty: 0]
[feature_contri: ]
[forcedsplits_filename: ]
[refit_decay_rate: 0.9]
[cegb_tradeoff: 1]
[cegb_penalty_split: 0]
[cegb_penalty_feature_lazy: ]
[cegb_penalty_feature_coupled: ]
[path_smooth: 0]
[interaction_constraints: ]
[verbosity: 1]
[saved_feature_importance_type: 0]
[use_quantized_grad: 0]
[num_grad_quant_bins: 4]
[quant_train_renew_leaf: 0]
[stochastic_rounding: 1]
[linear_tree: 0]
[max_bin: 255]
[max_bin_by_feature: ]
[min_data_in_bin: 3]
[bin_construct_sample_cnt: 200000]
[data_random_seed: 175]
[is_enable_sparse: 1]
[enable_bundle: 1]
[use_missing: 1]
[zero_as_missing: 0]
[feature_pre_filter: 1]
[pre_partition: 0]
[two_round: 0]
[header: 0]
[label_column: ]
[weight_column: ]
[group_column: ]
[ignore_column: ]
[categorical_feature: 0,1,2,3,4,5,9,10,11,12]
[forcedbins_filename: ]
[precise_float_parser: 0]
[parser_config_file: ]
[objective_seed: 16083]
[num_class: 1]
[is_unbalance: 0]
[scale_pos_weight: 1]
[sigmoid: 1]
[boost_from_average: 1]
[reg_sqrt: 0]
[alpha: 0.5]
[fair_c: 1]
[poisson_max_delta_step: 0.7]
[tweedie_variance_power: 1.5]
[lambdarank_truncation_level: 30]
[lambdarank_norm: 1]
[label_gain: ]
[lambdarank_position_bias_regularization: 0]
[eval_at: ]
[multi_error_top_k: 1]
[auc_mu_weights: ]
[num_machines: 1]
[local_listen_port: 12400]
[time_out: 120]
[machine_list_filename: ]
[machines: ]
[gpu_platform_id: -1]
[gpu_device_id: -1]
[gpu_device_id_list: ]
[gpu_use_dp: 0]
[num_gpu: 1]

end of parameters

pandas_categorical:[["FOODS_1_001", "FOODS_1_002", "FOODS_1_003", "FOODS_1_004", "FOODS_1_005", "FOODS_1_006", "FOODS_1_008", "FOODS_1_009", "FOODS_1_010", "FOODS_1_011", "FOODS_1_012", "FOODS_1_013", "FOODS_1_014", "FOODS_1_015", "FOODS_1_016", "FOODS_1_017", "FOODS_1_018", "FOODS_1_019", "FOODS_1_020", "FOODS_1_021", "FOODS_1_022", "FOODS_1_023", "FOODS_1_024", "FOODS_1_025", "FOODS_1_026", "FOODS_1_027", "FOODS_1_028", "FOODS_1_029", "FOODS_1_030", "FOODS_1_031", "FOODS_1_032", "FOODS_1_033", "FOODS_1_034", "FOODS_1_035", "FOODS_1_036", "FOODS_1_037", "FOODS_1_038", "FOODS_1_039", "FOODS_1_040", "FOODS_1_041", "FOODS_1_042", "FOODS_1_043", "FOODS_1_044", "FOODS_1_045", "FOODS_1_046", "FOODS_1_047", "FOODS_1_048", "FOODS_1_049", "FOODS_1_050", "FOODS_1_051", "FOODS_1_052", "FOODS_1_053", "FOODS_1_054", "FOODS_1_055", "FOODS_1_056", "FOODS_1_057", "FOODS_1_058", "FOODS_1_059", "FOODS_1_060", "FOODS_1_061", "FOODS_1_062", "FOODS_1_063", "FOODS_1_064", "FOODS_1_065", "FOODS_1_066", "FOODS_1_067", "FOODS_1_068", "FOODS_1_069", "FOODS_1_070", "FOODS_1_071", "FOODS_1_072", "FOODS_1_073", "FOODS_1_074", "FOODS_1_075", "FOODS_1_076", "FOODS_1_077", "FOODS_1_078", "FOODS_1_079", "FOODS_1_080", "FOODS_1_081", "FOODS_1_082", "FOODS_1_083", "FOODS_1_084", "FOODS_1_085", "FOODS_1_086", "FOODS_1_087", "FOODS_1_088", "FOODS_1_089", "FOODS_1_090", "FOODS_1_091", "FOODS_1_092", "FOODS_1_093", "FOODS_1_094", "FOODS_1_095", "FOODS_1_096", "FOODS_1_097", "FOODS_1_098", "FOODS_1_099", "FOODS_1_101", "FOODS_1_102", "FOODS_1_103", "FOODS_1_104", "FOODS_1_105", "FOODS_1_106", "FOODS_1_107", "FOODS_1_108", "FOODS_1_109", "FOODS_1_110", "FOODS_1_111", "FOODS_1_112", "FOODS_1_113", "FOODS_1_114", "FOODS_1_115", "FOODS_1_116", "FOODS_1_117", "FOODS_1_118", "FOODS_1_119", "FOODS_1_120", "FOODS_1_121", "FOODS_1_122", "FOODS_1_123", "FOODS_1_124", "FOODS_1_125", "FOODS_1_126", "FOODS_1_127", "FOODS_1_128", "FOODS_1_129", "FOODS_1_130", "FOODS_1_131", "FOODS_1_132", "FOODS_1_133", "FOODS_1_134", "FOODS_1_135", "FOODS_1_136", "FOODS_1_137", "FOODS_1_138", "FOODS_1_139", "FOODS_1_140", "FOODS_1_141", "FOODS_1_142", "FOODS_1_143", "FOODS_1_144", "FOODS_1_145", "FOODS_1_146", "FOODS_1_147", "FOODS_1_148", "FOODS_1_149", "FOODS_1_150", "FOODS_1_151", "FOODS_1_152", "FOODS_1_153", "FOODS_1_154", "FOODS_1_155", "FOODS_1_156", "FOODS_1_157", "FOODS_1_158", "FOODS_1_159", "FOODS_1_160", "FOODS_1_161", "FOODS_1_162", "FOODS_1_163", "FOODS_1_164", "FOODS_1_166", "FOODS_1_167", "FOODS_1_168", "FOODS_1_169", "FOODS_1_170", "FOODS_1_171", "FOODS_1_172", "FOODS_1_173", "FOODS_1_174", "FOODS_1_175", "FOODS_1_176", "FOODS_1_177", "FOODS_1_178", "FOODS_1_179", "FOODS_1_180", "FOODS_1_181", "FOODS_1_182", "FOODS_1_183", "FOODS_1_184", "FOODS_1_185", "FOODS_1_186", "FOODS_1_187", "FOODS_1_188", "FOODS_1_189", "FOODS_1_190", "FOODS_1_191", "FOODS_1_192", "FOODS_1_193", "FOODS_1_194", "FOODS_1_195", "FOODS_1_196", "FOODS_1_197", "FOODS_1_198", "FOODS_1_199", "FOODS_1_200", "FOODS_1_201", "FOODS_1_202", "FOODS_1_203", "FOODS_1_204", "FOODS_1_205", "FOODS_1_206", "FOODS_1_207", "FOODS_1_208", "FOODS_1_209", "FOODS_1_210", "FOODS_1_211", "FOODS_1_212", "FOODS_1_213", "FOODS_1_214", "FOODS_1_215", "FOODS_1_216", "FOODS_1_217", "FOODS_1_218", "FOODS_1_219", "FOODS_2_001", "FOODS_2_002", "FOODS_2_003", "FOODS_2_004", "FOODS_2_005", "FOODS_2_006", "FOODS_2_007", "FOODS_2_008", "FOODS_2_009", "FOODS_2_010", "FOODS_2_011", "FOODS_2_012", "FOODS_2_013", "FOODS_2_014", "FOODS_2_015", "FOODS_2_016", "FOODS_2_017", "FOODS_2_018", "FOODS_2_019", "FOODS_2_020", "FOODS_2_021", "FOODS_2_022", "FOODS_2_023", "FOODS_2_024", "FOODS_2_025", "FOODS_2_026", "FOODS_2_027", "FOODS_2_028", "FOODS_2_029", "FOODS_2_030", "FOODS_2_031", "FOODS_2_032", "FOODS_2_033", "FOODS_2_034", "FOODS_2_035", "FOODS_2_036", "FOODS_2_037", "FOODS_2_038", "FOODS_2_039", "FOODS_2_040", "FOODS_2_041", "FOODS_2_042", "FOODS_2_043", "FOODS_2_044", "FOODS_2_045", "FOODS_2_046", "FOODS_2_047", "FOODS_2_048", "FOODS_2_049", "FOODS_2_050", "FOODS_2_051", "FOODS_2_052", "FOODS_2_053", "FOODS_2_054", "FOODS_2_055", "FOODS_2_056", "FOODS_2_057", "FOODS_2_058", "FOODS_2_059", "FOODS_2_060", "FOODS_2_061", "FOODS_2_062", "FOODS_2_063", "FOODS_2_064", "FOODS_2_065", "FOODS_2_066", "FOODS_2_067", "FOODS_2_068", "FOODS_2_069", "FOODS_2_070", "FOODS_2_071", "FOODS_2_072", "FOODS_2_073", "FOODS_2_074", "FOODS_2_075", "FOODS_2_076", "FOODS_2_077", "FOODS_2_078", "FOODS_2_079", "FOODS_2_080", "FOODS_2_081", "FOODS_2_082", "FOODS_2_083", "FOODS_2_084", "FOODS_2_085", "FOODS_2_086", "FOODS_2_087", "FOODS_2_088", "FOODS_2_089", "FOODS_2_090", "FOODS_2_091", "FOODS_2_092", "FOODS_2_093", "FOODS_2_094", "FOODS_2_095", "FOODS_2_096", "FOODS_2_097", "FOODS_2_099", "FOODS_2_100", "FOODS_2_101", "FOODS_2_102", "FOODS_2_103", "FOODS_2_104", "FOODS_2_105", "FOODS_2_106", "FOODS_2_107", "FOODS_2_108", "FOODS_2_109", "FOODS_2_110", "FOODS_2_111", "FOODS_2_112", "FOODS_2_113", "FOODS_2_114", "FOODS_2_115", "FOODS_2_116", "FOODS_2_117", "FOODS_2_118", "FOODS_2_119", "FOODS_2_120", "FOODS_2_121", "FOODS_2_122", "FOODS_2_123", "FOODS_2_124", "FOODS_2_125", "FOODS_2_126", "FOODS_2_127", "FOODS_2_128", "FOODS_2_129", "FOODS_2_130", "FOODS_2_131", "FOODS_2_132", "FOODS_2_133", "FOODS_2_134", "FOODS_2_135", "FOODS_2_136", "FOODS_2_137", "FOODS_2_138", "FOODS_2_139", "FOODS_2_140", "FOODS_2_141", "FOODS_2_142", "FOODS_2_143", "FOODS_2_144", "FOODS_2_145", "FOODS_2_146", "FOODS_2_147", "FOODS_2_148", "FOODS_2_149", "FOODS_2_150", "FOODS_2_151", "FOODS_2_152", "FOODS_2_153", "FOODS_2_154", "FOODS_2_155", "FOODS_2_156", "FOODS_2_157", "FOODS_2_158", "FOODS_2_159", "FOODS_2_160", "FOODS_2_161", "FOODS_2_162", "FOODS_2_163", "FOODS_2_164", "FOODS_2_165", "FOODS_2_166", "FOODS_2_167", "FOODS_2_168", "FOODS_2_169", "FOODS_2_170", "FOODS_2_171", "FOODS_2_172", "FOODS_2_173", "FOODS_2_174", "FOODS_2_175", "FOODS_2_176", "FOODS_2_177", "FOODS_2_178", "FOODS_2_179", "FOODS_2_180", "FOODS_2_181", "FOODS_2_182", "FOODS_2_183", "FOODS_2_184", "FOODS_2_185", "FOODS_2_186", "FOODS_2_187", "FOODS_2_188", "FOODS_2_189", "FOODS_2_190", "FOODS_2_191", "FOODS_2_192", "FOODS_2_193", "FOODS_2_194", "FOODS_2_195", "FOODS_2_196", "FOODS_2_197", "FOODS_2_198", "FOODS_2_199", "FOODS_2_200", "FOODS_2_201", "FOODS_2_202", "FOODS_2_203", "FOODS_2_204", "FOODS_2_205", "FOODS_2_206", "FOODS_2_207", "FOODS_2_208", "FOODS_2_209", "FOODS_2_210", "FOODS_2_211", "FOODS_2_212", "FOODS_2_213", "FOODS_2_214", "FOODS_2_215", "FOODS_2_216", "FOODS_2_217", "FOODS_2_218", "FOODS_2_219", "FOODS_2_220", "FOODS_2_221", "FOODS_2_222", "FOODS_2_223", "FOODS_2_224", "FOODS_2_225", "FOODS_2_226", "FOODS_2_227", "FOODS_2_228", "FOODS_2_229", "FOODS_2_230", "FOODS_2_231", "FOODS_2_232", "FOODS_2_233", "FOODS_2_234", "FOODS_2_235", "FOODS_2_236", "FOODS_2_237", "FOODS_2_238", "FOODS_2_239", "FOODS_2_240", "FOODS_2_241", "FOODS_2_242", "FOODS_2_243", "FOODS_2_244", "FOODS_2_245", "FOODS_2_246", "FOODS_2_247", "FOODS_2_248", "FOODS_2_249", "FOODS_2_250", "FOODS_2_251", "FOODS_2_252", "FOODS_2_253", "FOODS_2_254", "FOODS_2_255", "FOODS_2_256", "FOODS_2_257", "FOODS_2_258", "FOODS_2_259", "FOODS_2_260", "FOODS_2_261", "FOODS_2_262", "FOODS_2_263", "FOODS_2_264", "FOODS_2_265", "FOODS_2_266", "FOODS_2_267", "FOODS_2_268", "FOODS_2_269", "FOODS_2_270", "FOODS_2_271", "FOODS_2_272", "FOODS_2_273", "FOODS_2_274", "FOODS_2_275", "FOODS_2_276", "FOODS_2_277", "FOODS_2_278", "FOODS_2_279", "FOODS_2_280", "FOODS_2_281", "FOODS_2_282", "FOODS_2_283", "FOODS_2_284", "FOODS_2_285", "FOODS_2_286", "FOODS_2_287", "FOODS_2_288", "FOODS_2_289", "FOODS_2_290", "FOODS_2_291", "FOODS_2_292", "FOODS_2_293", "FOODS_2_294", "FOODS_2_295", "FOODS_2_296", "FOODS_2_297", "FOODS_2_298", "FOODS_2_299", "FOODS_2_300", "FOODS_2_301", "FOODS_2_302", "FOODS_2_303", "FOODS_2_304", "FOODS_2_305", "FOODS_2_306", "FOODS_2_307", "FOODS_2_308", "FOODS_2_309", "FOODS_2_310", "FOODS_2_311", "FOODS_2_312", "FOODS_2_313", "FOODS_2_314", "FOODS_2_315", "FOODS_2_316", "FOODS_2_317", "FOODS_2_318", "FOODS_2_319", "FOODS_2_320", "FOODS_2_321", "FOODS_2_322", "FOODS_2_323", "FOODS_2_324", "FOODS_2_325", "FOODS_2_326", "FOODS_2_327", "FOODS_2_328", "FOODS_2_329", "FOODS_2_330", "FOODS_2_331", "FOODS_2_332", "FOODS_2_333", "FOODS_2_334", "FOODS_2_335", "FOODS_2_336", "FOODS_2_337", "FOODS_2_338", "FOODS_2_339", "FOODS_2_340", "FOODS_2_341", "FOODS_2_342", "FOODS_2_343", "FOODS_2_344", "FOODS_2_345", "FOODS_2_346", "FOODS_2_347", "FOODS_2_348", "FOODS_2_349", "FOODS_2_350", "FOODS_2_351", "FOODS_2_352", "FOODS_2_353", "FOODS_2_354", "FOODS_2_355", "FOODS_2_356", "FOODS_2_357", "FOODS_2_358", "FOODS_2_359", "FOODS_2_360", "FOODS_2_361", "FOODS_2_362", "FOODS_2_363", "FOODS_2_364", "FOODS_2_365", "FOODS_2_366", "FOODS_2_367", "FOODS_2_368", "FOODS_2_369", "FOODS_2_370", "FOODS_2_371", "FOODS_2_372", "FOODS_2_373", "FOODS_2_374", "FOODS_2_375", "FOODS_2_376", "FOODS_2_377", "FOODS_2_378", "FOODS_2_379", "FOODS_2_380", "FOODS_2_381", "FOODS_2_382", "FOODS_2_383", "FOODS_2_384", "FOODS_2_385", "FOODS_2_386", "FOODS_2_387", "FOODS_2_388", "FOODS_2_389", "FOODS_2_390", "FOODS_2_391", "FOODS_2_392", "FOODS_2_393", "FOODS_2_394", "FOODS_2_395", "FOODS_2_396", "FOODS_2_397", "FOODS_2_398", "FOODS_2_399", "FOODS_3_001", "FOODS_3_002", "FOODS_3_003", "FOODS_3_004", "FOODS_3_005", "FOODS_3_006", "FOODS_3_007", "FOODS_3_008", "FOODS_3_009", "FOODS_3_010", "FOODS_3_011", "FOODS_3_012", "FOODS_3_013", "FOODS_3_014", "FOODS_3_015", "FOODS_3_016", "FOODS_3_017", "FOODS_3_018", "FOODS_3_019", "FOODS_3_020", "FOODS_3_021", "FOODS_3_022", "FOODS_3_023", "FOODS_3_024", "FOODS_3_025", "FOODS_3_026", "FOODS_3_027", "FOODS_3_028", "FOODS_3_029", "FOODS_3_030", "FOODS_3_031", "FOODS_3_032", "FOODS_3_033", "FOODS_3_034", "FOODS_3_035", "FOODS_3_036", "FOODS_3_037", "FOODS_3_038", "FOODS_3_039", "FOODS_3_040", "FOODS_3_041", "FOODS_3_042", "FOODS_3_043", "FOODS_3_044", "FOODS_3_045", "FOODS_3_046", "FOODS_3_047", "FOODS_3_048", "FOODS_3_049", "FOODS_3_050", "FOODS_3_051", "FOODS_3_053", "FOODS_3_054", "FOODS_3_055", "FOODS_3_056", "FOODS_3_057", "FOODS_3_058", "FOODS_3_059", "FOODS_3_060", "FOODS_3_061", "FOODS_3_062", "FOODS_3_063", "FOODS_3_064", "FOODS_3_065", "FOODS_3_066", "FOODS_3_067", "FOODS_3_068", "FOODS_3_069", "FOODS_3_070", "FOODS_3_071", "FOODS_3_072", "FOODS_3_073", "FOODS_3_074", "FOODS_3_075", "FOODS_3_076", "FOODS_3_077", "FOODS_3_078", "FOODS_3_079", "FOODS_3_080", "FOODS_3_081", "FOODS_3_082", "FOODS_3_083", "FOODS_3_084", "FOODS_3_085", "FOODS_3_086", "FOODS_3_087", "FOODS_3_088", "FOODS_3_089", "FOODS_3_090", "FOODS_3_091", "FOODS_3_092", "FOODS_3_093", "FOODS_3_094", "FOODS_3_095", "FOODS_3_096", "FOODS_3_097", "FOODS_3_098", "FOODS_3_099", "FOODS_3_100", "FOODS_3_101", "FOODS_3_102", "FOODS_3_103", "FOODS_3_104", "FOODS_3_105", "FOODS_3_106", "FOODS_3_107", "FOODS_3_108", "FOODS_3_109", "FOODS_3_110", "FOODS_3_111", "FOODS_3_112", "FOODS_3_113", "FOODS_3_114", "FOODS_3_115", "FOODS_3_116", "FOODS_3_117", "FOODS_3_118", "FOODS_3_119", "FOODS_3_120", "FOODS_3_121", "FOODS_3_122", "FOODS_3_123", "FOODS_3_124", "FOODS_3_125", "FOODS_3_126", "FOODS_3_127", "FOODS_3_128", "FOODS_3_129", "FOODS_3_130", "FOODS_3_131", "FOODS_3_132", "FOODS_3_133", "FOODS_3_134", "FOODS_3_135", "FOODS_3_136", "FOODS_3_137", "FOODS_3_138", "FOODS_3_139", "FOODS_3_140", "FOODS_3_141", "FOODS_3_142", "FOODS_3_143", "FOODS_3_144", "FOODS_3_145", "FOODS_3_146", "FOODS_3_147", "FOODS_3_148", "FOODS_3_149", "FOODS_3_150", "FOODS_3_151", "FOODS_3_152", "FOODS_3_153", "FOODS_3_154", "FOODS_3_155", "FOODS_3_156", "FOODS_3_157", "FOODS_3_158", "FOODS_3_159", "FOODS_3_160", "FOODS_3_161", "FOODS_3_162", "FOODS_3_163", "FOODS_3_164", "FOODS_3_165", "FOODS_3_166", "FOODS_3_167", "FOODS_3_168", "FOODS_3_169", "FOODS_3_170", "FOODS_3_171", "FOODS_3_172", "FOODS_3_173", "FOODS_3_174", "FOODS_3_175", "FOODS_3_176", "FOODS_3_177", "FOODS_3_178", "FOODS_3_179", "FOODS_3_180", "FOODS_3_181", "FOODS_3_182", "FOODS_3_183", "FOODS_3_184", "FOODS_3_185", "FOODS_3_186", "FOODS_3_187", "FOODS_3_188", "FOODS_3_189", "FOODS_3_190", "FOODS_3_191", "FOODS_3_192", "FOODS_3_193", "FOODS_3_194", "FOODS_3_195", "FOODS_3_196", "FOODS_3_197", "FOODS_3_198", "FOODS_3_199", "FOODS_3_200", "FOODS_3_201", "FOODS_3_202", "FOODS_3_203", "FOODS_3_204", "FOODS_3_205", "FOODS_3_206", "FOODS_3_207", "FOODS_3_208", "FOODS_3_209", "FOODS_3_210", "FOODS_3_211", "FOODS_3_212", "FOODS_3_213", "FOODS_3_214", "FOODS_3_215", "FOODS_3_216", "FOODS_3_217", "FOODS_3_218", "FOODS_3_219", "FOODS_3_220", "FOODS_3_221", "FOODS_3_222", "FOODS_3_223", "FOODS_3_224", "FOODS_3_225", "FOODS_3_226", "FOODS_3_227", "FOODS_3_228", "FOODS_3_229", "FOODS_3_230", "FOODS_3_231", "FOODS_3_232", "FOODS_3_233", "FOODS_3_234", "FOODS_3_235", "FOODS_3_236", "FOODS_3_237", "FOODS_3_238", "FOODS_3_239", "FOODS_3_240", "FOODS_3_241", "FOODS_3_242", "FOODS_3_243", "FOODS_3_244", "FOODS_3_245", "FOODS_3_246", "FOODS_3_247", "FOODS_3_248", "FOODS_3_249", "FOODS_3_250", "FOODS_3_251", "FOODS_3_252", "FOODS_3_253", "FOODS_3_254", "FOODS_3_255", "FOODS_3_256", "FOODS_3_257", "FOODS_3_258", "FOODS_3_259", "FOODS_3_260", "FOODS_3_261", "FOODS_3_262", "FOODS_3_263", "FOODS_3_264", "FOODS_3_265", "FOODS_3_266", "FOODS_3_267", "FOODS_3_268", "FOODS_3_269", "FOODS_3_270", "FOODS_3_271", "FOODS_3_272", "FOODS_3_273", "FOODS_3_274", "FOODS_3_275", "FOODS_3_276", "FOODS_3_277", "FOODS_3_278", "FOODS_3_279", "FOODS_3_280", "FOODS_3_281", "FOODS_3_282", "FOODS_3_283", "FOODS_3_284", "FOODS_3_285", "FOODS_3_286", "FOODS_3_287", "FOODS_3_288", "FOODS_3_289", "FOODS_3_290", "FOODS_3_291", "FOODS_3_292", "FOODS_3_293", "FOODS_3_294", "FOODS_3_295", "FOODS_3_296", "FOODS_3_297", "FOODS_3_298", "FOODS_3_299", "FOODS_3_300", "FOODS_3_301", "FOODS_3_302", "FOODS_3_303", "FOODS_3_304", "FOODS_3_305", "FOODS_3_306", "FOODS_3_307", "FOODS_3_308", "FOODS_3_309", "FOODS_3_310", "FOODS_3_311", "FOODS_3_312", "FOODS_3_313", "FOODS_3_314", "FOODS_3_315", "FOODS_3_316", "FOODS_3_317", "FOODS_3_318", "FOODS_3_319", "FOODS_3_320", "FOODS_3_321", "FOODS_3_322", "FOODS_3_323", "FOODS_3_324", "FOODS_3_325", "FOODS_3_326", "FOODS_3_327", "FOODS_3_328", "FOODS_3_329", "FOODS_3_330", "FOODS_3_331", "FOODS_3_332", "FOODS_3_333", "FOODS_3_334", "FOODS_3_335", "FOODS_3_336", "FOODS_3_337", "FOODS_3_338", "FOODS_3_339", "FOODS_3_340", "FOODS_3_341", "FOODS_3_342", "FOODS_3_343", "FOODS_3_344", "FOODS_3_345", "FOODS_3_346", "FOODS_3_347", "FOODS_3_348", "FOODS_3_349", "FOODS_3_350", "FOODS_3_351", "FOODS_3_352", "FOODS_3_353", "FOODS_3_354", "FOODS_3_355", "FOODS_3_356", "FOODS_3_357", "FOODS_3_358", "FOODS_3_359", "FOODS_3_360", "FOODS_3_361", "FOODS_3_362", "FOODS_3_363", "FOODS_3_364", "FOODS_3_365", "FOODS_3_366", "FOODS_3_367", "FOODS_3_368", "FOODS_3_369", "FOODS_3_370", "FOODS_3_371", "FOODS_3_372", "FOODS_3_373", "FOODS_3_374", "FOODS_3_375", "FOODS_3_376", "FOODS_3_377", "FOODS_3_378", "FOODS_3_379", "FOODS_3_380", "FOODS_3_381", "FOODS_3_382", "FOODS_3_383", "FOODS_3_384", "FOODS_3_385", "FOODS_3_386", "FOODS_3_387", "FOODS_3_388", "FOODS_3_389", "FOODS_3_390", "FOODS_3_391", "FOODS_3_392", "FOODS_3_393", "FOODS_3_394", "FOODS_3_395", "FOODS_3_396", "FOODS_3_397", "FOODS_3_398", "FOODS_3_399", "FOODS_3_400", "FOODS_3_401", "FOODS_3_402", "FOODS_3_403", "FOODS_3_404", "FOODS_3_405", "FOODS_3_406", "FOODS_3_407", "FOODS_3_408", "FOODS_3_409", "FOODS_3_410", "FOODS_3_411", "FOODS_3_412", "FOODS_3_413", "FOODS_3_414", "FOODS_3_415", "FOODS_3_416", "FOODS_3_417", "FOODS_3_418", "FOODS_3_419", "FOODS_3_420", "FOODS_3_421", "FOODS_3_422", "FOODS_3_423", "FOODS_3_424", "FOODS_3_425", "FOODS_3_426", "FOODS_3_427", "FOODS_3_428", "FOODS_3_429", "FOODS_3_430", "FOODS_3_431", "FOODS_3_432", "FOODS_3_433", "FOODS_3_434", "FOODS_3_435", "FOODS_3_436", "FOODS_3_437", "FOODS_3_438", "FOODS_3_439", "FOODS_3_440", "FOODS_3_441", "FOODS_3_442", "FOODS_3_443", "FOODS_3_444", "FOODS_3_445", "FOODS_3_446", "FOODS_3_447", "FOODS_3_448", "FOODS_3_449", "FOODS_3_450", "FOODS_3_451", "FOODS_3_452", "FOODS_3_453", "FOODS_3_454", "FOODS_3_455", "FOODS_3_456", "FOODS_3_457", "FOODS_3_458", "FOODS_3_459", "FOODS_3_460", "FOODS_3_461", "FOODS_3_462", "FOODS_3_463", "FOODS_3_464", "FOODS_3_465", "FOODS_3_466", "FOODS_3_467", "FOODS_3_468", "FOODS_3_469", "FOODS_3_470", "FOODS_3_471", "FOODS_3_472", "FOODS_3_473", "FOODS_3_474", "FOODS_3_475", "FOODS_3_476", "FOODS_3_477", "FOODS_3_478", "FOODS_3_479", "FOODS_3_480", "FOODS_3_481", "FOODS_3_482", "FOODS_3_483", "FOODS_3_484", "FOODS_3_485", "FOODS_3_486", "FOODS_3_487", "FOODS_3_488", "FOODS_3_489", "FOODS_3_490", "FOODS_3_491", "FOODS_3_492", "FOODS_3_493", "FOODS_3_494", "FOODS_3_495", "FOODS_3_496", "FOODS_3_497", "FOODS_3_498", "FOODS_3_499", "FOODS_3_500", "FOODS_3_501", "FOODS_3_502", "FOODS_3_503", "FOODS_3_504", "FOODS_3_505", "FOODS_3_506", "FOODS_3_507", "FOODS_3_508", "FOODS_3_509", "FOODS_3_510", "FOODS_3_511", "FOODS_3_512", "FOODS_3_513", "FOODS_3_514", "FOODS_3_515", "FOODS_3_516", "FOODS_3_517", "FOODS_3_518", "FOODS_3_519", "FOODS_3_520", "FOODS_3_521", "FOODS_3_522", "FOODS_3_523", "FOODS_3_524", "FOODS_3_525", "FOODS_3_526", "FOODS_3_527", "FOODS_3_528", "FOODS_3_529", "FOODS_3_530", "FOODS_3_531", "FOODS_3_532", "FOODS_3_533", "FOODS_3_534", "FOODS_3_535", "FOODS_3_536", "FOODS_3_537", "FOODS_3_538", "FOODS_3_539", "FOODS_3_540", "FOODS_3_541", "FOODS_3_542", "FOODS_3_543", "FOODS_3_544", "FOODS_3_545", "FOODS_3_546", "FOODS_3_547", "FOODS_3_548", "FOODS_3_549", "FOODS_3_550", "FOODS_3_551", "FOODS_3_552", "FOODS_3_553", "FOODS_3_554", "FOODS_3_555", "FOODS_3_556", "FOODS_3_557", "FOODS_3_558", "FOODS_3_559", "FOODS_3_560", "FOODS_3_561", "FOODS_3_562", "FOODS_3_563", "FOODS_3_564", "FOODS_3_565", "FOODS_3_566", "FOODS_3_567", "FOODS_3_568", "FOODS_3_569", "FOODS_3_570", "FOODS_3_571", "FOODS_3_572", "FOODS_3_573", "FOODS_3_574", "FOODS_3_575", "FOODS_3_576", "FOODS_3_577", "FOODS_3_578", "FOODS_3_579", "FOODS_3_580", "FOODS_3_581", "FOODS_3_582", "FOODS_3_583", "FOODS_3_584", "FOODS_3_585", "FOODS_3_586", "FOODS_3_587", "FOODS_3_588", "FOODS_3_589", "FOODS_3_590", "FOODS_3_591", "FOODS_3_592", "FOODS_3_593", "FOODS_3_594", "FOODS_3_595", "FOODS_3_596", "FOODS_3_597", "FOODS_3_598", "FOODS_3_599", "FOODS_3_600", "FOODS_3_601", "FOODS_3_602", "FOODS_3_603", "FOODS_3_604", "FOODS_3_605", "FOODS_3_606", "FOODS_3_607", "FOODS_3_608", "FOODS_3_609", "FOODS_3_610", "FOODS_3_611", "FOODS_3_612", "FOODS_3_613", "FOODS_3_614", "FOODS_3_615", "FOODS_3_616", "FOODS_3_617", "FOODS_3_618", "FOODS_3_619", "FOODS_3_620", "FOODS_3_621", "FOODS_3_622", "FOODS_3_623", "FOODS_3_624", "FOODS_3_625", "FOODS_3_626", "FOODS_3_627", "FOODS_3_628", "FOODS_3_629", "FOODS_3_630", "FOODS_3_631", "FOODS_3_632", "FOODS_3_633", "FOODS_3_634", "FOODS_3_635", "FOODS_3_636", "FOODS_3_637", "FOODS_3_638", "FOODS_3_639", "FOODS_3_640", "FOODS_3_641", "FOODS_3_642", "FOODS_3_643", "FOODS_3_644", "FOODS_3_645", "FOODS_3_646", "FOODS_3_647", "FOODS_3_648", "FOODS_3_649", "FOODS_3_650", "FOODS_3_651", "FOODS_3_652", "FOODS_3_653", "FOODS_3_654", "FOODS_3_655", "FOODS_3_656", "FOODS_3_657", "FOODS_3_658", "FOODS_3_659", "FOODS_3_660", "FOODS_3_661", "FOODS_3_662", "FOODS_3_663", "FOODS_3_664", "FOODS_3_665", "FOODS_3_666", "FOODS_3_667", "FOODS_3_668", "FOODS_3_669", "FOODS_3_670", "FOODS_3_671", "FOODS_3_672", "FOODS_3_673", "FOODS_3_674", "FOODS_3_675", "FOODS_3_676", "FOODS_3_677", "FOODS_3_678", "FOODS_3_679", "FOODS_3_680", "FOODS_3_681", "FOODS_3_682", "FOODS_3_683", "FOODS_3_684", "FOODS_3_685", "FOODS_3_686", "FOODS_3_687", "FOODS_3_688", "FOODS_3_689", "FOODS_3_690", "FOODS_3_691", "FOODS_3_692", "FOODS_3_693", "FOODS_3_694", "FOODS_3_695", "FOODS_3_696", "FOODS_3_697", "FOODS_3_698", "FOODS_3_700", "FOODS_3_701", "FOODS_3_702", "FOODS_3_703", "FOODS_3_704", "FOODS_3_705", "FOODS_3_706", "FOODS_3_707", "FOODS_3_708", "FOODS_3_709", "FOODS_3_710", "FOODS_3_711", "FOODS_3_712", "FOODS_3_713", "FOODS_3_714", "FOODS_3_715", "FOODS_3_716", "FOODS_3_717", "FOODS_3_718", "FOODS_3_719", "FOODS_3_720", "FOODS_3_721", "FOODS_3_722", "FOODS_3_723", "FOODS_3_724", "FOODS_3_725", "FOODS_3_726", "FOODS_3_727", "FOODS_3_729", "FOODS_3_730", "FOODS_3_731", "FOODS_3_732", "FOODS_3_733", "FOODS_3_734", "FOODS_3_735", "FOODS_3_736", "FOODS_3_737", "FOODS_3_738", "FOODS_3_739", "FOODS_3_741", "FOODS_3_742", "FOODS_3_743", "FOODS_3_744", "FOODS_3_745", "FOODS_3_746", "FOODS_3_747", "FOODS_3_748", "FOODS_3_749", "FOODS_3_750", "FOODS_3_751", "FOODS_3_752", "FOODS_3_753", "FOODS_3_754", "FOODS_3_755", "FOODS_3_756", "FOODS_3_757", "FOODS_3_758", "FOODS_3_759", "FOODS_3_760", "FOODS_3_761", "FOODS_3_762", "FOODS_3_763", "FOODS_3_764", "FOODS_3_765", "FOODS_3_766", "FOODS_3_767", "FOODS_3_768", "FOODS_3_769", "FOODS_3_770", "FOODS_3_771", "FOODS_3_772", "FOODS_3_773", "FOODS_3_774", "FOODS_3_775", "FOODS_3_776", "FOODS_3_777", "FOODS_3_778", "FOODS_3_779", "FOODS_3_780", "FOODS_3_781", "FOODS_3_782", "FOODS_3_783", "FOODS_3_784", "FOODS_3_785", "FOODS_3_786", "FOODS_3_787", "FOODS_3_788", "FOODS_3_789", "FOODS_3_790", "FOODS_3_791", "FOODS_3_792", "FOODS_3_793", "FOODS_3_794", "FOODS_3_795", "FOODS_3_796", "FOODS_3_797", "FOODS_3_798", "FOODS_3_799", "FOODS_3_800", "FOODS_3_801", "FOODS_3_802", "FOODS_3_803", "FOODS_3_804", "FOODS_3_805", "FOODS_3_806", "FOODS_3_807", "FOODS_3_808", "FOODS_3_809", "FOODS_3_810", "FOODS_3_811", "FOODS_3_812", "FOODS_3_813", "FOODS_3_814", "FOODS_3_815", "FOODS_3_816", "FOODS_3_817", "FOODS_3_818", "FOODS_3_819", "FOODS_3_820", "FOODS_3_821", "FOODS_3_822", "FOODS_3_823", "FOODS_3_824", "FOODS_3_825", "FOODS_3_826", "FOODS_3_827", "HOBBIES_1_001", "HOBBIES_1_002", "HOBBIES_1_003", "HOBBIES_1_004", "HOBBIES_1_005", "HOBBIES_1_006", "HOBBIES_1_007", "HOBBIES_1_008", "HOBBIES_1_009", "HOBBIES_1_010", "HOBBIES_1_011", "HOBBIES_1_012", "HOBBIES_1_013", "HOBBIES_1_014", "HOBBIES_1_015", "HOBBIES_1_016", "HOBBIES_1_017", "HOBBIES_1_018", "HOBBIES_1_019", "HOBBIES_1_020", "HOBBIES_1_021", "HOBBIES_1_022", "HOBBIES_1_023", "HOBBIES_1_024", "HOBBIES_1_025", "HOBBIES_1_026", "HOBBIES_1_027", "HOBBIES_1_028", "HOBBIES_1_029", "HOBBIES_1_030", "HOBBIES_1_031", "HOBBIES_1_032", "HOBBIES_1_033", "HOBBIES_1_034", "HOBBIES_1_035", "HOBBIES_1_036", "HOBBIES_1_037", "HOBBIES_1_038", "HOBBIES_1_039", "HOBBIES_1_040", "HOBBIES_1_041", "HOBBIES_1_042", "HOBBIES_1_043", "HOBBIES_1_044", "HOBBIES_1_045", "HOBBIES_1_046", "HOBBIES_1_047", "HOBBIES_1_048", "HOBBIES_1_049", "HOBBIES_1_050", "HOBBIES_1_051", "HOBBIES_1_052", "HOBBIES_1_053", "HOBBIES_1_054", "HOBBIES_1_055", "HOBBIES_1_056", "HOBBIES_1_057", "HOBBIES_1_058", "HOBBIES_1_060", "HOBBIES_1_061", "HOBBIES_1_062", "HOBBIES_1_063", "HOBBIES_1_064", "HOBBIES_1_065", "HOBBIES_1_066", "HOBBIES_1_067", "HOBBIES_1_068", "HOBBIES_1_069", "HOBBIES_1_070", "HOBBIES_1_072", "HOBBIES_1_073", "HOBBIES_1_074", "HOBBIES_1_075", "HOBBIES_1_076", "HOBBIES_1_077", "HOBBIES_1_078", "HOBBIES_1_079", "HOBBIES_1_080", "HOBBIES_1_081", "HOBBIES_1_082", "HOBBIES_1_083", "HOBBIES_1_084", "HOBBIES_1_085", "HOBBIES_1_086", "HOBBIES_1_087", "HOBBIES_1_088", "HOBBIES_1_089", "HOBBIES_1_090", "HOBBIES_1_091", "HOBBIES_1_092", "HOBBIES_1_093", "HOBBIES_1_094", "HOBBIES_1_095", "HOBBIES_1_097", "HOBBIES_1_098", "HOBBIES_1_099", "HOBBIES_1_100", "HOBBIES_1_102", "HOBBIES_1_103", "HOBBIES_1_104", "HOBBIES_1_105", "HOBBIES_1_106", "HOBBIES_1_107", "HOBBIES_1_108", "HOBBIES_1_109", "HOBBIES_1_110", "HOBBIES_1_111", "HOBBIES_1_112", "HOBBIES_1_113", "HOBBIES_1_114", "HOBBIES_1_115", "HOBBIES_1_116", "HOBBIES_1_117", "HOBBIES_1_118", "HOBBIES_1_119", "HOBBIES_1_120", "HOBBIES_1_121", "HOBBIES_1_122", "HOBBIES_1_123", "HOBBIES_1_124", "HOBBIES_1_125", "HOBBIES_1_126", "HOBBIES_1_127", "HOBBIES_1_128", "HOBBIES_1_129", "HOBBIES_1_130", "HOBBIES_1_131", "HOBBIES_1_132", "HOBBIES_1_133", "HOBBIES_1_134", "HOBBIES_1_135", "HOBBIES_1_136", "HOBBIES_1_137", "HOBBIES_1_138", "HOBBIES_1_139", "HOBBIES_1_140", "HOBBIES_1_141", "HOBBIES_1_142", "HOBBIES_1_143", "HOBBIES_1_144", "HOBBIES_1_145", "HOBBIES_1_146", "HOBBIES_1_147", "HOBBIES_1_148", "HOBBIES_1_149", "HOBBIES_1_150", "HOBBIES_1_151", "HOBBIES_1_152", "HOBBIES_1_153", "HOBBIES_1_154", "HOBBIES_1_155", "HOBBIES_1_156", "HOBBIES_1_157", "HOBBIES_1_158", "HOBBIES_1_159", "HOBBIES_1_160", "HOBBIES_1_161", "HOBBIES_1_162", "HOBBIES_1_163", "HOBBIES_1_164", "HOBBIES_1_165", "HOBBIES_1_166", "HOBBIES_1_167", "HOBBIES_1_168", "HOBBIES_1_169", "HOBBIES_1_170", "HOBBIES_1_171", "HOBBIES_1_172", "HOBBIES_1_173", "HOBBIES_1_174", "HOBBIES_1_175", "HOBBIES_1_176", "HOBBIES_1_177", "HOBBIES_1_178", "HOBBIES_1_179", "HOBBIES_1_180", "HOBBIES_1_181", "HOBBIES_1_183", "HOBBIES_1_184", "HOBBIES_1_185", "HOBBIES_1_186", "HOBBIES_1_187", "HOBBIES_1_188", "HOBBIES_1_189", "HOBBIES_1_190", "HOBBIES_1_191", "HOBBIES_1_192", "HOBBIES_1_193", "HOBBIES_1_194", "HOBBIES_1_195", "HOBBIES_1_197", "HOBBIES_1_198", "HOBBIES_1_199", "HOBBIES_1_200", "HOBBIES_1_201", "HOBBIES_1_202", "HOBBIES_1_203", "HOBBIES_1_204", "HOBBIES_1_205", "HOBBIES_1_206", "HOBBIES_1_207", "HOBBIES_1_208", "HOBBIES_1_209", "HOBBIES_1_210", "HOBBIES_1_211", "HOBBIES_1_212", "HOBBIES_1_213", "HOBBIES_1_214", "HOBBIES_1_215", "HOBBIES_1_216", "HOBBIES_1_217", "HOBBIES_1_218", "HOBBIES_1_219", "HOBBIES_1_220", "HOBBIES_1_221", "HOBBIES_1_223", "HOBBIES_1_224", "HOBBIES_1_225", "HOBBIES_1_226", "HOBBIES_1_227", "HOBBIES_1_228", "HOBBIES_1_229", "HOBBIES_1_230", "HOBBIES_1_231", "HOBBIES_1_232", "HOBBIES_1_233", "HOBBIES_1_234", "HOBBIES_1_235", "HOBBIES_1_236", "HOBBIES_1_237", "HOBBIES_1_238", "HOBBIES_1_239", "HOBBIES_1_240", "HOBBIES_1_241", "HOBBIES_1_242", "HOBBIES_1_243", "HOBBIES_1_244", "HOBBIES_1_245", "HOBBIES_1_246", "HOBBIES_1_247", "HOBBIES_1_248", "HOBBIES_1_249", "HOBBIES_1_250", "HOBBIES_1_251", "HOBBIES_1_252", "HOBBIES_1_253", "HOBBIES_1_254", "HOBBIES_1_255", "HOBBIES_1_256", "HOBBIES_1_257", "HOBBIES_1_258", "HOBBIES_1_259", "HOBBIES_1_260", "HOBBIES_1_261", "HOBBIES_1_262", "HOBBIES_1_263", "HOBBIES_1_264", "HOBBIES_1_265", "HOBBIES_1_266", "HOBBIES_1_267", "HOBBIES_1_268", "HOBBIES_1_269", "HOBBIES_1_270", "HOBBIES_1_271", "HOBBIES_1_272", "HOBBIES_1_273", "HOBBIES_1_274", "HOBBIES_1_275", "HOBBIES_1_276", "HOBBIES_1_277", "HOBBIES_1_278", "HOBBIES_1_279", "HOBBIES_1_280", "HOBBIES_1_281", "HOBBIES_1_282", "HOBBIES_1_283", "HOBBIES_1_284", "HOBBIES_1_285", "HOBBIES_1_286", "HOBBIES_1_287", "HOBBIES_1_288", "HOBBIES_1_289", "HOBBIES_1_290", "HOBBIES_1_292", "HOBBIES_1_293", "HOBBIES_1_294", "HOBBIES_1_295", "HOBBIES_1_296", "HOBBIES_1_297", "HOBBIES_1_298", "HOBBIES_1_299", "HOBBIES_1_300", "HOBBIES_1_301", "HOBBIES_1_302", "HOBBIES_1_303", "HOBBIES_1_304", "HOBBIES_1_305", "HOBBIES_1_306", "HOBBIES_1_307", "HOBBIES_1_308", "HOBBIES_1_309", "HOBBIES_1_310", "HOBBIES_1_311", "HOBBIES_1_312", "HOBBIES_1_313", "HOBBIES_1_314", "HOBBIES_1_315", "HOBBIES_1_316", "HOBBIES_1_317", "HOBBIES_1_318", "HOBBIES_1_319", "HOBBIES_1_320", "HOBBIES_1_321", "HOBBIES_1_322", "HOBBIES_1_323", "HOBBIES_1_324", "HOBBIES_1_325", "HOBBIES_1_326", "HOBBIES_1_327", "HOBBIES_1_328", "HOBBIES_1_329", "HOBBIES_1_330", "HOBBIES_1_331", "HOBBIES_1_332", "HOBBIES_1_333", "HOBBIES_1_334", "HOBBIES_1_335", "HOBBIES_1_336", "HOBBIES_1_337", "HOBBIES_1_338", "HOBBIES_1_339", "HOBBIES_1_340", "HOBBIES_1_341", "HOBBIES_1_342", "HOBBIES_1_343", "HOBBIES_1_344", "HOBBIES_1_345", "HOBBIES_1_346", "HOBBIES_1_347", "HOBBIES_1_348", "HOBBIES_1_349", "HOBBIES_1_350", "HOBBIES_1_351", "HOBBIES_1_352", "HOBBIES_1_353", "HOBBIES_1_354", "HOBBIES_1_355", "HOBBIES_1_356", "HOBBIES_1_357", "HOBBIES_1_358", "HOBBIES_1_359", "HOBBIES_1_360", "HOBBIES_1_361", "HOBBIES_1_362", "HOBBIES_1_363", "HOBBIES_1_364", "HOBBIES_1_365", "HOBBIES_1_366", "HOBBIES_1_367", "HOBBIES_1_368", "HOBBIES_1_369", "HOBBIES_1_370", "HOBBIES_1_371", "HOBBIES_1_372", "HOBBIES_1_373", "HOBBIES_1_374", "HOBBIES_1_375", "HOBBIES_1_376", "HOBBIES_1_377", "HOBBIES_1_378", "HOBBIES_1_379", "HOBBIES_1_380", "HOBBIES_1_381", "HOBBIES_1_382", "HOBBIES_1_383", "HOBBIES_1_384", "HOBBIES_1_385", "HOBBIES_1_386", "HOBBIES_1_387", "HOBBIES_1_388", "HOBBIES_1_389", "HOBBIES_1_390", "HOBBIES_1_391", "HOBBIES_1_392", "HOBBIES_1_393", "HOBBIES_1_394", "HOBBIES_1_395", "HOBBIES_1_396", "HOBBIES_1_397", "HOBBIES_1_398", "HOBBIES_1_399", "HOBBIES_1_400", "HOBBIES_1_401", "HOBBIES_1_402", "HOBBIES_1_403", "HOBBIES_1_404", "HOBBIES_1_405", "HOBBIES_1_406", "HOBBIES_1_407", "HOBBIES_1_408", "HOBBIES_1_409", "HOBBIES_1_410", "HOBBIES_1_411", "HOBBIES_1_412", "HOBBIES_1_413", "HOBBIES_1_414", "HOBBIES_1_415", "HOBBIES_1_416", "HOBBIES_1_417", "HOBBIES_1_418", "HOBBIES_1_419", "HOBBIES_1_420", "HOBBIES_1_421", "HOBBIES_1_422", "HOBBIES_1_423", "HOBBIES_1_424", "HOBBIES_2_001", "HOBBIES_2_002", "HOBBIES_2_003", "HOBBIES_2_004", "HOBBIES_2_005", "HOBBIES_2_006", "HOBBIES_2_007", "HOBBIES_2_008", "HOBBIES_2_009", "HOBBIES_2_010", "HOBBIES_2_011", "HOBBIES_2_012", "HOBBIES_2_013", "HOBBIES_2_014", "HOBBIES_2_015", "HOBBIES_2_016", "HOBBIES_2_017", "HOBBIES_2_018", "HOBBIES_2_019", "HOBBIES_2_020", "HOBBIES_2_021", "HOBBIES_2_022", "HOBBIES_2_023", "HOBBIES_2_024", "HOBBIES_2_025", "HOBBIES_2_026", "HOBBIES_2_027", "HOBBIES_2_028", "HOBBIES_2_029", "HOBBIES_2_030", "HOBBIES_2_031", "HOBBIES_2_032", "HOBBIES_2_033", "HOBBIES_2_034", "HOBBIES_2_035", "HOBBIES_2_036", "HOBBIES_2_037", "HOBBIES_2_038", "HOBBIES_2_039", "HOBBIES_2_040", "HOBBIES_2_041", "HOBBIES_2_042", "HOBBIES_2_043", "HOBBIES_2_044", "HOBBIES_2_045", "HOBBIES_2_046", "HOBBIES_2_047", "HOBBIES_2_048", "HOBBIES_2_049", "HOBBIES_2_050", "HOBBIES_2_051", "HOBBIES_2_052", "HOBBIES_2_053", "HOBBIES_2_054", "HOBBIES_2_055", "HOBBIES_2_056", "HOBBIES_2_057", "HOBBIES_2_058", "HOBBIES_2_059", "HOBBIES_2_060", "HOBBIES_2_061", "HOBBIES_2_062", "HOBBIES_2_063", "HOBBIES_2_064", "HOBBIES_2_065", "HOBBIES_2_066", "HOBBIES_2_067", "HOBBIES_2_068", "HOBBIES_2_069", "HOBBIES_2_070", "HOBBIES_2_071", "HOBBIES_2_072", "HOBBIES_2_073", "HOBBIES_2_074", "HOBBIES_2_075", "HOBBIES_2_076", "HOBBIES_2_077", "HOBBIES_2_078", "HOBBIES_2_079", "HOBBIES_2_080", "HOBBIES_2_081", "HOBBIES_2_082", "HOBBIES_2_083", "HOBBIES_2_084", "HOBBIES_2_085", "HOBBIES_2_086", "HOBBIES_2_087", "HOBBIES_2_088", "HOBBIES_2_089", "HOBBIES_2_090", "HOBBIES_2_091", "HOBBIES_2_092", "HOBBIES_2_093", "HOBBIES_2_094", "HOBBIES_2_095", "HOBBIES_2_096", "HOBBIES_2_097", "HOBBIES_2_098", "HOBBIES_2_099", "HOBBIES_2_100", "HOBBIES_2_101", "HOBBIES_2_102", "HOBBIES_2_103", "HOBBIES_2_104", "HOBBIES_2_105", "HOBBIES_2_106", "HOBBIES_2_107", "HOBBIES_2_108", "HOBBIES_2_109", "HOBBIES_2_110", "HOBBIES_2_111", "HOBBIES_2_112", "HOBBIES_2_113", "HOBBIES_2_114", "HOBBIES_2_115", "HOBBIES_2_116", "HOBBIES_2_117", "HOBBIES_2_118", "HOBBIES_2_119", "HOBBIES_2_120", "HOBBIES_2_121", "HOBBIES_2_122", "HOBBIES_2_123", "HOBBIES_2_124", "HOBBIES_2_125", "HOBBIES_2_126", "HOBBIES_2_127", "HOBBIES_2_128", "HOBBIES_2_129", "HOBBIES_2_130", "HOBBIES_2_131", "HOBBIES_2_132", "HOBBIES_2_133", "HOBBIES_2_134", "HOBBIES_2_135", "HOBBIES_2_136", "HOBBIES_2_137", "HOBBIES_2_138", "HOBBIES_2_139", "HOBBIES_2_140", "HOBBIES_2_141", "HOBBIES_2_142", "HOBBIES_2_143", "HOBBIES_2_144", "HOBBIES_2_145", "HOBBIES_2_146", "HOBBIES_2_147", "HOBBIES_2_148", "HOBBIES_2_149", "HOUSEHOLD_1_001", "HOUSEHOLD_1_002", "HOUSEHOLD_1_003", "HOUSEHOLD_1_004", "HOUSEHOLD_1_005", "HOUSEHOLD_1_006", "HOUSEHOLD_1_007", "HOUSEHOLD_1_008", "HOUSEHOLD_1_009", "HOUSEHOLD_1_010", "HOUSEHOLD_1_011", "HOUSEHOLD_1_012", "HOUSEHOLD_1_013", "HOUSEHOLD_1_014", "HOUSEHOLD_1_015", "HOUSEHOLD_1_016", "HOUSEHOLD_1_017", "HOUSEHOLD_1_018", "HOUSEHOLD_1_019", "HOUSEHOLD_1_020", "HOUSEHOLD_1_021", "HOUSEHOLD_1_022", "HOUSEHOLD_1_023", "HOUSEHOLD_1_024", "HOUSEHOLD_1_025", "HOUSEHOLD_1_026", "HOUSEHOLD_1_027", "HOUSEHOLD_1_028", "HOUSEHOLD_1_029", "HOUSEHOLD_1_030", "HOUSEHOLD_1_032", "HOUSEHOLD_1_033", "HOUSEHOLD_1_034", "HOUSEHOLD_1_035", "HOUSEHOLD_1_036", "HOUSEHOLD_1_037", "HOUSEHOLD_1_038", "HOUSEHOLD_1_039", "HOUSEHOLD_1_040", "HOUSEHOLD_1_042", "HOUSEHOLD_1_043", "HOUSEHOLD_1_044", "HOUSEHOLD_1_045", "HOUSEHOLD_1_046", "HOUSEHOLD_1_047", "HOUSEHOLD_1_048", "HOUSEHOLD_1_049", "HOUSEHOLD_1_050", "HOUSEHOLD_1_051", "HOUSEHOLD_1_052", "HOUSEHOLD_1_053", "HOUSEHOLD_1_054", "HOUSEHOLD_1_055", "HOUSEHOLD_1_056", "HOUSEHOLD_1_057", "HOUSEHOLD_1_058", "HOUSEHOLD_1_059", "HOUSEHOLD_1_060", "HOUSEHOLD_1_061", "HOUSEHOLD_1_062", "HOUSEHOLD_1_063", "HOUSEHOLD_1_064", "HOUSEHOLD_1_065", "HOUSEHOLD_1_066", "HOUSEHOLD_1_067", "HOUSEHOLD_1_068", "HOUSEHOLD_1_069", "HOUSEHOLD_1_070", "HOUSEHOLD_1_071", "HOUSEHOLD_1_072", "HOUSEHOLD_1_073", "HOUSEHOLD_1_074", "HOUSEHOLD_1_075", "HOUSEHOLD_1_076", "HOUSEHOLD_1_077", "HOUSEHOLD_1_078", "HOUSEHOLD_1_079", "HOUSEHOLD_1_080", "HOUSEHOLD_1_081", "HOUSEHOLD_1_082", "HOUSEHOLD_1_083", "HOUSEHOLD_1_085", "HOUSEHOLD_1_086", "HOUSEHOLD_1_087", "HOUSEHOLD_1_088", "HOUSEHOLD_1_089", "HOUSEHOLD_1_090", "HOUSEHOLD_1_091", "HOUSEHOLD_1_092", "HOUSEHOLD_1_093", "HOUSEHOLD_1_094", "HOUSEHOLD_1_095", "HOUSEHOLD_1_096", "HOUSEHOLD_1_097", "HOUSEHOLD_1_098", "HOUSEHOLD_1_099", "HOUSEHOLD_1_100", "HOUSEHOLD_1_101", "HOUSEHOLD_1_102", "HOUSEHOLD_1_103", "HOUSEHOLD_1_104", "HOUSEHOLD_1_105", "HOUSEHOLD_1_106", "HOUSEHOLD_1_107", "HOUSEHOLD_1_108", "HOUSEHOLD_1_109", "HOUSEHOLD_1_110", "HOUSEHOLD_1_112", "HOUSEHOLD_1_113", "HOUSEHOLD_1_114", "HOUSEHOLD_1_115", "HOUSEHOLD_1_116", "HOUSEHOLD_1_117", "HOUSEHOLD_1_118", "HOUSEHOLD_1_119", "HOUSEHOLD_1_120", "HOUSEHOLD_1_121", "HOUSEHOLD_1_122", "HOUSEHOLD_1_123", "HOUSEHOLD_1_124", "HOUSEHOLD_1_125", "HOUSEHOLD_1_126", "HOUSEHOLD_1_127", "HOUSEHOLD_1_128", "HOUSEHOLD_1_129", "HOUSEHOLD_1_130", "HOUSEHOLD_1_131", "HOUSEHOLD_1_132", "HOUSEHOLD_1_133", "HOUSEHOLD_1_134", "HOUSEHOLD_1_135", "HOUSEHOLD_1_136", "HOUSEHOLD_1_137", "HOUSEHOLD_1_138", "HOUSEHOLD_1_139", "HOUSEHOLD_1_140", "HOUSEHOLD_1_141", "HOUSEHOLD_1_142", "HOUSEHOLD_1_143", "HOUSEHOLD_1_144", "HOUSEHOLD_1_145", "HOUSEHOLD_1_146", "HOUSEHOLD_1_147", "HOUSEHOLD_1_148", "HOUSEHOLD_1_149", "HOUSEHOLD_1_150", "HOUSEHOLD_1_151", "HOUSEHOLD_1_152", "HOUSEHOLD_1_153", "HOUSEHOLD_1_154", "HOUSEHOLD_1_155", "HOUSEHOLD_1_156", "HOUSEHOLD_1_157", "HOUSEHOLD_1_158", "HOUSEHOLD_1_159", "HOUSEHOLD_1_160", "HOUSEHOLD_1_161", "HOUSEHOLD_1_162", "HOUSEHOLD_1_163", "HOUSEHOLD_1_164", "HOUSEHOLD_1_165", "HOUSEHOLD_1_166", "HOUSEHOLD_1_167", "HOUSEHOLD_1_168", "HOUSEHOLD_1_169", "HOUSEHOLD_1_170", "HOUSEHOLD_1_171", "HOUSEHOLD_1_172", "HOUSEHOLD_1_173", "HOUSEHOLD_1_174", "HOUSEHOLD_1_175", "HOUSEHOLD_1_176", "HOUSEHOLD_1_177", "HOUSEHOLD_1_178", "HOUSEHOLD_1_179", "HOUSEHOLD_1_180", "HOUSEHOLD_1_181", "HOUSEHOLD_1_182", "HOUSEHOLD_1_183", "HOUSEHOLD_1_184", "HOUSEHOLD_1_185", "HOUSEHOLD_1_186", "HOUSEHOLD_1_187", "HOUSEHOLD_1_188", "HOUSEHOLD_1_189", "HOUSEHOLD_1_190", "HOUSEHOLD_1_191", "HOUSEHOLD_1_192", "HOUSEHOLD_1_193", "HOUSEHOLD_1_194", "HOUSEHOLD_1_195", "HOUSEHOLD_1_196", "HOUSEHOLD_1_197", "HOUSEHOLD_1_198", "HOUSEHOLD_1_199", "HOUSEHOLD_1_200", "HOUSEHOLD_1_201", "HOUSEHOLD_1_202", "HOUSEHOLD_1_203", "HOUSEHOLD_1_204", "HOUSEHOLD_1_205", "HOUSEHOLD_1_206", "HOUSEHOLD_1_207", "HOUSEHOLD_1_208", "HOUSEHOLD_1_209", "HOUSEHOLD_1_210", "HOUSEHOLD_1_211", "HOUSEHOLD_1_212", "HOUSEHOLD_1_213", "HOUSEHOLD_1_214", "HOUSEHOLD_1_215", "HOUSEHOLD_1_216", "HOUSEHOLD_1_217", "HOUSEHOLD_1_218", "HOUSEHOLD_1_219", "HOUSEHOLD_1_220", "HOUSEHOLD_1_221", "HOUSEHOLD_1_222", "HOUSEHOLD_1_223", "HOUSEHOLD_1_224", "HOUSEHOLD_1_225", "HOUSEHOLD_1_226", "HOUSEHOLD_1_227", "HOUSEHOLD_1_228", "HOUSEHOLD_1_229", "HOUSEHOLD_1_230", "HOUSEHOLD_1_231", "HOUSEHOLD_1_232", "HOUSEHOLD_1_233", "HOUSEHOLD_1_234", "HOUSEHOLD_1_235", "HOUSEHOLD_1_236", "HOUSEHOLD_1_237", "HOUSEHOLD_1_238", "HOUSEHOLD_1_239", "HOUSEHOLD_1_241", "HOUSEHOLD_1_242", "HOUSEHOLD_1_243", "HOUSEHOLD_1_244", "HOUSEHOLD_1_245", "HOUSEHOLD_1_246", "HOUSEHOLD_1_247", "HOUSEHOLD_1_248", "HOUSEHOLD_1_249", "HOUSEHOLD_1_250", "HOUSEHOLD_1_251", "HOUSEHOLD_1_252", "HOUSEHOLD_1_253", "HOUSEHOLD_1_254", "HOUSEHOLD_1_255", "HOUSEHOLD_1_256", "HOUSEHOLD_1_257", "HOUSEHOLD_1_258", "HOUSEHOLD_1_259", "HOUSEHOLD_1_260", "HOUSEHOLD_1_261", "HOUSEHOLD_1_262", "HOUSEHOLD_1_263", "HOUSEHOLD_1_264", "HOUSEHOLD_1_265", "HOUSEHOLD_1_266", "HOUSEHOLD_1_267", "HOUSEHOLD_1_268", "HOUSEHOLD_1_269", "HOUSEHOLD_1_270", "HOUSEHOLD_1_271", "HOUSEHOLD_1_272", "HOUSEHOLD_1_274", "HOUSEHOLD_1_275", "HOUSEHOLD_1_276", "HOUSEHOLD_1_277", "HOUSEHOLD_1_278", "HOUSEHOLD_1_279", "HOUSEHOLD_1_280", "HOUSEHOLD_1_281", "HOUSEHOLD_1_282", "HOUSEHOLD_1_283", "HOUSEHOLD_1_284", "HOUSEHOLD_1_285", "HOUSEHOLD_1_286", "HOUSEHOLD_1_287", "HOUSEHOLD_1_288", "HOUSEHOLD_1_289", "HOUSEHOLD_1_290", "HOUSEHOLD_1_291", "HOUSEHOLD_1_292", "HOUSEHOLD_1_293", "HOUSEHOLD_1_294", "HOUSEHOLD_1_295", "HOUSEHOLD_1_296", "HOUSEHOLD_1_297", "HOUSEHOLD_1_298", "HOUSEHOLD_1_299", "HOUSEHOLD_1_300", "HOUSEHOLD_1_301", "HOUSEHOLD_1_302", "HOUSEHOLD_1_303", "HOUSEHOLD_1_304", "HOUSEHOLD_1_305", "HOUSEHOLD_1_306", "HOUSEHOLD_1_307", "HOUSEHOLD_1_308", "HOUSEHOLD_1_309", "HOUSEHOLD_1_310", "HOUSEHOLD_1_311", "HOUSEHOLD_1_312", "HOUSEHOLD_1_313", "HOUSEHOLD_1_314", "HOUSEHOLD_1_315", "HOUSEHOLD_1_316", "HOUSEHOLD_1_317", "HOUSEHOLD_1_318", "HOUSEHOLD_1_319", "HOUSEHOLD_1_320", "HOUSEHOLD_1_321", "HOUSEHOLD_1_322", "HOUSEHOLD_1_323", "HOUSEHOLD_1_324", "HOUSEHOLD_1_325", "HOUSEHOLD_1_326", "HOUSEHOLD_1_327", "HOUSEHOLD_1_328", "HOUSEHOLD_1_329", "HOUSEHOLD_1_330", "HOUSEHOLD_1_331", "HOUSEHOLD_1_332", "HOUSEHOLD_1_333", "HOUSEHOLD_1_334", "HOUSEHOLD_1_335", "HOUSEHOLD_1_336", "HOUSEHOLD_1_337", "HOUSEHOLD_1_338", "HOUSEHOLD_1_339", "HOUSEHOLD_1_340", "HOUSEHOLD_1_341", "HOUSEHOLD_1_342", "HOUSEHOLD_1_343", "HOUSEHOLD_1_344", "HOUSEHOLD_1_345", "HOUSEHOLD_1_346", "HOUSEHOLD_1_347", "HOUSEHOLD_1_348", "HOUSEHOLD_1_349", "HOUSEHOLD_1_350", "HOUSEHOLD_1_351", "HOUSEHOLD_1_353", "HOUSEHOLD_1_354", "HOUSEHOLD_1_355", "HOUSEHOLD_1_356", "HOUSEHOLD_1_357", "HOUSEHOLD_1_358", "HOUSEHOLD_1_359", "HOUSEHOLD_1_360", "HOUSEHOLD_1_361", "HOUSEHOLD_1_362", "HOUSEHOLD_1_363", "HOUSEHOLD_1_364", "HOUSEHOLD_1_365", "HOUSEHOLD_1_366", "HOUSEHOLD_1_367", "HOUSEHOLD_1_368", "HOUSEHOLD_1_369", "HOUSEHOLD_1_370", "HOUSEHOLD_1_371", "HOUSEHOLD_1_372", "HOUSEHOLD_1_373", "HOUSEHOLD_1_374", "HOUSEHOLD_1_375", "HOUSEHOLD_1_376", "HOUSEHOLD_1_377", "HOUSEHOLD_1_378", "HOUSEHOLD_1_379", "HOUSEHOLD_1_380", "HOUSEHOLD_1_381", "HOUSEHOLD_1_382", "HOUSEHOLD_1_383", "HOUSEHOLD_1_384", "HOUSEHOLD_1_385", "HOUSEHOLD_1_386", "HOUSEHOLD_1_387", "HOUSEHOLD_1_388", "HOUSEHOLD_1_389", "HOUSEHOLD_1_390", "HOUSEHOLD_1_393", "HOUSEHOLD_1_394", "HOUSEHOLD_1_395", "HOUSEHOLD_1_396", "HOUSEHOLD_1_397", "HOUSEHOLD_1_398", "HOUSEHOLD_1_399", "HOUSEHOLD_1_400", "HOUSEHOLD_1_401", "HOUSEHOLD_1_402", "HOUSEHOLD_1_403", "HOUSEHOLD_1_404", "HOUSEHOLD_1_405", "HOUSEHOLD_1_406", "HOUSEHOLD_1_407", "HOUSEHOLD_1_408", "HOUSEHOLD_1_409", "HOUSEHOLD_1_410", "HOUSEHOLD_1_411", "HOUSEHOLD_1_412", "HOUSEHOLD_1_413", "HOUSEHOLD_1_414", "HOUSEHOLD_1_415", "HOUSEHOLD_1_416", "HOUSEHOLD_1_417", "HOUSEHOLD_1_418", "HOUSEHOLD_1_419", "HOUSEHOLD_1_420", "HOUSEHOLD_1_421", "HOUSEHOLD_1_422", "HOUSEHOLD_1_423", "HOUSEHOLD_1_424", "HOUSEHOLD_1_425", "HOUSEHOLD_1_426", "HOUSEHOLD_1_427", "HOUSEHOLD_1_428", "HOUSEHOLD_1_429", "HOUSEHOLD_1_430", "HOUSEHOLD_1_431", "HOUSEHOLD_1_432", "HOUSEHOLD_1_433", "HOUSEHOLD_1_434", "HOUSEHOLD_1_435", "HOUSEHOLD_1_436", "HOUSEHOLD_1_437", "HOUSEHOLD_1_438", "HOUSEHOLD_1_439", "HOUSEHOLD_1_440", "HOUSEHOLD_1_441", "HOUSEHOLD_1_442", "HOUSEHOLD_1_443", "HOUSEHOLD_1_444", "HOUSEHOLD_1_445", "HOUSEHOLD_1_446", "HOUSEHOLD_1_447", "HOUSEHOLD_1_448", "HOUSEHOLD_1_449", "HOUSEHOLD_1_450", "HOUSEHOLD_1_451", "HOUSEHOLD_1_452", "HOUSEHOLD_1_453", "HOUSEHOLD_1_454", "HOUSEHOLD_1_455", "HOUSEHOLD_1_456", "HOUSEHOLD_1_457", "HOUSEHOLD_1_458", "HOUSEHOLD_1_459", "HOUSEHOLD_1_460", "HOUSEHOLD_1_461", "HOUSEHOLD_1_462", "HOUSEHOLD_1_463", "HOUSEHOLD_1_464", "HOUSEHOLD_1_465", "HOUSEHOLD_1_466", "HOUSEHOLD_1_467", "HOUSEHOLD_1_468", "HOUSEHOLD_1_469", "HOUSEHOLD_1_470", "HOUSEHOLD_1_471", "HOUSEHOLD_1_472", "HOUSEHOLD_1_473", "HOUSEHOLD_1_474", "HOUSEHOLD_1_475", "HOUSEHOLD_1_476", "HOUSEHOLD_1_477", "HOUSEHOLD_1_478", "HOUSEHOLD_1_479", "HOUSEHOLD_1_480", "HOUSEHOLD_1_481", "HOUSEHOLD_1_482", "HOUSEHOLD_1_483", "HOUSEHOLD_1_484", "HOUSEHOLD_1_485", "HOUSEHOLD_1_486", "HOUSEHOLD_1_487", "HOUSEHOLD_1_488", "HOUSEHOLD_1_489", "HOUSEHOLD_1_490", "HOUSEHOLD_1_491", "HOUSEHOLD_1_492", "HOUSEHOLD_1_493", "HOUSEHOLD_1_494", "HOUSEHOLD_1_495", "HOUSEHOLD_1_496", "HOUSEHOLD_1_497", "HOUSEHOLD_1_498", "HOUSEHOLD_1_499", "HOUSEHOLD_1_500", "HOUSEHOLD_1_501", "HOUSEHOLD_1_502", "HOUSEHOLD_1_503", "HOUSEHOLD_1_504", "HOUSEHOLD_1_505", "HOUSEHOLD_1_506", "HOUSEHOLD_1_507", "HOUSEHOLD_1_508", "HOUSEHOLD_1_509", "HOUSEHOLD_1_510", "HOUSEHOLD_1_511", "HOUSEHOLD_1_512", "HOUSEHOLD_1_513", "HOUSEHOLD_1_514", "HOUSEHOLD_1_515", "HOUSEHOLD_1_516", "HOUSEHOLD_1_517", "HOUSEHOLD_1_518", "HOUSEHOLD_1_519", "HOUSEHOLD_1_520", "HOUSEHOLD_1_521", "HOUSEHOLD_1_522", "HOUSEHOLD_1_523", "HOUSEHOLD_1_524", "HOUSEHOLD_1_525", "HOUSEHOLD_1_526", "HOUSEHOLD_1_527", "HOUSEHOLD_1_528", "HOUSEHOLD_1_529", "HOUSEHOLD_1_530", "HOUSEHOLD_1_531", "HOUSEHOLD_1_532", "HOUSEHOLD_1_533", "HOUSEHOLD_1_534", "HOUSEHOLD_1_535", "HOUSEHOLD_1_536", "HOUSEHOLD_1_537", "HOUSEHOLD_1_538", "HOUSEHOLD_1_539", "HOUSEHOLD_1_540", "HOUSEHOLD_1_541", "HOUSEHOLD_2_001", "HOUSEHOLD_2_002", "HOUSEHOLD_2_003", "HOUSEHOLD_2_004", "HOUSEHOLD_2_005", "HOUSEHOLD_2_006", "HOUSEHOLD_2_007", "HOUSEHOLD_2_008", "HOUSEHOLD_2_009", "HOUSEHOLD_2_010", "HOUSEHOLD_2_011", "HOUSEHOLD_2_012", "HOUSEHOLD_2_013", "HOUSEHOLD_2_014", "HOUSEHOLD_2_015", "HOUSEHOLD_2_016", "HOUSEHOLD_2_017", "HOUSEHOLD_2_018", "HOUSEHOLD_2_019", "HOUSEHOLD_2_020", "HOUSEHOLD_2_021", "HOUSEHOLD_2_022", "HOUSEHOLD_2_023", "HOUSEHOLD_2_024", "HOUSEHOLD_2_025", "HOUSEHOLD_2_026", "HOUSEHOLD_2_027", "HOUSEHOLD_2_028", "HOUSEHOLD_2_029", "HOUSEHOLD_2_030", "HOUSEHOLD_2_031", "HOUSEHOLD_2_032", "HOUSEHOLD_2_033", "HOUSEHOLD_2_034", "HOUSEHOLD_2_035", "HOUSEHOLD_2_036", "HOUSEHOLD_2_037", "HOUSEHOLD_2_038", "HOUSEHOLD_2_039", "HOUSEHOLD_2_040", "HOUSEHOLD_2_041", "HOUSEHOLD_2_042", "HOUSEHOLD_2_043", "HOUSEHOLD_2_044", "HOUSEHOLD_2_045", "HOUSEHOLD_2_046", "HOUSEHOLD_2_047", "HOUSEHOLD_2_048", "HOUSEHOLD_2_049", "HOUSEHOLD_2_050", "HOUSEHOLD_2_051", "HOUSEHOLD_2_052", "HOUSEHOLD_2_053", "HOUSEHOLD_2_054", "HOUSEHOLD_2_055", "HOUSEHOLD_2_056", "HOUSEHOLD_2_057", "HOUSEHOLD_2_058", "HOUSEHOLD_2_059", "HOUSEHOLD_2_060", "HOUSEHOLD_2_061", "HOUSEHOLD_2_062", "HOUSEHOLD_2_063", "HOUSEHOLD_2_064", "HOUSEHOLD_2_065", "HOUSEHOLD_2_066", "HOUSEHOLD_2_067", "HOUSEHOLD_2_068", "HOUSEHOLD_2_069", "HOUSEHOLD_2_070", "HOUSEHOLD_2_071", "HOUSEHOLD_2_072", "HOUSEHOLD_2_073", "HOUSEHOLD_2_074", "HOUSEHOLD_2_075", "HOUSEHOLD_2_076", "HOUSEHOLD_2_077", "HOUSEHOLD_2_078", "HOUSEHOLD_2_079", "HOUSEHOLD_2_080", "HOUSEHOLD_2_081", "HOUSEHOLD_2_082", "HOUSEHOLD_2_083", "HOUSEHOLD_2_084", "HOUSEHOLD_2_085", "HOUSEHOLD_2_086", "HOUSEHOLD_2_087", "HOUSEHOLD_2_088", "HOUSEHOLD_2_089", "HOUSEHOLD_2_090", "HOUSEHOLD_2_091", "HOUSEHOLD_2_092", "HOUSEHOLD_2_093", "HOUSEHOLD_2_094", "HOUSEHOLD_2_095", "HOUSEHOLD_2_096", "HOUSEHOLD_2_097", "HOUSEHOLD_2_098", "HOUSEHOLD_2_099", "HOUSEHOLD_2_100", "HOUSEHOLD_2_101", "HOUSEHOLD_2_102", "HOUSEHOLD_2_103", "HOUSEHOLD_2_104", "HOUSEHOLD_2_105", "HOUSEHOLD_2_106", "HOUSEHOLD_2_107", "HOUSEHOLD_2_108", "HOUSEHOLD_2_109", "HOUSEHOLD_2_110", "HOUSEHOLD_2_111", "HOUSEHOLD_2_112", "HOUSEHOLD_2_113", "HOUSEHOLD_2_114", "HOUSEHOLD_2_115", "HOUSEHOLD_2_116", "HOUSEHOLD_2_117", "HOUSEHOLD_2_118", "HOUSEHOLD_2_119", "HOUSEHOLD_2_120", "HOUSEHOLD_2_121", "HOUSEHOLD_2_122", "HOUSEHOLD_2_123", "HOUSEHOLD_2_124", "HOUSEHOLD_2_125", "HOUSEHOLD_2_126", "HOUSEHOLD_2_127", "HOUSEHOLD_2_128", "HOUSEHOLD_2_129", "HOUSEHOLD_2_130", "HOUSEHOLD_2_131", "HOUSEHOLD_2_132", "HOUSEHOLD_2_133", "HOUSEHOLD_2_134", "HOUSEHOLD_2_135", "HOUSEHOLD_2_136", "HOUSEHOLD_2_137", "HOUSEHOLD_2_138", "HOUSEHOLD_2_139", "HOUSEHOLD_2_140", "HOUSEHOLD_2_141", "HOUSEHOLD_2_142", "HOUSEHOLD_2_143", "HOUSEHOLD_2_144", "HOUSEHOLD_2_145", "HOUSEHOLD_2_146", "HOUSEHOLD_2_147", "HOUSEHOLD_2_148", "HOUSEHOLD_2_149", "HOUSEHOLD_2_150", "HOUSEHOLD_2_151", "HOUSEHOLD_2_152", "HOUSEHOLD_2_153", "HOUSEHOLD_2_154", "HOUSEHOLD_2_155", "HOUSEHOLD_2_156", "HOUSEHOLD_2_157", "HOUSEHOLD_2_158", "HOUSEHOLD_2_159", "HOUSEHOLD_2_160", "HOUSEHOLD_2_161", "HOUSEHOLD_2_162", "HOUSEHOLD_2_163", "HOUSEHOLD_2_164", "HOUSEHOLD_2_165", "HOUSEHOLD_2_166", "HOUSEHOLD_2_167", "HOUSEHOLD_2_168", "HOUSEHOLD_2_169", "HOUSEHOLD_2_170", "HOUSEHOLD_2_171", "HOUSEHOLD_2_172", "HOUSEHOLD_2_173", "HOUSEHOLD_2_174", "HOUSEHOLD_2_175", "HOUSEHOLD_2_176", "HOUSEHOLD_2_177", "HOUSEHOLD_2_178", "HOUSEHOLD_2_179", "HOUSEHOLD_2_180", "HOUSEHOLD_2_182", "HOUSEHOLD_2_183", "HOUSEHOLD_2_184", "HOUSEHOLD_2_185", "HOUSEHOLD_2_186", "HOUSEHOLD_2_187", "HOUSEHOLD_2_188", "HOUSEHOLD_2_189", "HOUSEHOLD_2_190", "HOUSEHOLD_2_191", "HOUSEHOLD_2_192", "HOUSEHOLD_2_193", "HOUSEHOLD_2_194", "HOUSEHOLD_2_195", "HOUSEHOLD_2_196", "HOUSEHOLD_2_197", "HOUSEHOLD_2_198", "HOUSEHOLD_2_199", "HOUSEHOLD_2_200", "HOUSEHOLD_2_201", "HOUSEHOLD_2_202", "HOUSEHOLD_2_203", "HOUSEHOLD_2_204", "HOUSEHOLD_2_205", "HOUSEHOLD_2_206", "HOUSEHOLD_2_207", "HOUSEHOLD_2_208", "HOUSEHOLD_2_209", "HOUSEHOLD_2_210", "HOUSEHOLD_2_211", "HOUSEHOLD_2_212", "HOUSEHOLD_2_213", "HOUSEHOLD_2_214", "HOUSEHOLD_2_215", "HOUSEHOLD_2_216", "HOUSEHOLD_2_217", "HOUSEHOLD_2_218", "HOUSEHOLD_2_219", "HOUSEHOLD_2_220", "HOUSEHOLD_2_221", "HOUSEHOLD_2_222", "HOUSEHOLD_2_223", "HOUSEHOLD_2_224", "HOUSEHOLD_2_225", "HOUSEHOLD_2_226", "HOUSEHOLD_2_227", "HOUSEHOLD_2_228", "HOUSEHOLD_2_229", "HOUSEHOLD_2_230", "HOUSEHOLD_2_231", "HOUSEHOLD_2_232", "HOUSEHOLD_2_233", "HOUSEHOLD_2_234", "HOUSEHOLD_2_235", "HOUSEHOLD_2_236", "HOUSEHOLD_2_237", "HOUSEHOLD_2_238", "HOUSEHOLD_2_239", "HOUSEHOLD_2_240", "HOUSEHOLD_2_241", "HOUSEHOLD_2_242", "HOUSEHOLD_2_243", "HOUSEHOLD_2_244", "HOUSEHOLD_2_245", "HOUSEHOLD_2_246", "HOUSEHOLD_2_247", "HOUSEHOLD_2_248", "HOUSEHOLD_2_249", "HOUSEHOLD_2_250", "HOUSEHOLD_2_251", "HOUSEHOLD_2_252", "HOUSEHOLD_2_253", "HOUSEHOLD_2_254", "HOUSEHOLD_2_255", "HOUSEHOLD_2_256", "HOUSEHOLD_2_257", "HOUSEHOLD_2_258", "HOUSEHOLD_2_259", "HOUSEHOLD_2_260", "HOUSEHOLD_2_261", "HOUSEHOLD_2_262", "HOUSEHOLD_2_263", "HOUSEHOLD_2_264", "HOUSEHOLD_2_265", "HOUSEHOLD_2_266", "HOUSEHOLD_2_267", "HOUSEHOLD_2_268", "HOUSEHOLD_2_269", "HOUSEHOLD_2_270", "HOUSEHOLD_2_271", "HOUSEHOLD_2_272", "HOUSEHOLD_2_273", "HOUSEHOLD_2_274", "HOUSEHOLD_2_275", "HOUSEHOLD_2_276", "HOUSEHOLD_2_277", "HOUSEHOLD_2_278", "HOUSEHOLD_2_279", "HOUSEHOLD_2_280", "HOUSEHOLD_2_281", "HOUSEHOLD_2_282", "HOUSEHOLD_2_283", "HOUSEHOLD_2_284", "HOUSEHOLD_2_285", "HOUSEHOLD_2_286", "HOUSEHOLD_2_287", "HOUSEHOLD_2_288", "HOUSEHOLD_2_289", "HOUSEHOLD_2_290", "HOUSEHOLD_2_291", "HOUSEHOLD_2_292", "HOUSEHOLD_2_293", "HOUSEHOLD_2_294", "HOUSEHOLD_2_295", "HOUSEHOLD_2_296", "HOUSEHOLD_2_297", "HOUSEHOLD_2_298", "HOUSEHOLD_2_299", "HOUSEHOLD_2_300", "HOUSEHOLD_2_301", "HOUSEHOLD_2_302", "HOUSEHOLD_2_303", "HOUSEHOLD_2_304", "HOUSEHOLD_2_305", "HOUSEHOLD_2_306", "HOUSEHOLD_2_307", "HOUSEHOLD_2_308", "HOUSEHOLD_2_309", "HOUSEHOLD_2_310", "HOUSEHOLD_2_311", "HOUSEHOLD_2_312", "HOUSEHOLD_2_313", "HOUSEHOLD_2_314", "HOUSEHOLD_2_315", "HOUSEHOLD_2_316", "HOUSEHOLD_2_317", "HOUSEHOLD_2_318", "HOUSEHOLD_2_319", "HOUSEHOLD_2_320", "HOUSEHOLD_2_321", "HOUSEHOLD_2_322", "HOUSEHOLD_2_323", "HOUSEHOLD_2_324", "HOUSEHOLD_2_325", "HOUSEHOLD_2_326", "HOUSEHOLD_2_327", "HOUSEHOLD_2_328", "HOUSEHOLD_2_329", "HOUSEHOLD_2_330", "HOUSEHOLD_2_331", "HOUSEHOLD_2_332", "HOUSEHOLD_2_333", "HOUSEHOLD_2_334", "HOUSEHOLD_2_335", "HOUSEHOLD_2_336", "HOUSEHOLD_2_337", "HOUSEHOLD_2_338", "HOUSEHOLD_2_339", "HOUSEHOLD_2_340", "HOUSEHOLD_2_341", "HOUSEHOLD_2_342", "HOUSEHOLD_2_343", "HOUSEHOLD_2_344", "HOUSEHOLD_2_345", "HOUSEHOLD_2_346", "HOUSEHOLD_2_347", "HOUSEHOLD_2_348", "HOUSEHOLD_2_349", "HOUSEHOLD_2_350", "HOUSEHOLD_2_351", "HOUSEHOLD_2_352", "HOUSEHOLD_2_353", "HOUSEHOLD_2_354", "HOUSEHOLD_2_355", "HOUSEHOLD_2_356", "HOUSEHOLD_2_357", "HOUSEHOLD_2_358", "HOUSEHOLD_2_359", "HOUSEHOLD_2_360", "HOUSEHOLD_2_361", "HOUSEHOLD_2_362", "HOUSEHOLD_2_363", "HOUSEHOLD_2_364", "HOUSEHOLD_2_365", "HOUSEHOLD_2_366", "HOUSEHOLD_2_367", "HOUSEHOLD_2_368", "HOUSEHOLD_2_369", "HOUSEHOLD_2_370", "HOUSEHOLD_2_371", "HOUSEHOLD_2_372", "HOUSEHOLD_2_373", "HOUSEHOLD_2_374", "HOUSEHOLD_2_375", "HOUSEHOLD_2_376", "HOUSEHOLD_2_377", "HOUSEHOLD_2_378", "HOUSEHOLD_2_379", "HOUSEHOLD_2_380", "HOUSEHOLD_2_381", "HOUSEHOLD_2_382", "HOUSEHOLD_2_383", "HOUSEHOLD_2_384", "HOUSEHOLD_2_385", "HOUSEHOLD_2_386", "HOUSEHOLD_2_387", "HOUSEHOLD_2_388", "HOUSEHOLD_2_389", "HOUSEHOLD_2_390", "HOUSEHOLD_2_391", "HOUSEHOLD_2_392", "HOUSEHOLD_2_393", "HOUSEHOLD_2_394", "HOUSEHOLD_2_395", "HOUSEHOLD_2_396", "HOUSEHOLD_2_397", "HOUSEHOLD_2_398", "HOUSEHOLD_2_399", "HOUSEHOLD_2_400", "HOUSEHOLD_2_401", "HOUSEHOLD_2_402", "HOUSEHOLD_2_403", "HOUSEHOLD_2_404", "HOUSEHOLD_2_405", "HOUSEHOLD_2_406", "HOUSEHOLD_2_407", "HOUSEHOLD_2_408", "HOUSEHOLD_2_409", "HOUSEHOLD_2_410", "HOUSEHOLD_2_411", "HOUSEHOLD_2_412", "HOUSEHOLD_2_413", "HOUSEHOLD_2_414", "HOUSEHOLD_2_415", "HOUSEHOLD_2_416", "HOUSEHOLD_2_417", "HOUSEHOLD_2_418", "HOUSEHOLD_2_419", "HOUSEHOLD_2_420", "HOUSEHOLD_2_421", "HOUSEHOLD_2_422", "HOUSEHOLD_2_423", "HOUSEHOLD_2_424", "HOUSEHOLD_2_425", "HOUSEHOLD_2_426", "HOUSEHOLD_2_427", "HOUSEHOLD_2_428", "HOUSEHOLD_2_429", "HOUSEHOLD_2_430", "HOUSEHOLD_2_431", "HOUSEHOLD_2_432", "HOUSEHOLD_2_433", "HOUSEHOLD_2_434", "HOUSEHOLD_2_435", "HOUSEHOLD_2_436", "HOUSEHOLD_2_437", "HOUSEHOLD_2_438", "HOUSEHOLD_2_439", "HOUSEHOLD_2_440", "HOUSEHOLD_2_441", "HOUSEHOLD_2_442", "HOUSEHOLD_2_443", "HOUSEHOLD_2_444", "HOUSEHOLD_2_445", "HOUSEHOLD_2_446", "HOUSEHOLD_2_447", "HOUSEHOLD_2_448", "HOUSEHOLD_2_449", "HOUSEHOLD_2_450", "HOUSEHOLD_2_451", "HOUSEHOLD_2_452", "HOUSEHOLD_2_453", "HOUSEHOLD_2_454", "HOUSEHOLD_2_455", "HOUSEHOLD_2_456", "HOUSEHOLD_2_457", "HOUSEHOLD_2_458", "HOUSEHOLD_2_459", "HOUSEHOLD_2_460", "HOUSEHOLD_2_461", "HOUSEHOLD_2_462", "HOUSEHOLD_2_463", "HOUSEHOLD_2_464", "HOUSEHOLD_2_465", "HOUSEHOLD_2_466", "HOUSEHOLD_2_467", "HOUSEHOLD_2_468", "HOUSEHOLD_2_469", "HOUSEHOLD_2_470", "HOUSEHOLD_2_471", "HOUSEHOLD_2_472", "HOUSEHOLD_2_473", "HOUSEHOLD_2_474", "HOUSEHOLD_2_475", "HOUSEHOLD_2_476", "HOUSEHOLD_2_477", "HOUSEHOLD_2_478", "HOUSEHOLD_2_479", "HOUSEHOLD_2_480", "HOUSEHOLD_2_481", "HOUSEHOLD_2_482", "HOUSEHOLD_2_483", "HOUSEHOLD_2_484", "HOUSEHOLD_2_485", "HOUSEHOLD_2_486", "HOUSEHOLD_2_487", "HOUSEHOLD_2_488", "HOUSEHOLD_2_489", "HOUSEHOLD_2_490", "HOUSEHOLD_2_491", "HOUSEHOLD_2_492", "HOUSEHOLD_2_493", "HOUSEHOLD_2_494", "HOUSEHOLD_2_495", "HOUSEHOLD_2_496", "HOUSEHOLD_2_497", "HOUSEHOLD_2_498", "HOUSEHOLD_2_499", "HOUSEHOLD_2_500", "HOUSEHOLD_2_501", "HOUSEHOLD_2_502", "HOUSEHOLD_2_503", "HOUSEHOLD_2_504", "HOUSEHOLD_2_505", "HOUSEHOLD_2_506", "HOUSEHOLD_2_507", "HOUSEHOLD_2_508", "HOUSEHOLD_2_509", "HOUSEHOLD_2_510", "HOUSEHOLD_2_511", "HOUSEHOLD_2_512", "HOUSEHOLD_2_513", "HOUSEHOLD_2_514", "HOUSEHOLD_2_515", "HOUSEHOLD_2_516"], ["FOODS_1", "FOODS_2", "FOODS_3", "HOBBIES_1", "HOBBIES_2", "HOUSEHOLD_1", "HOUSEHOLD_2"], ["FOODS", "HOBBIES", "HOUSEHOLD"], ["CA_1", "CA_2", "CA_3", "CA_4"], ["CA"], ["Friday", "Monday", "Saturday", "Sunday", "Thursday", "Tuesday", "Wednesday"], ["Chanukah End", "Christmas", "Cinco De Mayo", "ColumbusDay", "Easter", "Eid al-Fitr", "EidAlAdha", "Father's day", "Halloween", "IndependenceDay", "LaborDay", "LentStart", "LentWeek2", "MartinLutherKingDay", "MemorialDay", "Mother's day", "NBAFinalsEnd", "NBAFinalsStart", "NewYear", "OrthodoxChristmas", "OrthodoxEaster", "Pesach End", "PresidentsDay", "Purim End", "Ramadan starts", "StPatricksDay", "SuperBowl", "Thanksgiving", "ValentinesDay", "VeteransDay"], ["Cultural", "National", "Religious", "Sporting"], ["Cinco De Mayo", "Easter", "Father's day", "OrthodoxEaster"], ["Cultural", "Religious"]]
